edge,geodesic_distance_km,gh_distance_km,distance_diff_km,distance_pct_change,geodesic_time_min,gh_time_min,time_diff_min,time_pct_change
17031030703->17031030706,0.2365251324375684,0.2365251324375684,0.0,0.0,0.4730502648751368,0.4730502648751368,0.0,0.0
17031030703->17031030800,0.5985315789173419,0.5985315789173419,0.0,0.0,1.1970631578346838,1.1970631578346838,0.0,0.0
17031030703->17031030701,0.44001406834503354,0.44001406834503354,0.0,0.0,0.8800281366900671,0.8800281366900671,0.0,0.0
17031030703->17031030702,0.3710318135726445,0.3710318135726445,0.0,0.0,0.742063627145289,0.742063627145289,0.0,0.0
17031030703->17031030603,0.7627359274302554,0.7627359274302554,0.0,0.0,1.5254718548605108,1.5254718548605108,0.0,0.0
17031030703->17031030604,1.0480252959809846,1.0480252959809846,0.0,0.0,2.096050591961969,2.096050591961969,0.0,0.0
17031030703->17031031100,1.1432002662504959,1.1432002662504959,0.0,0.0,2.2864005325009917,2.2864005325009917,0.0,0.0
17031030703->17031031300,1.2037872626977684,1.2037872626977684,0.0,0.0,2.4075745253955367,2.4075745253955367,0.0,0.0
17031030703->17031031200,1.3355605901689533,1.3355605901689533,0.0,0.0,2.6711211803379067,2.6711211803379067,0.0,0.0
17031030703->17031030601,1.3496575725887152,1.3496575725887152,0.0,0.0,2.6993151451774304,2.6993151451774304,0.0,0.0
17031030703->17031030500,1.2550227497587398,1.2550227497587398,0.0,0.0,2.5100454995174797,2.5100454995174797,0.0,0.0
17031030703->17031031501,2.0353418551875593,2.0353418551875593,0.0,0.0,4.070683710375119,4.070683710375119,0.0,0.0
17031050600->17031050500,0.3645301435483834,0.3645301435483834,0.0,0.0,0.7290602870967668,0.7290602870967668,0.0,0.0
17031050600->17031050700,0.5645648766644132,0.5645648766644132,0.0,0.0,1.1291297533288265,1.1291297533288265,0.0,0.0
17031050600->17031060300,0.6351872382354096,0.6351872382354096,0.0,0.0,1.2703744764708191,1.2703744764708191,0.0,0.0
17031050600->17031050100,1.07114099522146,1.07114099522146,0.0,0.0,2.14228199044292,2.14228199044292,0.0,0.0
17031050600->17031051200,1.1442700123577245,1.1442700123577245,0.0,0.0,2.288540024715449,2.288540024715449,0.0,0.0
17031050600->17031050800,1.1244027561953789,1.1244027561953789,0.0,0.0,2.2488055123907578,2.2488055123907578,0.0,0.0
17031050600->17031050900,1.1436922423666591,1.1436922423666591,0.0,0.0,2.2873844847333182,2.2873844847333182,0.0,0.0
17031050600->17031051100,1.3683555851329303,1.3683555851329303,0.0,0.0,2.7367111702658606,2.7367111702658606,0.0,0.0
17031050600->17031831900,1.2270707353259875,1.2270707353259875,0.0,0.0,2.454141470651975,2.454141470651975,0.0,0.0
17031050600->17031062500,1.445198070639376,1.445198070639376,0.0,0.0,2.890396141278752,2.890396141278752,0.0,0.0
17031050600->17031050200,1.4977054881278489,1.4977054881278489,0.0,0.0,2.9954109762556977,2.9954109762556977,0.0,0.0
17031050600->17031060200,1.6353966743667174,1.6353966743667174,0.0,0.0,3.270793348733435,3.270793348733435,0.0,0.0
17031830700->17031031501,0.5098804490433639,0.5098804490433639,0.0,0.0,1.0197608980867279,1.0197608980867279,0.0,0.0
17031830700->17031031700,0.7179749588401579,0.7179749588401579,0.0,0.0,1.4359499176803159,1.4359499176803159,0.0,0.0
17031830700->17031031502,0.6411220630541385,0.6411220630541385,0.0,0.0,1.282244126108277,1.282244126108277,0.0,0.0
17031830700->17031031200,0.800545713454502,0.800545713454502,0.0,0.0,1.601091426909004,1.601091426909004,0.0,0.0
17031830700->17031031300,1.1593253763136264,1.1593253763136264,0.0,0.0,2.318650752627253,2.318650752627253,0.0,0.0
17031830700->17031032100,1.1760700733413747,1.1760700733413747,0.0,0.0,2.3521401466827494,2.3521401466827494,0.0,0.0
17031830700->17031031100,1.327346839026344,1.327346839026344,0.0,0.0,2.654693678052688,2.654693678052688,0.0,0.0
17031830700->17031031400,1.4660269364314498,1.4660269364314498,0.0,0.0,2.9320538728628995,2.9320538728628995,0.0,0.0
17031830700->17031060100,1.7574360084963347,1.7574360084963347,0.0,0.0,3.5148720169926695,3.5148720169926695,0.0,0.0
17031830700->17031031800,1.5540352972543534,1.5540352972543534,0.0,0.0,3.108070594508707,3.108070594508707,0.0,0.0
17031062600->17031062700,0.6136909730686974,0.6136909730686974,0.0,0.0,1.2273819461373947,1.2273819461373947,0.0,0.0
17031062600->17031070700,0.6914450544358559,0.6914450544358559,0.0,0.0,1.3828901088717118,1.3828901088717118,0.0,0.0
17031062600->17031051300,0.7394275051507185,0.7394275051507185,0.0,0.0,1.478855010301437,1.478855010301437,0.0,0.0
17031062600->17031070600,0.8125949508555309,0.8125949508555309,0.0,0.0,1.6251899017110618,1.6251899017110618,0.0,0.0
17031062600->17031062500,1.2215726792931776,1.2215726792931776,0.0,0.0,2.443145358586355,2.443145358586355,0.0,0.0
17031062600->17031062400,1.2092724881369674,1.2092724881369674,0.0,0.0,2.418544976273935,2.418544976273935,0.0,0.0
17031062600->17031062800,1.0640403152081805,1.0640403152081805,0.0,0.0,2.128080630416361,2.128080630416361,0.0,0.0
17031062600->17031070500,1.1654400052588016,1.1654400052588016,0.0,0.0,2.3308800105176033,2.3308800105176033,0.0,0.0
17031062600->17031051200,1.4968652620657488,1.4968652620657488,0.0,0.0,2.9937305241314975,2.9937305241314975,0.0,0.0
17031062600->17031051400,1.3296077223821623,1.3296077223821623,0.0,0.0,2.6592154447643246,2.6592154447643246,0.0,0.0
17031062600->17031832500,1.807635737607694,1.807635737607694,0.0,0.0,3.615271475215388,3.615271475215388,0.0,0.0
17031030900->17031030400,0.7818176509488483,0.7818176509488483,0.0,0.0,1.5636353018976965,1.5636353018976965,0.0,0.0
17031030900->17031040100,0.859432746476672,0.859432746476672,0.0,0.0,1.718865492953344,1.718865492953344,0.0,0.0
17031030900->17031031000,1.407074720798747,1.407074720798747,0.0,0.0,2.814149441597494,2.814149441597494,0.0,0.0
17031030900->17031030500,1.226684460802826,1.226684460802826,0.0,0.0,2.453368921605652,2.453368921605652,0.0,0.0
17031030900->17031030800,1.1416463053993644,1.1416463053993644,0.0,0.0,2.283292610798729,2.283292610798729,0.0,0.0
17031030900->17031040402,1.545508449985609,1.545508449985609,0.0,0.0,3.091016899971218,3.091016899971218,0.0,0.0
17031030900->17031031100,1.6392595731845314,1.6392595731845314,0.0,0.0,3.278519146369063,3.278519146369063,0.0,0.0
17031030900->17031030300,2.2796325118502883,2.2796325118502883,0.0,0.0,4.5592650237005765,4.5592650237005765,0.0,0.0
17031030900->17031030701,1.7190480528933914,1.7190480528933914,0.0,0.0,3.4380961057867827,3.4380961057867827,0.0,0.0
17031030900->17031031800,2.300193986500813,2.300193986500813,0.0,0.0,4.600387973001626,4.600387973001626,0.0,0.0
17031030900->17031020902,2.285495039503247,2.285495039503247,0.0,0.0,4.570990079006494,4.570990079006494,0.0,0.0
17031040201->17031040202,0.8326572898494317,0.8326572898494317,0.0,0.0,1.6653145796988633,1.6653145796988633,0.0,0.0
17031040201->17031040401,0.9004480140055112,0.9004480140055112,0.0,0.0,1.8008960280110224,1.8008960280110224,0.0,0.0
17031040201->17031040300,0.9006740614527888,0.9006740614527888,0.0,0.0,1.8013481229055777,1.8013481229055777,0.0,0.0
17031040201->17031040700,1.2115904167020597,1.2115904167020597,0.0,0.0,2.4231808334041194,2.4231808334041194,0.0,0.0
17031040201->17031040800,1.6471863711459,1.6471863711459,0.0,0.0,3.2943727422918,3.2943727422918,0.0,0.0
17031040201->17031020801,1.767583738817965,1.767583738817965,0.0,0.0,3.53516747763593,3.53516747763593,0.0,0.0
17031040201->17031040600,1.5770602953888284,1.5770602953888284,0.0,0.0,3.154120590777657,3.154120590777657,0.0,0.0
17031040201->17031040100,1.7308578645623833,1.7308578645623833,0.0,0.0,3.4617157291247667,3.4617157291247667,0.0,0.0
17031040201->17031040900,1.9903261749736627,1.9903261749736627,0.0,0.0,3.9806523499473254,3.9806523499473254,0.0,0.0
17031040201->17031140800,2.118164033476615,2.118164033476615,0.0,0.0,4.23632806695323,4.23632806695323,0.0,0.0
17031040201->17031140100,1.8152140545745574,1.8152140545745574,0.0,0.0,3.630428109149115,3.630428109149115,0.0,0.0
17031020702->17031020701,0.7188412950248648,0.7188412950248648,0.0,0.0,1.4376825900497296,1.4376825900497296,0.0,0.0
17031020702->17031020601,0.8933502183505354,0.8933502183505354,0.0,0.0,1.7867004367010708,1.7867004367010708,0.0,0.0
17031020702->17031130300,1.260989183231182,1.260989183231182,0.0,0.0,2.521978366462364,2.521978366462364,0.0,0.0
17031020702->17031130100,1.2442162761846083,1.2442162761846083,0.0,0.0,2.4884325523692166,2.4884325523692166,0.0,0.0
17031020702->17031020802,1.5348320349538849,1.5348320349538849,0.0,0.0,3.0696640699077697,3.0696640699077697,0.0,0.0
17031020702->17031020801,1.8322833706723698,1.8322833706723698,0.0,0.0,3.6645667413447396,3.6645667413447396,0.0,0.0
17031020702->17031020301,2.302698532514451,2.302698532514451,0.0,0.0,4.605397065028902,4.605397065028902,0.0,0.0
17031020702->17031020602,1.8653720436433745,1.8653720436433745,0.0,0.0,3.730744087286749,3.730744087286749,0.0,0.0
17031020702->17031020901,2.0338006008225764,2.0338006008225764,0.0,0.0,4.067601201645153,4.067601201645153,0.0,0.0
17031020702->17031808002,2.3382318808305564,2.3382318808305564,0.0,0.0,4.676463761661113,4.676463761661113,0.0,0.0
17031020702->17031808001,3.9906116521165824,3.9906116521165824,0.0,0.0,7.981223304233165,7.981223304233165,0.0,0.0
17031020702->17031807600,4.683980667080193,4.683980667080193,0.0,0.0,9.367961334160386,9.367961334160386,0.0,0.0
17031020500->17031020902,0.8334728897637012,0.8334728897637012,0.0,0.0,1.6669457795274023,1.6669457795274023,0.0,0.0
17031020500->17031830600,1.0270165220575922,1.0270165220575922,0.0,0.0,2.0540330441151844,2.0540330441151844,0.0,0.0
17031020500->17031030300,1.1396005291731193,1.1396005291731193,0.0,0.0,2.2792010583462385,2.2792010583462385,0.0,0.0
17031020500->17031020400,1.460075521444025,1.460075521444025,0.0,0.0,2.92015104288805,2.92015104288805,0.0,0.0
17031020500->17031020901,1.3211168347564557,1.3211168347564557,0.0,0.0,2.6422336695129114,2.6422336695129114,0.0,0.0
17031020500->17031010701,1.5386649884046908,1.5386649884046908,0.0,0.0,3.0773299768093816,3.0773299768093816,0.0,0.0
17031020500->17031020602,1.3389949373827545,1.3389949373827545,0.0,0.0,2.677989874765509,2.677989874765509,0.0,0.0
17031020500->17031020802,1.5537590330814093,1.5537590330814093,0.0,0.0,3.1075180661628186,3.1075180661628186,0.0,0.0
17031020500->17031010702,1.8384112051139319,1.8384112051139319,0.0,0.0,3.6768224102278637,3.6768224102278637,0.0,0.0
17031020500->17031020302,1.9910323325978165,1.9910323325978165,0.0,0.0,3.9820646651956335,3.9820646651956335,0.0,0.0
17031020500->17031020100,2.3575791810711277,2.3575791810711277,0.0,0.0,4.7151583621422555,4.7151583621422555,0.0,0.0
17031243000->17031243100,0.6574971523870417,0.6574971523870417,0.0,0.0,1.3149943047740833,1.3149943047740833,0.0,0.0
17031243000->17031242300,0.725988302697868,0.725988302697868,0.0,0.0,1.451976605395736,1.451976605395736,0.0,0.0
17031243000->17031242900,0.758572001186665,0.758572001186665,0.0,0.0,1.51714400237333,1.51714400237333,0.0,0.0
17031243000->17031242400,0.8116198649920646,0.8116198649920646,0.0,0.0,1.6232397299841292,1.6232397299841292,0.0,0.0
17031243000->17031242200,0.9430787065097384,0.9430787065097384,0.0,0.0,1.8861574130194767,1.8861574130194767,0.0,0.0
17031243000->17031242800,1.0492101211553548,1.0492101211553548,0.0,0.0,2.0984202423107097,2.0984202423107097,0.0,0.0
17031243000->17031241300,1.5243067120965983,1.5243067120965983,0.0,0.0,3.0486134241931966,3.0486134241931966,0.0,0.0
17031243000->17031243200,1.1756504233298501,1.1756504233298501,0.0,0.0,2.3513008466597003,2.3513008466597003,0.0,0.0
17031243000->17031280400,1.4598074923831996,1.4598074923831996,0.0,0.0,2.9196149847663992,2.9196149847663992,0.0,0.0
17031243000->17031242500,1.3354533640830077,1.3354533640830077,0.0,0.0,2.6709067281660155,2.6709067281660155,0.0,0.0
17031243000->17031837800,2.0970529832241622,2.0970529832241622,0.0,0.0,4.1941059664483245,4.1941059664483245,0.0,0.0
17031070700->17031051300,0.7799285453183618,0.7799285453183618,0.0,0.0,1.5598570906367235,1.5598570906367235,0.0,0.0
17031070700->17031070600,0.8913899448955361,0.8913899448955361,0.0,0.0,1.7827798897910723,1.7827798897910723,0.0,0.0
17031070700->17031062700,1.264977903135318,1.264977903135318,0.0,0.0,2.529955806270636,2.529955806270636,0.0,0.0
17031070700->17031832300,1.5337058437741025,1.5337058437741025,0.0,0.0,3.067411687548205,3.067411687548205,0.0,0.0
17031070700->17031051400,1.248436578456928,1.248436578456928,0.0,0.0,2.496873156913856,2.496873156913856,0.0,0.0
17031070700->17031832500,1.4102861194232943,1.4102861194232943,0.0,0.0,2.8205722388465886,2.8205722388465886,0.0,0.0
17031070700->17031070500,1.3440831538747684,1.3440831538747684,0.0,0.0,2.688166307749537,2.688166307749537,0.0,0.0
17031070700->17031062500,1.8452668008037025,1.8452668008037025,0.0,0.0,3.690533601607405,3.690533601607405,0.0,0.0
17031070700->17031830900,1.4745831259824818,1.4745831259824818,0.0,0.0,2.9491662519649635,2.9491662519649635,0.0,0.0
17031280100->17031281900,1.0247918367535969,1.0247918367535969,0.0,0.0,2.0495836735071937,2.0495836735071937,0.0,0.0
17031280100->17031081800,1.2877612014289113,1.2877612014289113,0.0,0.0,2.5755224028578225,2.5755224028578225,0.0,0.0
17031280100->17031081900,1.7388168338421928,1.7388168338421928,0.0,0.0,3.4776336676843855,3.4776336676843855,0.0,0.0
17031280100->17031839100,1.412048276905762,1.412048276905762,0.0,0.0,2.824096553811524,2.824096553811524,0.0,0.0
17031280100->17031243500,1.5370991202962823,1.5370991202962823,0.0,0.0,3.0741982405925645,3.0741982405925645,0.0,0.0
17031280100->17031081700,1.5623450791566533,1.5623450791566533,0.0,0.0,3.1246901583133067,3.1246901583133067,0.0,0.0
17031280100->17031833000,1.4786200408896386,1.4786200408896386,0.0,0.0,2.957240081779277,2.957240081779277,0.0,0.0
17031280100->17031833100,1.6457103443900292,1.6457103443900292,0.0,0.0,3.2914206887800583,3.2914206887800583,0.0,0.0
17031280100->17031081600,1.8437374552990804,1.8437374552990804,0.0,0.0,3.687474910598161,3.687474910598161,0.0,0.0
17031280100->17031841900,2.4642764046588974,2.4642764046588974,0.0,0.0,4.928552809317795,4.928552809317795,0.0,0.0
17031280100->17031839000,2.685756217791769,2.685756217791769,0.0,0.0,5.371512435583538,5.371512435583538,0.0,0.0
17031010202->17031010100,0.8408988952959252,0.8408988952959252,0.0,0.0,1.6817977905918504,1.6817977905918504,0.0,0.0
17031010202->17031010201,0.845964323174682,0.845964323174682,0.0,0.0,1.691928646349364,1.691928646349364,0.0,0.0
17031010202->17031010300,0.8619290826442463,0.8619290826442463,0.0,0.0,1.7238581652884926,1.7238581652884926,0.0,0.0
17031010202->17031010702,0.8992198171383496,0.8992198171383496,0.0,0.0,1.7984396342766993,1.7984396342766993,0.0,0.0
17031010202->17031010701,1.185335705624784,1.185335705624784,0.0,0.0,2.370671411249568,2.370671411249568,0.0,0.0
17031010202->17031010600,1.4981933952877968,1.4981933952877968,0.0,0.0,2.9963867905755937,2.9963867905755937,0.0,0.0
17031010202->17031810200,1.5207798275323097,1.5207798275323097,0.0,0.0,3.0415596550646193,3.0415596550646193,0.0,0.0
17031010202->17031020100,1.4106060602557344,1.4106060602557344,0.0,0.0,2.821212120511469,2.821212120511469,0.0,0.0
17031010202->17031010501,1.676401544170725,1.676401544170725,0.0,0.0,3.35280308834145,3.35280308834145,0.0,0.0
17031010202->17031020400,1.736763075647641,1.736763075647641,0.0,0.0,3.473526151295282,3.473526151295282,0.0,0.0
17031030101->17031030102,0.3684994786391624,0.3684994786391624,0.0,0.0,0.7369989572783248,0.7369989572783248,0.0,0.0
17031030101->17031030601,0.4436424230009528,0.4436424230009528,0.0,0.0,0.8872848460019056,0.8872848460019056,0.0,0.0
17031030101->17031030103,0.6616594182560778,0.6616594182560778,0.0,0.0,1.3233188365121555,1.3233188365121555,0.0,0.0
17031030101->17031030604,0.7657190430465022,0.7657190430465022,0.0,0.0,1.5314380860930044,1.5314380860930044,0.0,0.0
17031030101->17031030104,0.9461897053665592,0.9461897053665592,0.0,0.0,1.8923794107331184,1.8923794107331184,0.0,0.0
17031030101->17031030603,0.9968031434310628,0.9968031434310628,0.0,0.0,1.9936062868621256,1.9936062868621256,0.0,0.0
17031030101->17031030701,1.3186763652869844,1.3186763652869844,0.0,0.0,2.637352730573969,2.637352730573969,0.0,0.0
17031030101->17031030500,1.1721150925041,1.1721150925041,0.0,0.0,2.3442301850082,2.3442301850082,0.0,0.0
17031030101->17031030200,1.293104210098428,1.293104210098428,0.0,0.0,2.586208420196856,2.586208420196856,0.0,0.0
17031030101->17031030702,1.6411766975050737,1.6411766975050737,0.0,0.0,3.2823533950101473,3.2823533950101473,0.0,0.0
17031030101->17031010400,1.8675722324818993,1.8675722324818993,0.0,0.0,3.7351444649637986,3.7351444649637986,0.0,0.0
17031030101->17031010503,1.6480453145814398,1.6480453145814398,0.0,0.0,3.2960906291628795,3.2960906291628795,0.0,0.0
17031841900->17031833300,0.8444168355238063,0.8444168355238063,0.0,0.0,1.6888336710476126,1.6888336710476126,0.0,0.0
17031841900->17031283800,1.2436219568252749,1.2436219568252749,0.0,0.0,2.4872439136505498,2.4872439136505498,0.0,0.0
17031841900->17031281900,1.45835929456193,1.45835929456193,0.0,0.0,2.91671858912386,2.91671858912386,0.0,0.0
17031841900->17031833100,1.7580021206035992,1.7580021206035992,0.0,0.0,3.5160042412071983,3.5160042412071983,0.0,0.0
17031841900->17031310300,1.9617308104958113,1.9617308104958113,0.0,0.0,3.923461620991623,3.923461620991623,0.0,0.0
17031841900->17031283200,1.5300924396206455,1.5300924396206455,0.0,0.0,3.060184879241291,3.060184879241291,0.0,0.0
17031841900->17031310400,2.0060995661338406,2.0060995661338406,0.0,0.0,4.012199132267681,4.012199132267681,0.0,0.0
17031841900->17031310200,2.1218148629793565,2.1218148629793565,0.0,0.0,4.243629725958713,4.243629725958713,0.0,0.0
17031841900->17031843200,2.163322297381636,2.163322297381636,0.0,0.0,4.326644594763272,4.326644594763272,0.0,0.0
17031841900->17031839000,1.8427029971386075,1.8427029971386075,0.0,0.0,3.685405994277215,3.685405994277215,0.0,0.0
17031841900->17031320600,2.3674137427238997,2.3674137427238997,0.0,0.0,4.734827485447799,4.734827485447799,0.0,0.0
17031430600->17031430800,0.7176722605932687,0.7176722605932687,0.0,0.0,1.4353445211865374,1.4353445211865374,0.0,0.0
17031430600->17031430102,0.7515049390306877,0.7515049390306877,0.0,0.0,1.5030098780613754,1.5030098780613754,0.0,0.0
17031430600->17031430500,1.149903965363676,1.149903965363676,0.0,0.0,2.299807930727352,2.299807930727352,0.0,0.0
17031430600->17031843900,1.0880888138568061,1.0880888138568061,0.0,0.0,2.1761776277136122,2.1761776277136122,0.0,0.0
17031430600->17031430101,1.2404965641727002,1.2404965641727002,0.0,0.0,2.4809931283454003,2.4809931283454003,0.0,0.0
17031430600->17031431200,1.552169529154299,1.552169529154299,0.0,0.0,3.104339058308598,3.104339058308598,0.0,0.0
17031430600->17031430700,1.296858775600064,1.296858775600064,0.0,0.0,2.593717551200128,2.593717551200128,0.0,0.0
17031430600->17031430200,1.4123039489347435,1.4123039489347435,0.0,0.0,2.824607897869487,2.824607897869487,0.0,0.0
17031430600->17031430900,1.7134698032076947,1.7134698032076947,0.0,0.0,3.4269396064153894,3.4269396064153894,0.0,0.0
17031430600->17031431302,1.8618815624760845,1.8618815624760845,0.0,0.0,3.723763124952169,3.723763124952169,0.0,0.0
17031430600->17031430400,1.915607217027193,1.915607217027193,0.0,0.0,3.831214434054386,3.831214434054386,0.0,0.0
17031430600->17031460400,2.3320216503935614,2.3320216503935614,0.0,0.0,4.664043300787123,4.664043300787123,0.0,0.0
17031430600->17031460500,2.385746646080174,2.385746646080174,0.0,0.0,4.771493292160348,4.771493292160348,0.0,0.0
17031430600->17031431400,1.8036600902780695,1.8036600902780695,0.0,0.0,3.607320180556139,3.607320180556139,0.0,0.0
17031100200->17031090300,0.8674558156906649,0.8674558156906649,0.0,0.0,1.7349116313813298,1.7349116313813298,0.0,0.0
17031100200->17031100300,1.242583489662863,1.242583489662863,0.0,0.0,2.485166979325726,2.485166979325726,0.0,0.0
17031100200->17031090200,1.514720537006255,1.514720537006255,0.0,0.0,3.02944107401251,3.02944107401251,0.0,0.0
17031100200->17031100100,2.043273708363704,2.043273708363704,0.0,0.0,4.086547416727408,4.086547416727408,0.0,0.0
17031100200->17031100600,2.782356700966466,2.782356700966466,0.0,0.0,5.564713401932932,5.564713401932932,0.0,0.0
17031100200->17031100400,2.3654058907059445,2.3654058907059445,0.0,0.0,4.730811781411889,4.730811781411889,0.0,0.0
17031100200->17031090100,3.6302057645078136,3.6302057645078136,0.0,0.0,7.260411529015627,7.260411529015627,0.0,0.0
17031100200->17031100700,3.85455964234926,3.85455964234926,0.0,0.0,7.709119284698521,7.709119284698521,0.0,0.0
17031100200->17031120100,3.1290536588978353,3.1290536588978353,0.0,0.0,6.2581073177956705,6.2581073177956705,0.0,0.0
17031100200->17031808100,3.595404616977194,3.595404616977194,0.0,0.0,7.190809233954388,7.190809233954388,0.0,0.0
17031100200->17031805502,4.264343076739792,4.264343076739792,0.0,0.0,8.528686153479583,8.528686153479583,0.0,0.0
17031840400->17031600700,1.3377121104245295,1.3377121104245295,0.0,0.0,2.675424220849059,2.675424220849059,0.0,0.0
17031840400->17031590700,1.4030460132893467,1.4030460132893467,0.0,0.0,2.8060920265786935,2.8060920265786935,0.0,0.0
17031840400->17031590600,1.6060059777451199,1.6060059777451199,0.0,0.0,3.2120119554902398,3.2120119554902398,0.0,0.0
17031840400->17031590500,1.7850426402890234,1.7850426402890234,0.0,0.0,3.5700852805780467,3.5700852805780467,0.0,0.0
17031840400->17031839700,1.789287237483289,1.789287237483289,0.0,0.0,3.578574474966578,3.578574474966578,0.0,0.0
17031840400->17031600900,1.8183595979667069,1.8183595979667069,0.0,0.0,3.6367191959334138,3.6367191959334138,0.0,0.0
17031840400->17031600600,1.9429558351233016,1.9429558351233016,0.0,0.0,3.8859116702466032,3.8859116702466032,0.0,0.0
17031840400->17031840300,1.9027406073158715,1.9027406073158715,0.0,0.0,3.805481214631743,3.805481214631743,0.0,0.0
17031840400->17031841300,2.5550899279848447,2.5550899279848447,0.0,0.0,5.110179855969689,5.110179855969689,0.0,0.0
17031840400->17031840200,2.57413803116719,2.57413803116719,0.0,0.0,5.14827606233438,5.14827606233438,0.0,0.0
17031330100->17031330200,0.9273935771399916,0.9273935771399916,0.0,0.0,1.8547871542799832,1.8547871542799832,0.0,0.0
17031330100->17031320600,1.5756844665899237,1.5756844665899237,0.0,0.0,3.1513689331798473,3.1513689331798473,0.0,0.0
17031330100->17031841000,1.660649012063923,1.660649012063923,0.0,0.0,3.321298024127846,3.321298024127846,0.0,0.0
17031330100->17031839000,1.8173659015862804,1.8173659015862804,0.0,0.0,3.634731803172561,3.634731803172561,0.0,0.0
17031330100->17031841100,1.810239816695324,1.810239816695324,0.0,0.0,3.620479633390648,3.620479633390648,0.0,0.0
17031330100->17031839200,2.831975078904224,2.831975078904224,0.0,0.0,5.663950157808448,5.663950157808448,0.0,0.0
17031330100->17031320400,2.8647951909720812,2.8647951909720812,0.0,0.0,5.7295903819441625,5.7295903819441625,0.0,0.0
17031330100->17031350400,3.043099336581765,3.043099336581765,0.0,0.0,6.08619867316353,6.08619867316353,0.0,0.0
17031330100->17031350100,3.13700305070004,3.13700305070004,0.0,0.0,6.27400610140008,6.27400610140008,0.0,0.0
17031330100->17031843200,2.5608677679671117,2.5608677679671117,0.0,0.0,5.121735535934223,5.121735535934223,0.0,0.0
17031842300->17031242000,1.0383121389519194,1.0383121389519194,0.0,0.0,2.076624277903839,2.076624277903839,0.0,0.0
17031842300->17031243400,1.4411513799036495,1.4411513799036495,0.0,0.0,2.882302759807299,2.882302759807299,0.0,0.0
17031842300->17031243500,1.5795860852957728,1.5795860852957728,0.0,0.0,3.1591721705915456,3.1591721705915456,0.0,0.0
17031842300->17031241600,1.377328744820461,1.377328744820461,0.0,0.0,2.754657489640922,2.754657489640922,0.0,0.0
17031842300->17031842200,1.4077735063972119,1.4077735063972119,0.0,0.0,2.8155470127944238,2.8155470127944238,0.0,0.0
17031842300->17031243300,1.7156457558833664,1.7156457558833664,0.0,0.0,3.431291511766733,3.431291511766733,0.0,0.0
17031842300->17031242100,1.482704843664884,1.482704843664884,0.0,0.0,2.965409687329768,2.965409687329768,0.0,0.0
17031842300->17031832600,2.0959644561343604,2.0959644561343604,0.0,0.0,4.191928912268721,4.191928912268721,0.0,0.0
17031842300->17031243200,1.970898388191315,1.970898388191315,0.0,0.0,3.9417967763826294,3.9417967763826294,0.0,0.0
17031842300->17031240200,2.131515049451664,2.131515049451664,0.0,0.0,4.263030098903328,4.263030098903328,0.0,0.0
17031843700->17031051000,0.3020912314635034,0.3020912314635034,0.0,0.0,0.6041824629270068,0.6041824629270068,0.0,0.0
17031843700->17031050900,0.5647747451504361,0.5647747451504361,0.0,0.0,1.1295494903008723,1.1295494903008723,0.0,0.0
17031843700->17031050800,0.677903909538891,0.677903909538891,0.0,0.0,1.355807819077782,1.355807819077782,0.0,0.0
17031843700->17031051100,0.6808451025742835,0.6808451025742835,0.0,0.0,1.361690205148567,1.361690205148567,0.0,0.0
17031843700->17031210900,1.4232026754600726,1.4232026754600726,0.0,0.0,2.8464053509201452,2.8464053509201452,0.0,0.0
17031843700->17031050500,1.3795979185446223,1.3795979185446223,0.0,0.0,2.7591958370892447,2.7591958370892447,0.0,0.0
17031843700->17031051400,1.5505573377287565,1.5505573377287565,0.0,0.0,3.101114675457513,3.101114675457513,0.0,0.0
17031843700->17031210800,1.7005670014808327,1.7005670014808327,0.0,0.0,3.4011340029616655,3.4011340029616655,0.0,0.0
17031843700->17031051200,1.483054813587183,1.483054813587183,0.0,0.0,2.966109627174366,2.966109627174366,0.0,0.0
17031843700->17031210100,1.4848100692436912,1.4848100692436912,0.0,0.0,2.9696201384873824,2.9696201384873824,0.0,0.0
17031843700->17031160700,1.6790013366003194,1.6790013366003194,0.0,0.0,3.3580026732006387,3.3580026732006387,0.0,0.0
17031390100->17031390200,0.50183382474598,0.50183382474598,0.0,0.0,1.00366764949196,1.00366764949196,0.0,0.0
17031390100->17031390300,1.0179792050715804,1.0179792050715804,0.0,0.0,2.0359584101431607,2.0359584101431607,0.0,0.0
17031390100->17031390500,1.2889713852725722,1.2889713852725722,0.0,0.0,2.5779427705451443,2.5779427705451443,0.0,0.0
17031390100->17031836400,1.3043555012136288,1.3043555012136288,0.0,0.0,2.6087110024272575,2.6087110024272575,0.0,0.0
17031390100->17031390600,1.4845218806937461,1.4845218806937461,0.0,0.0,2.9690437613874923,2.9690437613874923,0.0,0.0
17031390100->17031390400,1.44142580949922,1.44142580949922,0.0,0.0,2.88285161899844,2.88285161899844,0.0,0.0
17031390100->17031390700,1.5844655234838623,1.5844655234838623,0.0,0.0,3.1689310469677245,3.1689310469677245,0.0,0.0
17031390100->17031410200,1.8050565966033154,1.8050565966033154,0.0,0.0,3.610113193206631,3.610113193206631,0.0,0.0
17031390100->17031836300,1.9125259689368457,1.9125259689368457,0.0,0.0,3.825051937873691,3.825051937873691,0.0,0.0
17031390100->17031836000,1.643757458546445,1.643757458546445,0.0,0.0,3.28751491709289,3.28751491709289,0.0,0.0
17031281900->17031839100,1.3207488895178712,1.3207488895178712,0.0,0.0,2.6414977790357423,2.6414977790357423,0.0,0.0
17031281900->17031833100,1.3306157183353753,1.3306157183353753,0.0,0.0,2.6612314366707506,2.6612314366707506,0.0,0.0
17031281900->17031833000,1.6589447090003606,1.6589447090003606,0.0,0.0,3.3178894180007212,3.3178894180007212,0.0,0.0
17031281900->17031833300,1.8143456589291616,1.8143456589291616,0.0,0.0,3.628691317858323,3.628691317858323,0.0,0.0
17031281900->17031839000,1.912605213315504,1.912605213315504,0.0,0.0,3.825210426631008,3.825210426631008,0.0,0.0
17031281900->17031081800,2.239355009683179,2.239355009683179,0.0,0.0,4.478710019366358,4.478710019366358,0.0,0.0
17031281900->17031243500,2.310957502844275,2.310957502844275,0.0,0.0,4.62191500568855,4.62191500568855,0.0,0.0
17031281900->17031081700,2.3278801230895603,2.3278801230895603,0.0,0.0,4.6557602461791205,4.6557602461791205,0.0,0.0
17031281900->17031320600,2.364381532430337,2.364381532430337,0.0,0.0,4.728763064860674,4.728763064860674,0.0,0.0
17031650301->17031640100,0.8328126077932018,0.8328126077932018,0.0,0.0,1.6656252155864035,1.6656252155864035,0.0,0.0
17031650301->17031650200,1.2488704157045418,1.2488704157045418,0.0,0.0,2.4977408314090837,2.4977408314090837,0.0,0.0
17031650301->17031640800,0.9878806434753781,0.9878806434753781,0.0,0.0,1.9757612869507564,1.9757612869507564,0.0,0.0
17031650301->17031640700,1.114106702857783,1.114106702857783,0.0,0.0,2.228213405715566,2.228213405715566,0.0,0.0
17031650301->17031650400,2.0535402843049666,2.0535402843049666,0.0,0.0,4.107080568609933,4.107080568609933,0.0,0.0
17031650301->17031620300,2.2986193947816242,2.2986193947816242,0.0,0.0,4.5972387895632485,4.5972387895632485,0.0,0.0
17031650301->17031650302,1.9814329307632994,1.9814329307632994,0.0,0.0,3.9628658615265984,3.9628658615265984,0.0,0.0
17031650301->17031650100,1.9918659823582574,1.9918659823582574,0.0,0.0,3.9837319647165153,3.9837319647165153,0.0,0.0
17031650301->17031620200,2.6877858425798284,2.6877858425798284,0.0,0.0,5.375571685159657,5.375571685159657,0.0,0.0
17031650301->17031980100,2.275504672875857,2.275504672875857,0.0,0.0,4.551009345751714,4.551009345751714,0.0,0.0
17031650301->17031650500,3.179721573259173,3.179721573259173,0.0,0.0,6.359443146518346,6.359443146518346,0.0,0.0
17031700302->17031700200,1.436464705762363,1.436464705762363,0.0,0.0,2.872929411524726,2.872929411524726,0.0,0.0
17031700302->17031822000,1.4507567781762658,1.4507567781762658,0.0,0.0,2.9015135563525316,2.9015135563525316,0.0,0.0
17031700302->17031700301,1.5948741962324666,1.5948741962324666,0.0,0.0,3.1897483924649332,3.1897483924649332,0.0,0.0
17031700302->17031650500,2.7193766060466027,2.7193766060466027,0.0,0.0,5.438753212093205,5.438753212093205,0.0,0.0
17031700302->17031821102,2.1317755476285987,2.1317755476285987,0.0,0.0,4.263551095257197,4.263551095257197,0.0,0.0
17031700302->17031700402,2.2172157175976457,2.2172157175976457,0.0,0.0,4.434431435195291,4.434431435195291,0.0,0.0
17031700302->17031822102,2.958147290415886,2.958147290415886,0.0,0.0,5.916294580831772,5.916294580831772,0.0,0.0
17031700302->17031821700,3.5291736358345913,3.5291736358345913,0.0,0.0,7.058347271669183,7.058347271669183,0.0,0.0
17031700302->17031820902,3.2849427888297322,3.2849427888297322,0.0,0.0,6.5698855776594645,6.5698855776594645,0.0,0.0
17031700302->17031822701,4.386123871385661,4.386123871385661,0.0,0.0,8.772247742771322,8.772247742771322,0.0,0.0
17031700302->17031700401,3.3695274835012263,3.3695274835012263,0.0,0.0,6.739054967002453,6.739054967002453,0.0,0.0
17031831200->17031200402,0.6777121913130691,0.6777121913130691,0.0,0.0,1.3554243826261383,1.3554243826261383,0.0,0.0
17031831200->17031222900,0.7417627282877822,0.7417627282877822,0.0,0.0,1.4835254565755644,1.4835254565755644,0.0,0.0
17031831200->17031220901,0.7935664087775981,0.7935664087775981,0.0,0.0,1.5871328175551962,1.5871328175551962,0.0,0.0
17031831200->17031230400,0.9597946850061926,0.9597946850061926,0.0,0.0,1.9195893700123852,1.9195893700123852,0.0,0.0
17031831200->17031230500,1.0169465656356917,1.0169465656356917,0.0,0.0,2.0338931312713835,2.0338931312713835,0.0,0.0
17031831200->17031220902,1.1584877099526072,1.1584877099526072,0.0,0.0,2.3169754199052144,2.3169754199052144,0.0,0.0
17031831200->17031222800,1.1804893543189456,1.1804893543189456,0.0,0.0,2.3609787086378913,2.3609787086378913,0.0,0.0
17031831200->17031221000,1.4085018049761648,1.4085018049761648,0.0,0.0,2.8170036099523297,2.8170036099523297,0.0,0.0
17031831200->17031200300,1.5333257538433966,1.5333257538433966,0.0,0.0,3.0666515076867933,3.0666515076867933,0.0,0.0
17031831200->17031230300,1.4517215118545848,1.4517215118545848,0.0,0.0,2.9034430237091695,2.9034430237091695,0.0,0.0
17031831200->17031230600,1.8422700575954154,1.8422700575954154,0.0,0.0,3.684540115190831,3.684540115190831,0.0,0.0
17031831200->17031230700,1.804479129805393,1.804479129805393,0.0,0.0,3.608958259610786,3.608958259610786,0.0,0.0
17031831200->17031200401,1.5188071121896516,1.5188071121896516,0.0,0.0,3.037614224379303,3.037614224379303,0.0,0.0
17031831300->17031250200,0.6312158648171512,0.6312158648171512,0.0,0.0,1.2624317296343024,1.2624317296343024,0.0,0.0
17031831300->17031191100,1.1976295532499048,1.1976295532499048,0.0,0.0,2.3952591064998097,2.3952591064998097,0.0,0.0
17031831300->17031250800,0.9946563096306312,0.9946563096306312,0.0,0.0,1.9893126192612625,1.9893126192612625,0.0,0.0
17031831300->17031191000,1.496361846467673,1.496361846467673,0.0,0.0,2.992723692935346,2.992723692935346,0.0,0.0
17031831300->17031200401,1.371796328991555,1.371796328991555,0.0,0.0,2.74359265798311,2.74359265798311,0.0,0.0
17031831300->17031230600,1.5711059116357304,1.5711059116357304,0.0,0.0,3.142211823271461,3.142211823271461,0.0,0.0
17031831300->17031230500,1.4921387001896695,1.4921387001896695,0.0,0.0,2.984277400379339,2.984277400379339,0.0,0.0
17031831300->17031251000,2.1553842526999145,2.1553842526999145,0.0,0.0,4.310768505399829,4.310768505399829,0.0,0.0
17031831300->17031200300,2.0671250657917337,2.0671250657917337,0.0,0.0,4.134250131583467,4.134250131583467,0.0,0.0
17031831300->17031251100,2.260049680142328,2.260049680142328,0.0,0.0,4.520099360284656,4.520099360284656,0.0,0.0
17031831300->17031842100,2.297527828745718,2.297527828745718,0.0,0.0,4.595055657491436,4.595055657491436,0.0,0.0
17031220702->17031220701,0.49943374452561723,0.49943374452561723,0.0,0.0,0.9988674890512345,0.9988674890512345,0.0,0.0
17031220702->17031210502,0.7768669601114551,0.7768669601114551,0.0,0.0,1.5537339202229101,1.5537339202229101,0.0,0.0
17031220702->17031220902,1.0072800684336933,1.0072800684336933,0.0,0.0,2.0145601368673867,2.0145601368673867,0.0,0.0
17031220702->17031220602,0.799195819273785,0.799195819273785,0.0,0.0,1.59839163854757,1.59839163854757,0.0,0.0
17031220702->17031210602,0.9559597975719889,0.9559597975719889,0.0,0.0,1.9119195951439778,1.9119195951439778,0.0,0.0
17031220702->17031220601,0.9018422395084639,0.9018422395084639,0.0,0.0,1.8036844790169277,1.8036844790169277,0.0,0.0
17031220702->17031210501,1.411125549464427,1.411125549464427,0.0,0.0,2.822251098928854,2.822251098928854,0.0,0.0
17031220702->17031221000,1.4016401745325007,1.4016401745325007,0.0,0.0,2.8032803490650013,2.8032803490650013,0.0,0.0
17031220702->17031220901,1.4919764149907857,1.4919764149907857,0.0,0.0,2.9839528299815714,2.9839528299815714,0.0,0.0
17031220702->17031222900,1.864155461368929,1.864155461368929,0.0,0.0,3.728310922737858,3.728310922737858,0.0,0.0
17031220702->17031200402,1.8014015725840193,1.8014015725840193,0.0,0.0,3.6028031451680387,3.6028031451680387,0.0,0.0
17031220702->17031210400,1.5729753471036922,1.5729753471036922,0.0,0.0,3.1459506942073845,3.1459506942073845,0.0,0.0
17031151002->17031831700,0.9519151332725377,0.9519151332725377,0.0,0.0,1.9038302665450753,1.9038302665450753,0.0,0.0
17031151002->17031151001,1.0110113078118668,1.0110113078118668,0.0,0.0,2.0220226156237335,2.0220226156237335,0.0,0.0
17031151002->17031190100,1.1662191203848216,1.1662191203848216,0.0,0.0,2.332438240769643,2.332438240769643,0.0,0.0
17031151002->17031190200,1.193667846124303,1.193667846124303,0.0,0.0,2.387335692248606,2.387335692248606,0.0,0.0
17031151002->17031161100,1.4424781249593992,1.4424781249593992,0.0,0.0,2.8849562499187984,2.8849562499187984,0.0,0.0
17031151002->17031161200,1.260735345424756,1.260735345424756,0.0,0.0,2.521470690849512,2.521470690849512,0.0,0.0
17031151002->17031150800,1.6153689760289538,1.6153689760289538,0.0,0.0,3.2307379520579076,3.2307379520579076,0.0,0.0
17031151002->17031161300,1.519774961339075,1.519774961339075,0.0,0.0,3.03954992267815,3.03954992267815,0.0,0.0
17031151002->17031190900,2.094374152383216,2.094374152383216,0.0,0.0,4.188748304766432,4.188748304766432,0.0,0.0
17031151002->17031200100,2.0500251486715375,2.0500251486715375,0.0,0.0,4.100050297343075,4.100050297343075,0.0,0.0
17031151002->17031151100,1.762862501963443,1.762862501963443,0.0,0.0,3.525725003926886,3.525725003926886,0.0,0.0
17031151002->17031150700,2.067457640509101,2.067457640509101,0.0,0.0,4.134915281018202,4.134915281018202,0.0,0.0
17031831700->17031161100,0.5740841816422713,0.5740841816422713,0.0,0.0,1.1481683632845425,1.1481683632845425,0.0,0.0
17031831700->17031150800,1.0993163290678598,1.0993163290678598,0.0,0.0,2.1986326581357196,2.1986326581357196,0.0,0.0
17031831700->17031160200,1.5235951152133416,1.5235951152133416,0.0,0.0,3.047190230426683,3.047190230426683,0.0,0.0
17031831700->17031161200,1.4823358066950911,1.4823358066950911,0.0,0.0,2.9646716133901823,2.9646716133901823,0.0,0.0
17031831700->17031161300,1.6148251908150049,1.6148251908150049,0.0,0.0,3.2296503816300097,3.2296503816300097,0.0,0.0
17031831700->17031151001,1.6726199548643215,1.6726199548643215,0.0,0.0,3.345239909728643,3.345239909728643,0.0,0.0
17031831700->17031190100,2.053087840494123,2.053087840494123,0.0,0.0,4.106175680988246,4.106175680988246,0.0,0.0
17031831700->17031190200,2.135031558428855,2.135031558428855,0.0,0.0,4.27006311685771,4.27006311685771,0.0,0.0
17031831700->17031160300,1.852702711360524,1.852702711360524,0.0,0.0,3.705405422721048,3.705405422721048,0.0,0.0
17031831700->17031150200,2.338904406276095,2.338904406276095,0.0,0.0,4.67780881255219,4.67780881255219,0.0,0.0
17031831700->17031150700,1.8422172925832567,1.8422172925832567,0.0,0.0,3.6844345851665135,3.6844345851665135,0.0,0.0
17031140302->17031140301,0.7841581343592756,0.7841581343592756,0.0,0.0,1.5683162687185512,1.5683162687185512,0.0,0.0
17031140302->17031130200,1.2574390037647292,1.2574390037647292,0.0,0.0,2.5148780075294583,2.5148780075294583,0.0,0.0
17031140302->17031140601,0.8235176992708227,0.8235176992708227,0.0,0.0,1.6470353985416455,1.6470353985416455,0.0,0.0
17031140302->17031140500,1.2101773592276985,1.2101773592276985,0.0,0.0,2.420354718455397,2.420354718455397,0.0,0.0
17031140302->17031160100,1.7009730746429506,1.7009730746429506,0.0,0.0,3.401946149285901,3.401946149285901,0.0,0.0
17031140302->17031831800,1.700086813389842,1.700086813389842,0.0,0.0,3.400173626779684,3.400173626779684,0.0,0.0
17031140302->17031140602,2.027759673107193,2.027759673107193,0.0,0.0,4.055519346214386,4.055519346214386,0.0,0.0
17031140302->17031140400,1.7252790804659692,1.7252790804659692,0.0,0.0,3.4505581609319385,3.4505581609319385,0.0,0.0
17031140302->17031160300,2.7468757310878646,2.7468757310878646,0.0,0.0,5.493751462175729,5.493751462175729,0.0,0.0
17031140302->17031140200,2.059677448127159,2.059677448127159,0.0,0.0,4.119354896254318,4.119354896254318,0.0,0.0
17031140302->17031120300,3.3933883905924604,3.3933883905924604,0.0,0.0,6.786776781184921,6.786776781184921,0.0,0.0
17031140400->17031160100,0.5081887153568214,0.5081887153568214,0.0,0.0,1.0163774307136428,1.0163774307136428,0.0,0.0
17031140400->17031150200,1.4648938474592232,1.4648938474592232,0.0,0.0,2.9297876949184465,2.9297876949184465,0.0,0.0
17031140400->17031160200,1.8336397256884163,1.8336397256884163,0.0,0.0,3.6672794513768325,3.6672794513768325,0.0,0.0
17031140400->17031130200,1.72397413648673,1.72397413648673,0.0,0.0,3.44794827297346,3.44794827297346,0.0,0.0
17031140400->17031120400,1.5642129649838736,1.5642129649838736,0.0,0.0,3.1284259299677473,3.1284259299677473,0.0,0.0
17031140400->17031140500,1.690348029118025,1.690348029118025,0.0,0.0,3.38069605823605,3.38069605823605,0.0,0.0
17031140400->17031140601,2.061716070643711,2.061716070643711,0.0,0.0,4.123432141287422,4.123432141287422,0.0,0.0
17031140400->17031161100,2.878693330016708,2.878693330016708,0.0,0.0,5.757386660033416,5.757386660033416,0.0,0.0
17031140400->17031140301,2.234119142163513,2.234119142163513,0.0,0.0,4.468238284327026,4.468238284327026,0.0,0.0
17031140400->17031120200,4.013133481268993,4.013133481268993,0.0,0.0,8.026266962537987,8.026266962537987,0.0,0.0
17031140400->17031110100,2.647083340512826,2.647083340512826,0.0,0.0,5.294166681025652,5.294166681025652,0.0,0.0
17031140400->17031120300,3.720311260800518,3.720311260800518,0.0,0.0,7.440622521601036,7.440622521601036,0.0,0.0
17031140400->17031110501,2.4881959018409368,2.4881959018409368,0.0,0.0,4.9763918036818735,4.9763918036818735,0.0,0.0
17031130200->17031160100,2.036326491206272,2.036326491206272,0.0,0.0,4.072652982412544,4.072652982412544,0.0,0.0
17031130200->17031120300,2.234161420069645,2.234161420069645,0.0,0.0,4.46832284013929,4.46832284013929,0.0,0.0
17031130200->17031140601,2.0743628386830806,2.0743628386830806,0.0,0.0,4.148725677366161,4.148725677366161,0.0,0.0
17031130200->17031140301,2.0346547091446654,2.0346547091446654,0.0,0.0,4.069309418289331,4.069309418289331,0.0,0.0
17031130200->17031140500,2.2902110576462715,2.2902110576462715,0.0,0.0,4.580422115292543,4.580422115292543,0.0,0.0
17031130200->17031831800,2.2433796486425783,2.2433796486425783,0.0,0.0,4.486759297285157,4.486759297285157,0.0,0.0
17031130200->17031160200,3.2671552925147274,3.2671552925147274,0.0,0.0,6.534310585029455,6.534310585029455,0.0,0.0
17031130200->17031130100,2.868066651629202,2.868066651629202,0.0,0.0,5.736133303258404,5.736133303258404,0.0,0.0
17031130200->17031120200,3.3291879258864916,3.3291879258864916,0.0,0.0,6.658375851772983,6.658375851772983,0.0,0.0
17031130200->17031807900,4.198714503849331,4.198714503849331,0.0,0.0,8.397429007698662,8.397429007698662,0.0,0.0
17031130200->17031808001,4.275086637038457,4.275086637038457,0.0,0.0,8.550173274076913,8.550173274076913,0.0,0.0
17031560700->17031560800,1.552851421964771,1.552851421964771,0.0,0.0,3.105702843929542,3.105702843929542,0.0,0.0
17031560700->17031980100,1.7808717213023049,1.7808717213023049,0.0,0.0,3.5617434426046097,3.5617434426046097,0.0,0.0
17031560700->17031835200,1.7990301242687028,1.7990301242687028,0.0,0.0,3.5980602485374056,3.5980602485374056,0.0,0.0
17031560700->17031560300,2.0054165972916786,2.0054165972916786,0.0,0.0,4.010833194583357,4.010833194583357,0.0,0.0
17031560700->17031560200,2.608979513439651,2.608979513439651,0.0,0.0,5.217959026879302,5.217959026879302,0.0,0.0
17031560700->17031560400,2.451656863054505,2.451656863054505,0.0,0.0,4.90331372610901,4.90331372610901,0.0,0.0
17031560700->17031560100,2.7287707204302087,2.7287707204302087,0.0,0.0,5.4575414408604175,5.4575414408604175,0.0,0.0
17031560700->17031640300,2.8050302119512347,2.8050302119512347,0.0,0.0,5.610060423902469,5.610060423902469,0.0,0.0
17031560700->17031640600,3.045756286278062,3.045756286278062,0.0,0.0,6.091512572556124,6.091512572556124,0.0,0.0
17031560700->17031820800,2.6488052318719686,2.6488052318719686,0.0,0.0,5.297610463743937,5.297610463743937,0.0,0.0
17031560700->17031640400,3.9989086066969985,3.9989086066969985,0.0,0.0,7.997817213393997,7.997817213393997,0.0,0.0
17031560700->17031560900,3.8768057477023374,3.8768057477023374,0.0,0.0,7.753611495404674,7.753611495404674,0.0,0.0
17031560700->17031561100,2.8512112369761455,2.8512112369761455,0.0,0.0,5.702422473952291,5.702422473952291,0.0,0.0
17031560700->17031820700,3.8679576057761573,3.8679576057761573,0.0,0.0,7.735915211552315,7.735915211552315,0.0,0.0
17031560800->17031561100,1.3069086406335555,1.3069086406335555,0.0,0.0,2.613817281267111,2.613817281267111,0.0,0.0
17031560800->17031640300,2.003966840384288,2.003966840384288,0.0,0.0,4.007933680768576,4.007933680768576,0.0,0.0
17031560800->17031820800,1.975324007713219,1.975324007713219,0.0,0.0,3.9506480154264385,3.9506480154264385,0.0,0.0
17031560800->17031640600,2.6441485225669847,2.6441485225669847,0.0,0.0,5.2882970451339695,5.2882970451339695,0.0,0.0
17031560800->17031640400,2.8446963002365466,2.8446963002365466,0.0,0.0,5.689392600473093,5.689392600473093,0.0,0.0
17031560800->17031560900,2.3251070484679626,2.3251070484679626,0.0,0.0,4.650214096935925,4.650214096935925,0.0,0.0
17031560800->17031980100,2.661390995756053,2.661390995756053,0.0,0.0,5.322781991512106,5.322781991512106,0.0,0.0
17031560800->17031820700,3.7271277117144366,3.7271277117144366,0.0,0.0,7.454255423428873,7.454255423428873,0.0,0.0
17031560800->17031561000,3.139051139860569,3.139051139860569,0.0,0.0,6.278102279721138,6.278102279721138,0.0,0.0
17031560800->17031820901,4.9186183645452966,4.9186183645452966,0.0,0.0,9.837236729090593,9.837236729090593,0.0,0.0
17031831400->17031813400,1.0905948107577577,1.0905948107577577,0.0,0.0,2.1811896215155153,2.1811896215155153,0.0,0.0
17031831400->17031252101,1.8716818877218662,1.8716818877218662,0.0,0.0,3.7433637754437323,3.7433637754437323,0.0,0.0
17031831400->17031813500,1.748245675578102,1.748245675578102,0.0,0.0,3.496491351156204,3.496491351156204,0.0,0.0
17031831400->17031252102,1.9306657111487848,1.9306657111487848,0.0,0.0,3.8613314222975696,3.8613314222975696,0.0,0.0
17031831400->17031813600,2.18718133344272,2.18718133344272,0.0,0.0,4.37436266688544,4.37436266688544,0.0,0.0
17031831400->17031813301,1.8375186213193784,1.8375186213193784,0.0,0.0,3.6750372426387568,3.6750372426387568,0.0,0.0
17031831400->17031251900,2.533225471990648,2.533225471990648,0.0,0.0,5.066450943981296,5.066450943981296,0.0,0.0
17031831400->17031252000,2.685403838050139,2.685403838050139,0.0,0.0,5.370807676100278,5.370807676100278,0.0,0.0
17031831400->17031252201,2.2190345105134757,2.2190345105134757,0.0,0.0,4.438069021026951,4.438069021026951,0.0,0.0
17031831400->17031813701,2.5994097081792615,2.5994097081792615,0.0,0.0,5.198819416358523,5.198819416358523,0.0,0.0
17031831400->17031812600,2.77207149508255,2.77207149508255,0.0,0.0,5.5441429901651,5.5441429901651,0.0,0.0
17031252102->17031252101,0.33279630502151386,0.33279630502151386,0.0,0.0,0.6655926100430277,0.6655926100430277,0.0,0.0
17031252102->17031251900,0.6536145361240814,0.6536145361240814,0.0,0.0,1.3072290722481628,1.3072290722481628,0.0,0.0
17031252102->17031252000,0.9585066790968061,0.9585066790968061,0.0,0.0,1.917013358193612,1.917013358193612,0.0,0.0
17031252102->17031251400,1.6739946573129918,1.6739946573129918,0.0,0.0,3.3479893146259836,3.3479893146259836,0.0,0.0
17031252102->17031252201,1.4864816866478807,1.4864816866478807,0.0,0.0,2.9729633732957614,2.9729633732957614,0.0,0.0
17031252102->17031251500,2.1349824102184023,2.1349824102184023,0.0,0.0,4.269964820436805,4.269964820436805,0.0,0.0
17031252102->17031251600,2.061859755838899,2.061859755838899,0.0,0.0,4.123719511677798,4.123719511677798,0.0,0.0
17031252102->17031812600,1.9238400822884827,1.9238400822884827,0.0,0.0,3.847680164576966,3.847680164576966,0.0,0.0
17031252102->17031251800,2.190128738093367,2.190128738093367,0.0,0.0,4.380257476186734,4.380257476186734,0.0,0.0
17031252102->17031812500,2.6513498319864586,2.6513498319864586,0.0,0.0,5.302699663972917,5.302699663972917,0.0,0.0
17031190602->17031190402,0.7037888070087737,0.7037888070087737,0.0,0.0,1.4075776140175473,1.4075776140175473,0.0,0.0
17031190602->17031191302,1.0703835932383452,1.0703835932383452,0.0,0.0,2.1407671864766904,2.1407671864766904,0.0,0.0
17031190602->17031190701,0.7848818936238882,0.7848818936238882,0.0,0.0,1.5697637872477763,1.5697637872477763,0.0,0.0
17031190602->17031190300,1.043623066242794,1.043623066242794,0.0,0.0,2.087246132485588,2.087246132485588,0.0,0.0
17031190602->17031190702,1.2441486465446336,1.2441486465446336,0.0,0.0,2.4882972930892673,2.4882972930892673,0.0,0.0
17031190602->17031191301,1.416053499053888,1.416053499053888,0.0,0.0,2.832106998107776,2.832106998107776,0.0,0.0
17031190602->17031190601,1.529785496344828,1.529785496344828,0.0,0.0,3.059570992689656,3.059570992689656,0.0,0.0
17031190602->17031171100,1.8574970263421509,1.8574970263421509,0.0,0.0,3.7149940526843017,3.7149940526843017,0.0,0.0
17031190602->17031151200,2.3462733092384234,2.3462733092384234,0.0,0.0,4.692546618476847,4.692546618476847,0.0,0.0
17031190602->17031191200,2.048146767929498,2.048146767929498,0.0,0.0,4.096293535858996,4.096293535858996,0.0,0.0
17031190602->17031831500,1.7836709840247296,1.7836709840247296,0.0,0.0,3.567341968049459,3.567341968049459,0.0,0.0
17031190602->17031190401,1.9721824693217078,1.9721824693217078,0.0,0.0,3.9443649386434156,3.9443649386434156,0.0,0.0
17031190402->17031190701,0.25080377500272893,0.25080377500272893,0.0,0.0,0.5016075500054579,0.5016075500054579,0.0,0.0
17031190402->17031190300,0.3631043664624017,0.3631043664624017,0.0,0.0,0.7262087329248034,0.7262087329248034,0.0,0.0
17031190402->17031190702,1.1164329580172518,1.1164329580172518,0.0,0.0,2.2328659160345037,2.2328659160345037,0.0,0.0
17031190402->17031151100,1.355201741919479,1.355201741919479,0.0,0.0,2.710403483838958,2.710403483838958,0.0,0.0
17031190402->17031191302,1.5601123812812099,1.5601123812812099,0.0,0.0,3.1202247625624198,3.1202247625624198,0.0,0.0
17031190402->17031151200,1.8705710881589819,1.8705710881589819,0.0,0.0,3.7411421763179638,3.7411421763179638,0.0,0.0
17031190402->17031191200,2.192072525183337,2.192072525183337,0.0,0.0,4.384145050366674,4.384145050366674,0.0,0.0
17031190402->17031171100,1.892619002223222,1.892619002223222,0.0,0.0,3.7852380044464438,3.7852380044464438,0.0,0.0
17031190402->17031190800,1.8926507923095455,1.8926507923095455,0.0,0.0,3.7853015846190905,3.7853015846190905,0.0,0.0
17031190402->17031190601,2.128006014840281,2.128006014840281,0.0,0.0,4.256012029680562,4.256012029680562,0.0,0.0
17031190402->17031191301,2.118246813415845,2.118246813415845,0.0,0.0,4.23649362683169,4.23649362683169,0.0,0.0
17031190200->17031190100,0.8087862904123844,0.8087862904123844,0.0,0.0,1.6175725808247687,1.6175725808247687,0.0,0.0
17031190200->17031151001,0.975346369509756,0.975346369509756,0.0,0.0,1.950692739019512,1.950692739019512,0.0,0.0
17031190200->17031190900,1.245579124910952,1.245579124910952,0.0,0.0,2.491158249821904,2.491158249821904,0.0,0.0
17031190200->17031190800,1.4195560546134949,1.4195560546134949,0.0,0.0,2.8391121092269898,2.8391121092269898,0.0,0.0
17031190200->17031151100,1.120554758400731,1.120554758400731,0.0,0.0,2.241109516801462,2.241109516801462,0.0,0.0
17031190200->17031200100,1.5922740966948494,1.5922740966948494,0.0,0.0,3.184548193389699,3.184548193389699,0.0,0.0
17031190200->17031190702,2.083687500498512,2.083687500498512,0.0,0.0,4.167375000997024,4.167375000997024,0.0,0.0
17031190200->17031190300,1.8229814490675889,1.8229814490675889,0.0,0.0,3.6459628981351777,3.6459628981351777,0.0,0.0
17031190200->17031150800,2.5226688458486883,2.5226688458486883,0.0,0.0,5.045337691697377,5.045337691697377,0.0,0.0
17031151100->17031151001,0.8089742215993129,0.8089742215993129,0.0,0.0,1.6179484431986257,1.6179484431986257,0.0,0.0
17031151100->17031190300,1.0113789848226142,1.0113789848226142,0.0,0.0,2.0227579696452285,2.0227579696452285,0.0,0.0
17031151100->17031190701,1.377312112271561,1.377312112271561,0.0,0.0,2.754624224543122,2.754624224543122,0.0,0.0
17031151100->17031151200,1.341336707595219,1.341336707595219,0.0,0.0,2.682673415190438,2.682673415190438,0.0,0.0
17031151100->17031190702,1.9830267872717906,1.9830267872717906,0.0,0.0,3.966053574543581,3.966053574543581,0.0,0.0
17031151100->17031150700,2.1207571512880894,2.1207571512880894,0.0,0.0,4.241514302576179,4.241514302576179,0.0,0.0
17031151100->17031190800,1.966151537571573,1.966151537571573,0.0,0.0,3.932303075143146,3.932303075143146,0.0,0.0
17031151100->17031150800,2.3554027138169578,2.3554027138169578,0.0,0.0,4.7108054276339155,4.7108054276339155,0.0,0.0
17031151100->17031150600,2.293691478350747,2.293691478350747,0.0,0.0,4.587382956701494,4.587382956701494,0.0,0.0
17031150300->17031110502,0.8052132926976543,0.8052132926976543,0.0,0.0,1.6104265853953086,1.6104265853953086,0.0,0.0
17031150300->17031150200,1.418276766897842,1.418276766897842,0.0,0.0,2.836553533795684,2.836553533795684,0.0,0.0
17031150300->17031150401,1.1780895677333314,1.1780895677333314,0.0,0.0,2.356179135466663,2.356179135466663,0.0,0.0
17031150300->17031110400,1.3509516669015689,1.3509516669015689,0.0,0.0,2.7019033338031377,2.7019033338031377,0.0,0.0
17031150300->17031150402,1.829486176998203,1.829486176998203,0.0,0.0,3.658972353996406,3.658972353996406,0.0,0.0
17031150300->17031120400,1.739980985393769,1.739980985393769,0.0,0.0,3.479961970787538,3.479961970787538,0.0,0.0
17031150300->17031110501,1.9442755400971867,1.9442755400971867,0.0,0.0,3.888551080194373,3.888551080194373,0.0,0.0
17031150300->17031150700,1.925749534027927,1.925749534027927,0.0,0.0,3.851499068055854,3.851499068055854,0.0,0.0
17031150300->17031110200,2.312402584918794,2.312402584918794,0.0,0.0,4.624805169837588,4.624805169837588,0.0,0.0
17031150300->17031150800,2.2040662200071446,2.2040662200071446,0.0,0.0,4.408132440014289,4.408132440014289,0.0,0.0
17031150300->17031110100,2.6026625535199215,2.6026625535199215,0.0,0.0,5.205325107039843,5.205325107039843,0.0,0.0
17031150300->17031150600,2.418959017004513,2.418959017004513,0.0,0.0,4.837918034009026,4.837918034009026,0.0,0.0
17031120200->17031807900,1.601281825742715,1.601281825742715,0.0,0.0,3.20256365148543,3.20256365148543,0.0,0.0
17031120200->17031110100,2.2265146185716174,2.2265146185716174,0.0,0.0,4.453029237143235,4.453029237143235,0.0,0.0
17031120200->17031120300,2.141542101450783,2.141542101450783,0.0,0.0,4.283084202901566,4.283084202901566,0.0,0.0
17031120200->17031110501,2.896652597924698,2.896652597924698,0.0,0.0,5.793305195849396,5.793305195849396,0.0,0.0
17031120200->17031120400,3.2517634217068903,3.2517634217068903,0.0,0.0,6.5035268434137805,6.5035268434137805,0.0,0.0
17031120200->17031808001,2.9025998802310222,2.9025998802310222,0.0,0.0,5.8051997604620444,5.8051997604620444,0.0,0.0
17031120200->17031110200,3.2401682352134356,3.2401682352134356,0.0,0.0,6.480336470426871,6.480336470426871,0.0,0.0
17031120200->17031110502,4.028042998061346,4.028042998061346,0.0,0.0,8.056085996122691,8.056085996122691,0.0,0.0
17031120200->17031120100,3.4313384369316835,3.4313384369316835,0.0,0.0,6.862676873863367,6.862676873863367,0.0,0.0
17031120200->17031808100,3.961820269632236,3.961820269632236,0.0,0.0,7.923640539264473,7.923640539264473,0.0,0.0
17031640400->17031640300,1.3326967358768025,1.3326967358768025,0.0,0.0,2.665393471753605,2.665393471753605,0.0,0.0
17031640400->17031561100,2.082372434707698,2.082372434707698,0.0,0.0,4.164744869415396,4.164744869415396,0.0,0.0
17031640400->17031640600,1.8545017671356576,1.8545017671356576,0.0,0.0,3.7090035342713152,3.7090035342713152,0.0,0.0
17031640400->17031560900,2.4098911010599493,2.4098911010599493,0.0,0.0,4.819782202119899,4.819782202119899,0.0,0.0
17031640400->17031820901,2.5443805014930185,2.5443805014930185,0.0,0.0,5.088761002986037,5.088761002986037,0.0,0.0
17031640400->17031561000,2.4753127606773866,2.4753127606773866,0.0,0.0,4.950625521354773,4.950625521354773,0.0,0.0
17031640400->17031820800,4.465859453446666,4.465859453446666,0.0,0.0,8.931718906893332,8.931718906893332,0.0,0.0
17031640400->17031980100,3.837584227806951,3.837584227806951,0.0,0.0,7.675168455613902,7.675168455613902,0.0,0.0
17031831500->17031190601,0.45735450919592213,0.45735450919592213,0.0,0.0,0.9147090183918443,0.9147090183918443,0.0,0.0
17031831500->17031190401,0.7784501489244422,0.7784501489244422,0.0,0.0,1.5569002978488844,1.5569002978488844,0.0,0.0
17031831500->17031180100,0.9276092205450774,0.9276092205450774,0.0,0.0,1.8552184410901549,1.8552184410901549,0.0,0.0
17031831500->17031171100,1.4417989067778896,1.4417989067778896,0.0,0.0,2.883597813555779,2.883597813555779,0.0,0.0
17031831500->17031191301,1.5396132917890333,1.5396132917890333,0.0,0.0,3.0792265835780666,3.0792265835780666,0.0,0.0
17031831500->17031831600,1.54597117804049,1.54597117804049,0.0,0.0,3.09194235608098,3.09194235608098,0.0,0.0
17031831500->17031191302,2.3686914471089433,2.3686914471089433,0.0,0.0,4.737382894217887,4.737382894217887,0.0,0.0
17031831500->17031250500,2.925879603083379,2.925879603083379,0.0,0.0,5.851759206166758,5.851759206166758,0.0,0.0
17031831500->17031170200,2.9717269425637265,2.9717269425637265,0.0,0.0,5.943453885127453,5.943453885127453,0.0,0.0
17031831500->17031171000,2.5206482905727574,2.5206482905727574,0.0,0.0,5.041296581145515,5.041296581145515,0.0,0.0
17031561000->17031560900,0.8599348165017698,0.8599348165017698,0.0,0.0,1.7198696330035397,1.7198696330035397,0.0,0.0
17031561000->17031561100,1.8438062130814228,1.8438062130814228,0.0,0.0,3.6876124261628456,3.6876124261628456,0.0,0.0
17031561000->17031640300,3.2113175724957244,3.2113175724957244,0.0,0.0,6.422635144991449,6.422635144991449,0.0,0.0
17031561000->17031820800,3.604031939564608,3.604031939564608,0.0,0.0,7.208063879129216,7.208063879129216,0.0,0.0
17031561000->17031640600,4.027525697167332,4.027525697167332,0.0,0.0,8.055051394334663,8.055051394334663,0.0,0.0
17031561000->17031820901,4.9134255612399,4.9134255612399,0.0,0.0,9.8268511224798,9.8268511224798,0.0,0.0
17031561000->17031815500,5.623867707440517,5.623867707440517,0.0,0.0,11.247735414881033,11.247735414881033,0.0,0.0
17031561000->17031820700,5.261601016319582,5.261601016319582,0.0,0.0,10.523202032639164,10.523202032639164,0.0,0.0
17031831600->17031180100,1.2773414238886986,1.2773414238886986,0.0,0.0,2.5546828477773973,2.5546828477773973,0.0,0.0
17031831600->17031190601,1.565462981289446,1.565462981289446,0.0,0.0,3.130925962578892,3.130925962578892,0.0,0.0
17031831600->17031250500,2.0359281219189858,2.0359281219189858,0.0,0.0,4.0718562438379715,4.0718562438379715,0.0,0.0
17031831600->17031810900,1.9752800567108593,1.9752800567108593,0.0,0.0,3.9505601134217185,3.9505601134217185,0.0,0.0
17031831600->17031170900,2.2060297055686284,2.2060297055686284,0.0,0.0,4.412059411137257,4.412059411137257,0.0,0.0
17031831600->17031190401,2.1605569736413033,2.1605569736413033,0.0,0.0,4.321113947282607,4.321113947282607,0.0,0.0
17031831600->17031810701,1.9681258502212917,1.9681258502212917,0.0,0.0,3.936251700442584,3.936251700442584,0.0,0.0
17031831600->17031191301,2.06698854077215,2.06698854077215,0.0,0.0,4.1339770815443,4.1339770815443,0.0,0.0
17031831600->17031171000,2.725205343605343,2.725205343605343,0.0,0.0,5.450410687210686,5.450410687210686,0.0,0.0
17031831600->17031810702,2.235081802604851,2.235081802604851,0.0,0.0,4.470163605209702,4.470163605209702,0.0,0.0
17031831600->17031812200,2.9772178159843343,2.9772178159843343,0.0,0.0,5.954435631968669,5.954435631968669,0.0,0.0
17031171000->17031170800,0.594089231365088,0.594089231365088,0.0,0.0,1.188178462730176,1.188178462730176,0.0,0.0
17031171000->17031170900,0.9603830090979479,0.9603830090979479,0.0,0.0,1.9207660181958959,1.9207660181958959,0.0,0.0
17031171000->17031170300,1.4483049433975828,1.4483049433975828,0.0,0.0,2.8966098867951655,2.8966098867951655,0.0,0.0
17031171000->17031170400,1.524370662083671,1.524370662083671,0.0,0.0,3.048741324167342,3.048741324167342,0.0,0.0
17031171000->17031180100,1.7214575971826598,1.7214575971826598,0.0,0.0,3.4429151943653196,3.4429151943653196,0.0,0.0
17031171000->17031810701,1.9688716132231512,1.9688716132231512,0.0,0.0,3.9377432264463024,3.9377432264463024,0.0,0.0
17031171000->17031190401,2.1535854329049227,2.1535854329049227,0.0,0.0,4.307170865809845,4.307170865809845,0.0,0.0
17031171000->17031170100,2.690910175685927,2.690910175685927,0.0,0.0,5.381820351371854,5.381820351371854,0.0,0.0
17031171000->17031810800,2.6016659153060844,2.6016659153060844,0.0,0.0,5.203331830612169,5.203331830612169,0.0,0.0
17031171000->17031810702,2.9929230772206927,2.9929230772206927,0.0,0.0,5.9858461544413855,5.9858461544413855,0.0,0.0
17031171000->17031810900,3.990925990590845,3.990925990590845,0.0,0.0,7.9818519811816895,7.9818519811816895,0.0,0.0
17031171000->17031170700,2.3032343333793976,2.3032343333793976,0.0,0.0,4.606468666758795,4.606468666758795,0.0,0.0
17031171000->17031810502,2.9612168332763393,2.9612168332763393,0.0,0.0,5.922433666552679,5.922433666552679,0.0,0.0
17031570100->17031570200,0.6893218531995244,0.6893218531995244,0.0,0.0,1.3786437063990489,1.3786437063990489,0.0,0.0
17031570100->17031570400,1.5970724590470007,1.5970724590470007,0.0,0.0,3.1941449180940014,3.1941449180940014,0.0,0.0
17031570100->17031570300,1.7293455276470469,1.7293455276470469,0.0,0.0,3.4586910552940937,3.4586910552940937,0.0,0.0
17031570100->17031580400,1.9429796547402902,1.9429796547402902,0.0,0.0,3.8859593094805804,3.8859593094805804,0.0,0.0
17031570100->17031620100,2.619515318039642,2.619515318039642,0.0,0.0,5.239030636079284,5.239030636079284,0.0,0.0
17031570100->17031570500,2.6221848079572654,2.6221848079572654,0.0,0.0,5.244369615914531,5.244369615914531,0.0,0.0
17031570100->17031580300,2.4003316162788946,2.4003316162788946,0.0,0.0,4.800663232557789,4.800663232557789,0.0,0.0
17031570100->17031620200,3.0025440697189274,3.0025440697189274,0.0,0.0,6.005088139437855,6.005088139437855,0.0,0.0
17031570100->17031560100,2.3839040865120573,2.3839040865120573,0.0,0.0,4.767808173024115,4.767808173024115,0.0,0.0
17031570100->17031560400,2.506309232830432,2.506309232830432,0.0,0.0,5.012618465660864,5.012618465660864,0.0,0.0
17031840800->17031843500,0.7082730582168808,0.7082730582168808,0.0,0.0,1.4165461164337616,1.4165461164337616,0.0,0.0
17031840800->17031301600,1.036103668268195,1.036103668268195,0.0,0.0,2.07220733653639,2.07220733653639,0.0,0.0
17031840800->17031300700,1.244920015901202,1.244920015901202,0.0,0.0,2.489840031802404,2.489840031802404,0.0,0.0
17031840800->17031300800,1.566238643511671,1.566238643511671,0.0,0.0,3.132477287023342,3.132477287023342,0.0,0.0
17031840800->17031300900,1.6029480362443778,1.6029480362443778,0.0,0.0,3.2058960724887555,3.2058960724887555,0.0,0.0
17031840800->17031301100,1.3444250321398385,1.3444250321398385,0.0,0.0,2.688850064279677,2.688850064279677,0.0,0.0
17031840800->17031841700,1.9255060758070282,1.9255060758070282,0.0,0.0,3.8510121516140563,3.8510121516140563,0.0,0.0
17031840800->17031841600,2.1692123499918727,2.1692123499918727,0.0,0.0,4.3384246999837455,4.3384246999837455,0.0,0.0
17031840800->17031841400,2.11014674213393,2.11014674213393,0.0,0.0,4.22029348426786,4.22029348426786,0.0,0.0
17031840800->17031580200,2.2774229748538546,2.2774229748538546,0.0,0.0,4.554845949707709,4.554845949707709,0.0,0.0
17031840800->17031580300,2.547435153241716,2.547435153241716,0.0,0.0,5.094870306483432,5.094870306483432,0.0,0.0
17031301701->17031301802,0.5061796627819573,0.5061796627819573,0.0,0.0,1.0123593255639145,1.0123593255639145,0.0,0.0
17031301701->17031301702,0.6242077983208033,0.6242077983208033,0.0,0.0,1.2484155966416066,1.2484155966416066,0.0,0.0
17031301701->17031301600,0.8622001337079128,0.8622001337079128,0.0,0.0,1.7244002674158256,1.7244002674158256,0.0,0.0
17031301701->17031300500,0.885699887420548,0.885699887420548,0.0,0.0,1.771399774841096,1.771399774841096,0.0,0.0
17031301701->17031830500,1.0211469196561023,1.0211469196561023,0.0,0.0,2.0422938393122045,2.0422938393122045,0.0,0.0
17031301701->17031843400,1.2427833272097317,1.2427833272097317,0.0,0.0,2.4855666544194635,2.4855666544194635,0.0,0.0
17031301701->17031300600,1.3197817509931389,1.3197817509931389,0.0,0.0,2.6395635019862778,2.6395635019862778,0.0,0.0
17031301701->17031301801,1.225552012336355,1.225552012336355,0.0,0.0,2.45110402467271,2.45110402467271,0.0,0.0
17031301701->17031300700,1.3437494007479438,1.3437494007479438,0.0,0.0,2.6874988014958876,2.6874988014958876,0.0,0.0
17031301701->17031301803,1.4313669942526528,1.4313669942526528,0.0,0.0,2.8627339885053056,2.8627339885053056,0.0,0.0
17031301600->17031300700,0.6660027840393624,0.6660027840393624,0.0,0.0,1.3320055680787248,1.3320055680787248,0.0,0.0
17031301600->17031300600,1.220990624595914,1.220990624595914,0.0,0.0,2.441981249191828,2.441981249191828,0.0,0.0
17031301600->17031301702,1.1379343835858942,1.1379343835858942,0.0,0.0,2.2758687671717883,2.2758687671717883,0.0,0.0
17031301600->17031841400,1.4644817954988085,1.4644817954988085,0.0,0.0,2.928963590997617,2.928963590997617,0.0,0.0
17031301600->17031300500,1.3247374423000924,1.3247374423000924,0.0,0.0,2.6494748846001848,2.6494748846001848,0.0,0.0
17031301600->17031301802,1.3141294489380977,1.3141294489380977,0.0,0.0,2.6282588978761954,2.6282588978761954,0.0,0.0
17031301600->17031830500,1.5587745665055655,1.5587745665055655,0.0,0.0,3.117549133011131,3.117549133011131,0.0,0.0
17031301600->17031300800,1.5558814545725477,1.5558814545725477,0.0,0.0,3.1117629091450953,3.1117629091450953,0.0,0.0
17031301600->17031301803,2.2168559087759174,2.2168559087759174,0.0,0.0,4.433711817551835,4.433711817551835,0.0,0.0
17031301600->17031843500,1.6524837545509095,1.6524837545509095,0.0,0.0,3.304967509101819,3.304967509101819,0.0,0.0
17031843000->17031260900,0.6723132845067371,0.6723132845067371,0.0,0.0,1.3446265690134742,1.3446265690134742,0.0,0.0
17031843000->17031291200,0.7016452759483918,0.7016452759483918,0.0,0.0,1.4032905518967835,1.4032905518967835,0.0,0.0
17031843000->17031271500,0.8586589366674083,0.8586589366674083,0.0,0.0,1.7173178733348167,1.7173178733348167,0.0,0.0
17031843000->17031838700,1.0067142721702194,1.0067142721702194,0.0,0.0,2.0134285443404387,2.0134285443404387,0.0,0.0
17031843000->17031270500,1.13382913668778,1.13382913668778,0.0,0.0,2.26765827337556,2.26765827337556,0.0,0.0
17031843000->17031290900,1.1736015058128335,1.1736015058128335,0.0,0.0,2.347203011625667,2.347203011625667,0.0,0.0
17031843000->17031837300,1.3098504986775965,1.3098504986775965,0.0,0.0,2.619700997355193,2.619700997355193,0.0,0.0
17031843000->17031271400,1.615087686210016,1.615087686210016,0.0,0.0,3.230175372420032,3.230175372420032,0.0,0.0
17031843000->17031292200,1.7044243801974566,1.7044243801974566,0.0,0.0,3.408848760394913,3.408848760394913,0.0,0.0
17031843000->17031841500,1.509578710775128,1.509578710775128,0.0,0.0,3.019157421550256,3.019157421550256,0.0,0.0
17031843000->17031292400,1.858535703084559,1.858535703084559,0.0,0.0,3.717071406169118,3.717071406169118,0.0,0.0
17031260700->17031260800,0.5592836887773581,0.5592836887773581,0.0,0.0,1.1185673775547162,1.1185673775547162,0.0,0.0
17031260700->17031260600,0.6157997955475645,0.6157997955475645,0.0,0.0,1.231599591095129,1.231599591095129,0.0,0.0
17031260700->17031260200,0.7894386282153792,0.7894386282153792,0.0,0.0,1.5788772564307585,1.5788772564307585,0.0,0.0
17031260700->17031261000,0.9342484971048733,0.9342484971048733,0.0,0.0,1.8684969942097467,1.8684969942097467,0.0,0.0
17031260700->17031260100,1.044223227162989,1.044223227162989,0.0,0.0,2.088446454325978,2.088446454325978,0.0,0.0
17031260700->17031260900,1.112356669374044,1.112356669374044,0.0,0.0,2.224713338748088,2.224713338748088,0.0,0.0
17031260700->17031270500,1.1126465538651267,1.1126465538651267,0.0,0.0,2.2252931077302534,2.2252931077302534,0.0,0.0
17031260700->17031260300,1.3753283267946923,1.3753283267946923,0.0,0.0,2.7506566535893846,2.7506566535893846,0.0,0.0
17031260700->17031260500,1.1473739030723875,1.1473739030723875,0.0,0.0,2.294747806144775,2.294747806144775,0.0,0.0
17031260700->17031290900,1.839586281033408,1.839586281033408,0.0,0.0,3.679172562066816,3.679172562066816,0.0,0.0
17031260700->17031252202,1.8723477273285072,1.8723477273285072,0.0,0.0,3.7446954546570144,3.7446954546570144,0.0,0.0
17031260700->17031260400,1.7070299994127462,1.7070299994127462,0.0,0.0,3.4140599988254925,3.4140599988254925,0.0,0.0
17031231100->17031231200,0.5535401306151141,0.5535401306151141,0.0,0.0,1.1070802612302282,1.1070802612302282,0.0,0.0
17031231100->17031836600,0.8210768490719489,0.8210768490719489,0.0,0.0,1.6421536981438978,1.6421536981438978,0.0,0.0
17031231100->17031230700,0.9246919040904004,0.9246919040904004,0.0,0.0,1.8493838081808007,1.8493838081808007,0.0,0.0
17031231100->17031230900,1.0014866340593596,1.0014866340593596,0.0,0.0,2.002973268118719,2.002973268118719,0.0,0.0
17031231100->17031230800,1.277750822873724,1.277750822873724,0.0,0.0,2.555501645747448,2.555501645747448,0.0,0.0
17031231100->17031231500,1.356321830421448,1.356321830421448,0.0,0.0,2.712643660842896,2.712643660842896,0.0,0.0
17031231100->17031230300,1.7208698223467531,1.7208698223467531,0.0,0.0,3.4417396446935062,3.4417396446935062,0.0,0.0
17031231100->17031230400,1.6942765055952567,1.6942765055952567,0.0,0.0,3.3885530111905133,3.3885530111905133,0.0,0.0
17031231100->17031230200,1.8743594695809045,1.8743594695809045,0.0,0.0,3.748718939161809,3.748718939161809,0.0,0.0
17031231100->17031836700,1.799069299832615,1.799069299832615,0.0,0.0,3.59813859966523,3.59813859966523,0.0,0.0
17031221000->17031221100,0.5330527117093143,0.5330527117093143,0.0,0.0,1.0661054234186287,1.0661054234186287,0.0,0.0
17031221000->17031220901,0.6494831453666314,0.6494831453666314,0.0,0.0,1.2989662907332629,1.2989662907332629,0.0,0.0
17031221000->17031222800,0.6970787810764715,0.6970787810764715,0.0,0.0,1.394157562152943,1.394157562152943,0.0,0.0
17031221000->17031222900,0.7436216543862736,0.7436216543862736,0.0,0.0,1.4872433087725472,1.4872433087725472,0.0,0.0
17031221000->17031220601,0.853068523399619,0.853068523399619,0.0,0.0,1.706137046799238,1.706137046799238,0.0,0.0
17031221000->17031220701,0.9102891859460257,0.9102891859460257,0.0,0.0,1.8205783718920514,1.8205783718920514,0.0,0.0
17031221000->17031220902,0.7345790360611918,0.7345790360611918,0.0,0.0,1.4691580721223836,1.4691580721223836,0.0,0.0
17031221000->17031220602,1.2981711093039143,1.2981711093039143,0.0,0.0,2.5963422186078287,2.5963422186078287,0.0,0.0
17031221000->17031230300,1.4267125569827115,1.4267125569827115,0.0,0.0,2.853425113965423,2.853425113965423,0.0,0.0
17031221000->17031222700,1.2698895474767253,1.2698895474767253,0.0,0.0,2.5397790949534507,2.5397790949534507,0.0,0.0
17031221000->17031230200,1.5485685596374752,1.5485685596374752,0.0,0.0,3.0971371192749504,3.0971371192749504,0.0,0.0
17031221100->17031220601,0.8731210731266862,0.8731210731266862,0.0,0.0,1.7462421462533724,1.7462421462533724,0.0,0.0
17031221100->17031222800,0.8928830531013722,0.8928830531013722,0.0,0.0,1.7857661062027443,1.7857661062027443,0.0,0.0
17031221100->17031222700,1.0298892203117243,1.0298892203117243,0.0,0.0,2.0597784406234485,2.0597784406234485,0.0,0.0
17031221100->17031221200,0.8183818912238664,0.8183818912238664,0.0,0.0,1.6367637824477328,1.6367637824477328,0.0,0.0
17031221100->17031222600,1.0303782149676561,1.0303782149676561,0.0,0.0,2.0607564299353123,2.0607564299353123,0.0,0.0
17031221100->17031220602,1.2978957633153314,1.2978957633153314,0.0,0.0,2.595791526630663,2.595791526630663,0.0,0.0
17031221100->17031220701,1.186831690483455,1.186831690483455,0.0,0.0,2.37366338096691,2.37366338096691,0.0,0.0
17031221100->17031230200,1.4172910711772333,1.4172910711772333,0.0,0.0,2.8345821423544666,2.8345821423544666,0.0,0.0
17031221100->17031222900,1.162159202174295,1.162159202174295,0.0,0.0,2.32431840434859,2.32431840434859,0.0,0.0
17031221100->17031220500,1.50725867841603,1.50725867841603,0.0,0.0,3.01451735683206,3.01451735683206,0.0,0.0
17031221100->17031230300,1.4990335015173502,1.4990335015173502,0.0,0.0,2.9980670030347003,2.9980670030347003,0.0,0.0
17031221100->17031230100,1.512677571132964,1.512677571132964,0.0,0.0,3.025355142265928,3.025355142265928,0.0,0.0
17031230400->17031230700,0.8520275138806499,0.8520275138806499,0.0,0.0,1.7040550277612998,1.7040550277612998,0.0,0.0
17031230400->17031230500,0.9820884041107193,0.9820884041107193,0.0,0.0,1.9641768082214386,1.9641768082214386,0.0,0.0
17031230400->17031230800,0.8528050187700101,0.8528050187700101,0.0,0.0,1.7056100375400203,1.7056100375400203,0.0,0.0
17031230400->17031222900,1.1405746253596551,1.1405746253596551,0.0,0.0,2.2811492507193103,2.2811492507193103,0.0,0.0
17031230400->17031230300,0.9760213796873706,0.9760213796873706,0.0,0.0,1.9520427593747411,1.9520427593747411,0.0,0.0
17031230400->17031222800,1.2715733798763902,1.2715733798763902,0.0,0.0,2.5431467597527804,2.5431467597527804,0.0,0.0
17031230400->17031220901,1.4650352764195316,1.4650352764195316,0.0,0.0,2.930070552839063,2.930070552839063,0.0,0.0
17031230400->17031231200,1.5546611401450237,1.5546611401450237,0.0,0.0,3.1093222802900473,3.1093222802900473,0.0,0.0
17031230400->17031200402,1.6250015224854941,1.6250015224854941,0.0,0.0,3.2500030449709882,3.2500030449709882,0.0,0.0
17031230400->17031230600,1.44310908609563,1.44310908609563,0.0,0.0,2.88621817219126,2.88621817219126,0.0,0.0
17031230400->17031842100,2.1091943538040576,2.1091943538040576,0.0,0.0,4.218388707608115,4.218388707608115,0.0,0.0
17031831100->17031160800,0.8297236990093739,0.8297236990093739,0.0,0.0,1.6594473980187479,1.6594473980187479,0.0,0.0
17031831100->17031210501,0.9653708984706003,0.9653708984706003,0.0,0.0,1.9307417969412008,1.9307417969412008,0.0,0.0
17031831100->17031160900,0.9917849087979004,0.9917849087979004,0.0,0.0,1.9835698175958008,1.9835698175958008,0.0,0.0
17031831100->17031210601,1.0054471789614168,1.0054471789614168,0.0,0.0,2.0108943579228336,2.0108943579228336,0.0,0.0
17031831100->17031210502,1.5216808276991696,1.5216808276991696,0.0,0.0,3.043361655398339,3.043361655398339,0.0,0.0
17031831100->17031210602,1.6270439391558897,1.6270439391558897,0.0,0.0,3.2540878783117795,3.2540878783117795,0.0,0.0
17031831100->17031160502,1.9123134608834969,1.9123134608834969,0.0,0.0,3.824626921766994,3.824626921766994,0.0,0.0
17031831100->17031160400,1.8957476792604109,1.8957476792604109,0.0,0.0,3.7914953585208218,3.7914953585208218,0.0,0.0
17031831100->17031161000,1.7112032860165256,1.7112032860165256,0.0,0.0,3.422406572033051,3.422406572033051,0.0,0.0
17031831100->17031210700,1.9014022391085794,1.9014022391085794,0.0,0.0,3.8028044782171593,3.8028044782171593,0.0,0.0
17031210502->17031210602,0.6410827810112311,0.6410827810112311,0.0,0.0,1.2821655620224621,1.2821655620224621,0.0,0.0
17031210502->17031210501,0.6474644655956463,0.6474644655956463,0.0,0.0,1.2949289311912926,1.2949289311912926,0.0,0.0
17031210502->17031220701,1.2186782665335605,1.2186782665335605,0.0,0.0,2.437356533067121,2.437356533067121,0.0,0.0
17031210502->17031220602,1.0854864326063487,1.0854864326063487,0.0,0.0,2.1709728652126974,2.1709728652126974,0.0,0.0
17031210502->17031210601,1.1808602281857588,1.1808602281857588,0.0,0.0,2.3617204563715175,2.3617204563715175,0.0,0.0
17031210502->17031220601,1.4331729261724577,1.4331729261724577,0.0,0.0,2.8663458523449155,2.8663458523449155,0.0,0.0
17031210502->17031210400,1.2579425402751578,1.2579425402751578,0.0,0.0,2.5158850805503157,2.5158850805503157,0.0,0.0
17031210502->17031220902,1.783509023555721,1.783509023555721,0.0,0.0,3.567018047111442,3.567018047111442,0.0,0.0
17031220701->17031220601,0.5136368909162286,0.5136368909162286,0.0,0.0,1.027273781832457,1.027273781832457,0.0,0.0
17031220701->17031220902,0.6906230073930656,0.6906230073930656,0.0,0.0,1.3812460147861312,1.3812460147861312,0.0,0.0
17031220701->17031220602,0.6777756993039835,0.6777756993039835,0.0,0.0,1.355551398607967,1.355551398607967,0.0,0.0
17031220701->17031220901,1.113477361160787,1.113477361160787,0.0,0.0,2.226954722321574,2.226954722321574,0.0,0.0
17031220701->17031210602,1.1719178888653106,1.1719178888653106,0.0,0.0,2.343835777730621,2.343835777730621,0.0,0.0
17031220701->17031222900,1.4479966795619716,1.4479966795619716,0.0,0.0,2.8959933591239433,2.8959933591239433,0.0,0.0
17031220701->17031210501,1.865901579836324,1.865901579836324,0.0,0.0,3.731803159672648,3.731803159672648,0.0,0.0
17031220902->17031220901,0.49431299504782034,0.49431299504782034,0.0,0.0,0.9886259900956407,0.9886259900956407,0.0,0.0
17031220902->17031222900,0.8863050237190281,0.8863050237190281,0.0,0.0,1.7726100474380562,1.7726100474380562,0.0,0.0
17031220902->17031200402,1.0240187699253183,1.0240187699253183,0.0,0.0,2.0480375398506365,2.0480375398506365,0.0,0.0
17031220902->17031220601,1.04415431407098,1.04415431407098,0.0,0.0,2.08830862814196,2.08830862814196,0.0,0.0
17031220902->17031222800,1.1867429307819566,1.1867429307819566,0.0,0.0,2.373485861563913,2.373485861563913,0.0,0.0
17031220902->17031220602,1.3501176228965923,1.3501176228965923,0.0,0.0,2.7002352457931846,2.7002352457931846,0.0,0.0
17031220902->17031200200,1.8680142784245848,1.8680142784245848,0.0,0.0,3.7360285568491696,3.7360285568491696,0.0,0.0
17031220902->17031200300,1.5067124355336685,1.5067124355336685,0.0,0.0,3.013424871067337,3.013424871067337,0.0,0.0
17031160400->17031160300,0.790850572154251,0.790850572154251,0.0,0.0,1.581701144308502,1.581701144308502,0.0,0.0
17031160400->17031140602,1.0394662595344049,1.0394662595344049,0.0,0.0,2.0789325190688097,2.0789325190688097,0.0,0.0
17031160400->17031160900,0.9744819365871518,0.9744819365871518,0.0,0.0,1.9489638731743033,1.9489638731743033,0.0,0.0
17031160400->17031161000,0.8629235851426866,0.8629235851426866,0.0,0.0,1.7258471702853733,1.7258471702853733,0.0,0.0
17031160400->17031160502,1.1419903120457704,1.1419903120457704,0.0,0.0,2.283980624091541,2.283980624091541,0.0,0.0
17031160400->17031160501,1.2378845786876695,1.2378845786876695,0.0,0.0,2.475769157375339,2.475769157375339,0.0,0.0
17031160400->17031140500,1.7616291870792684,1.7616291870792684,0.0,0.0,3.523258374158537,3.523258374158537,0.0,0.0
17031160400->17031160800,1.6308552083296548,1.6308552083296548,0.0,0.0,3.2617104166593096,3.2617104166593096,0.0,0.0
17031160400->17031140601,2.0383752706197016,2.0383752706197016,0.0,0.0,4.076750541239403,4.076750541239403,0.0,0.0
17031160400->17031140301,2.207317494012386,2.207317494012386,0.0,0.0,4.414634988024772,4.414634988024772,0.0,0.0
17031160501->17031160502,0.6059017522196907,0.6059017522196907,0.0,0.0,1.2118035044393813,1.2118035044393813,0.0,0.0
17031160501->17031140602,0.7288511692669797,0.7288511692669797,0.0,0.0,1.4577023385339594,1.4577023385339594,0.0,0.0
17031160501->17031140702,0.8454831159215966,0.8454831159215966,0.0,0.0,1.6909662318431933,1.6909662318431933,0.0,0.0
17031160501->17031140701,1.205777114789476,1.205777114789476,0.0,0.0,2.411554229578952,2.411554229578952,0.0,0.0
17031160501->17031140800,1.38812710104448,1.38812710104448,0.0,0.0,2.77625420208896,2.77625420208896,0.0,0.0
17031160501->17031160800,1.805413568927629,1.805413568927629,0.0,0.0,3.610827137855258,3.610827137855258,0.0,0.0
17031160501->17031160601,1.4474567879921758,1.4474567879921758,0.0,0.0,2.8949135759843516,2.8949135759843516,0.0,0.0
17031160501->17031160602,1.539199951228548,1.539199951228548,0.0,0.0,3.078399902457096,3.078399902457096,0.0,0.0
17031160501->17031160900,1.901387823010453,1.901387823010453,0.0,0.0,3.802775646020906,3.802775646020906,0.0,0.0
17031160501->17031140601,1.839638045530686,1.839638045530686,0.0,0.0,3.679276091061372,3.679276091061372,0.0,0.0
17031160501->17031140200,2.08527349468092,2.08527349468092,0.0,0.0,4.17054698936184,4.17054698936184,0.0,0.0
17031160501->17031140100,2.3269370862812138,2.3269370862812138,0.0,0.0,4.6538741725624275,4.6538741725624275,0.0,0.0
17031160501->17031140301,1.8558007156043572,1.8558007156043572,0.0,0.0,3.7116014312087144,3.7116014312087144,0.0,0.0
17031660500->17031660301,0.8517109575406296,0.8517109575406296,0.0,0.0,1.7034219150812593,1.7034219150812593,0.0,0.0
17031660500->17031660400,1.0106161806806677,1.0106161806806677,0.0,0.0,2.0212323613613354,2.0212323613613354,0.0,0.0
17031660500->17031660302,1.335584216487642,1.335584216487642,0.0,0.0,2.671168432975284,2.671168432975284,0.0,0.0
17031660500->17031630900,1.7085075877388154,1.7085075877388154,0.0,0.0,3.417015175477631,3.417015175477631,0.0,0.0
17031660500->17031660800,1.3570896403201258,1.3570896403201258,0.0,0.0,2.7141792806402516,2.7141792806402516,0.0,0.0
17031660500->17031650100,1.546434236122019,1.546434236122019,0.0,0.0,3.092868472244038,3.092868472244038,0.0,0.0
17031660500->17031650302,1.5982528289098161,1.5982528289098161,0.0,0.0,3.1965056578196323,3.1965056578196323,0.0,0.0
17031660500->17031630800,2.1325656219793716,2.1325656219793716,0.0,0.0,4.265131243958743,4.265131243958743,0.0,0.0
17031660500->17031660900,1.8406859637157662,1.8406859637157662,0.0,0.0,3.6813719274315324,3.6813719274315324,0.0,0.0
17031660500->17031661100,2.4799109270622854,2.4799109270622854,0.0,0.0,4.959821854124571,4.959821854124571,0.0,0.0
17031660500->17031650400,2.4431260720123897,2.4431260720123897,0.0,0.0,4.8862521440247795,4.8862521440247795,0.0,0.0
17031630900->17031660302,0.41318120730133145,0.41318120730133145,0.0,0.0,0.8263624146026629,0.8263624146026629,0.0,0.0
17031630900->17031630800,0.4470947756640471,0.4470947756640471,0.0,0.0,0.8941895513280942,0.8941895513280942,0.0,0.0
17031630900->17031630300,0.9318875695848807,0.9318875695848807,0.0,0.0,1.8637751391697615,1.8637751391697615,0.0,0.0
17031630900->17031660400,0.9042697748775642,0.9042697748775642,0.0,0.0,1.8085395497551284,1.8085395497551284,0.0,0.0
17031630900->17031630400,1.155570671936485,1.155570671936485,0.0,0.0,2.31114134387297,2.31114134387297,0.0,0.0
17031630900->17031660301,1.401388922866434,1.401388922866434,0.0,0.0,2.802777845732868,2.802777845732868,0.0,0.0
17031630900->17031620400,1.3889333461123607,1.3889333461123607,0.0,0.0,2.7778666922247215,2.7778666922247215,0.0,0.0
17031630900->17031650100,1.9991348070293942,1.9991348070293942,0.0,0.0,3.9982696140587883,3.9982696140587883,0.0,0.0
17031630900->17031660800,2.5438958806938,2.5438958806938,0.0,0.0,5.0877917613876,5.0877917613876,0.0,0.0
17031630900->17031650302,2.4957703491337018,2.4957703491337018,0.0,0.0,4.9915406982674035,4.9915406982674035,0.0,0.0
17031580501->17031580502,0.7837336382786216,0.7837336382786216,0.0,0.0,1.5674672765572433,1.5674672765572433,0.0,0.0
17031580501->17031580300,1.2262244071617618,1.2262244071617618,0.0,0.0,2.4524488143235237,2.4524488143235237,0.0,0.0
17031580501->17031580200,1.380447919305075,1.380447919305075,0.0,0.0,2.76089583861015,2.76089583861015,0.0,0.0
17031580501->17031580400,1.3434699364808156,1.3434699364808156,0.0,0.0,2.686939872961631,2.686939872961631,0.0,0.0
17031580501->17031842800,1.6060123931530181,1.6060123931530181,0.0,0.0,3.2120247863060363,3.2120247863060363,0.0,0.0
17031580501->17031580600,1.2836498233716096,1.2836498233716096,0.0,0.0,2.567299646743219,2.567299646743219,0.0,0.0
17031580501->17031580700,1.5477691663080086,1.5477691663080086,0.0,0.0,3.0955383326160173,3.0955383326160173,0.0,0.0
17031580501->17031580100,1.7356723393960602,1.7356723393960602,0.0,0.0,3.4713446787921205,3.4713446787921205,0.0,0.0
17031580501->17031580800,2.2831877713761526,2.2831877713761526,0.0,0.0,4.566375542752305,4.566375542752305,0.0,0.0
17031580501->17031630200,2.715252455926452,2.715252455926452,0.0,0.0,5.430504911852904,5.430504911852904,0.0,0.0
17031580600->17031580700,0.2735119582724675,0.2735119582724675,0.0,0.0,0.547023916544935,0.547023916544935,0.0,0.0
17031580600->17031580100,0.8607452880314053,0.8607452880314053,0.0,0.0,1.7214905760628105,1.7214905760628105,0.0,0.0
17031580600->17031580502,1.2702081150125175,1.2702081150125175,0.0,0.0,2.540416230025035,2.540416230025035,0.0,0.0
17031580600->17031580800,1.648819603819415,1.648819603819415,0.0,0.0,3.29763920763883,3.29763920763883,0.0,0.0
17031580600->17031580200,1.5133678735092344,1.5133678735092344,0.0,0.0,3.026735747018469,3.026735747018469,0.0,0.0
17031580600->17031590500,1.7150158965626434,1.7150158965626434,0.0,0.0,3.430031793125287,3.430031793125287,0.0,0.0
17031580600->17031840300,1.8799807098113444,1.8799807098113444,0.0,0.0,3.7599614196226887,3.7599614196226887,0.0,0.0
17031580600->17031842800,2.027062868700168,2.027062868700168,0.0,0.0,4.054125737400336,4.054125737400336,0.0,0.0
17031580600->17031611500,2.4493306035656395,2.4493306035656395,0.0,0.0,4.898661207131279,4.898661207131279,0.0,0.0
17031580600->17031580400,2.290489632817614,2.290489632817614,0.0,0.0,4.580979265635228,4.580979265635228,0.0,0.0
17031580600->17031580300,2.186615282102287,2.186615282102287,0.0,0.0,4.373230564204574,4.373230564204574,0.0,0.0
17031840700->17031301200,0.41490144638579063,0.41490144638579063,0.0,0.0,0.8298028927715813,0.8298028927715813,0.0,0.0
17031840700->17031291600,0.7195782019169985,0.7195782019169985,0.0,0.0,1.439156403833997,1.439156403833997,0.0,0.0
17031840700->17031841700,0.8242790906853196,0.8242790906853196,0.0,0.0,1.6485581813706391,1.6485581813706391,0.0,0.0
17031840700->17031843300,1.231660604038299,1.231660604038299,0.0,0.0,2.463321208076598,2.463321208076598,0.0,0.0
17031840700->17031301100,1.2220198087124017,1.2220198087124017,0.0,0.0,2.4440396174248034,2.4440396174248034,0.0,0.0
17031840700->17031300900,0.9695733430888748,0.9695733430888748,0.0,0.0,1.9391466861777493,1.9391466861777493,0.0,0.0
17031840700->17031300800,1.3292200432763874,1.3292200432763874,0.0,0.0,2.658440086552775,2.658440086552775,0.0,0.0
17031840700->17031843100,1.4428875598877935,1.4428875598877935,0.0,0.0,2.885775119775587,2.885775119775587,0.0,0.0
17031840700->17031843500,1.813628579786871,1.813628579786871,0.0,0.0,3.627257159573742,3.627257159573742,0.0,0.0
17031840700->17031841600,1.566993939192801,1.566993939192801,0.0,0.0,3.133987878385602,3.133987878385602,0.0,0.0
17031840700->17031841300,1.7558397399976977,1.7558397399976977,0.0,0.0,3.5116794799953954,3.5116794799953954,0.0,0.0
17031840700->17031841200,1.5860986149422363,1.5860986149422363,0.0,0.0,3.1721972298844725,3.1721972298844725,0.0,0.0
17031842200->17031080400,1.0039214702671435,1.0039214702671435,0.0,0.0,2.007842940534287,2.007842940534287,0.0,0.0
17031842200->17031832600,1.2036179860338287,1.2036179860338287,0.0,0.0,2.4072359720676575,2.4072359720676575,0.0,0.0
17031842200->17031071800,1.377708845680274,1.377708845680274,0.0,0.0,2.755417691360548,2.755417691360548,0.0,0.0
17031842200->17031071700,1.2391223585195075,1.2391223585195075,0.0,0.0,2.478244717039015,2.478244717039015,0.0,0.0
17031842200->17031838300,1.3067487516529266,1.3067487516529266,0.0,0.0,2.613497503305853,2.613497503305853,0.0,0.0
17031842200->17031071600,1.6922886417417011,1.6922886417417011,0.0,0.0,3.3845772834834023,3.3845772834834023,0.0,0.0
17031842200->17031081900,1.7483323235209756,1.7483323235209756,0.0,0.0,3.496664647041951,3.496664647041951,0.0,0.0
17031842200->17031080300,1.4092607485820943,1.4092607485820943,0.0,0.0,2.8185214971641885,2.8185214971641885,0.0,0.0
17031842200->17031071500,1.7298360988137134,1.7298360988137134,0.0,0.0,3.4596721976274267,3.4596721976274267,0.0,0.0
17031842200->17031243500,2.4226188679466856,2.4226188679466856,0.0,0.0,4.845237735893371,4.845237735893371,0.0,0.0
17031222500->17031222600,0.6430262890891176,0.6430262890891176,0.0,0.0,1.2860525781782353,1.2860525781782353,0.0,0.0
17031222500->17031240800,0.6839613767492286,0.6839613767492286,0.0,0.0,1.3679227534984573,1.3679227534984573,0.0,0.0
17031222500->17031221300,0.9567227167023907,0.9567227167023907,0.0,0.0,1.9134454334047815,1.9134454334047815,0.0,0.0
17031222500->17031230100,0.8354140828296597,0.8354140828296597,0.0,0.0,1.6708281656593194,1.6708281656593194,0.0,0.0
17031222500->17031240700,0.8723510711396406,0.8723510711396406,0.0,0.0,1.7447021422792812,1.7447021422792812,0.0,0.0
17031222500->17031221400,0.8877392633542669,0.8877392633542669,0.0,0.0,1.7754785267085338,1.7754785267085338,0.0,0.0
17031222500->17031221200,0.947755816351009,0.947755816351009,0.0,0.0,1.895511632702018,1.895511632702018,0.0,0.0
17031222500->17031832400,0.8797410253253319,0.8797410253253319,0.0,0.0,1.7594820506506639,1.7594820506506639,0.0,0.0
17031222500->17031222700,1.0881641071699597,1.0881641071699597,0.0,0.0,2.1763282143399194,2.1763282143399194,0.0,0.0
17031222500->17031241000,1.5299130064486157,1.5299130064486157,0.0,0.0,3.0598260128972314,3.0598260128972314,0.0,0.0
17031221500->17031221600,0.5294768276275751,0.5294768276275751,0.0,0.0,1.0589536552551502,1.0589536552551502,0.0,0.0
17031221500->17031221400,0.6184943419723067,0.6184943419723067,0.0,0.0,1.2369886839446134,1.2369886839446134,0.0,0.0
17031221500->17031832400,0.8517120518722493,0.8517120518722493,0.0,0.0,1.7034241037444986,1.7034241037444986,0.0,0.0
17031221500->17031222200,0.9894948383110265,0.9894948383110265,0.0,0.0,1.9789896766220532,1.9789896766220532,0.0,0.0
17031221500->17031220300,1.29540084619182,1.29540084619182,0.0,0.0,2.59080169238364,2.59080169238364,0.0,0.0
17031221500->17031830900,1.3453357602234999,1.3453357602234999,0.0,0.0,2.6906715204469998,2.6906715204469998,0.0,0.0
17031221500->17031240600,1.4721057916072204,1.4721057916072204,0.0,0.0,2.944211583214441,2.944211583214441,0.0,0.0
17031221500->17031221300,1.172541858191047,1.172541858191047,0.0,0.0,2.345083716382094,2.345083716382094,0.0,0.0
17031221500->17031240500,1.6634818229269182,1.6634818229269182,0.0,0.0,3.3269636458538363,3.3269636458538363,0.0,0.0
17031221500->17031240700,1.6574472123323134,1.6574472123323134,0.0,0.0,3.314894424664627,3.314894424664627,0.0,0.0
17031221500->17031832200,1.420017621564371,1.420017621564371,0.0,0.0,2.840035243128742,2.840035243128742,0.0,0.0
17031241000->17031241100,0.59282462791032,0.59282462791032,0.0,0.0,1.18564925582064,1.18564925582064,0.0,0.0
17031241000->17031240700,0.6961180669358092,0.6961180669358092,0.0,0.0,1.3922361338716185,1.3922361338716185,0.0,0.0
17031241000->17031242600,1.0010444805114025,1.0010444805114025,0.0,0.0,2.002088961022805,2.002088961022805,0.0,0.0
17031241000->17031240600,0.9318819068628175,0.9318819068628175,0.0,0.0,1.863763813725635,1.863763813725635,0.0,0.0
17031241000->17031240800,0.9424529954370516,0.9424529954370516,0.0,0.0,1.8849059908741035,1.8849059908741035,0.0,0.0
17031241000->17031241200,0.8717362483511398,0.8717362483511398,0.0,0.0,1.7434724967022797,1.7434724967022797,0.0,0.0
17031241000->17031240900,1.1491449952452355,1.1491449952452355,0.0,0.0,2.298289990490471,2.298289990490471,0.0,0.0
17031241000->17031242500,1.3326648199580104,1.3326648199580104,0.0,0.0,2.665329639916021,2.665329639916021,0.0,0.0
17031241000->17031832400,1.426401465560912,1.426401465560912,0.0,0.0,2.852802931121824,2.852802931121824,0.0,0.0
17031241000->17031240500,1.25618569355997,1.25618569355997,0.0,0.0,2.51237138711994,2.51237138711994,0.0,0.0
17031241000->17031242700,1.6941085613322442,1.6941085613322442,0.0,0.0,3.3882171226644884,3.3882171226644884,0.0,0.0
17031050300->17031050200,1.0820829162567043,1.0820829162567043,0.0,0.0,2.1641658325134085,2.1641658325134085,0.0,0.0
17031050300->17031040800,1.0824857810471527,1.0824857810471527,0.0,0.0,2.1649715620943053,2.1649715620943053,0.0,0.0
17031050300->17031040700,1.4760039077882656,1.4760039077882656,0.0,0.0,2.9520078155765312,2.9520078155765312,0.0,0.0
17031050300->17031160602,1.2017464594063905,1.2017464594063905,0.0,0.0,2.403492918812781,2.403492918812781,0.0,0.0
17031050300->17031160601,1.2062040935688902,1.2062040935688902,0.0,0.0,2.4124081871377805,2.4124081871377805,0.0,0.0
17031050300->17031040900,1.4308158609862356,1.4308158609862356,0.0,0.0,2.861631721972471,2.861631721972471,0.0,0.0
17031050300->17031160700,1.5756029111817766,1.5756029111817766,0.0,0.0,3.1512058223635533,3.1512058223635533,0.0,0.0
17031050300->17031050900,1.803418769531563,1.803418769531563,0.0,0.0,3.606837539063126,3.606837539063126,0.0,0.0
17031050300->17031040600,1.7444776554643209,1.7444776554643209,0.0,0.0,3.4889553109286418,3.4889553109286418,0.0,0.0
17031050300->17031050500,1.6823962250682365,1.6823962250682365,0.0,0.0,3.364792450136473,3.364792450136473,0.0,0.0
17031050300->17031140800,1.6278482045763762,1.6278482045763762,0.0,0.0,3.2556964091527525,3.2556964091527525,0.0,0.0
17031050200->17031040900,0.7078199205638653,0.7078199205638653,0.0,0.0,1.4156398411277307,1.4156398411277307,0.0,0.0
17031050200->17031050100,0.7353880167991114,0.7353880167991114,0.0,0.0,1.4707760335982227,1.4707760335982227,0.0,0.0
17031050200->17031040600,1.172532796474604,1.172532796474604,0.0,0.0,2.345065592949208,2.345065592949208,0.0,0.0
17031050200->17031830800,1.0867250470852643,1.0867250470852643,0.0,0.0,2.1734500941705286,2.1734500941705286,0.0,0.0
17031050200->17031040800,1.0902541790107452,1.0902541790107452,0.0,0.0,2.1805083580214903,2.1805083580214903,0.0,0.0
17031050200->17031050500,1.4637769930558067,1.4637769930558067,0.0,0.0,2.9275539861116133,2.9275539861116133,0.0,0.0
17031050200->17031040700,1.4896591380500883,1.4896591380500883,0.0,0.0,2.9793182761001766,2.9793182761001766,0.0,0.0
17031050200->17031060200,1.3363641894623275,1.3363641894623275,0.0,0.0,2.672728378924655,2.672728378924655,0.0,0.0
17031050200->17031040401,1.9852907998479088,1.9852907998479088,0.0,0.0,3.9705815996958176,3.9705815996958176,0.0,0.0
17031040202->17031040300,0.5044349540696417,0.5044349540696417,0.0,0.0,1.0088699081392833,1.0088699081392833,0.0,0.0
17031040202->17031020801,1.0852061993449404,1.0852061993449404,0.0,0.0,2.170412398689881,2.170412398689881,0.0,0.0
17031040202->17031140100,1.5208343041438102,1.5208343041438102,0.0,0.0,3.0416686082876203,3.0416686082876203,0.0,0.0
17031040202->17031040401,1.6774869960674494,1.6774869960674494,0.0,0.0,3.354973992134899,3.354973992134899,0.0,0.0
17031040202->17031020701,1.9286240597896596,1.9286240597896596,0.0,0.0,3.857248119579319,3.857248119579319,0.0,0.0
17031040202->17031040700,1.9998838626491455,1.9998838626491455,0.0,0.0,3.9997677252982906,3.9997677252982906,0.0,0.0
17031040202->17031140200,1.7976191841424805,1.7976191841424805,0.0,0.0,3.595238368284961,3.595238368284961,0.0,0.0
17031040202->17031040800,2.4382454500529356,2.4382454500529356,0.0,0.0,4.876490900105871,4.876490900105871,0.0,0.0
17031040202->17031140800,2.5289923477097678,2.5289923477097678,0.0,0.0,5.0579846954195355,5.0579846954195355,0.0,0.0
17031020602->17031020802,0.8043593755764417,0.8043593755764417,0.0,0.0,1.6087187511528833,1.6087187511528833,0.0,0.0
17031020602->17031020901,1.1826505892497003,1.1826505892497003,0.0,0.0,2.3653011784994007,2.3653011784994007,0.0,0.0
17031020602->17031020601,0.9888613248019816,0.9888613248019816,0.0,0.0,1.9777226496039633,1.9777226496039633,0.0,0.0
17031020602->17031020302,1.3855546535520251,1.3855546535520251,0.0,0.0,2.7711093071040502,2.7711093071040502,0.0,0.0
17031020602->17031020400,1.5408844779653923,1.5408844779653923,0.0,0.0,3.0817689559307846,3.0817689559307846,0.0,0.0
17031020602->17031020801,2.390475220330607,2.390475220330607,0.0,0.0,4.780950440661214,4.780950440661214,0.0,0.0
17031020602->17031020100,2.323919084804813,2.323919084804813,0.0,0.0,4.647838169609626,4.647838169609626,0.0,0.0
17031020602->17031020301,2.041421078417421,2.041421078417421,0.0,0.0,4.082842156834842,4.082842156834842,0.0,0.0
17031020602->17031020200,2.617084124258815,2.617084124258815,0.0,0.0,5.23416824851763,5.23416824851763,0.0,0.0
17031750300->17031720600,1.0583946641943613,1.0583946641943613,0.0,0.0,2.1167893283887227,2.1167893283887227,0.0,0.0
17031750300->17031750400,1.0715217479217674,1.0715217479217674,0.0,0.0,2.1430434958435347,2.1430434958435347,0.0,0.0
17031750300->17031720500,1.3794882991408157,1.3794882991408157,0.0,0.0,2.7589765982816314,2.7589765982816314,0.0,0.0
17031750300->17031750200,1.5742612227483095,1.5742612227483095,0.0,0.0,3.148522445496619,3.148522445496619,0.0,0.0
17031750300->17031720700,1.932806852670681,1.932806852670681,0.0,0.0,3.8656137053413624,3.8656137053413624,0.0,0.0
17031750300->17031720400,2.6105846782422497,2.6105846782422497,0.0,0.0,5.221169356484499,5.221169356484499,0.0,0.0
17031750300->17031740100,2.123452494398735,2.123452494398735,0.0,0.0,4.24690498879747,4.24690498879747,0.0,0.0
17031750300->17031750500,2.408945216337256,2.408945216337256,0.0,0.0,4.817890432674512,4.817890432674512,0.0,0.0
17031750300->17031720300,3.1397438901645107,3.1397438901645107,0.0,0.0,6.279487780329021,6.279487780329021,0.0,0.0
17031750300->17031821900,3.1006983944327,3.1006983944327,0.0,0.0,6.2013967888654,6.2013967888654,0.0,0.0
17031750300->17031740300,3.109612099115919,3.109612099115919,0.0,0.0,6.219224198231838,6.219224198231838,0.0,0.0
17031750300->17031740400,3.737372989564012,3.737372989564012,0.0,0.0,7.474745979128024,7.474745979128024,0.0,0.0
17031750300->17031823304,3.3368809428233366,3.3368809428233366,0.0,0.0,6.673761885646673,6.673761885646673,0.0,0.0
17031750300->17031821200,4.418505863946468,4.418505863946468,0.0,0.0,8.837011727892936,8.837011727892936,0.0,0.0
17031730300->17031720200,1.0371911040200346,1.0371911040200346,0.0,0.0,2.074382208040069,2.074382208040069,0.0,0.0
17031730300->17031730400,1.1565125176158386,1.1565125176158386,0.0,0.0,2.3130250352316772,2.3130250352316772,0.0,0.0
17031730300->17031720100,1.3303685098141267,1.3303685098141267,0.0,0.0,2.6607370196282534,2.6607370196282534,0.0,0.0
17031730300->17031730201,1.5734083593533819,1.5734083593533819,0.0,0.0,3.1468167187067637,3.1468167187067637,0.0,0.0
17031730300->17031711300,1.8073132959101486,1.8073132959101486,0.0,0.0,3.614626591820297,3.614626591820297,0.0,0.0
17031730300->17031730202,1.4815443879410282,1.4815443879410282,0.0,0.0,2.9630887758820563,2.9630887758820563,0.0,0.0
17031730300->17031711400,2.1301694283725734,2.1301694283725734,0.0,0.0,4.260338856745147,4.260338856745147,0.0,0.0
17031730300->17031711200,2.6691252555816005,2.6691252555816005,0.0,0.0,5.338250511163201,5.338250511163201,0.0,0.0
17031730300->17031720300,2.1045940707498687,2.1045940707498687,0.0,0.0,4.209188141499737,4.209188141499737,0.0,0.0
17031730300->17031720700,2.8225052407246753,2.8225052407246753,0.0,0.0,5.645010481449351,5.645010481449351,0.0,0.0
17031710500->17031710400,0.45873217288099083,0.45873217288099083,0.0,0.0,0.9174643457619817,0.9174643457619817,0.0,0.0
17031710500->17031700501,1.655019472055305,1.655019472055305,0.0,0.0,3.31003894411061,3.31003894411061,0.0,0.0
17031710500->17031710600,1.2251526117896925,1.2251526117896925,0.0,0.0,2.450305223579385,2.450305223579385,0.0,0.0
17031710500->17031711100,1.4584699913038492,1.4584699913038492,0.0,0.0,2.9169399826076985,2.9169399826076985,0.0,0.0
17031710500->17031710300,1.3425751955134262,1.3425751955134262,0.0,0.0,2.6851503910268524,2.6851503910268524,0.0,0.0
17031710500->17031672000,1.8275621544718101,1.8275621544718101,0.0,0.0,3.6551243089436203,3.6551243089436203,0.0,0.0
17031710500->17031711200,1.7577859257974058,1.7577859257974058,0.0,0.0,3.5155718515948116,3.5155718515948116,0.0,0.0
17031710500->17031711300,2.5205012191631266,2.5205012191631266,0.0,0.0,5.041002438326253,5.041002438326253,0.0,0.0
17031710500->17031671900,2.4809471039079294,2.4809471039079294,0.0,0.0,4.961894207815859,4.961894207815859,0.0,0.0
17031710500->17031710200,2.066413305628159,2.066413305628159,0.0,0.0,4.132826611256318,4.132826611256318,0.0,0.0
17031710500->17031661000,2.4899399533650635,2.4899399533650635,0.0,0.0,4.979879906730127,4.979879906730127,0.0,0.0
17031710500->17031700502,2.6262227658692234,2.6262227658692234,0.0,0.0,5.252445531738447,5.252445531738447,0.0,0.0
17031671500->17031671600,0.5618228122976454,0.5618228122976454,0.0,0.0,1.1236456245952908,1.1236456245952908,0.0,0.0
17031671500->17031671300,1.0952452950206066,1.0952452950206066,0.0,0.0,2.1904905900412133,2.1904905900412133,0.0,0.0
17031671500->17031671900,0.7370484619353365,0.7370484619353365,0.0,0.0,1.474096923870673,1.474096923870673,0.0,0.0
17031671500->17031671200,1.398617467029488,1.398617467029488,0.0,0.0,2.797234934058976,2.797234934058976,0.0,0.0
17031671500->17031672000,1.4293594260096953,1.4293594260096953,0.0,0.0,2.8587188520193907,2.8587188520193907,0.0,0.0
17031671500->17031834900,1.2210847257182766,1.2210847257182766,0.0,0.0,2.4421694514365533,2.4421694514365533,0.0,0.0
17031671500->17031671100,1.5972832580900977,1.5972832580900977,0.0,0.0,3.1945665161801955,3.1945665161801955,0.0,0.0
17031671500->17031671800,1.5144069395978308,1.5144069395978308,0.0,0.0,3.0288138791956616,3.0288138791956616,0.0,0.0
17031671500->17031670700,2.2031857470553016,2.2031857470553016,0.0,0.0,4.406371494110603,4.406371494110603,0.0,0.0
17031671500->17031670800,2.2231104457026065,2.2231104457026065,0.0,0.0,4.446220891405213,4.446220891405213,0.0,0.0
17031835000->17031660600,0.3920189538379813,0.3920189538379813,0.0,0.0,0.7840379076759626,0.7840379076759626,0.0,0.0
17031835000->17031835100,0.9478259183113268,0.9478259183113268,0.0,0.0,1.8956518366226536,1.8956518366226536,0.0,0.0
17031835000->17031671400,1.0764518550253974,1.0764518550253974,0.0,0.0,2.152903710050795,2.152903710050795,0.0,0.0
17031835000->17031660700,1.409249469440262,1.409249469440262,0.0,0.0,2.818498938880524,2.818498938880524,0.0,0.0
17031835000->17031660800,1.415599841816385,1.415599841816385,0.0,0.0,2.83119968363277,2.83119968363277,0.0,0.0
17031835000->17031670500,1.4114521030793945,1.4114521030793945,0.0,0.0,2.822904206158789,2.822904206158789,0.0,0.0
17031835000->17031660301,1.4638703238437907,1.4638703238437907,0.0,0.0,2.9277406476875814,2.9277406476875814,0.0,0.0
17031835000->17031660900,1.9498919266142254,1.9498919266142254,0.0,0.0,3.899783853228451,3.899783853228451,0.0,0.0
17031835000->17031670600,1.6860054324507499,1.6860054324507499,0.0,0.0,3.3720108649014997,3.3720108649014997,0.0,0.0
17031835000->17031671300,1.9917099737620816,1.9917099737620816,0.0,0.0,3.9834199475241636,3.9834199475241636,0.0,0.0
17031611300->17031610400,0.3285766160228121,0.3285766160228121,0.0,0.0,0.6571532320456241,0.6571532320456241,0.0,0.0
17031611300->17031611200,0.9279062021350222,0.9279062021350222,0.0,0.0,1.8558124042700443,1.8558124042700443,0.0,0.0
17031611300->17031610300,0.701898081073849,0.701898081073849,0.0,0.0,1.403796162147698,1.403796162147698,0.0,0.0
17031611300->17031611400,0.7431604994452125,0.7431604994452125,0.0,0.0,1.486320998890425,1.486320998890425,0.0,0.0
17031611300->17031611800,1.6552924128280133,1.6552924128280133,0.0,0.0,3.3105848256560266,3.3105848256560266,0.0,0.0
17031611300->17031611700,1.7376084874155995,1.7376084874155995,0.0,0.0,3.475216974831199,3.475216974831199,0.0,0.0
17031611300->17031611100,1.4065991733385073,1.4065991733385073,0.0,0.0,2.8131983466770145,2.8131983466770145,0.0,0.0
17031611300->17031611500,1.5435663308646974,1.5435663308646974,0.0,0.0,3.087132661729395,3.087132661729395,0.0,0.0
17031611300->17031611600,1.9728798197179633,1.9728798197179633,0.0,0.0,3.945759639435927,3.945759639435927,0.0,0.0
17031611300->17031611900,2.2139025042954685,2.2139025042954685,0.0,0.0,4.427805008590937,4.427805008590937,0.0,0.0
17031611300->17031590600,2.546791171562357,2.546791171562357,0.0,0.0,5.093582343124714,5.093582343124714,0.0,0.0
17031611300->17031590700,2.6097862903194424,2.6097862903194424,0.0,0.0,5.219572580638885,5.219572580638885,0.0,0.0
17031842600->17031610800,0.6328354618285476,0.6328354618285476,0.0,0.0,1.265670923657095,1.265670923657095,0.0,0.0
17031842600->17031611000,1.0025663877530813,1.0025663877530813,0.0,0.0,2.0051327755061625,2.0051327755061625,0.0,0.0
17031842600->17031843800,1.6360477401507203,1.6360477401507203,0.0,0.0,3.2720954803014406,3.2720954803014406,0.0,0.0
17031842600->17031835500,1.3966791757825876,1.3966791757825876,0.0,0.0,2.793358351565175,2.793358351565175,0.0,0.0
17031842600->17031839900,1.9920502937022282,1.9920502937022282,0.0,0.0,3.9841005874044564,3.9841005874044564,0.0,0.0
17031842600->17031611100,1.7224015499381546,1.7224015499381546,0.0,0.0,3.4448030998763093,3.4448030998763093,0.0,0.0
17031842600->17031340600,2.070060184875911,2.070060184875911,0.0,0.0,4.140120369751822,4.140120369751822,0.0,0.0
17031842600->17031380500,2.0414213713269285,2.0414213713269285,0.0,0.0,4.082842742653857,4.082842742653857,0.0,0.0
17031842600->17031835700,1.9396977672798974,1.9396977672798974,0.0,0.0,3.879395534559795,3.879395534559795,0.0,0.0
17031842600->17031840000,2.541030587797278,2.541030587797278,0.0,0.0,5.082061175594556,5.082061175594556,0.0,0.0
17031590500->17031840300,0.4751877691032909,0.4751877691032909,0.0,0.0,0.9503755382065818,0.9503755382065818,0.0,0.0
17031590500->17031580100,1.0943264221944842,1.0943264221944842,0.0,0.0,2.1886528443889683,2.1886528443889683,0.0,0.0
17031590500->17031590600,1.2511749546385045,1.2511749546385045,0.0,0.0,2.502349909277009,2.502349909277009,0.0,0.0
17031590500->17031580700,1.4701302437643926,1.4701302437643926,0.0,0.0,2.940260487528785,2.940260487528785,0.0,0.0
17031590500->17031590700,1.5740469300964726,1.5740469300964726,0.0,0.0,3.148093860192945,3.148093860192945,0.0,0.0
17031590500->17031580200,2.094498861280251,2.094498861280251,0.0,0.0,4.188997722560502,4.188997722560502,0.0,0.0
17031590500->17031841300,2.842429149544943,2.842429149544943,0.0,0.0,5.684858299089886,5.684858299089886,0.0,0.0
17031590500->17031580800,2.904047132575034,2.904047132575034,0.0,0.0,5.808094265150068,5.808094265150068,0.0,0.0
17031843200->17031310200,0.04210840752610563,0.04210840752610563,0.0,0.0,0.08421681505221126,0.08421681505221126,0.0,0.0
17031843200->17031841100,1.1343838670133706,1.1343838670133706,0.0,0.0,2.268767734026741,2.268767734026741,0.0,0.0
17031843200->17031310300,0.5529362539803351,0.5529362539803351,0.0,0.0,1.1058725079606702,1.1058725079606702,0.0,0.0
17031843200->17031310400,1.027893906557064,1.027893906557064,0.0,0.0,2.055787813114128,2.055787813114128,0.0,0.0
17031843200->17031310500,1.2926859544260456,1.2926859544260456,0.0,0.0,2.5853719088520912,2.5853719088520912,0.0,0.0
17031843200->17031283800,1.7891561530295557,1.7891561530295557,0.0,0.0,3.5783123060591113,3.5783123060591113,0.0,0.0
17031843200->17031840200,1.9428389061957916,1.9428389061957916,0.0,0.0,3.885677812391583,3.885677812391583,0.0,0.0
17031843200->17031600400,2.3366694166189435,2.3366694166189435,0.0,0.0,4.673338833237887,4.673338833237887,0.0,0.0
17031843200->17031330200,1.7658019461697072,1.7658019461697072,0.0,0.0,3.5316038923394144,3.5316038923394144,0.0,0.0
17031841300->17031841200,1.1597752943416966,1.1597752943416966,0.0,0.0,2.319550588683393,2.319550588683393,0.0,0.0
17031841300->17031301200,1.3413027507392903,1.3413027507392903,0.0,0.0,2.6826055014785806,2.6826055014785806,0.0,0.0
17031841300->17031310900,1.7940945273766151,1.7940945273766151,0.0,0.0,3.5881890547532302,3.5881890547532302,0.0,0.0
17031841300->17031301100,1.6621429837908295,1.6621429837908295,0.0,0.0,3.324285967581659,3.324285967581659,0.0,0.0
17031841300->17031291600,2.057525875632769,2.057525875632769,0.0,0.0,4.115051751265538,4.115051751265538,0.0,0.0
17031841300->17031310800,2.0899042574076954,2.0899042574076954,0.0,0.0,4.179808514815391,4.179808514815391,0.0,0.0
17031841300->17031840300,2.4676152390390875,2.4676152390390875,0.0,0.0,4.935230478078175,4.935230478078175,0.0,0.0
17031841300->17031310700,2.2630766066828625,2.2630766066828625,0.0,0.0,4.526153213365725,4.526153213365725,0.0,0.0
17031830900->17031051400,0.9183658943616847,0.9183658943616847,0.0,0.0,1.8367317887233694,1.8367317887233694,0.0,0.0
17031830900->17031220300,1.029215049509952,1.029215049509952,0.0,0.0,2.058430099019904,2.058430099019904,0.0,0.0
17031830900->17031221600,1.4762585056315989,1.4762585056315989,0.0,0.0,2.9525170112631978,2.9525170112631978,0.0,0.0
17031830900->17031051300,1.2690199143782472,1.2690199143782472,0.0,0.0,2.5380398287564945,2.5380398287564945,0.0,0.0
17031830900->17031210900,1.3818144099919967,1.3818144099919967,0.0,0.0,2.7636288199839933,2.7636288199839933,0.0,0.0
17031830900->17031051000,1.852081527420091,1.852081527420091,0.0,0.0,3.704163054840182,3.704163054840182,0.0,0.0
17031830900->17031221400,1.7595326182454334,1.7595326182454334,0.0,0.0,3.5190652364908668,3.5190652364908668,0.0,0.0
17031830900->17031051100,1.9901805868011715,1.9901805868011715,0.0,0.0,3.980361173602343,3.980361173602343,0.0,0.0
17031830900->17031210800,1.6912149134214944,1.6912149134214944,0.0,0.0,3.382429826842989,3.382429826842989,0.0,0.0
17031030800->17031031100,0.9743205134385095,0.9743205134385095,0.0,0.0,1.9486410268770191,1.9486410268770191,0.0,0.0
17031030800->17031030701,0.7322609440364333,0.7322609440364333,0.0,0.0,1.4645218880728665,1.4645218880728665,0.0,0.0
17031030800->17031030500,1.0085802766376701,1.0085802766376701,0.0,0.0,2.0171605532753403,2.0171605532753403,0.0,0.0
17031030800->17031030706,0.8219996839215052,0.8219996839215052,0.0,0.0,1.6439993678430105,1.6439993678430105,0.0,0.0
17031030800->17031030603,0.9681496152535577,0.9681496152535577,0.0,0.0,1.9362992305071154,1.9362992305071154,0.0,0.0
17031030800->17031030702,0.9562624701797947,0.9562624701797947,0.0,0.0,1.9125249403595892,1.9125249403595892,0.0,0.0
17031030800->17031030604,1.3476772605734526,1.3476772605734526,0.0,0.0,2.695354521146905,2.695354521146905,0.0,0.0
17031030800->17031031200,1.4876005675076742,1.4876005675076742,0.0,0.0,2.9752011350153484,2.9752011350153484,0.0,0.0
17031030800->17031030400,1.5070432651032473,1.5070432651032473,0.0,0.0,3.0140865302064945,3.0140865302064945,0.0,0.0
17031030800->17031031000,1.4380602242451415,1.4380602242451415,0.0,0.0,2.876120448490283,2.876120448490283,0.0,0.0
17031030800->17031031300,1.5625590561927514,1.5625590561927514,0.0,0.0,3.1251181123855027,3.1251181123855027,0.0,0.0
17031010600->17031010501,0.42082944394823274,0.42082944394823274,0.0,0.0,0.8416588878964655,0.8416588878964655,0.0,0.0
17031010600->17031010702,0.793990914985425,0.793990914985425,0.0,0.0,1.58798182997085,1.58798182997085,0.0,0.0
17031010600->17031830600,0.9930958695614276,0.9930958695614276,0.0,0.0,1.9861917391228552,1.9861917391228552,0.0,0.0
17031010600->17031010502,0.7906689881618286,0.7906689881618286,0.0,0.0,1.5813379763236572,1.5813379763236572,0.0,0.0
17031010600->17031010300,1.184189478319083,1.184189478319083,0.0,0.0,2.368378956638166,2.368378956638166,0.0,0.0
17031010600->17031010503,1.236756545612114,1.236756545612114,0.0,0.0,2.473513091224228,2.473513091224228,0.0,0.0
17031010600->17031010400,1.2126450767008257,1.2126450767008257,0.0,0.0,2.4252901534016513,2.4252901534016513,0.0,0.0
17031010600->17031030200,1.618218833408177,1.618218833408177,0.0,0.0,3.236437666816354,3.236437666816354,0.0,0.0
17031010600->17031010701,1.3930462078118266,1.3930462078118266,0.0,0.0,2.7860924156236533,2.7860924156236533,0.0,0.0
17031010600->17031030300,1.9492222143582294,1.9492222143582294,0.0,0.0,3.898444428716459,3.898444428716459,0.0,0.0
17031010600->17031020902,2.191580791400487,2.191580791400487,0.0,0.0,4.383161582800974,4.383161582800974,0.0,0.0
17031010600->17031010201,2.09747315119702,2.09747315119702,0.0,0.0,4.19494630239404,4.19494630239404,0.0,0.0
17031010600->17031010100,2.097585844294336,2.097585844294336,0.0,0.0,4.195171688588672,4.195171688588672,0.0,0.0
17031750100->17031730700,0.8476187084583819,0.8476187084583819,0.0,0.0,1.6952374169167639,1.6952374169167639,0.0,0.0
17031750100->17031750600,1.4478027792230344,1.4478027792230344,0.0,0.0,2.8956055584460687,2.8956055584460687,0.0,0.0
17031750100->17031491100,1.5318483138363934,1.5318483138363934,0.0,0.0,3.063696627672787,3.063696627672787,0.0,0.0
17031750100->17031730500,1.7701124806517665,1.7701124806517665,0.0,0.0,3.540224961303533,3.540224961303533,0.0,0.0
17031750100->17031730600,1.9126143773073867,1.9126143773073867,0.0,0.0,3.825228754614773,3.825228754614773,0.0,0.0
17031750100->17031491200,2.027631128929397,2.027631128929397,0.0,0.0,4.055262257858794,4.055262257858794,0.0,0.0
17031750100->17031750200,2.1546532934620943,2.1546532934620943,0.0,0.0,4.309306586924189,4.309306586924189,0.0,0.0
17031750100->17031530300,2.8734558095549874,2.8734558095549874,0.0,0.0,5.746911619109975,5.746911619109975,0.0,0.0
17031750100->17031750500,2.523344092516706,2.523344092516706,0.0,0.0,5.046688185033412,5.046688185033412,0.0,0.0
17031750100->17031720700,2.5669861463839,2.5669861463839,0.0,0.0,5.1339722927678,5.1339722927678,0.0,0.0
17031750100->17031530400,4.233555971542953,4.233555971542953,0.0,0.0,8.467111943085905,8.467111943085905,0.0,0.0
17031060400->17031061500,0.49636657725730104,0.49636657725730104,0.0,0.0,0.9927331545146021,0.9927331545146021,0.0,0.0
17031060400->17031831900,0.5535171691291081,0.5535171691291081,0.0,0.0,1.1070343382582162,1.1070343382582162,0.0,0.0
17031060400->17031061200,0.6271922851292289,0.6271922851292289,0.0,0.0,1.2543845702584577,1.2543845702584577,0.0,0.0
17031060400->17031060500,0.8429567024673047,0.8429567024673047,0.0,0.0,1.6859134049346094,1.6859134049346094,0.0,0.0
17031060400->17031060300,0.8847691934284653,0.8847691934284653,0.0,0.0,1.7695383868569305,1.7695383868569305,0.0,0.0
17031060400->17031062400,1.1805190068900642,1.1805190068900642,0.0,0.0,2.3610380137801283,2.3610380137801283,0.0,0.0
17031060400->17031060100,1.173200397398513,1.173200397398513,0.0,0.0,2.346400794797026,2.346400794797026,0.0,0.0
17031060400->17031062500,1.2322896876032658,1.2322896876032658,0.0,0.0,2.4645793752065317,2.4645793752065317,0.0,0.0
17031060400->17031061100,1.1366675211335864,1.1366675211335864,0.0,0.0,2.2733350422671728,2.2733350422671728,0.0,0.0
17031060400->17031050700,1.1991711219338477,1.1991711219338477,0.0,0.0,2.3983422438676953,2.3983422438676953,0.0,0.0
17031060400->17031060200,1.6710264907174341,1.6710264907174341,0.0,0.0,3.3420529814348683,3.3420529814348683,0.0,0.0
17031711400->17031730201,0.613294590621852,0.613294590621852,0.0,0.0,1.226589181243704,1.226589181243704,0.0,0.0
17031711400->17031711200,0.8807193007281185,0.8807193007281185,0.0,0.0,1.761438601456237,1.761438601456237,0.0,0.0
17031711400->17031711100,1.1815562441837357,1.1815562441837357,0.0,0.0,2.3631124883674715,2.3631124883674715,0.0,0.0
17031711400->17031711300,1.0464908864907254,1.0464908864907254,0.0,0.0,2.092981772981451,2.092981772981451,0.0,0.0
17031711400->17031711000,1.3436918760458525,1.3436918760458525,0.0,0.0,2.687383752091705,2.687383752091705,0.0,0.0
17031711400->17031710700,1.8434862713437907,1.8434862713437907,0.0,0.0,3.6869725426875815,3.6869725426875815,0.0,0.0
17031711400->17031710600,1.903559147719862,1.903559147719862,0.0,0.0,3.8071182954397234,3.8071182954397234,0.0,0.0
17031711400->17031730400,2.37680727477535,2.37680727477535,0.0,0.0,4.7536145495507,4.7536145495507,0.0,0.0
17031711400->17031730202,2.342276254447607,2.342276254447607,0.0,0.0,4.684552508895214,4.684552508895214,0.0,0.0
17031711400->17031720100,2.6999273190315343,2.6999273190315343,0.0,0.0,5.3998546380630685,5.3998546380630685,0.0,0.0
17031620300->17031620200,0.6181805666860284,0.6181805666860284,0.0,0.0,1.2363611333720568,1.2363611333720568,0.0,0.0
17031620300->17031650200,1.158471161614323,1.158471161614323,0.0,0.0,2.316942323228646,2.316942323228646,0.0,0.0
17031620300->17031620100,0.9227031779647412,0.9227031779647412,0.0,0.0,1.8454063559294824,1.8454063559294824,0.0,0.0
17031620300->17031570500,1.2213427235484442,1.2213427235484442,0.0,0.0,2.4426854470968884,2.4426854470968884,0.0,0.0
17031620300->17031570300,1.8022970959121825,1.8022970959121825,0.0,0.0,3.604594191824365,3.604594191824365,0.0,0.0
17031620300->17031570400,1.9067492177586987,1.9067492177586987,0.0,0.0,3.813498435517397,3.813498435517397,0.0,0.0
17031620300->17031620400,1.4917893017697532,1.4917893017697532,0.0,0.0,2.9835786035395064,2.9835786035395064,0.0,0.0
17031620300->17031650100,2.314465440700386,2.314465440700386,0.0,0.0,4.628930881400772,4.628930881400772,0.0,0.0
17031620300->17031835200,2.08230130150678,2.08230130150678,0.0,0.0,4.16460260301356,4.16460260301356,0.0,0.0
17031620300->17031640800,3.1456877938316734,3.1456877938316734,0.0,0.0,6.291375587663347,6.291375587663347,0.0,0.0
17031620300->17031640700,3.1182042790246527,3.1182042790246527,0.0,0.0,6.236408558049305,6.236408558049305,0.0,0.0
17031620300->17031560300,2.947426449878375,2.947426449878375,0.0,0.0,5.89485289975675,5.89485289975675,0.0,0.0
17031620300->17031640100,2.633188244691541,2.633188244691541,0.0,0.0,5.266376489383082,5.266376489383082,0.0,0.0
17031620300->17031650302,2.833095266013656,2.833095266013656,0.0,0.0,5.666190532027312,5.666190532027312,0.0,0.0
17031600400->17031840100,0.7468650857371629,0.7468650857371629,0.0,0.0,1.4937301714743259,1.4937301714743259,0.0,0.0
17031600400->17031839800,0.92736940638139,0.92736940638139,0.0,0.0,1.85473881276278,1.85473881276278,0.0,0.0
17031600400->17031340300,0.9067971706801609,0.9067971706801609,0.0,0.0,1.8135943413603217,1.8135943413603217,0.0,0.0
17031600400->17031840200,1.1725887099966503,1.1725887099966503,0.0,0.0,2.3451774199933006,2.3451774199933006,0.0,0.0
17031600400->17031600900,1.3138298792227652,1.3138298792227652,0.0,0.0,2.6276597584455303,2.6276597584455303,0.0,0.0
17031600400->17031600600,1.212926358485024,1.212926358485024,0.0,0.0,2.425852716970048,2.425852716970048,0.0,0.0
17031600400->17031340500,1.3665246271370808,1.3665246271370808,0.0,0.0,2.7330492542741616,2.7330492542741616,0.0,0.0
17031600400->17031340400,1.2771445154112224,1.2771445154112224,0.0,0.0,2.554289030822445,2.554289030822445,0.0,0.0
17031600400->17031840000,1.7552088892684259,1.7552088892684259,0.0,0.0,3.5104177785368518,3.5104177785368518,0.0,0.0
17031600400->17031839700,1.741193167777922,1.741193167777922,0.0,0.0,3.482386335555844,3.482386335555844,0.0,0.0
17031600400->17031839900,2.2393381881439507,2.2393381881439507,0.0,0.0,4.478676376287901,4.478676376287901,0.0,0.0
17031600400->17031310200,2.3770012264873697,2.3770012264873697,0.0,0.0,4.754002452974739,4.754002452974739,0.0,0.0
17031833100->17031833000,0.7450653497043301,0.7450653497043301,0.0,0.0,1.4901306994086603,1.4901306994086603,0.0,0.0
17031833100->17031833300,1.4174322771672252,1.4174322771672252,0.0,0.0,2.8348645543344504,2.8348645543344504,0.0,0.0
17031833100->17031832900,1.3507560270496837,1.3507560270496837,0.0,0.0,2.7015120540993673,2.7015120540993673,0.0,0.0
17031833100->17031283200,1.8273746234901815,1.8273746234901815,0.0,0.0,3.654749246980363,3.654749246980363,0.0,0.0
17031833100->17031243500,1.9138543014880955,1.9138543014880955,0.0,0.0,3.827708602976191,3.827708602976191,0.0,0.0
17031833100->17031283100,1.9626244205119006,1.9626244205119006,0.0,0.0,3.9252488410238016,3.9252488410238016,0.0,0.0
17031833100->17031243400,2.104489933450588,2.104489933450588,0.0,0.0,4.208979866901176,4.208979866901176,0.0,0.0
17031061800->17031060900,0.3159209768637442,0.3159209768637442,0.0,0.0,0.6318419537274884,0.6318419537274884,0.0,0.0
17031061800->17031832000,0.6619243873745261,0.6619243873745261,0.0,0.0,1.3238487747490522,1.3238487747490522,0.0,0.0
17031061800->17031061901,0.6681665863740315,0.6681665863740315,0.0,0.0,1.336333172748063,1.336333172748063,0.0,0.0
17031061800->17031062000,0.7854184926043398,0.7854184926043398,0.0,0.0,1.5708369852086796,1.5708369852086796,0.0,0.0
17031061800->17031061000,0.6738226575256794,0.6738226575256794,0.0,0.0,1.3476453150513588,1.3476453150513588,0.0,0.0
17031061800->17031060800,1.0250872503215172,1.0250872503215172,0.0,0.0,2.0501745006430343,2.0501745006430343,0.0,0.0
17031061800->17031062100,0.933182619543581,0.933182619543581,0.0,0.0,1.866365239087162,1.866365239087162,0.0,0.0
17031061800->17031061902,0.9297806945003418,0.9297806945003418,0.0,0.0,1.8595613890006837,1.8595613890006837,0.0,0.0
17031061800->17031063100,1.1208359931044263,1.1208359931044263,0.0,0.0,2.2416719862088526,2.2416719862088526,0.0,0.0
17031061800->17031832100,1.2411133637466802,1.2411133637466802,0.0,0.0,2.4822267274933605,2.4822267274933605,0.0,0.0
17031061800->17031031400,2.150099672467982,2.150099672467982,0.0,0.0,4.300199344935964,4.300199344935964,0.0,0.0
17031680900->17031681000,0.9141708626753776,0.9141708626753776,0.0,0.0,1.8283417253507552,1.8283417253507552,0.0,0.0
17031680900->17031834800,1.0393651321443835,1.0393651321443835,0.0,0.0,2.078730264288767,2.078730264288767,0.0,0.0
17031680900->17031681200,1.2830203354986809,1.2830203354986809,0.0,0.0,2.5660406709973618,2.5660406709973618,0.0,0.0
17031680900->17031834600,1.5877812182926312,1.5877812182926312,0.0,0.0,3.1755624365852624,3.1755624365852624,0.0,0.0
17031680900->17031681100,1.8104086169667044,1.8104086169667044,0.0,0.0,3.620817233933409,3.620817233933409,0.0,0.0
17031680900->17031680600,1.6956393531088712,1.6956393531088712,0.0,0.0,3.3912787062177423,3.3912787062177423,0.0,0.0
17031680900->17031834700,2.3809692415260892,2.3809692415260892,0.0,0.0,4.7619384830521785,4.7619384830521785,0.0,0.0
17031680900->17031670900,1.9495744764434157,1.9495744764434157,0.0,0.0,3.899148952886832,3.899148952886832,0.0,0.0
17031680900->17031690300,2.1739407908221513,2.1739407908221513,0.0,0.0,4.347881581644303,4.347881581644303,0.0,0.0
17031680900->17031834900,2.0047199939927745,2.0047199939927745,0.0,0.0,4.009439987985549,4.009439987985549,0.0,0.0
17031680900->17031691100,2.372467342108807,2.372467342108807,0.0,0.0,4.744934684217614,4.744934684217614,0.0,0.0
17031680900->17031681300,2.582472654867214,2.582472654867214,0.0,0.0,5.164945309734428,5.164945309734428,0.0,0.0
17031530100->17031491400,1.1943731993127968,1.1943731993127968,0.0,0.0,2.3887463986255937,2.3887463986255937,0.0,0.0
17031530100->17031530600,1.4780017966066843,1.4780017966066843,0.0,0.0,2.9560035932133686,2.9560035932133686,0.0,0.0
17031530100->17031491300,1.314006900344922,1.314006900344922,0.0,0.0,2.628013800689844,2.628013800689844,0.0,0.0
17031530100->17031500300,1.4656682994916317,1.4656682994916317,0.0,0.0,2.9313365989832634,2.9313365989832634,0.0,0.0
17031530100->17031490901,2.0218989636796807,2.0218989636796807,0.0,0.0,4.043797927359361,4.043797927359361,0.0,0.0
17031530100->17031530200,1.958860124092158,1.958860124092158,0.0,0.0,3.9177202481843163,3.9177202481843163,0.0,0.0
17031530100->17031491000,2.759062176431895,2.759062176431895,0.0,0.0,5.51812435286379,5.51812435286379,0.0,0.0
17031530100->17031490902,3.207596593683312,3.207596593683312,0.0,0.0,6.415193187366624,6.415193187366624,0.0,0.0
17031530100->17031540102,2.9064689778778363,2.9064689778778363,0.0,0.0,5.812937955755673,5.812937955755673,0.0,0.0
17031530100->17031530502,3.116637822572028,3.116637822572028,0.0,0.0,6.233275645144056,6.233275645144056,0.0,0.0
17031530100->17031500200,3.0564305583039912,3.0564305583039912,0.0,0.0,6.1128611166079825,6.1128611166079825,0.0,0.0
17031530100->17031530503,4.138375581480921,4.138375581480921,0.0,0.0,8.276751162961842,8.276751162961842,0.0,0.0
17031530100->17031530501,2.8118181957708543,2.8118181957708543,0.0,0.0,5.623636391541709,5.623636391541709,0.0,0.0
17031080400->17031080300,0.5213027863824223,0.5213027863824223,0.0,0.0,1.0426055727648447,1.0426055727648447,0.0,0.0
17031080400->17031071700,0.540776157133506,0.540776157133506,0.0,0.0,1.081552314267012,1.081552314267012,0.0,0.0
17031080400->17031071500,0.8395996989548394,0.8395996989548394,0.0,0.0,1.6791993979096789,1.6791993979096789,0.0,0.0
17031080400->17031838300,1.0975645802516434,1.0975645802516434,0.0,0.0,2.1951291605032868,2.1951291605032868,0.0,0.0
17031080400->17031071600,1.2076504386216689,1.2076504386216689,0.0,0.0,2.4153008772433378,2.4153008772433378,0.0,0.0
17031080400->17031080201,1.083962967804415,1.083962967804415,0.0,0.0,2.16792593560883,2.16792593560883,0.0,0.0
17031080400->17031071800,1.29558843409377,1.29558843409377,0.0,0.0,2.59117686818754,2.59117686818754,0.0,0.0
17031080400->17031080202,1.2141657634946885,1.2141657634946885,0.0,0.0,2.428331526989377,2.428331526989377,0.0,0.0
17031080400->17031081000,1.7402604518432325,1.7402604518432325,0.0,0.0,3.480520903686465,3.480520903686465,0.0,0.0
17031080400->17031832600,1.609628947828481,1.609628947828481,0.0,0.0,3.219257895656962,3.219257895656962,0.0,0.0
17031080400->17031080100,1.49577748998985,1.49577748998985,0.0,0.0,2.9915549799797,2.9915549799797,0.0,0.0
17031080400->17031081900,1.9185535830864544,1.9185535830864544,0.0,0.0,3.837107166172909,3.837107166172909,0.0,0.0
17031420800->17031420700,0.5817048937827425,0.5817048937827425,0.0,0.0,1.163409787565485,1.163409787565485,0.0,0.0
17031420800->17031420500,1.063461684673786,1.063461684673786,0.0,0.0,2.126923369347572,2.126923369347572,0.0,0.0
17031420800->17031420400,1.0753038198884595,1.0753038198884595,0.0,0.0,2.150607639776919,2.150607639776919,0.0,0.0
17031420800->17031421200,1.2767884164920364,1.2767884164920364,0.0,0.0,2.553576832984073,2.553576832984073,0.0,0.0
17031420800->17031834400,1.1616007792887284,1.1616007792887284,0.0,0.0,2.323201558577457,2.323201558577457,0.0,0.0
17031420800->17031420300,1.438075021301532,1.438075021301532,0.0,0.0,2.876150042603064,2.876150042603064,0.0,0.0
17031420800->17031690500,1.5948039815946644,1.5948039815946644,0.0,0.0,3.189607963189329,3.189607963189329,0.0,0.0
17031420800->17031420600,1.6243735107115302,1.6243735107115302,0.0,0.0,3.2487470214230605,3.2487470214230605,0.0,0.0
17031420800->17031420200,1.6396758425478084,1.6396758425478084,0.0,0.0,3.279351685095617,3.279351685095617,0.0,0.0
17031420800->17031836200,2.2417703542251983,2.2417703542251983,0.0,0.0,4.483540708450397,4.483540708450397,0.0,0.0
17031420800->17031400800,1.9254953090155675,1.9254953090155675,0.0,0.0,3.8509906180311355,3.8509906180311355,0.0,0.0
17031420700->17031420500,1.0304955866049026,1.0304955866049026,0.0,0.0,2.060991173209805,2.060991173209805,0.0,0.0
17031420700->17031420600,1.212185443708301,1.212185443708301,0.0,0.0,2.424370887416602,2.424370887416602,0.0,0.0
17031420700->17031420400,1.2087638790015292,1.2087638790015292,0.0,0.0,2.4175277580030583,2.4175277580030583,0.0,0.0
17031420700->17031421200,1.4033006374842447,1.4033006374842447,0.0,0.0,2.8066012749684894,2.8066012749684894,0.0,0.0
17031420700->17031690500,1.5118978812820896,1.5118978812820896,0.0,0.0,3.023795762564179,3.023795762564179,0.0,0.0
17031420700->17031400800,1.3823551163451686,1.3823551163451686,0.0,0.0,2.764710232690337,2.764710232690337,0.0,0.0
17031420700->17031842500,1.5019013226167341,1.5019013226167341,0.0,0.0,3.0038026452334683,3.0038026452334683,0.0,0.0
17031420700->17031690400,1.7588612716138683,1.7588612716138683,0.0,0.0,3.5177225432277366,3.5177225432277366,0.0,0.0
17031420700->17031420300,1.7833143681129986,1.7833143681129986,0.0,0.0,3.566628736225997,3.566628736225997,0.0,0.0
17031420700->17031834500,1.9253635437643317,1.9253635437643317,0.0,0.0,3.8507270875286634,3.8507270875286634,0.0,0.0
17031420700->17031690900,2.436542472420398,2.436542472420398,0.0,0.0,4.873084944840796,4.873084944840796,0.0,0.0
17031480200->17031480100,0.3160916011371544,0.3160916011371544,0.0,0.0,0.6321832022743088,0.6321832022743088,0.0,0.0
17031480200->17031450300,1.1888273072559221,1.1888273072559221,0.0,0.0,2.3776546145118442,2.3776546145118442,0.0,0.0
17031480200->17031480300,1.1232842605034992,1.1232842605034992,0.0,0.0,2.2465685210069983,2.2465685210069983,0.0,0.0
17031480200->17031470100,1.14922087182052,1.14922087182052,0.0,0.0,2.29844174364104,2.29844174364104,0.0,0.0
17031480200->17031480400,2.221450746786291,2.221450746786291,0.0,0.0,4.442901493572582,4.442901493572582,0.0,0.0
17031480200->17031440800,2.0171258410222483,2.0171258410222483,0.0,0.0,4.034251682044497,4.034251682044497,0.0,0.0
17031480200->17031834300,2.6124208098321944,2.6124208098321944,0.0,0.0,5.224841619664389,5.224841619664389,0.0,0.0
17031480200->17031460500,2.4606406178833544,2.4606406178833544,0.0,0.0,4.921281235766709,4.921281235766709,0.0,0.0
17031480200->17031440101,2.5269605116144387,2.5269605116144387,0.0,0.0,5.053921023228877,5.053921023228877,0.0,0.0
17031480200->17031510300,2.699854715120525,2.699854715120525,0.0,0.0,5.39970943024105,5.39970943024105,0.0,0.0
17031834200->17031430900,0.4695723890301173,0.4695723890301173,0.0,0.0,0.9391447780602346,0.9391447780602346,0.0,0.0
17031834200->17031834300,0.9674123958456664,0.9674123958456664,0.0,0.0,1.9348247916913328,1.9348247916913328,0.0,0.0
17031834200->17031430400,1.1754825464932446,1.1754825464932446,0.0,0.0,2.350965092986489,2.350965092986489,0.0,0.0
17031834200->17031430500,1.5305439140460622,1.5305439140460622,0.0,0.0,3.0610878280921243,3.0610878280921243,0.0,0.0
17031834200->17031460500,1.5144815947365777,1.5144815947365777,0.0,0.0,3.0289631894731555,3.0289631894731555,0.0,0.0
17031834200->17031841800,1.7117536515605478,1.7117536515605478,0.0,0.0,3.4235073031210956,3.4235073031210956,0.0,0.0
17031834200->17031691500,1.5889979361379534,1.5889979361379534,0.0,0.0,3.1779958722759067,3.1779958722759067,0.0,0.0
17031834200->17031450300,2.1421199159578466,2.1421199159578466,0.0,0.0,4.284239831915693,4.284239831915693,0.0,0.0
17031834200->17031430200,2.2393981268471155,2.2393981268471155,0.0,0.0,4.478796253694231,4.478796253694231,0.0,0.0
17031834200->17031430300,2.243082921590782,2.243082921590782,0.0,0.0,4.486165843181564,4.486165843181564,0.0,0.0
17031834200->17031440101,2.1143431995998734,2.1143431995998734,0.0,0.0,4.228686399199747,4.228686399199747,0.0,0.0
17031834300->17031691500,0.8996017880936814,0.8996017880936814,0.0,0.0,1.7992035761873628,1.7992035761873628,0.0,0.0
17031834300->17031440101,1.1490391612436701,1.1490391612436701,0.0,0.0,2.2980783224873402,2.2980783224873402,0.0,0.0
17031834300->17031430900,1.3746231284382064,1.3746231284382064,0.0,0.0,2.749246256876413,2.749246256876413,0.0,0.0
17031834300->17031430400,1.7760597454022278,1.7760597454022278,0.0,0.0,3.5521194908044555,3.5521194908044555,0.0,0.0
17031834300->17031841800,1.8579376520879556,1.8579376520879556,0.0,0.0,3.715875304175911,3.715875304175911,0.0,0.0
17031834300->17031450300,1.9671714225059171,1.9671714225059171,0.0,0.0,3.9343428450118343,3.9343428450118343,0.0,0.0
17031834300->17031440102,1.9567550827459592,1.9567550827459592,0.0,0.0,3.9135101654919184,3.9135101654919184,0.0,0.0
17031834300->17031460500,1.9622495766152674,1.9622495766152674,0.0,0.0,3.9244991532305344,3.9244991532305344,0.0,0.0
17031834300->17031430500,2.381575203429023,2.381575203429023,0.0,0.0,4.763150406858046,4.763150406858046,0.0,0.0
17031834300->17031480100,2.8596715127694363,2.8596715127694363,0.0,0.0,5.719343025538873,5.719343025538873,0.0,0.0
17031430400->17031430900,0.8174939052367828,0.8174939052367828,0.0,0.0,1.6349878104735656,1.6349878104735656,0.0,0.0
17031430400->17031430500,0.8271084783458912,0.8271084783458912,0.0,0.0,1.6542169566917824,1.6542169566917824,0.0,0.0
17031430400->17031841800,0.8856000245064718,0.8856000245064718,0.0,0.0,1.7712000490129436,1.7712000490129436,0.0,0.0
17031430400->17031430300,1.0690880241168033,1.0690880241168033,0.0,0.0,2.1381760482336065,2.1381760482336065,0.0,0.0
17031430400->17031430200,1.3075025313666453,1.3075025313666453,0.0,0.0,2.6150050627332906,2.6150050627332906,0.0,0.0
17031430400->17031691500,1.8258593687152604,1.8258593687152604,0.0,0.0,3.651718737430521,3.651718737430521,0.0,0.0
17031430400->17031834400,2.4977426236493465,2.4977426236493465,0.0,0.0,4.995485247298693,4.995485247298693,0.0,0.0
17031510300->17031480400,0.710492084661619,0.710492084661619,0.0,0.0,1.420984169323238,1.420984169323238,0.0,0.0
17031510300->17031480300,1.8676530361189978,1.8676530361189978,0.0,0.0,3.7353060722379956,3.7353060722379956,0.0,0.0
17031510300->17031480500,2.02946896647187,2.02946896647187,0.0,0.0,4.05893793294374,4.05893793294374,0.0,0.0
17031510300->17031480100,2.424424114320372,2.424424114320372,0.0,0.0,4.848848228640744,4.848848228640744,0.0,0.0
17031510300->17031500100,2.380641838959458,2.380641838959458,0.0,0.0,4.761283677918916,4.761283677918916,0.0,0.0
17031510300->17031460600,2.794463177985725,2.794463177985725,0.0,0.0,5.58892635597145,5.58892635597145,0.0,0.0
17031510300->17031470100,2.695427583690561,2.695427583690561,0.0,0.0,5.390855167381122,5.390855167381122,0.0,0.0
17031510300->17031510200,2.999825045589844,2.999825045589844,0.0,0.0,5.999650091179688,5.999650091179688,0.0,0.0
17031510300->17031450300,3.4754826292218315,3.4754826292218315,0.0,0.0,6.950965258443663,6.950965258443663,0.0,0.0
17031510300->17031838800,3.351044229536723,3.351044229536723,0.0,0.0,6.702088459073446,6.702088459073446,0.0,0.0
17031030706->17031030702,0.13539222053359662,0.13539222053359662,0.0,0.0,0.27078444106719324,0.27078444106719324,0.0,0.0
17031030706->17031030701,0.41892553908038277,0.41892553908038277,0.0,0.0,0.8378510781607655,0.8378510781607655,0.0,0.0
17031030706->17031030603,0.707360575256083,0.707360575256083,0.0,0.0,1.414721150512166,1.414721150512166,0.0,0.0
17031030706->17031030604,0.917029253521475,0.917029253521475,0.0,0.0,1.83405850704295,1.83405850704295,0.0,0.0
17031030706->17031030601,1.2350406113637664,1.2350406113637664,0.0,0.0,2.470081222727533,2.470081222727533,0.0,0.0
17031030706->17031031300,1.2122720006669643,1.2122720006669643,0.0,0.0,2.4245440013339286,2.4245440013339286,0.0,0.0
17031030706->17031031200,1.4337858658187796,1.4337858658187796,0.0,0.0,2.8675717316375593,2.8675717316375593,0.0,0.0
17031030706->17031031100,1.341949261039406,1.341949261039406,0.0,0.0,2.683898522078812,2.683898522078812,0.0,0.0
17031030706->17031030500,1.3360287656952625,1.3360287656952625,0.0,0.0,2.672057531390525,2.672057531390525,0.0,0.0
17031030706->17031031501,2.079561384335956,2.079561384335956,0.0,0.0,4.159122768671912,4.159122768671912,0.0,0.0
17031550100->17031550200,1.9178475470491974,1.9178475470491974,0.0,0.0,3.8356950940983943,3.8356950940983943,0.0,0.0
17031550100->17031520600,4.858810973763539,4.858810973763539,0.0,0.0,9.717621947527078,9.717621947527078,0.0,0.0
17031550100->17031520500,5.833700088608752,5.833700088608752,0.0,0.0,11.667400177217504,11.667400177217504,0.0,0.0
17031550100->17031520300,6.989164904651184,6.989164904651184,0.0,0.0,13.978329809302368,13.978329809302368,0.0,0.0
17031550100->17031520400,7.14859708095939,7.14859708095939,0.0,0.0,14.29719416191878,14.29719416191878,0.0,0.0
17031550100->17031838800,7.150241089885868,7.150241089885868,0.0,0.0,14.300482179771736,14.300482179771736,0.0,0.0
17031550100->17031510200,7.724612851170623,7.724612851170623,0.0,0.0,15.449225702341247,15.449225702341247,0.0,0.0
17031550100->17031520100,8.487248722059668,8.487248722059668,0.0,0.0,16.974497444119336,16.974497444119336,0.0,0.0
17031550100->17031520200,8.700598141698821,8.700598141698821,0.0,0.0,17.401196283397642,17.401196283397642,0.0,0.0
17031550100->17031510100,9.5786458248302,9.5786458248302,0.0,0.0,19.1572916496604,19.1572916496604,0.0,0.0
17031520300->17031520400,1.4762828270352568,1.4762828270352568,0.0,0.0,2.9525656540705136,2.9525656540705136,0.0,0.0
17031520300->17031520100,1.597155821717551,1.597155821717551,0.0,0.0,3.194311643435102,3.194311643435102,0.0,0.0
17031520300->17031520200,1.7191835473430133,1.7191835473430133,0.0,0.0,3.4383670946860265,3.4383670946860265,0.0,0.0
17031520300->17031520500,1.6157215141468875,1.6157215141468875,0.0,0.0,3.231443028293775,3.231443028293775,0.0,0.0
17031520300->17031520600,2.130881881840046,2.130881881840046,0.0,0.0,4.261763763680092,4.261763763680092,0.0,0.0
17031520300->17031510100,2.866189185248219,2.866189185248219,0.0,0.0,5.732378370496438,5.732378370496438,0.0,0.0
17031520300->17031510200,2.4511476628581774,2.4511476628581774,0.0,0.0,4.902295325716355,4.902295325716355,0.0,0.0
17031520300->17031838800,3.00246830131329,3.00246830131329,0.0,0.0,6.00493660262658,6.00493660262658,0.0,0.0
17031520300->17031461000,4.085944750433375,4.085944750433375,0.0,0.0,8.17188950086675,8.17188950086675,0.0,0.0
17031520300->17031833900,4.7352933672603745,4.7352933672603745,0.0,0.0,9.470586734520749,9.470586734520749,0.0,0.0
17031520300->17031550200,8.262118238622646,8.262118238622646,0.0,0.0,16.524236477245292,16.524236477245292,0.0,0.0
17031510100->17031461000,1.3292704543812157,1.3292704543812157,0.0,0.0,2.6585409087624314,2.6585409087624314,0.0,0.0
17031510100->17031520200,1.791132377968832,1.791132377968832,0.0,0.0,3.582264755937664,3.582264755937664,0.0,0.0
17031510100->17031510200,2.356382525667102,2.356382525667102,0.0,0.0,4.712765051334204,4.712765051334204,0.0,0.0
17031510100->17031833900,1.9480282637424513,1.9480282637424513,0.0,0.0,3.8960565274849026,3.8960565274849026,0.0,0.0
17031510100->17031460700,2.4584478233850744,2.4584478233850744,0.0,0.0,4.916895646770149,4.916895646770149,0.0,0.0
17031510100->17031460600,2.464579859223904,2.464579859223904,0.0,0.0,4.929159718447808,4.929159718447808,0.0,0.0
17031510100->17031520100,2.2780002005671287,2.2780002005671287,0.0,0.0,4.556000401134257,4.556000401134257,0.0,0.0
17031510100->17031480500,2.51960007329264,2.51960007329264,0.0,0.0,5.03920014658528,5.03920014658528,0.0,0.0
17031510100->17031460301,3.1115736424605522,3.1115736424605522,0.0,0.0,6.2231472849211045,6.2231472849211045,0.0,0.0
17031510100->17031838800,3.3347556771513127,3.3347556771513127,0.0,0.0,6.669511354302625,6.669511354302625,0.0,0.0
17031510100->17031520400,3.8213699255467386,3.8213699255467386,0.0,0.0,7.642739851093477,7.642739851093477,0.0,0.0
17031510100->17031520500,4.467798897198379,4.467798897198379,0.0,0.0,8.935597794396758,8.935597794396758,0.0,0.0
17031510100->17031520600,4.8182906931738545,4.8182906931738545,0.0,0.0,9.636581386347709,9.636581386347709,0.0,0.0
17031520200->17031520100,0.48742064251731015,0.48742064251731015,0.0,0.0,0.9748412850346203,0.9748412850346203,0.0,0.0
17031520200->17031520400,2.14000555741288,2.14000555741288,0.0,0.0,4.28001111482576,4.28001111482576,0.0,0.0
17031520200->17031461000,2.6759135709144113,2.6759135709144113,0.0,0.0,5.351827141828823,5.351827141828823,0.0,0.0
17031520200->17031520500,3.0748639190942924,3.0748639190942924,0.0,0.0,6.149727838188585,6.149727838188585,0.0,0.0
17031520200->17031833900,3.3082093629911324,3.3082093629911324,0.0,0.0,6.616418725982265,6.616418725982265,0.0,0.0
17031520200->17031510200,2.9443906218036244,2.9443906218036244,0.0,0.0,5.888781243607249,5.888781243607249,0.0,0.0
17031520200->17031520600,3.8464271126611878,3.8464271126611878,0.0,0.0,7.692854225322375,7.692854225322375,0.0,0.0
17031520200->17031460700,3.7877176589621744,3.7877176589621744,0.0,0.0,7.57543531792435,7.57543531792435,0.0,0.0
17031520200->17031838800,3.8336132805123535,3.8336132805123535,0.0,0.0,7.667226561024708,7.667226561024708,0.0,0.0
17031461000->17031833900,0.6497862832041497,0.6497862832041497,0.0,0.0,1.2995725664082993,1.2995725664082993,0.0,0.0
17031461000->17031460700,1.1571761876299502,1.1571761876299502,0.0,0.0,2.3143523752599005,2.3143523752599005,0.0,0.0
17031461000->17031460600,1.4595354947894108,1.4595354947894108,0.0,0.0,2.9190709895788216,2.9190709895788216,0.0,0.0
17031461000->17031460301,1.8012254890876322,1.8012254890876322,0.0,0.0,3.6024509781752645,3.6024509781752645,0.0,0.0
17031461000->17031460200,2.085964691600593,2.085964691600593,0.0,0.0,4.171929383201186,4.171929383201186,0.0,0.0
17031461000->17031480500,1.8971360761926712,1.8971360761926712,0.0,0.0,3.794272152385342,3.794272152385342,0.0,0.0
17031461000->17031460302,2.693481518010121,2.693481518010121,0.0,0.0,5.386963036020242,5.386963036020242,0.0,0.0
17031461000->17031460100,2.766224665861043,2.766224665861043,0.0,0.0,5.532449331722086,5.532449331722086,0.0,0.0
17031461000->17031520100,3.130066588645212,3.130066588645212,0.0,0.0,6.260133177290424,6.260133177290424,0.0,0.0
17031461000->17031510200,3.5938949966103837,3.5938949966103837,0.0,0.0,7.187789993220767,7.187789993220767,0.0,0.0
17031461000->17031838800,4.542609105901887,4.542609105901887,0.0,0.0,9.085218211803774,9.085218211803774,0.0,0.0
17031461000->17031520400,4.815714522249377,4.815714522249377,0.0,0.0,9.631429044498754,9.631429044498754,0.0,0.0
17031461000->17031520500,5.642626938901465,5.642626938901465,0.0,0.0,11.28525387780293,11.28525387780293,0.0,0.0
17031461000->17031520600,6.1117794319851235,6.1117794319851235,0.0,0.0,12.223558863970247,12.223558863970247,0.0,0.0
17031460301->17031460200,0.5396692217678299,0.5396692217678299,0.0,0.0,1.0793384435356599,1.0793384435356599,0.0,0.0
17031460301->17031460700,0.653961131292926,0.653961131292926,0.0,0.0,1.307922262585852,1.307922262585852,0.0,0.0
17031460301->17031460302,0.897788887191957,0.897788887191957,0.0,0.0,1.795577774383914,1.795577774383914,0.0,0.0
17031460301->17031833900,1.1636043735542694,1.1636043735542694,0.0,0.0,2.3272087471085388,2.3272087471085388,0.0,0.0
17031460301->17031460100,1.104961412674186,1.104961412674186,0.0,0.0,2.209922825348372,2.209922825348372,0.0,0.0
17031460301->17031460600,1.2396850096194687,1.2396850096194687,0.0,0.0,2.4793700192389374,2.4793700192389374,0.0,0.0
17031460301->17031480500,2.016342079133022,2.016342079133022,0.0,0.0,4.032684158266044,4.032684158266044,0.0,0.0
17031460301->17031431301,2.3614432467184034,2.3614432467184034,0.0,0.0,4.722886493436807,4.722886493436807,0.0,0.0
17031460301->17031460400,2.3940020046043116,2.3940020046043116,0.0,0.0,4.788004009208623,4.788004009208623,0.0,0.0
17031833900->17031460700,0.5117271955667565,0.5117271955667565,0.0,0.0,1.023454391133513,1.023454391133513,0.0,0.0
17031833900->17031460600,0.9920311583222006,0.9920311583222006,0.0,0.0,1.9840623166444011,1.9840623166444011,0.0,0.0
17031833900->17031460200,1.5061827357004154,1.5061827357004154,0.0,0.0,3.0123654714008308,3.0123654714008308,0.0,0.0
17031833900->17031460302,2.0488730979794463,2.0488730979794463,0.0,0.0,4.097746195958893,4.097746195958893,0.0,0.0
17031833900->17031480500,1.637959147025921,1.637959147025921,0.0,0.0,3.275918294051842,3.275918294051842,0.0,0.0
17031833900->17031460100,2.181491083320589,2.181491083320589,0.0,0.0,4.362982166641178,4.362982166641178,0.0,0.0
17031833900->17031431301,3.4843977648909887,3.4843977648909887,0.0,0.0,6.9687955297819775,6.9687955297819775,0.0,0.0
17031833900->17031520100,3.75240189127283,3.75240189127283,0.0,0.0,7.50480378254566,7.50480378254566,0.0,0.0
17031833900->17031510200,4.1205747724910236,4.1205747724910236,0.0,0.0,8.241149544982047,8.241149544982047,0.0,0.0
17031833900->17031520400,5.447558575957906,5.447558575957906,0.0,0.0,10.895117151915812,10.895117151915812,0.0,0.0
17031460302->17031460100,0.7838467325213403,0.7838467325213403,0.0,0.0,1.5676934650426806,1.5676934650426806,0.0,0.0
17031460302->17031431301,1.471020460754763,1.471020460754763,0.0,0.0,2.942040921509526,2.942040921509526,0.0,0.0
17031460302->17031460200,0.9020557386901812,0.9020557386901812,0.0,0.0,1.8041114773803624,1.8041114773803624,0.0,0.0
17031460302->17031460700,1.5374364184227711,1.5374364184227711,0.0,0.0,3.0748728368455422,3.0748728368455422,0.0,0.0
17031460302->17031460600,1.8464111507238443,1.8464111507238443,0.0,0.0,3.6928223014476886,3.6928223014476886,0.0,0.0
17031460302->17031460400,1.6016181138034693,1.6016181138034693,0.0,0.0,3.2032362276069386,3.2032362276069386,0.0,0.0
17031460302->17031431302,2.152794109818144,2.152794109818144,0.0,0.0,4.305588219636288,4.305588219636288,0.0,0.0
17031460302->17031431400,2.703838936129445,2.703838936129445,0.0,0.0,5.40767787225889,5.40767787225889,0.0,0.0
17031460302->17031480500,2.5064839201761804,2.5064839201761804,0.0,0.0,5.012967840352361,5.012967840352361,0.0,0.0
17031520100->17031520400,1.707042426575067,1.707042426575067,0.0,0.0,3.414084853150134,3.414084853150134,0.0,0.0
17031520100->17031520500,2.7547411773430466,2.7547411773430466,0.0,0.0,5.509482354686093,5.509482354686093,0.0,0.0
17031520100->17031520600,3.66465569924739,3.66465569924739,0.0,0.0,7.32931139849478,7.32931139849478,0.0,0.0
17031520100->17031510200,3.2407454595367238,3.2407454595367238,0.0,0.0,6.4814909190734475,6.4814909190734475,0.0,0.0
17031520100->17031460700,4.221056530561609,4.221056530561609,0.0,0.0,8.442113061123218,8.442113061123218,0.0,0.0
17031842400->17031440600,1.2042364822125637,1.2042364822125637,0.0,0.0,2.4084729644251275,2.4084729644251275,0.0,0.0
17031842400->17031710900,1.2593209848278961,1.2593209848278961,0.0,0.0,2.5186419696557922,2.5186419696557922,0.0,0.0
17031842400->17031711500,1.51350231773874,1.51350231773874,0.0,0.0,3.02700463547748,3.02700463547748,0.0,0.0
17031842400->17031440300,1.5739611211823161,1.5739611211823161,0.0,0.0,3.1479222423646323,3.1479222423646323,0.0,0.0
17031842400->17031730100,2.3941827863861556,2.3941827863861556,0.0,0.0,4.788365572772311,4.788365572772311,0.0,0.0
17031842400->17031834000,2.596089531796023,2.596089531796023,0.0,0.0,5.192179063592046,5.192179063592046,0.0,0.0
17031842400->17031691200,2.6079342416779894,2.6079342416779894,0.0,0.0,5.215868483355979,5.215868483355979,0.0,0.0
17031842400->17031440202,2.2286215612644393,2.2286215612644393,0.0,0.0,4.457243122528879,4.457243122528879,0.0,0.0
17031842400->17031691400,2.588825737524402,2.588825737524402,0.0,0.0,5.177651475048804,5.177651475048804,0.0,0.0
17031842400->17031711000,2.2944138413086343,2.2944138413086343,0.0,0.0,4.588827682617269,4.588827682617269,0.0,0.0
17031230600->17031230500,0.850715681976128,0.850715681976128,0.0,0.0,1.701431363952256,1.701431363952256,0.0,0.0
17031230600->17031842100,0.9623172110363437,0.9623172110363437,0.0,0.0,1.9246344220726874,1.9246344220726874,0.0,0.0
17031230600->17031230700,1.4250703984933821,1.4250703984933821,0.0,0.0,2.8501407969867643,2.8501407969867643,0.0,0.0
17031230600->17031231200,1.7398984423204498,1.7398984423204498,0.0,0.0,3.4797968846408995,3.4797968846408995,0.0,0.0
17031230600->17031200402,2.2133867269024288,2.2133867269024288,0.0,0.0,4.4267734538048575,4.4267734538048575,0.0,0.0
17031230600->17031200401,2.2478748471134726,2.2478748471134726,0.0,0.0,4.495749694226945,4.495749694226945,0.0,0.0
17031230600->17031251000,1.9050061925441788,1.9050061925441788,0.0,0.0,3.8100123850883576,3.8100123850883576,0.0,0.0
17031230600->17031250200,1.8226580601952405,1.8226580601952405,0.0,0.0,3.645316120390481,3.645316120390481,0.0,0.0
17031070200->17031070102,0.4926081020887569,0.4926081020887569,0.0,0.0,0.9852162041775138,0.9852162041775138,0.0,0.0
17031070200->17031070300,0.540825189161746,0.540825189161746,0.0,0.0,1.081650378323492,1.081650378323492,0.0,0.0
17031070200->17031063400,0.7972139390290305,0.7972139390290305,0.0,0.0,1.594427878058061,1.594427878058061,0.0,0.0
17031070200->17031063301,0.8701350927345382,0.8701350927345382,0.0,0.0,1.7402701854690763,1.7402701854690763,0.0,0.0
17031070200->17031070103,0.8299159014427036,0.8299159014427036,0.0,0.0,1.659831802885407,1.659831802885407,0.0,0.0
17031070200->17031070101,0.8224495248877787,0.8224495248877787,0.0,0.0,1.6448990497755573,1.6448990497755573,0.0,0.0
17031070200->17031063302,1.0361466298350321,1.0361466298350321,0.0,0.0,2.0722932596700643,2.0722932596700643,0.0,0.0
17031070200->17031063000,1.145906748838202,1.145906748838202,0.0,0.0,2.291813497676404,2.291813497676404,0.0,0.0
17031070200->17031071200,1.2603234533117793,1.2603234533117793,0.0,0.0,2.5206469066235586,2.5206469066235586,0.0,0.0
17031070200->17031063100,1.4077052134146169,1.4077052134146169,0.0,0.0,2.8154104268292337,2.8154104268292337,0.0,0.0
17031070200->17031071000,1.5018373039409574,1.5018373039409574,0.0,0.0,3.0036746078819148,3.0036746078819148,0.0,0.0
17031070200->17031071100,1.4494324357102049,1.4494324357102049,0.0,0.0,2.8988648714204097,2.8988648714204097,0.0,0.0
17031070200->17031063303,1.2857777310155127,1.2857777310155127,0.0,0.0,2.5715554620310255,2.5715554620310255,0.0,0.0
17031070200->17031070400,1.1627857562211235,1.1627857562211235,0.0,0.0,2.325571512442247,2.325571512442247,0.0,0.0
17031500200->17031500300,1.6221378085525884,1.6221378085525884,0.0,0.0,3.2442756171051768,3.2442756171051768,0.0,0.0
17031500200->17031500100,2.3436711818974123,2.3436711818974123,0.0,0.0,4.687342363794825,4.687342363794825,0.0,0.0
17031500200->17031490901,1.843168410897527,1.843168410897527,0.0,0.0,3.686336821795054,3.686336821795054,0.0,0.0
17031500200->17031490800,2.450095133596873,2.450095133596873,0.0,0.0,4.900190267193746,4.900190267193746,0.0,0.0
17031500200->17031490902,2.5654764632353397,2.5654764632353397,0.0,0.0,5.1309529264706795,5.1309529264706795,0.0,0.0
17031500200->17031491400,2.763729813817683,2.763729813817683,0.0,0.0,5.527459627635366,5.527459627635366,0.0,0.0
17031500200->17031490500,3.5391711722877823,3.5391711722877823,0.0,0.0,7.078342344575565,7.078342344575565,0.0,0.0
17031500200->17031491300,3.1097665720832803,3.1097665720832803,0.0,0.0,6.219533144166561,6.219533144166561,0.0,0.0
17031500200->17031491000,3.061517521094139,3.061517521094139,0.0,0.0,6.123035042188278,6.123035042188278,0.0,0.0
17031500200->17031550200,8.682070696162741,8.682070696162741,0.0,0.0,17.364141392325482,17.364141392325482,0.0,0.0
17031500200->17031540102,4.668847689165035,4.668847689165035,0.0,0.0,9.33769537833007,9.33769537833007,0.0,0.0
17031110100->17031110501,0.670146162718019,0.670146162718019,0.0,0.0,1.340292325436038,1.340292325436038,0.0,0.0
17031110100->17031120400,1.2789289362290206,1.2789289362290206,0.0,0.0,2.557857872458041,2.557857872458041,0.0,0.0
17031110100->17031110200,1.3658743083377003,1.3658743083377003,0.0,0.0,2.7317486166754006,2.7317486166754006,0.0,0.0
17031110100->17031110502,1.8074644702045337,1.8074644702045337,0.0,0.0,3.6149289404090674,3.6149289404090674,0.0,0.0
17031110100->17031110400,1.9721117325312394,1.9721117325312394,0.0,0.0,3.944223465062479,3.944223465062479,0.0,0.0
17031110100->17031150401,2.546089207686779,2.546089207686779,0.0,0.0,5.092178415373558,5.092178415373558,0.0,0.0
17031110100->17031150200,2.877736184963276,2.877736184963276,0.0,0.0,5.755472369926552,5.755472369926552,0.0,0.0
17031110100->17031120100,4.583670292624546,4.583670292624546,0.0,0.0,9.167340585249091,9.167340585249091,0.0,0.0
17031110100->17031807900,3.8243497972546256,3.8243497972546256,0.0,0.0,7.64869959450925,7.64869959450925,0.0,0.0
17031710300->17031710200,0.7242386782767392,0.7242386782767392,0.0,0.0,1.4484773565534783,1.4484773565534783,0.0,0.0
17031710300->17031710600,0.9167687640813833,0.9167687640813833,0.0,0.0,1.8335375281627666,1.8335375281627666,0.0,0.0
17031710300->17031710400,0.9553490113145185,0.9553490113145185,0.0,0.0,1.910698022629037,1.910698022629037,0.0,0.0
17031710300->17031671800,1.3327216843891614,1.3327216843891614,0.0,0.0,2.6654433687783228,2.6654433687783228,0.0,0.0
17031710300->17031710700,1.3111468242706337,1.3111468242706337,0.0,0.0,2.6222936485412673,2.6222936485412673,0.0,0.0
17031710300->17031710800,1.3417467760322377,1.3417467760322377,0.0,0.0,2.6834935520644754,2.6834935520644754,0.0,0.0
17031710300->17031671900,1.6988540445449958,1.6988540445449958,0.0,0.0,3.3977080890899916,3.3977080890899916,0.0,0.0
17031710300->17031711100,1.7318294017879485,1.7318294017879485,0.0,0.0,3.463658803575897,3.463658803575897,0.0,0.0
17031710300->17031672000,1.6705078062154257,1.6705078062154257,0.0,0.0,3.3410156124308514,3.3410156124308514,0.0,0.0
17031710300->17031711200,2.2284232088383034,2.2284232088383034,0.0,0.0,4.456846417676607,4.456846417676607,0.0,0.0
17031710300->17031681400,1.856593395878763,1.856593395878763,0.0,0.0,3.713186791757526,3.713186791757526,0.0,0.0
17031832300->17031832200,0.6087635279181073,0.6087635279181073,0.0,0.0,1.2175270558362146,1.2175270558362146,0.0,0.0
17031832300->17031240300,1.3487114278209895,1.3487114278209895,0.0,0.0,2.697422855641979,2.697422855641979,0.0,0.0
17031832300->17031832500,1.1716371198822042,1.1716371198822042,0.0,0.0,2.3432742397644084,2.3432742397644084,0.0,0.0
17031832300->17031831000,1.4546405698693032,1.4546405698693032,0.0,0.0,2.9092811397386065,2.9092811397386065,0.0,0.0
17031832300->17031240200,1.5063046131504605,1.5063046131504605,0.0,0.0,3.012609226300921,3.012609226300921,0.0,0.0
17031832300->17031221600,1.2689467359517417,1.2689467359517417,0.0,0.0,2.5378934719034834,2.5378934719034834,0.0,0.0
17031832300->17031241500,1.8082057100316569,1.8082057100316569,0.0,0.0,3.6164114200633137,3.6164114200633137,0.0,0.0
17031832300->17031222200,1.5140093717833163,1.5140093717833163,0.0,0.0,3.0280187435666326,3.0280187435666326,0.0,0.0
17031832300->17031240500,1.8276785349928797,1.8276785349928797,0.0,0.0,3.6553570699857594,3.6553570699857594,0.0,0.0
17031330200->17031841100,0.8844487703202196,0.8844487703202196,0.0,0.0,1.7688975406404392,1.7688975406404392,0.0,0.0
17031330200->17031841000,1.3307462603691815,1.3307462603691815,0.0,0.0,2.661492520738363,2.661492520738363,0.0,0.0
17031330200->17031320600,2.170367394852287,2.170367394852287,0.0,0.0,4.340734789704574,4.340734789704574,0.0,0.0
17031330200->17031839000,2.203317542832097,2.203317542832097,0.0,0.0,4.406635085664194,4.406635085664194,0.0,0.0
17031330200->17031350400,2.367880685964913,2.367880685964913,0.0,0.0,4.735761371929826,4.735761371929826,0.0,0.0
17031330200->17031310200,1.776114750329538,1.776114750329538,0.0,0.0,3.552229500659076,3.552229500659076,0.0,0.0
17031330200->17031839200,2.326356658189965,2.326356658189965,0.0,0.0,4.65271331637993,4.65271331637993,0.0,0.0
17031330200->17031340400,2.4920510578573327,2.4920510578573327,0.0,0.0,4.984102115714665,4.984102115714665,0.0,0.0
17031190900->17031200100,0.6940394153923477,0.6940394153923477,0.0,0.0,1.3880788307846954,1.3880788307846954,0.0,0.0
17031190900->17031190800,0.9629456856294655,0.9629456856294655,0.0,0.0,1.9258913712589307,1.9258913712589307,0.0,0.0
17031190900->17031190100,0.9565574650484848,0.9565574650484848,0.0,0.0,1.9131149300969699,1.9131149300969699,0.0,0.0
17031190900->17031200200,1.0403917875403743,1.0403917875403743,0.0,0.0,2.0807835750807486,2.0807835750807486,0.0,0.0
17031190900->17031191000,1.3551579220555452,1.3551579220555452,0.0,0.0,2.7103158441110904,2.7103158441110904,0.0,0.0
17031190900->17031200300,1.5740749243668957,1.5740749243668957,0.0,0.0,3.1481498487337913,3.1481498487337913,0.0,0.0
17031190900->17031200401,1.8094713414462593,1.8094713414462593,0.0,0.0,3.6189426828925186,3.6189426828925186,0.0,0.0
17031190900->17031191100,1.9459075740757195,1.9459075740757195,0.0,0.0,3.891815148151439,3.891815148151439,0.0,0.0
17031190900->17031210400,1.7760631647207963,1.7760631647207963,0.0,0.0,3.5521263294415926,3.5521263294415926,0.0,0.0
17031062400->17031062500,0.5349198679270223,0.5349198679270223,0.0,0.0,1.0698397358540446,1.0698397358540446,0.0,0.0
17031062400->17031831900,0.7070757732015324,0.7070757732015324,0.0,0.0,1.4141515464030647,1.4141515464030647,0.0,0.0
17031062400->17031062700,0.7894049420908646,0.7894049420908646,0.0,0.0,1.5788098841817293,1.5788098841817293,0.0,0.0
17031062400->17031061500,0.883124059206049,0.883124059206049,0.0,0.0,1.766248118412098,1.766248118412098,0.0,0.0
17031062400->17031062800,0.9076637205872359,0.9076637205872359,0.0,0.0,1.8153274411744718,1.8153274411744718,0.0,0.0
17031062400->17031062300,0.8419833077054397,0.8419833077054397,0.0,0.0,1.6839666154108794,1.6839666154108794,0.0,0.0
17031062400->17031061200,1.2244456661563556,1.2244456661563556,0.0,0.0,2.4488913323127113,2.4488913323127113,0.0,0.0
17031062400->17031051200,1.0939710636970705,1.0939710636970705,0.0,0.0,2.187942127394141,2.187942127394141,0.0,0.0
17031062400->17031070600,1.7118245457409476,1.7118245457409476,0.0,0.0,3.423649091481895,3.423649091481895,0.0,0.0
17031691000->17031691300,0.41276323299458373,0.41276323299458373,0.0,0.0,0.8255264659891675,0.8255264659891675,0.0,0.0
17031691000->17031690900,1.1140599655830221,1.1140599655830221,0.0,0.0,2.2281199311660442,2.2281199311660442,0.0,0.0
17031691000->17031691400,1.3477493783229377,1.3477493783229377,0.0,0.0,2.6954987566458755,2.6954987566458755,0.0,0.0
17031691000->17031690400,1.571318113690587,1.571318113690587,0.0,0.0,3.142636227381174,3.142636227381174,0.0,0.0
17031691000->17031690500,1.6155861086770755,1.6155861086770755,0.0,0.0,3.231172217354151,3.231172217354151,0.0,0.0
17031691000->17031690300,1.5818298864693658,1.5818298864693658,0.0,0.0,3.1636597729387317,3.1636597729387317,0.0,0.0
17031691000->17031691100,1.4742993243698197,1.4742993243698197,0.0,0.0,2.9485986487396394,2.9485986487396394,0.0,0.0
17031691000->17031691200,1.5204499263375193,1.5204499263375193,0.0,0.0,3.0408998526750386,3.0408998526750386,0.0,0.0
17031691000->17031440300,2.0234542031574674,2.0234542031574674,0.0,0.0,4.046908406314935,4.046908406314935,0.0,0.0
17031691000->17031440201,1.996642623940627,1.996642623940627,0.0,0.0,3.9932852478812535,3.9932852478812535,0.0,0.0
17031691000->17031421200,2.0482153478513117,2.0482153478513117,0.0,0.0,4.096430695702623,4.096430695702623,0.0,0.0
17031190100->17031200100,0.9300876177278319,0.9300876177278319,0.0,0.0,1.8601752354556638,1.8601752354556638,0.0,0.0
17031190100->17031161200,1.3684220274371979,1.3684220274371979,0.0,0.0,2.7368440548743957,2.7368440548743957,0.0,0.0
17031190100->17031200200,1.6268864257433011,1.6268864257433011,0.0,0.0,3.2537728514866022,3.2537728514866022,0.0,0.0
17031190100->17031190800,1.6568261625247747,1.6568261625247747,0.0,0.0,3.3136523250495493,3.3136523250495493,0.0,0.0
17031190100->17031151001,1.5668756327468087,1.5668756327468087,0.0,0.0,3.1337512654936175,3.1337512654936175,0.0,0.0
17031190100->17031161300,1.6320928468665736,1.6320928468665736,0.0,0.0,3.2641856937331473,3.2641856937331473,0.0,0.0
17031190100->17031210400,1.5145298783241348,1.5145298783241348,0.0,0.0,3.0290597566482695,3.0290597566482695,0.0,0.0
17031190100->17031161100,2.4272870227636947,2.4272870227636947,0.0,0.0,4.854574045527389,4.854574045527389,0.0,0.0
17031834800->17031680600,0.6868310835493964,0.6868310835493964,0.0,0.0,1.3736621670987927,1.3736621670987927,0.0,0.0
17031834800->17031681000,0.8043444045863491,0.8043444045863491,0.0,0.0,1.6086888091726983,1.6086888091726983,0.0,0.0
17031834800->17031670900,0.9854922323121506,0.9854922323121506,0.0,0.0,1.970984464624301,1.970984464624301,0.0,0.0
17031834800->17031834700,1.5968809551528163,1.5968809551528163,0.0,0.0,3.1937619103056325,3.1937619103056325,0.0,0.0
17031834800->17031680500,1.8504393850434824,1.8504393850434824,0.0,0.0,3.7008787700869648,3.7008787700869648,0.0,0.0
17031834800->17031834600,1.5719980409612508,1.5719980409612508,0.0,0.0,3.1439960819225017,3.1439960819225017,0.0,0.0
17031834800->17031834900,1.852771520342593,1.852771520342593,0.0,0.0,3.705543040685186,3.705543040685186,0.0,0.0
17031834800->17031681100,2.0847947907995428,2.0847947907995428,0.0,0.0,4.1695895815990855,4.1695895815990855,0.0,0.0
17031834800->17031670100,1.8142751272810735,1.8142751272810735,0.0,0.0,3.628550254562147,3.628550254562147,0.0,0.0
17031834800->17031681200,2.0622394978376404,2.0622394978376404,0.0,0.0,4.124478995675281,4.124478995675281,0.0,0.0
17031834800->17031612100,2.4774925347356334,2.4774925347356334,0.0,0.0,4.954985069471267,4.954985069471267,0.0,0.0
17031351100->17031360200,0.35640922825255167,0.35640922825255167,0.0,0.0,0.7128184565051033,0.7128184565051033,0.0,0.0
17031351100->17031839600,0.6386945499280318,0.6386945499280318,0.0,0.0,1.2773890998560635,1.2773890998560635,0.0,0.0
17031351100->17031836500,0.783491435204145,0.783491435204145,0.0,0.0,1.56698287040829,1.56698287040829,0.0,0.0
17031351100->17031380200,1.1605231059684553,1.1605231059684553,0.0,0.0,2.3210462119369106,2.3210462119369106,0.0,0.0
17031351100->17031835900,1.0674964783254675,1.0674964783254675,0.0,0.0,2.134992956650935,2.134992956650935,0.0,0.0
17031351100->17031351000,1.2184306495135222,1.2184306495135222,0.0,0.0,2.4368612990270444,2.4368612990270444,0.0,0.0
17031351100->17031380100,1.22496241459914,1.22496241459914,0.0,0.0,2.44992482919828,2.44992482919828,0.0,0.0
17031351100->17031839500,1.3594247983099983,1.3594247983099983,0.0,0.0,2.7188495966199966,2.7188495966199966,0.0,0.0
17031351100->17031351400,1.177738341214759,1.177738341214759,0.0,0.0,2.355476682429518,2.355476682429518,0.0,0.0
17031351100->17031835800,2.091493638715725,2.091493638715725,0.0,0.0,4.18298727743145,4.18298727743145,0.0,0.0
17031351100->17031836400,1.7033725957800594,1.7033725957800594,0.0,0.0,3.406745191560119,3.406745191560119,0.0,0.0
17031351100->17031350100,2.304145718011763,2.304145718011763,0.0,0.0,4.608291436023526,4.608291436023526,0.0,0.0
17031420500->17031420400,0.32904924756588766,0.32904924756588766,0.0,0.0,0.6580984951317753,0.6580984951317753,0.0,0.0
17031420500->17031420600,0.9459606120198214,0.9459606120198214,0.0,0.0,1.8919212240396428,1.8919212240396428,0.0,0.0
17031420500->17031420300,1.0507903503574654,1.0507903503574654,0.0,0.0,2.1015807007149307,2.1015807007149307,0.0,0.0
17031420500->17031836200,1.3557414820147633,1.3557414820147633,0.0,0.0,2.7114829640295266,2.7114829640295266,0.0,0.0
17031420500->17031834400,1.4988335876884666,1.4988335876884666,0.0,0.0,2.9976671753769333,2.9976671753769333,0.0,0.0
17031420500->17031400800,1.5435231144818486,1.5435231144818486,0.0,0.0,3.0870462289636973,3.0870462289636973,0.0,0.0
17031420500->17031420200,1.5611737562113088,1.5611737562113088,0.0,0.0,3.1223475124226177,3.1223475124226177,0.0,0.0
17031420500->17031400400,1.7498148703910381,1.7498148703910381,0.0,0.0,3.4996297407820762,3.4996297407820762,0.0,0.0
17031420500->17031421200,2.307754030318734,2.307754030318734,0.0,0.0,4.615508060637468,4.615508060637468,0.0,0.0
17031560400->17031560100,0.377114250178617,0.377114250178617,0.0,0.0,0.754228500357234,0.754228500357234,0.0,0.0
17031560400->17031560300,0.4532377480255948,0.4532377480255948,0.0,0.0,0.9064754960511896,0.9064754960511896,0.0,0.0
17031560400->17031560200,0.8378653239302757,0.8378653239302757,0.0,0.0,1.6757306478605514,1.6757306478605514,0.0,0.0
17031560400->17031835200,1.4089359699217403,1.4089359699217403,0.0,0.0,2.8178719398434806,2.8178719398434806,0.0,0.0
17031560400->17031570500,1.8288475992592532,1.8288475992592532,0.0,0.0,3.6576951985185064,3.6576951985185064,0.0,0.0
17031560400->17031570300,1.7911392844926266,1.7911392844926266,0.0,0.0,3.582278568985253,3.582278568985253,0.0,0.0
17031560400->17031620200,2.4257032243023713,2.4257032243023713,0.0,0.0,4.851406448604743,4.851406448604743,0.0,0.0
17031560400->17031570400,2.50296481456616,2.50296481456616,0.0,0.0,5.00592962913232,5.00592962913232,0.0,0.0
17031835200->17031560300,1.084087361115797,1.084087361115797,0.0,0.0,2.168174722231594,2.168174722231594,0.0,0.0
17031835200->17031570500,1.1680007549540996,1.1680007549540996,0.0,0.0,2.336001509908199,2.336001509908199,0.0,0.0
17031835200->17031560100,1.7860182671992577,1.7860182671992577,0.0,0.0,3.5720365343985154,3.5720365343985154,0.0,0.0
17031835200->17031620200,1.5582406158822617,1.5582406158822617,0.0,0.0,3.1164812317645234,3.1164812317645234,0.0,0.0
17031835200->17031560200,2.106021963043718,2.106021963043718,0.0,0.0,4.212043926087436,4.212043926087436,0.0,0.0
17031835200->17031980100,2.1635160751598668,2.1635160751598668,0.0,0.0,4.3270321503197335,4.3270321503197335,0.0,0.0
17031835200->17031570300,1.8309242347527588,1.8309242347527588,0.0,0.0,3.6618484695055176,3.6618484695055176,0.0,0.0
17031835200->17031640800,3.624825470766554,3.624825470766554,0.0,0.0,7.249650941533108,7.249650941533108,0.0,0.0
17031835200->17031640700,3.4312074872095426,3.4312074872095426,0.0,0.0,6.862414974419085,6.862414974419085,0.0,0.0
17031835200->17031640100,3.00552978024736,3.00552978024736,0.0,0.0,6.01105956049472,6.01105956049472,0.0,0.0
17031250800->17031250200,0.37465351013194753,0.37465351013194753,0.0,0.0,0.7493070202638951,0.7493070202638951,0.0,0.0
17031250800->17031191100,1.4889852905904064,1.4889852905904064,0.0,0.0,2.977970581180813,2.977970581180813,0.0,0.0
17031250800->17031251100,1.575655418233929,1.575655418233929,0.0,0.0,3.151310836467858,3.151310836467858,0.0,0.0
17031250800->17031251000,1.7106274857636545,1.7106274857636545,0.0,0.0,3.421254971527309,3.421254971527309,0.0,0.0
17031250800->17031250300,1.4140514754312183,1.4140514754312183,0.0,0.0,2.8281029508624367,2.8281029508624367,0.0,0.0
17031250800->17031250700,1.4629668522871562,1.4629668522871562,0.0,0.0,2.9259337045743123,2.9259337045743123,0.0,0.0
17031250800->17031191200,1.8015689382675297,1.8015689382675297,0.0,0.0,3.6031378765350595,3.6031378765350595,0.0,0.0
17031250800->17031191000,2.0738149620674196,2.0738149620674196,0.0,0.0,4.147629924134839,4.147629924134839,0.0,0.0
17031250800->17031251200,1.9296382446771465,1.9296382446771465,0.0,0.0,3.859276489354293,3.859276489354293,0.0,0.0
17031250800->17031250600,2.0368722598050555,2.0368722598050555,0.0,0.0,4.073744519610111,4.073744519610111,0.0,0.0
17031250700->17031250300,0.08685450338950786,0.08685450338950786,0.0,0.0,0.1737090067790157,0.1737090067790157,0.0,0.0
17031250700->17031250600,0.5740568962110466,0.5740568962110466,0.0,0.0,1.1481137924220932,1.1481137924220932,0.0,0.0
17031250700->17031251200,1.5488282386808825,1.5488282386808825,0.0,0.0,3.097656477361765,3.097656477361765,0.0,0.0
17031250700->17031191200,1.594712117386433,1.594712117386433,0.0,0.0,3.189424234772866,3.189424234772866,0.0,0.0
17031250700->17031251300,1.8021215926228373,1.8021215926228373,0.0,0.0,3.6042431852456747,3.6042431852456747,0.0,0.0
17031250700->17031191302,2.118483737155123,2.118483737155123,0.0,0.0,4.236967474310246,4.236967474310246,0.0,0.0
17031250700->17031250200,1.8229770936154317,1.8229770936154317,0.0,0.0,3.6459541872308634,3.6459541872308634,0.0,0.0
17031250700->17031251100,2.1060430214218044,2.1060430214218044,0.0,0.0,4.212086042843609,4.212086042843609,0.0,0.0
17031250700->17031250400,1.844979053841266,1.844979053841266,0.0,0.0,3.689958107682532,3.689958107682532,0.0,0.0
17031250700->17031812100,2.134518112052495,2.134518112052495,0.0,0.0,4.26903622410499,4.26903622410499,0.0,0.0
17031110502->17031110400,0.9040485067163324,0.9040485067163324,0.0,0.0,1.8080970134326648,1.8080970134326648,0.0,0.0
17031110502->17031110501,1.142999773504456,1.142999773504456,0.0,0.0,2.285999547008912,2.285999547008912,0.0,0.0
17031110502->17031120400,1.1533064953532963,1.1533064953532963,0.0,0.0,2.3066129907065926,2.3066129907065926,0.0,0.0
17031110502->17031150401,1.1323641185924138,1.1323641185924138,0.0,0.0,2.2647282371848276,2.2647282371848276,0.0,0.0
17031110502->17031110200,1.6108155681377028,1.6108155681377028,0.0,0.0,3.2216311362754055,3.2216311362754055,0.0,0.0
17031110502->17031150200,1.6744367348269038,1.6744367348269038,0.0,0.0,3.3488734696538076,3.3488734696538076,0.0,0.0
17031110502->17031150402,2.605347839350684,2.605347839350684,0.0,0.0,5.210695678701368,5.210695678701368,0.0,0.0
17031110502->17031150700,2.710642613184683,2.710642613184683,0.0,0.0,5.421285226369366,5.421285226369366,0.0,0.0
17031110502->17031110300,2.458110714166223,2.458110714166223,0.0,0.0,4.916221428332446,4.916221428332446,0.0,0.0
17031170300->17031170400,0.8723772064417045,0.8723772064417045,0.0,0.0,1.744754412883409,1.744754412883409,0.0,0.0
17031170300->17031810502,1.591864992395752,1.591864992395752,0.0,0.0,3.183729984791504,3.183729984791504,0.0,0.0
17031170300->17031170800,1.363422206151303,1.363422206151303,0.0,0.0,2.726844412302606,2.726844412302606,0.0,0.0
17031170300->17031170100,1.7431639446422014,1.7431639446422014,0.0,0.0,3.4863278892844027,3.4863278892844027,0.0,0.0
17031170300->17031170900,2.2714517396671887,2.2714517396671887,0.0,0.0,4.542903479334377,4.542903479334377,0.0,0.0
17031170300->17031810600,2.2517709184701373,2.2517709184701373,0.0,0.0,4.503541836940275,4.503541836940275,0.0,0.0
17031170300->17031150502,2.2731744584308453,2.2731744584308453,0.0,0.0,4.546348916861691,4.546348916861691,0.0,0.0
17031170300->17031180100,3.065504005115647,3.065504005115647,0.0,0.0,6.131008010231294,6.131008010231294,0.0,0.0
17031170300->17031170700,2.6156909851372387,2.6156909851372387,0.0,0.0,5.2313819702744775,5.2313819702744775,0.0,0.0
17031170300->17031100700,3.255973940466936,3.255973940466936,0.0,0.0,6.511947880933872,6.511947880933872,0.0,0.0
17031090200->17031090300,0.9230267209346648,0.9230267209346648,0.0,0.0,1.8460534418693295,1.8460534418693295,0.0,0.0
17031090200->17031100400,1.7240140815278344,1.7240140815278344,0.0,0.0,3.448028163055669,3.448028163055669,0.0,0.0
17031090200->17031100300,2.343061427787648,2.343061427787648,0.0,0.0,4.686122855575296,4.686122855575296,0.0,0.0
17031090200->17031090100,2.646021086210991,2.646021086210991,0.0,0.0,5.292042172421982,5.292042172421982,0.0,0.0
17031090200->17031805600,2.3099073434201762,2.3099073434201762,0.0,0.0,4.6198146868403525,4.6198146868403525,0.0,0.0
17031090200->17031805502,2.7996322796395816,2.7996322796395816,0.0,0.0,5.599264559279163,5.599264559279163,0.0,0.0
17031090200->17031100500,3.824684501970858,3.824684501970858,0.0,0.0,7.649369003941716,7.649369003941716,0.0,0.0
17031090200->17031100600,4.039659592726832,4.039659592726832,0.0,0.0,8.079319185453665,8.079319185453665,0.0,0.0
17031090200->17031100100,3.5490537667077247,3.5490537667077247,0.0,0.0,7.098107533415449,7.098107533415449,0.0,0.0
17031090200->17031808100,4.037264263260268,4.037264263260268,0.0,0.0,8.074528526520536,8.074528526520536,0.0,0.0
17031090200->17031805501,4.1449528103545985,4.1449528103545985,0.0,0.0,8.289905620709197,8.289905620709197,0.0,0.0
17031020200->17031020301,1.274475060354,1.274475060354,0.0,0.0,2.548950120708,2.548950120708,0.0,0.0
17031020200->17031020302,1.4368765037498459,1.4368765037498459,0.0,0.0,2.8737530074996918,2.8737530074996918,0.0,0.0
17031020200->17031020100,1.77335634483156,1.77335634483156,0.0,0.0,3.54671268966312,3.54671268966312,0.0,0.0
17031020200->17031020400,2.1672087439090184,2.1672087439090184,0.0,0.0,4.334417487818037,4.334417487818037,0.0,0.0
17031020200->17031020601,2.8497984738761564,2.8497984738761564,0.0,0.0,5.699596947752313,5.699596947752313,0.0,0.0
17031020200->17031810200,2.2810582720309918,2.2810582720309918,0.0,0.0,4.5621165440619835,4.5621165440619835,0.0,0.0
17031020200->17031010201,2.310624152688177,2.310624152688177,0.0,0.0,4.621248305376354,4.621248305376354,0.0,0.0
17031020200->17031808002,2.7549427484834155,2.7549427484834155,0.0,0.0,5.509885496966831,5.509885496966831,0.0,0.0
17031020200->17031807600,2.6415775808893005,2.6415775808893005,0.0,0.0,5.283155161778601,5.283155161778601,0.0,0.0
17031750200->17031720700,0.9093990700262969,0.9093990700262969,0.0,0.0,1.8187981400525939,1.8187981400525939,0.0,0.0
17031750200->17031730700,1.5235169399765305,1.5235169399765305,0.0,0.0,3.047033879953061,3.047033879953061,0.0,0.0
17031750200->17031720600,1.5404500091202635,1.5404500091202635,0.0,0.0,3.080900018240527,3.080900018240527,0.0,0.0
17031750200->17031750500,2.0719188109008786,2.0719188109008786,0.0,0.0,4.143837621801757,4.143837621801757,0.0,0.0
17031750200->17031750600,2.11013852739178,2.11013852739178,0.0,0.0,4.22027705478356,4.22027705478356,0.0,0.0
17031750200->17031720200,2.6339877781928616,2.6339877781928616,0.0,0.0,5.267975556385723,5.267975556385723,0.0,0.0
17031750200->17031750400,2.414550059457429,2.414550059457429,0.0,0.0,4.829100118914858,4.829100118914858,0.0,0.0
17031750200->17031720400,2.63383758630064,2.63383758630064,0.0,0.0,5.26767517260128,5.26767517260128,0.0,0.0
17031750200->17031720300,2.9105945249119296,2.9105945249119296,0.0,0.0,5.821189049823859,5.821189049823859,0.0,0.0
17031750200->17031720500,2.433573615315197,2.433573615315197,0.0,0.0,4.867147230630394,4.867147230630394,0.0,0.0
17031750200->17031821200,4.787935237171909,4.787935237171909,0.0,0.0,9.575870474343818,9.575870474343818,0.0,0.0
17031720700->17031720600,1.3244788285428712,1.3244788285428712,0.0,0.0,2.6489576570857425,2.6489576570857425,0.0,0.0
17031720700->17031720200,1.7853174556034679,1.7853174556034679,0.0,0.0,3.5706349112069358,3.5706349112069358,0.0,0.0
17031720700->17031720400,1.8688973976629113,1.8688973976629113,0.0,0.0,3.7377947953258226,3.7377947953258226,0.0,0.0
17031720700->17031720300,2.048668637655142,2.048668637655142,0.0,0.0,4.097337275310284,4.097337275310284,0.0,0.0
17031720700->17031730700,1.755641913483659,1.755641913483659,0.0,0.0,3.511283826967318,3.511283826967318,0.0,0.0
17031720700->17031720100,2.8654742171983347,2.8654742171983347,0.0,0.0,5.7309484343966695,5.7309484343966695,0.0,0.0
17031720700->17031720500,2.234819605933674,2.234819605933674,0.0,0.0,4.469639211867348,4.469639211867348,0.0,0.0
17031720700->17031750400,2.9559786037513414,2.9559786037513414,0.0,0.0,5.911957207502683,5.911957207502683,0.0,0.0
17031720700->17031750500,2.9813166841368908,2.9813166841368908,0.0,0.0,5.9626333682737815,5.9626333682737815,0.0,0.0
17031720700->17031750600,2.9106396294955,2.9106396294955,0.0,0.0,5.821279258991,5.821279258991,0.0,0.0
17031310800->17031310700,0.5434764714314544,0.5434764714314544,0.0,0.0,1.0869529428629088,1.0869529428629088,0.0,0.0
17031310800->17031310900,0.6518957508985008,0.6518957508985008,0.0,0.0,1.3037915017970017,1.3037915017970017,0.0,0.0
17031310800->17031842900,1.2539851529982955,1.2539851529982955,0.0,0.0,2.507970305996591,2.507970305996591,0.0,0.0
17031310800->17031310600,1.0718171126418585,1.0718171126418585,0.0,0.0,2.143634225283717,2.143634225283717,0.0,0.0
17031310800->17031841200,1.3720534926606116,1.3720534926606116,0.0,0.0,2.744106985321223,2.744106985321223,0.0,0.0
17031310800->17031283100,2.099627909356307,2.099627909356307,0.0,0.0,4.199255818712614,4.199255818712614,0.0,0.0
17031310800->17031310500,1.7014881277323068,1.7014881277323068,0.0,0.0,3.4029762554646137,3.4029762554646137,0.0,0.0
17031310800->17031838200,2.309197932984578,2.309197932984578,0.0,0.0,4.618395865969156,4.618395865969156,0.0,0.0
17031310800->17031283200,2.22782546946373,2.22782546946373,0.0,0.0,4.45565093892746,4.45565093892746,0.0,0.0
17031310800->17031600700,2.4920082829244317,2.4920082829244317,0.0,0.0,4.984016565848863,4.984016565848863,0.0,0.0
17031283100->17031283200,0.5374747380157769,0.5374747380157769,0.0,0.0,1.0749494760315539,1.0749494760315539,0.0,0.0
17031283100->17031832900,0.7410494935559004,0.7410494935559004,0.0,0.0,1.4820989871118009,1.4820989871118009,0.0,0.0
17031283100->17031842900,0.9588337777094714,0.9588337777094714,0.0,0.0,1.9176675554189428,1.9176675554189428,0.0,0.0
17031283100->17031833300,1.2135378190183992,1.2135378190183992,0.0,0.0,2.4270756380367984,2.4270756380367984,0.0,0.0
17031283100->17031283800,1.3003449227566006,1.3003449227566006,0.0,0.0,2.6006898455132013,2.6006898455132013,0.0,0.0
17031283100->17031838200,1.2751347713891081,1.2751347713891081,0.0,0.0,2.5502695427782163,2.5502695427782163,0.0,0.0
17031283100->17031838100,1.6232143353569766,1.6232143353569766,0.0,0.0,3.246428670713953,3.246428670713953,0.0,0.0
17031283100->17031310600,1.9662646058270525,1.9662646058270525,0.0,0.0,3.9325292116541046,3.9325292116541046,0.0,0.0
17031283100->17031310900,2.2896977692870646,2.2896977692870646,0.0,0.0,4.579395538574129,4.579395538574129,0.0,0.0
17031283100->17031310700,2.301315263756886,2.301315263756886,0.0,0.0,4.602630527513772,4.602630527513772,0.0,0.0
17031241300->17031241200,0.69891609327634,0.69891609327634,0.0,0.0,1.39783218655268,1.39783218655268,0.0,0.0
17031241300->17031242300,0.8040786623054431,0.8040786623054431,0.0,0.0,1.6081573246108862,1.6081573246108862,0.0,0.0
17031241300->17031241400,0.7408557334313312,0.7408557334313312,0.0,0.0,1.4817114668626623,1.4817114668626623,0.0,0.0
17031241300->17031242400,1.0216833652215445,1.0216833652215445,0.0,0.0,2.043366730443089,2.043366730443089,0.0,0.0
17031241300->17031831000,1.1610162266753161,1.1610162266753161,0.0,0.0,2.3220324533506322,2.3220324533506322,0.0,0.0
17031241300->17031240500,1.1521844206983227,1.1521844206983227,0.0,0.0,2.3043688413966454,2.3043688413966454,0.0,0.0
17031241300->17031241100,0.9228665540129889,0.9228665540129889,0.0,0.0,1.8457331080259778,1.8457331080259778,0.0,0.0
17031241300->17031242200,1.04580757383334,1.04580757383334,0.0,0.0,2.09161514766668,2.09161514766668,0.0,0.0
17031241300->17031240300,1.3248808884005348,1.3248808884005348,0.0,0.0,2.6497617768010695,2.6497617768010695,0.0,0.0
17031241300->17031242500,1.2405705738018142,1.2405705738018142,0.0,0.0,2.4811411476036285,2.4811411476036285,0.0,0.0
17031241300->17031241500,1.243988122507528,1.243988122507528,0.0,0.0,2.487976245015056,2.487976245015056,0.0,0.0
17031241300->17031241600,1.7245449130949981,1.7245449130949981,0.0,0.0,3.4490898261899963,3.4490898261899963,0.0,0.0
17031241300->17031242900,1.9227476972122266,1.9227476972122266,0.0,0.0,3.8454953944244537,3.8454953944244537,0.0,0.0
17031240300->17031831000,0.3982414725735478,0.3982414725735478,0.0,0.0,0.7964829451470956,0.7964829451470956,0.0,0.0
17031240300->17031241500,0.5778879283658571,0.5778879283658571,0.0,0.0,1.1557758567317142,1.1557758567317142,0.0,0.0
17031240300->17031240200,0.6030505636307346,0.6030505636307346,0.0,0.0,1.2061011272614692,1.2061011272614692,0.0,0.0
17031240300->17031241400,0.9994009197376651,0.9994009197376651,0.0,0.0,1.99880183947533,1.99880183947533,0.0,0.0
17031240300->17031832200,0.9914154245066432,0.9914154245066432,0.0,0.0,1.9828308490132864,1.9828308490132864,0.0,0.0
17031240300->17031240500,1.0525416096497298,1.0525416096497298,0.0,0.0,2.1050832192994595,2.1050832192994595,0.0,0.0
17031240300->17031241600,1.2562918318808207,1.2562918318808207,0.0,0.0,2.5125836637616414,2.5125836637616414,0.0,0.0
17031240300->17031222200,1.347568743586035,1.347568743586035,0.0,0.0,2.69513748717207,2.69513748717207,0.0,0.0
17031221600->17031222200,0.6844423482593459,0.6844423482593459,0.0,0.0,1.3688846965186918,1.3688846965186918,0.0,0.0
17031221600->17031832200,0.8905464881689917,0.8905464881689917,0.0,0.0,1.7810929763379835,1.7810929763379835,0.0,0.0
17031221600->17031832400,0.9665523676608769,0.9665523676608769,0.0,0.0,1.9331047353217539,1.9331047353217539,0.0,0.0
17031221600->17031240500,1.352974787712295,1.352974787712295,0.0,0.0,2.70594957542459,2.70594957542459,0.0,0.0
17031221600->17031240600,1.3286767277330995,1.3286767277330995,0.0,0.0,2.657353455466199,2.657353455466199,0.0,0.0
17031221600->17031221400,1.0906887178607974,1.0906887178607974,0.0,0.0,2.1813774357215947,2.1813774357215947,0.0,0.0
17031221600->17031831000,1.5054481828733628,1.5054481828733628,0.0,0.0,3.0108963657467256,3.0108963657467256,0.0,0.0
17031221600->17031220300,1.7320969226070713,1.7320969226070713,0.0,0.0,3.4641938452141425,3.4641938452141425,0.0,0.0
17031051400->17031051300,0.5912853912661169,0.5912853912661169,0.0,0.0,1.1825707825322338,1.1825707825322338,0.0,0.0
17031051400->17031051100,1.1790894452500513,1.1790894452500513,0.0,0.0,2.3581788905001027,2.3581788905001027,0.0,0.0
17031051400->17031051000,1.2543470876532397,1.2543470876532397,0.0,0.0,2.5086941753064793,2.5086941753064793,0.0,0.0
17031051400->17031050800,1.464974609612101,1.464974609612101,0.0,0.0,2.929949219224202,2.929949219224202,0.0,0.0
17031051400->17031051200,1.4060535377970929,1.4060535377970929,0.0,0.0,2.8121070755941857,2.8121070755941857,0.0,0.0
17031051400->17031050900,1.8217904560273346,1.8217904560273346,0.0,0.0,3.643580912054669,3.643580912054669,0.0,0.0
17031051400->17031210900,1.5230523300010657,1.5230523300010657,0.0,0.0,3.0461046600021313,3.0461046600021313,0.0,0.0
17031030400->17031030500,0.9570409253380995,0.9570409253380995,0.0,0.0,1.9140818506761987,1.9140818506761987,0.0,0.0
17031030400->17031030300,1.497861663835302,1.497861663835302,0.0,0.0,2.995723327670604,2.995723327670604,0.0,0.0
17031030400->17031040100,1.369430029387208,1.369430029387208,0.0,0.0,2.738860058774416,2.738860058774416,0.0,0.0
17031030400->17031020902,1.528356413702781,1.528356413702781,0.0,0.0,3.056712827405562,3.056712827405562,0.0,0.0
17031030400->17031031000,2.1801329504590368,2.1801329504590368,0.0,0.0,4.3602659009180735,4.3602659009180735,0.0,0.0
17031030400->17031030200,2.1031987245287644,2.1031987245287644,0.0,0.0,4.206397449057529,4.206397449057529,0.0,0.0
17031030400->17031030603,1.7368885505402631,1.7368885505402631,0.0,0.0,3.4737771010805263,3.4737771010805263,0.0,0.0
17031030400->17031040402,2.2908069866574063,2.2908069866574063,0.0,0.0,4.581613973314813,4.581613973314813,0.0,0.0
17031710800->17031710700,0.598507659649113,0.598507659649113,0.0,0.0,1.197015319298226,1.197015319298226,0.0,0.0
17031710800->17031710100,1.0081832299174505,1.0081832299174505,0.0,0.0,2.016366459834901,2.016366459834901,0.0,0.0
17031710800->17031710200,1.1254091828559134,1.1254091828559134,0.0,0.0,2.250818365711827,2.250818365711827,0.0,0.0
17031710800->17031711000,1.5890594985166138,1.5890594985166138,0.0,0.0,3.1781189970332275,3.1781189970332275,0.0,0.0
17031710800->17031710600,1.234377298351464,1.234377298351464,0.0,0.0,2.468754596702928,2.468754596702928,0.0,0.0
17031710800->17031681400,1.8416426008851128,1.8416426008851128,0.0,0.0,3.6832852017702256,3.6832852017702256,0.0,0.0
17031710800->17031671800,1.933211963204939,1.933211963204939,0.0,0.0,3.8664239264098783,3.8664239264098783,0.0,0.0
17031710800->17031711100,1.8015673825061875,1.8015673825061875,0.0,0.0,3.603134765012375,3.603134765012375,0.0,0.0
17031710800->17031710900,1.8734923827174885,1.8734923827174885,0.0,0.0,3.746984765434977,3.746984765434977,0.0,0.0
17031710800->17031681300,2.185870645617395,2.185870645617395,0.0,0.0,4.37174129123479,4.37174129123479,0.0,0.0
17031650100->17031650302,0.6115483466094646,0.6115483466094646,0.0,0.0,1.223096693218929,1.223096693218929,0.0,0.0
17031650100->17031660400,1.1904821493903404,1.1904821493903404,0.0,0.0,2.3809642987806807,2.3809642987806807,0.0,0.0
17031650100->17031650400,1.7134673834054472,1.7134673834054472,0.0,0.0,3.4269347668108945,3.4269347668108945,0.0,0.0
17031650100->17031650200,1.4870423861740518,1.4870423861740518,0.0,0.0,2.9740847723481036,2.9740847723481036,0.0,0.0
17031650100->17031620400,2.219299077199802,2.219299077199802,0.0,0.0,4.438598154399604,4.438598154399604,0.0,0.0
17031650100->17031660302,1.9041049553006795,1.9041049553006795,0.0,0.0,3.8082099106013585,3.8082099106013585,0.0,0.0
17031650100->17031620100,2.8933330118874863,2.8933330118874863,0.0,0.0,5.7866660237749725,5.7866660237749725,0.0,0.0
17031071200->17031071100,0.4523995952932096,0.4523995952932096,0.0,0.0,0.9047991905864192,0.9047991905864192,0.0,0.0
17031071200->17031071300,0.562212571470524,0.562212571470524,0.0,0.0,1.124425142941048,1.124425142941048,0.0,0.0
17031071200->17031071800,1.009838888439058,1.009838888439058,0.0,0.0,2.019677776878116,2.019677776878116,0.0,0.0
17031071200->17031070103,0.9059971719057078,0.9059971719057078,0.0,0.0,1.8119943438114157,1.8119943438114157,0.0,0.0
17031071200->17031070300,1.0807703341276744,1.0807703341276744,0.0,0.0,2.161540668255349,2.161540668255349,0.0,0.0
17031071200->17031071600,1.0508661356903806,1.0508661356903806,0.0,0.0,2.101732271380761,2.101732271380761,0.0,0.0
17031071200->17031071000,1.029377428027734,1.029377428027734,0.0,0.0,2.058754856055468,2.058754856055468,0.0,0.0
17031071200->17031070101,1.293347761351438,1.293347761351438,0.0,0.0,2.586695522702876,2.586695522702876,0.0,0.0
17031071200->17031832600,1.3950427465255644,1.3950427465255644,0.0,0.0,2.7900854930511287,2.7900854930511287,0.0,0.0
17031071200->17031071400,1.119255593733568,1.119255593733568,0.0,0.0,2.238511187467136,2.238511187467136,0.0,0.0
17031060900->17031061901,0.7474091820391588,0.7474091820391588,0.0,0.0,1.4948183640783177,1.4948183640783177,0.0,0.0
17031060900->17031060800,0.8817467472795493,0.8817467472795493,0.0,0.0,1.7634934945590985,1.7634934945590985,0.0,0.0
17031060900->17031061902,0.9657280664901112,0.9657280664901112,0.0,0.0,1.9314561329802225,1.9314561329802225,0.0,0.0
17031060900->17031062000,1.0370070108051883,1.0370070108051883,0.0,0.0,2.0740140216103766,2.0740140216103766,0.0,0.0
17031060900->17031061000,0.8407521349515035,0.8407521349515035,0.0,0.0,1.681504269903007,1.681504269903007,0.0,0.0
17031060900->17031832000,0.93716254053915,0.93716254053915,0.0,0.0,1.8743250810783,1.8743250810783,0.0,0.0
17031060900->17031063100,1.3611500393569518,1.3611500393569518,0.0,0.0,2.7223000787139036,2.7223000787139036,0.0,0.0
17031060900->17031062100,1.2469626697620224,1.2469626697620224,0.0,0.0,2.493925339524045,2.493925339524045,0.0,0.0
17031060900->17031832100,1.2135151571726202,1.2135151571726202,0.0,0.0,2.4270303143452403,2.4270303143452403,0.0,0.0
17031060900->17031031400,1.9415291888016295,1.9415291888016295,0.0,0.0,3.8830583776032594,3.8830583776032594,0.0,0.0
17031840000->17031340500,0.8910345192735901,0.8910345192735901,0.0,0.0,1.7820690385471802,1.7820690385471802,0.0,0.0
17031840000->17031839800,0.94328209134566,0.94328209134566,0.0,0.0,1.88656418269132,1.88656418269132,0.0,0.0
17031840000->17031340600,1.07405931605502,1.07405931605502,0.0,0.0,2.14811863211004,2.14811863211004,0.0,0.0
17031840000->17031840100,1.4316564034917099,1.4316564034917099,0.0,0.0,2.8633128069834197,2.8633128069834197,0.0,0.0
17031840000->17031839900,1.2104769556944022,1.2104769556944022,0.0,0.0,2.4209539113888043,2.4209539113888043,0.0,0.0
17031840000->17031351500,1.2765743829438432,1.2765743829438432,0.0,0.0,2.5531487658876864,2.5531487658876864,0.0,0.0
17031840000->17031340300,1.7874504521314083,1.7874504521314083,0.0,0.0,3.5749009042628166,3.5749009042628166,0.0,0.0
17031840000->17031340400,1.7757187404181802,1.7757187404181802,0.0,0.0,3.5514374808363605,3.5514374808363605,0.0,0.0
17031840000->17031835500,1.9151421934372346,1.9151421934372346,0.0,0.0,3.830284386874469,3.830284386874469,0.0,0.0
17031840000->17031600900,1.8872698066542546,1.8872698066542546,0.0,0.0,3.774539613308509,3.774539613308509,0.0,0.0
17031840000->17031839700,1.7105553244006113,1.7105553244006113,0.0,0.0,3.4211106488012226,3.4211106488012226,0.0,0.0
17031320100->17031081403,0.9126310966138246,0.9126310966138246,0.0,0.0,1.8252621932276492,1.8252621932276492,0.0,0.0
17031320100->17031320400,1.1486606638147852,1.1486606638147852,0.0,0.0,2.2973213276295703,2.2973213276295703,0.0,0.0
17031320100->17031081402,1.2164200474203613,1.2164200474203613,0.0,0.0,2.4328400948407225,2.4328400948407225,0.0,0.0
17031320100->17031081500,1.2674567504084857,1.2674567504084857,0.0,0.0,2.5349135008169714,2.5349135008169714,0.0,0.0
17031320100->17031081401,1.4652755766741172,1.4652755766741172,0.0,0.0,2.9305511533482345,2.9305511533482345,0.0,0.0
17031320100->17031081600,1.2594271313876593,1.2594271313876593,0.0,0.0,2.5188542627753185,2.5188542627753185,0.0,0.0
17031320100->17031839100,1.3930779046958317,1.3930779046958317,0.0,0.0,2.7861558093916634,2.7861558093916634,0.0,0.0
17031320100->17031081700,1.5020281019178177,1.5020281019178177,0.0,0.0,3.0040562038356353,3.0040562038356353,0.0,0.0
17031320100->17031081300,2.05141760960901,2.05141760960901,0.0,0.0,4.10283521921802,4.10283521921802,0.0,0.0
17031320100->17031081201,2.129190618923177,2.129190618923177,0.0,0.0,4.258381237846354,4.258381237846354,0.0,0.0
17031320100->17031320600,2.3945076501536606,2.3945076501536606,0.0,0.0,4.789015300307321,4.789015300307321,0.0,0.0
17031320100->17031839000,2.516535694243827,2.516535694243827,0.0,0.0,5.033071388487654,5.033071388487654,0.0,0.0
17031081500->17031081600,0.3587735972406205,0.3587735972406205,0.0,0.0,0.717547194481241,0.717547194481241,0.0,0.0
17031081500->17031081403,0.7036581178579947,0.7036581178579947,0.0,0.0,1.4073162357159894,1.4073162357159894,0.0,0.0
17031081500->17031081700,0.6558723809893651,0.6558723809893651,0.0,0.0,1.3117447619787301,1.3117447619787301,0.0,0.0
17031081500->17031081201,0.9180310458289218,0.9180310458289218,0.0,0.0,1.8360620916578436,1.8360620916578436,0.0,0.0
17031081500->17031081401,0.7586205209027288,0.7586205209027288,0.0,0.0,1.5172410418054576,1.5172410418054576,0.0,0.0
17031081500->17031081300,1.1385173029007758,1.1385173029007758,0.0,0.0,2.2770346058015516,2.2770346058015516,0.0,0.0
17031081500->17031081100,1.2733786464760188,1.2733786464760188,0.0,0.0,2.5467572929520377,2.5467572929520377,0.0,0.0
17031081500->17031081000,1.2151867130158986,1.2151867130158986,0.0,0.0,2.4303734260317973,2.4303734260317973,0.0,0.0
17031081500->17031081202,1.4019552007152047,1.4019552007152047,0.0,0.0,2.8039104014304095,2.8039104014304095,0.0,0.0
17031081500->17031320400,2.1548818409789927,2.1548818409789927,0.0,0.0,4.309763681957985,4.309763681957985,0.0,0.0
17031081500->17031839100,1.9066261194040373,1.9066261194040373,0.0,0.0,3.8132522388080745,3.8132522388080745,0.0,0.0
17031081500->17031081800,1.2342568409426555,1.2342568409426555,0.0,0.0,2.468513681885311,2.468513681885311,0.0,0.0
17031081500->17031081402,1.2242807947727512,1.2242807947727512,0.0,0.0,2.4485615895455024,2.4485615895455024,0.0,0.0
17031081202->17031081201,0.5339486802702882,0.5339486802702882,0.0,0.0,1.0678973605405764,1.0678973605405764,0.0,0.0
17031081202->17031081300,0.6123795201476111,0.6123795201476111,0.0,0.0,1.2247590402952222,1.2247590402952222,0.0,0.0
17031081202->17031081100,0.5950432554629682,0.5950432554629682,0.0,0.0,1.1900865109259364,1.1900865109259364,0.0,0.0
17031081202->17031080100,1.0217389278667608,1.0217389278667608,0.0,0.0,2.0434778557335216,2.0434778557335216,0.0,0.0
17031081202->17031080202,0.9467361499955422,0.9467361499955422,0.0,0.0,1.8934722999910842,1.8934722999910842,0.0,0.0
17031081202->17031081401,1.1256996837646933,1.1256996837646933,0.0,0.0,2.2513993675293866,2.2513993675293866,0.0,0.0
17031081202->17031081000,1.0151002519737968,1.0151002519737968,0.0,0.0,2.0302005039475937,2.0302005039475937,0.0,0.0
17031081202->17031080201,1.458494637572345,1.458494637572345,0.0,0.0,2.91698927514469,2.91698927514469,0.0,0.0
17031081202->17031081403,1.6487892128165957,1.6487892128165957,0.0,0.0,3.2975784256331915,3.2975784256331915,0.0,0.0
17031081202->17031081402,1.7582139456313457,1.7582139456313457,0.0,0.0,3.5164278912626914,3.5164278912626914,0.0,0.0
17031081700->17031081600,0.32995314516729196,0.32995314516729196,0.0,0.0,0.6599062903345839,0.6599062903345839,0.0,0.0
17031081700->17031081800,0.6479819387945374,0.6479819387945374,0.0,0.0,1.2959638775890747,1.2959638775890747,0.0,0.0
17031081700->17031081000,1.225693577604051,1.225693577604051,0.0,0.0,2.451387155208102,2.451387155208102,0.0,0.0
17031081700->17031081201,1.2890107470695626,1.2890107470695626,0.0,0.0,2.5780214941391253,2.5780214941391253,0.0,0.0
17031081700->17031081100,1.4835513480913896,1.4835513480913896,0.0,0.0,2.967102696182779,2.967102696182779,0.0,0.0
17031081700->17031839100,1.5748259842390546,1.5748259842390546,0.0,0.0,3.1496519684781092,3.1496519684781092,0.0,0.0
17031081700->17031081403,1.286509071411453,1.286509071411453,0.0,0.0,2.573018142822906,2.573018142822906,0.0,0.0
17031081700->17031081900,1.4244466062562764,1.4244466062562764,0.0,0.0,2.848893212512553,2.848893212512553,0.0,0.0
17031081700->17031081401,1.4121983944388805,1.4121983944388805,0.0,0.0,2.824396788877761,2.824396788877761,0.0,0.0
17031081700->17031320400,2.05048149080146,2.05048149080146,0.0,0.0,4.10096298160292,4.10096298160292,0.0,0.0
17031081700->17031081402,1.8428515278553748,1.8428515278553748,0.0,0.0,3.6857030557107495,3.6857030557107495,0.0,0.0
17031500300->17031490901,1.413227107121481,1.413227107121481,0.0,0.0,2.826454214242962,2.826454214242962,0.0,0.0
17031500300->17031491400,1.6011735125976676,1.6011735125976676,0.0,0.0,3.202347025195335,3.202347025195335,0.0,0.0
17031500300->17031491300,1.944084366650288,1.944084366650288,0.0,0.0,3.8881687333005757,3.8881687333005757,0.0,0.0
17031500300->17031530600,2.5057613394916425,2.5057613394916425,0.0,0.0,5.011522678983285,5.011522678983285,0.0,0.0
17031500300->17031490902,2.701799546356655,2.701799546356655,0.0,0.0,5.40359909271331,5.40359909271331,0.0,0.0
17031500300->17031490800,3.0599292308067865,3.0599292308067865,0.0,0.0,6.119858461613573,6.119858461613573,0.0,0.0
17031500300->17031491000,2.691971418744572,2.691971418744572,0.0,0.0,5.383942837489144,5.383942837489144,0.0,0.0
17031500300->17031540102,3.354831127859889,3.354831127859889,0.0,0.0,6.709662255719778,6.709662255719778,0.0,0.0
17031430500->17031430200,0.7288246918067961,0.7288246918067961,0.0,0.0,1.4576493836135922,1.4576493836135922,0.0,0.0
17031430500->17031430900,1.0609729755976958,1.0609729755976958,0.0,0.0,2.1219459511953915,2.1219459511953915,0.0,0.0
17031430500->17031430300,1.2035656500205585,1.2035656500205585,0.0,0.0,2.407131300041117,2.407131300041117,0.0,0.0
17031430500->17031843900,1.4975266731905685,1.4975266731905685,0.0,0.0,2.995053346381137,2.995053346381137,0.0,0.0
17031430500->17031430101,1.6046928605566577,1.6046928605566577,0.0,0.0,3.2093857211133154,3.2093857211133154,0.0,0.0
17031430500->17031430800,1.5540104005441377,1.5540104005441377,0.0,0.0,3.1080208010882755,3.1080208010882755,0.0,0.0
17031430500->17031841800,1.6555332039168948,1.6555332039168948,0.0,0.0,3.3110664078337897,3.3110664078337897,0.0,0.0
17031430500->17031430102,1.7241343185892788,1.7241343185892788,0.0,0.0,3.4482686371785576,3.4482686371785576,0.0,0.0
17031430500->17031460500,2.5515193191894245,2.5515193191894245,0.0,0.0,5.103038638378849,5.103038638378849,0.0,0.0
17031320600->17031839000,0.5309792536523326,0.5309792536523326,0.0,0.0,1.0619585073046651,1.0619585073046651,0.0,0.0
17031320600->17031320400,1.3095324586454358,1.3095324586454358,0.0,0.0,2.6190649172908715,2.6190649172908715,0.0,0.0
17031320600->17031839100,1.8084328558707103,1.8084328558707103,0.0,0.0,3.6168657117414207,3.6168657117414207,0.0,0.0
17031320600->17031841100,2.8670687060507634,2.8670687060507634,0.0,0.0,5.734137412101527,5.734137412101527,0.0,0.0
17031320600->17031841000,3.2264948580353154,3.2264948580353154,0.0,0.0,6.452989716070631,6.452989716070631,0.0,0.0
17031080300->17031080202,0.6957980724329497,0.6957980724329497,0.0,0.0,1.3915961448658993,1.3915961448658993,0.0,0.0
17031080300->17031080201,0.7285767852387992,0.7285767852387992,0.0,0.0,1.4571535704775984,1.4571535704775984,0.0,0.0
17031080300->17031838300,0.9118060542590348,0.9118060542590348,0.0,0.0,1.8236121085180697,1.8236121085180697,0.0,0.0
17031080300->17031071500,0.9740790182802931,0.9740790182802931,0.0,0.0,1.9481580365605862,1.9481580365605862,0.0,0.0
17031080300->17031071700,0.9423244659512084,0.9423244659512084,0.0,0.0,1.8846489319024171,1.8846489319024171,0.0,0.0
17031080300->17031081000,1.3201014792851482,1.3201014792851482,0.0,0.0,2.6402029585702964,2.6402029585702964,0.0,0.0
17031080300->17031080100,1.0354137608280805,1.0354137608280805,0.0,0.0,2.070827521656161,2.070827521656161,0.0,0.0
17031080300->17031081100,1.2876082222989809,1.2876082222989809,0.0,0.0,2.5752164445979617,2.5752164445979617,0.0,0.0
17031080300->17031071600,1.58347591620138,1.58347591620138,0.0,0.0,3.16695183240276,3.16695183240276,0.0,0.0
17031080300->17031081900,1.785359555474594,1.785359555474594,0.0,0.0,3.570719110949188,3.570719110949188,0.0,0.0
17031030200->17031010503,0.5304376662583318,0.5304376662583318,0.0,0.0,1.0608753325166635,1.0608753325166635,0.0,0.0
17031030200->17031030104,0.6823375951620405,0.6823375951620405,0.0,0.0,1.364675190324081,1.364675190324081,0.0,0.0
17031030200->17031030103,0.7769906365521713,0.7769906365521713,0.0,0.0,1.5539812731043425,1.5539812731043425,0.0,0.0
17031030200->17031010400,0.9375869178163406,0.9375869178163406,0.0,0.0,1.875173835632681,1.875173835632681,0.0,0.0
17031030200->17031010502,1.0937211879621385,1.0937211879621385,0.0,0.0,2.187442375924277,2.187442375924277,0.0,0.0
17031030200->17031030102,1.137342430072744,1.137342430072744,0.0,0.0,2.274684860145488,2.274684860145488,0.0,0.0
17031030200->17031030300,1.123431983557486,1.123431983557486,0.0,0.0,2.246863967114972,2.246863967114972,0.0,0.0
17031030200->17031830600,1.3058204985012105,1.3058204985012105,0.0,0.0,2.611640997002421,2.611640997002421,0.0,0.0
17031030200->17031010501,1.6220326720232392,1.6220326720232392,0.0,0.0,3.2440653440464784,3.2440653440464784,0.0,0.0
17031030200->17031020902,1.6054081678985865,1.6054081678985865,0.0,0.0,3.210816335797173,3.210816335797173,0.0,0.0
17031839000->17031320400,1.3690210648484797,1.3690210648484797,0.0,0.0,2.7380421296969595,2.7380421296969595,0.0,0.0
17031839000->17031839100,1.6264243408244665,1.6264243408244665,0.0,0.0,3.252848681648933,3.252848681648933,0.0,0.0
17031839000->17031841100,2.7684723080661846,2.7684723080661846,0.0,0.0,5.536944616132369,5.536944616132369,0.0,0.0
17031150401->17031110400,0.5965012038092545,0.5965012038092545,0.0,0.0,1.193002407618509,1.193002407618509,0.0,0.0
17031150401->17031150501,1.06236674119049,1.06236674119049,0.0,0.0,2.12473348238098,2.12473348238098,0.0,0.0
17031150401->17031110200,1.6494191833357001,1.6494191833357001,0.0,0.0,3.2988383666714003,3.2988383666714003,0.0,0.0
17031150401->17031110300,1.6483774010668162,1.6483774010668162,0.0,0.0,3.2967548021336324,3.2967548021336324,0.0,0.0
17031150401->17031110501,1.915965179291189,1.915965179291189,0.0,0.0,3.8319303585823774,3.8319303585823774,0.0,0.0
17031150401->17031150402,2.257724285710826,2.257724285710826,0.0,0.0,4.515448571421652,4.515448571421652,0.0,0.0
17031150401->17031150600,2.695557854937593,2.695557854937593,0.0,0.0,5.391115709875186,5.391115709875186,0.0,0.0
17031150401->17031150502,2.6094425637276304,2.6094425637276304,0.0,0.0,5.218885127455261,5.218885127455261,0.0,0.0
17031150401->17031120400,2.2603432861546846,2.2603432861546846,0.0,0.0,4.520686572309369,4.520686572309369,0.0,0.0
17031150401->17031170200,3.0251125169494975,3.0251125169494975,0.0,0.0,6.050225033898995,6.050225033898995,0.0,0.0
17031320400->17031839100,0.7934638284739415,0.7934638284739415,0.0,0.0,1.586927656947883,1.586927656947883,0.0,0.0
17031320400->17031081600,1.9715532014495851,1.9715532014495851,0.0,0.0,3.9431064028991702,3.9431064028991702,0.0,0.0
17031320400->17031081403,2.027127998642175,2.027127998642175,0.0,0.0,4.05425599728435,4.05425599728435,0.0,0.0
17031320400->17031081402,2.362677095893685,2.362677095893685,0.0,0.0,4.72535419178737,4.72535419178737,0.0,0.0
17031320400->17031081401,2.563682071931436,2.563682071931436,0.0,0.0,5.127364143862872,5.127364143862872,0.0,0.0
17031460700->17031460600,0.9110850549991627,0.9110850549991627,0.0,0.0,1.8221701099983254,1.8221701099983254,0.0,0.0
17031460700->17031460200,1.0493597433577309,1.0493597433577309,0.0,0.0,2.0987194867154617,2.0987194867154617,0.0,0.0
17031460700->17031460100,1.70723558209514,1.70723558209514,0.0,0.0,3.41447116419028,3.41447116419028,0.0,0.0
17031460700->17031480500,1.6864546641484266,1.6864546641484266,0.0,0.0,3.372909328296853,3.372909328296853,0.0,0.0
17031460700->17031431301,2.9793514373101253,2.9793514373101253,0.0,0.0,5.958702874620251,5.958702874620251,0.0,0.0
17031630800->17031630300,0.5149012851621543,0.5149012851621543,0.0,0.0,1.0298025703243086,1.0298025703243086,0.0,0.0
17031630800->17031660302,0.8003706672125973,0.8003706672125973,0.0,0.0,1.6007413344251946,1.6007413344251946,0.0,0.0
17031630800->17031630400,0.7335962622709117,0.7335962622709117,0.0,0.0,1.4671925245418234,1.4671925245418234,0.0,0.0
17031630800->17031660400,1.3486029933167438,1.3486029933167438,0.0,0.0,2.6972059866334877,2.6972059866334877,0.0,0.0
17031630800->17031620400,1.3255151662571987,1.3255151662571987,0.0,0.0,2.6510303325143973,2.6510303325143973,0.0,0.0
17031630800->17031660301,1.7208816936873819,1.7208816936873819,0.0,0.0,3.4417633873747637,3.4417633873747637,0.0,0.0
17031630800->17031630200,2.1914651119783417,2.1914651119783417,0.0,0.0,4.382930223956683,4.382930223956683,0.0,0.0
17031630800->17031630500,1.9759647874469568,1.9759647874469568,0.0,0.0,3.9519295748939136,3.9519295748939136,0.0,0.0
17031600900->17031839700,0.5954906104431981,0.5954906104431981,0.0,0.0,1.1909812208863961,1.1909812208863961,0.0,0.0
17031600900->17031600600,0.7190926610562992,0.7190926610562992,0.0,0.0,1.4381853221125984,1.4381853221125984,0.0,0.0
17031600900->17031839800,1.072938318294167,1.072938318294167,0.0,0.0,2.145876636588334,2.145876636588334,0.0,0.0
17031600900->17031840200,1.4262178398228451,1.4262178398228451,0.0,0.0,2.8524356796456902,2.8524356796456902,0.0,0.0
17031600900->17031600700,1.3128802803231436,1.3128802803231436,0.0,0.0,2.6257605606462873,2.6257605606462873,0.0,0.0
17031600900->17031839900,1.5352614913247948,1.5352614913247948,0.0,0.0,3.0705229826495897,3.0705229826495897,0.0,0.0
17031600900->17031840100,1.861705112270678,1.861705112270678,0.0,0.0,3.723410224541356,3.723410224541356,0.0,0.0
17031840300->17031580100,1.097715189820322,1.097715189820322,0.0,0.0,2.195430379640644,2.195430379640644,0.0,0.0
17031840300->17031580700,1.6749096938136367,1.6749096938136367,0.0,0.0,3.3498193876272735,3.3498193876272735,0.0,0.0
17031840300->17031590600,1.7009816544705385,1.7009816544705385,0.0,0.0,3.401963308941077,3.401963308941077,0.0,0.0
17031840300->17031580200,1.8827198864871726,1.8827198864871726,0.0,0.0,3.7654397729743447,3.7654397729743447,0.0,0.0
17031840300->17031590700,1.9856052288247092,1.9856052288247092,0.0,0.0,3.9712104576494185,3.9712104576494185,0.0,0.0
17031840300->17031301100,2.677071798111848,2.677071798111848,0.0,0.0,5.354143596223696,5.354143596223696,0.0,0.0
17031100300->17031100600,1.6976813626393132,1.6976813626393132,0.0,0.0,3.3953627252786265,3.3953627252786265,0.0,0.0
17031100300->17031100100,2.0411121036756876,2.0411121036756876,0.0,0.0,4.082224207351375,4.082224207351375,0.0,0.0
17031100300->17031090300,1.4216717178728722,1.4216717178728722,0.0,0.0,2.8433434357457443,2.8433434357457443,0.0,0.0
17031100300->17031100700,2.7191962219162233,2.7191962219162233,0.0,0.0,5.438392443832447,5.438392443832447,0.0,0.0
17031100300->17031100400,2.250885526040232,2.250885526040232,0.0,0.0,4.501771052080464,4.501771052080464,0.0,0.0
17031100300->17031770901,3.13767715363055,3.13767715363055,0.0,0.0,6.2753543072611,6.2753543072611,0.0,0.0
17031100300->17031100500,2.738136163982504,2.738136163982504,0.0,0.0,5.476272327965008,5.476272327965008,0.0,0.0
17031100300->17031110300,3.1112517677569955,3.1112517677569955,0.0,0.0,6.222503535513991,6.222503535513991,0.0,0.0
17031100300->17031120100,4.131204173097156,4.131204173097156,0.0,0.0,8.262408346194311,8.262408346194311,0.0,0.0
17031100300->17031090100,4.789682602851215,4.789682602851215,0.0,0.0,9.57936520570243,9.57936520570243,0.0,0.0
17031100300->17031808100,4.698165691762901,4.698165691762901,0.0,0.0,9.396331383525801,9.396331383525801,0.0,0.0
17031250500->17031812200,1.1223804061711786,1.1223804061711786,0.0,0.0,2.2447608123423572,2.2447608123423572,0.0,0.0
17031250500->17031250400,1.3825130097381533,1.3825130097381533,0.0,0.0,2.7650260194763066,2.7650260194763066,0.0,0.0
17031250500->17031812100,1.9829547012942486,1.9829547012942486,0.0,0.0,3.9659094025884976,3.9659094025884976,0.0,0.0
17031250500->17031191301,2.0813549000895333,2.0813549000895333,0.0,0.0,4.1627098001790666,4.1627098001790666,0.0,0.0
17031250500->17031812400,2.5378786232743344,2.5378786232743344,0.0,0.0,5.075757246548669,5.075757246548669,0.0,0.0
17031250500->17031190601,2.6086407968110645,2.6086407968110645,0.0,0.0,5.217281593622129,5.217281593622129,0.0,0.0
17031250500->17031810900,2.3071932780651805,2.3071932780651805,0.0,0.0,4.614386556130361,4.614386556130361,0.0,0.0
17031250500->17031180100,3.173060429272912,3.173060429272912,0.0,0.0,6.346120858545824,6.346120858545824,0.0,0.0
17031833000->17031243500,1.201852657997691,1.201852657997691,0.0,0.0,2.403705315995382,2.403705315995382,0.0,0.0
17031833000->17031243400,1.378855361002592,1.378855361002592,0.0,0.0,2.757710722005184,2.757710722005184,0.0,0.0
17031833000->17031243300,1.6774866023276453,1.6774866023276453,0.0,0.0,3.3549732046552907,3.3549732046552907,0.0,0.0
17031833000->17031832900,1.8590264595604664,1.8590264595604664,0.0,0.0,3.718052919120933,3.718052919120933,0.0,0.0
17031833000->17031833300,2.160646343054678,2.160646343054678,0.0,0.0,4.321292686109356,4.321292686109356,0.0,0.0
17031833000->17031838100,1.9794193486854783,1.9794193486854783,0.0,0.0,3.9588386973709566,3.9588386973709566,0.0,0.0
17031833000->17031283200,2.5135131559224515,2.5135131559224515,0.0,0.0,5.027026311844903,5.027026311844903,0.0,0.0
17031839100->17031081600,1.6202045529367055,1.6202045529367055,0.0,0.0,3.240409105873411,3.240409105873411,0.0,0.0
17031839100->17031081800,1.8705304978003499,1.8705304978003499,0.0,0.0,3.7410609956006997,3.7410609956006997,0.0,0.0
17031081600->17031081201,1.1649970879605247,1.1649970879605247,0.0,0.0,2.3299941759210494,2.3299941759210494,0.0,0.0
17031081600->17031081403,0.9566249849838583,0.9566249849838583,0.0,0.0,1.9132499699677166,1.9132499699677166,0.0,0.0
17031081600->17031081800,0.96587895199628,0.96587895199628,0.0,0.0,1.93175790399256,1.93175790399256,0.0,0.0
17031081600->17031081000,1.2808637120457604,1.2808637120457604,0.0,0.0,2.561727424091521,2.561727424091521,0.0,0.0
17031081600->17031081401,1.1133308369058164,1.1133308369058164,0.0,0.0,2.2266616738116327,2.2266616738116327,0.0,0.0
17031081600->17031081100,1.4472727096160662,1.4472727096160662,0.0,0.0,2.8945454192321325,2.8945454192321325,0.0,0.0
17031081600->17031081300,1.4846574262192684,1.4846574262192684,0.0,0.0,2.969314852438537,2.969314852438537,0.0,0.0
17031081600->17031081402,1.5134041749422462,1.5134041749422462,0.0,0.0,3.0268083498844924,3.0268083498844924,0.0,0.0
17031081403->17031081401,0.553638940015099,0.553638940015099,0.0,0.0,1.107277880030198,1.107277880030198,0.0,0.0
17031081403->17031081402,0.5660546425501719,0.5660546425501719,0.0,0.0,1.1321092851003438,1.1321092851003438,0.0,0.0
17031081403->17031081300,1.141270306217384,1.141270306217384,0.0,0.0,2.282540612434768,2.282540612434768,0.0,0.0
17031081403->17031081201,1.3255024160136823,1.3255024160136823,0.0,0.0,2.6510048320273647,2.6510048320273647,0.0,0.0
17031081403->17031081100,1.7557888114692195,1.7557888114692195,0.0,0.0,3.511577622938439,3.511577622938439,0.0,0.0
17031842000->17031839500,0.7190260895397406,0.7190260895397406,0.0,0.0,1.4380521790794811,1.4380521790794811,0.0,0.0
17031842000->17031340500,0.9744377506765121,0.9744377506765121,0.0,0.0,1.9488755013530243,1.9488755013530243,0.0,0.0
17031842000->17031351500,0.8878664734822147,0.8878664734822147,0.0,0.0,1.7757329469644294,1.7757329469644294,0.0,0.0
17031842000->17031350400,1.077105466936381,1.077105466936381,0.0,0.0,2.154210933872762,2.154210933872762,0.0,0.0
17031842000->17031351400,1.275147988207792,1.275147988207792,0.0,0.0,2.550295976415584,2.550295976415584,0.0,0.0
17031842000->17031839200,1.2889989039067529,1.2889989039067529,0.0,0.0,2.5779978078135057,2.5779978078135057,0.0,0.0
17031842000->17031340400,1.231564600875914,1.231564600875914,0.0,0.0,2.463129201751828,2.463129201751828,0.0,0.0
17031842000->17031839600,1.3560103673498816,1.3560103673498816,0.0,0.0,2.712020734699763,2.712020734699763,0.0,0.0
17031842000->17031340600,1.666052880723273,1.666052880723273,0.0,0.0,3.332105761446546,3.332105761446546,0.0,0.0
17031842000->17031340300,1.5709598079809577,1.5709598079809577,0.0,0.0,3.1419196159619154,3.1419196159619154,0.0,0.0
17031842000->17031841000,2.45433535525306,2.45433535525306,0.0,0.0,4.90867071050612,4.90867071050612,0.0,0.0
17031842000->17031351000,1.5781330745229147,1.5781330745229147,0.0,0.0,3.1562661490458295,3.1562661490458295,0.0,0.0
17031842000->17031350100,1.5758192529947561,1.5758192529947561,0.0,0.0,3.1516385059895122,3.1516385059895122,0.0,0.0
17031842000->17031840100,1.5131149620718656,1.5131149620718656,0.0,0.0,3.026229924143731,3.026229924143731,0.0,0.0
17031070300->17031070400,0.6724951436571438,0.6724951436571438,0.0,0.0,1.3449902873142876,1.3449902873142876,0.0,0.0
17031070300->17031071100,1.099916045510129,1.099916045510129,0.0,0.0,2.199832091020258,2.199832091020258,0.0,0.0
17031070300->17031071000,0.9925171296985692,0.9925171296985692,0.0,0.0,1.9850342593971384,1.9850342593971384,0.0,0.0
17031070300->17031063400,1.1686472216050316,1.1686472216050316,0.0,0.0,2.3372944432100633,2.3372944432100633,0.0,0.0
17031070300->17031063000,1.2777037717279343,1.2777037717279343,0.0,0.0,2.5554075434558685,2.5554075434558685,0.0,0.0
17031070300->17031070102,1.0172173979041643,1.0172173979041643,0.0,0.0,2.0344347958083286,2.0344347958083286,0.0,0.0
17031070300->17031070103,1.0971609353975669,1.0971609353975669,0.0,0.0,2.1943218707951337,2.1943218707951337,0.0,0.0
17031070300->17031063301,1.3759331377638733,1.3759331377638733,0.0,0.0,2.7518662755277465,2.7518662755277465,0.0,0.0
17031070300->17031070500,1.2759748256948864,1.2759748256948864,0.0,0.0,2.551949651389773,2.551949651389773,0.0,0.0
17031081401->17031081300,0.5879158565110514,0.5879158565110514,0.0,0.0,1.1758317130221028,1.1758317130221028,0.0,0.0
17031081401->17031081402,0.688954882733522,0.688954882733522,0.0,0.0,1.377909765467044,1.377909765467044,0.0,0.0
17031081401->17031081201,0.9063465441724603,0.9063465441724603,0.0,0.0,1.8126930883449206,1.8126930883449206,0.0,0.0
17031081401->17031081100,1.3439248681993774,1.3439248681993774,0.0,0.0,2.687849736398755,2.687849736398755,0.0,0.0
17031640800->17031640700,0.29403393255436217,0.29403393255436217,0.0,0.0,0.5880678651087243,0.5880678651087243,0.0,0.0
17031640800->17031640100,0.6210087444542123,0.6210087444542123,0.0,0.0,1.2420174889084246,1.2420174889084246,0.0,0.0
17031640800->17031980100,2.0167147626973483,2.0167147626973483,0.0,0.0,4.033429525394697,4.033429525394697,0.0,0.0
17031640800->17031650200,2.2026049319739474,2.2026049319739474,0.0,0.0,4.405209863947895,4.405209863947895,0.0,0.0
17031640800->17031650500,2.9256738426101716,2.9256738426101716,0.0,0.0,5.851347685220343,5.851347685220343,0.0,0.0
17031640800->17031650400,2.4554392903555664,2.4554392903555664,0.0,0.0,4.910878580711133,4.910878580711133,0.0,0.0
17031640800->17031620200,3.4292895831715375,3.4292895831715375,0.0,0.0,6.858579166343075,6.858579166343075,0.0,0.0
17031640800->17031700200,4.094320376645701,4.094320376645701,0.0,0.0,8.188640753291402,8.188640753291402,0.0,0.0
17031640800->17031700301,4.097293206394023,4.097293206394023,0.0,0.0,8.194586412788047,8.194586412788047,0.0,0.0
17031640800->17031640600,2.9154799336108037,2.9154799336108037,0.0,0.0,5.830959867221607,5.830959867221607,0.0,0.0
17031640800->17031820902,3.543752230945852,3.543752230945852,0.0,0.0,7.087504461891704,7.087504461891704,0.0,0.0
17031640800->17031821102,5.080769601196778,5.080769601196778,0.0,0.0,10.161539202393556,10.161539202393556,0.0,0.0
17031640700->17031640100,0.4918073424005378,0.4918073424005378,0.0,0.0,0.9836146848010755,0.9836146848010755,0.0,0.0
17031640700->17031980100,1.7359521571488696,1.7359521571488696,0.0,0.0,3.4719043142977393,3.4719043142977393,0.0,0.0
17031640700->17031650200,2.25563554008888,2.25563554008888,0.0,0.0,4.51127108017776,4.51127108017776,0.0,0.0
17031640700->17031650500,3.197202620572381,3.197202620572381,0.0,0.0,6.394405241144762,6.394405241144762,0.0,0.0
17031640700->17031650400,2.7377781278248445,2.7377781278248445,0.0,0.0,5.475556255649689,5.475556255649689,0.0,0.0
17031640700->17031640600,2.6735677798671253,2.6735677798671253,0.0,0.0,5.347135559734251,5.347135559734251,0.0,0.0
17031640700->17031700301,4.308237862591544,4.308237862591544,0.0,0.0,8.616475725183088,8.616475725183088,0.0,0.0
17031640700->17031820902,3.6493764612211073,3.6493764612211073,0.0,0.0,7.2987529224422145,7.2987529224422145,0.0,0.0
17031640700->17031821102,5.23765510408745,5.23765510408745,0.0,0.0,10.4753102081749,10.4753102081749,0.0,0.0
17031640700->17031820901,4.184715560093536,4.184715560093536,0.0,0.0,8.369431120187071,8.369431120187071,0.0,0.0
17031650500->17031700200,1.2867991007848611,1.2867991007848611,0.0,0.0,2.5735982015697223,2.5735982015697223,0.0,0.0
17031650500->17031700301,1.7628013577917618,1.7628013577917618,0.0,0.0,3.5256027155835237,3.5256027155835237,0.0,0.0
17031650500->17031650400,1.9263149236714774,1.9263149236714774,0.0,0.0,3.8526298473429548,3.8526298473429548,0.0,0.0
17031650500->17031650302,3.0521872947192583,3.0521872947192583,0.0,0.0,6.104374589438517,6.104374589438517,0.0,0.0
17031650500->17031820902,2.666605923538953,2.666605923538953,0.0,0.0,5.333211847077906,5.333211847077906,0.0,0.0
17031650500->17031640100,3.4892635866408424,3.4892635866408424,0.0,0.0,6.978527173281685,6.978527173281685,0.0,0.0
17031650500->17031821102,3.189256008180496,3.189256008180496,0.0,0.0,6.378512016360992,6.378512016360992,0.0,0.0
17031650500->17031822000,4.169737800633018,4.169737800633018,0.0,0.0,8.339475601266036,8.339475601266036,0.0,0.0
17031301803->17031830500,0.8851398245322851,0.8851398245322851,0.0,0.0,1.7702796490645702,1.7702796490645702,0.0,0.0
17031301803->17031301801,1.1360028599738747,1.1360028599738747,0.0,0.0,2.2720057199477495,2.2720057199477495,0.0,0.0
17031301803->17031301802,1.2945581852612034,1.2945581852612034,0.0,0.0,2.5891163705224067,2.5891163705224067,0.0,0.0
17031301803->17031301702,1.1425230203461259,1.1425230203461259,0.0,0.0,2.2850460406922517,2.2850460406922517,0.0,0.0
17031301803->17031300500,1.9466349898932684,1.9466349898932684,0.0,0.0,3.893269979786537,3.893269979786537,0.0,0.0
17031301803->17031814200,1.6906231801653808,1.6906231801653808,0.0,0.0,3.3812463603307616,3.3812463603307616,0.0,0.0
17031301803->17031843400,2.292288423180543,2.292288423180543,0.0,0.0,4.584576846361086,4.584576846361086,0.0,0.0
17031301803->17031813801,2.511559111476049,2.511559111476049,0.0,0.0,5.023118222952098,5.023118222952098,0.0,0.0
17031301803->17031570200,3.024052491165775,3.024052491165775,0.0,0.0,6.04810498233155,6.04810498233155,0.0,0.0
17031161200->17031161300,0.28575868832204926,0.28575868832204926,0.0,0.0,0.5715173766440985,0.5715173766440985,0.0,0.0
17031161200->17031210400,1.2463458514102206,1.2463458514102206,0.0,0.0,2.492691702820441,2.492691702820441,0.0,0.0
17031161200->17031161100,1.5237804231405947,1.5237804231405947,0.0,0.0,3.0475608462811894,3.0475608462811894,0.0,0.0
17031161200->17031161000,1.4973694787730674,1.4973694787730674,0.0,0.0,2.9947389575461347,2.9947389575461347,0.0,0.0
17031161200->17031200100,1.7420807418850395,1.7420807418850395,0.0,0.0,3.484161483770079,3.484161483770079,0.0,0.0
17031161200->17031160300,2.014790491673489,2.014790491673489,0.0,0.0,4.029580983346978,4.029580983346978,0.0,0.0
17031161200->17031160900,1.760271455641741,1.760271455641741,0.0,0.0,3.520542911283482,3.520542911283482,0.0,0.0
17031161200->17031160200,2.5288100279488286,2.5288100279488286,0.0,0.0,5.057620055897657,5.057620055897657,0.0,0.0
17031161200->17031200200,2.344040547382385,2.344040547382385,0.0,0.0,4.68808109476477,4.68808109476477,0.0,0.0
17031200100->17031200200,0.7083873797058724,0.7083873797058724,0.0,0.0,1.4167747594117448,1.4167747594117448,0.0,0.0
17031200100->17031210400,1.092788290380185,1.092788290380185,0.0,0.0,2.18557658076037,2.18557658076037,0.0,0.0
17031200100->17031200300,1.4055865196463706,1.4055865196463706,0.0,0.0,2.811173039292741,2.811173039292741,0.0,0.0
17031200100->17031200401,1.888046893837615,1.888046893837615,0.0,0.0,3.77609378767523,3.77609378767523,0.0,0.0
17031200100->17031191000,1.7877436070806223,1.7877436070806223,0.0,0.0,3.5754872141612446,3.5754872141612446,0.0,0.0
17031200100->17031161300,1.9131606346910386,1.9131606346910386,0.0,0.0,3.8263212693820776,3.8263212693820776,0.0,0.0
17031200100->17031190800,1.6549600578303112,1.6549600578303112,0.0,0.0,3.3099201156606224,3.3099201156606224,0.0,0.0
17031161300->17031210400,1.2517248661798006,1.2517248661798006,0.0,0.0,2.503449732359601,2.503449732359601,0.0,0.0
17031161300->17031161000,1.2767655237311573,1.2767655237311573,0.0,0.0,2.5535310474623145,2.5535310474623145,0.0,0.0
17031161300->17031161100,1.5545798197759486,1.5545798197759486,0.0,0.0,3.1091596395518972,3.1091596395518972,0.0,0.0
17031161300->17031160900,1.4798726458122256,1.4798726458122256,0.0,0.0,2.959745291624451,2.959745291624451,0.0,0.0
17031161300->17031160300,1.8485379467888061,1.8485379467888061,0.0,0.0,3.6970758935776122,3.6970758935776122,0.0,0.0
17031161000->17031160300,0.6918524406472568,0.6918524406472568,0.0,0.0,1.3837048812945136,1.3837048812945136,0.0,0.0
17031161000->17031160900,0.7677605502099648,0.7677605502099648,0.0,0.0,1.5355211004199296,1.5355211004199296,0.0,0.0
17031161000->17031161100,1.3955532964433395,1.3955532964433395,0.0,0.0,2.791106592886679,2.791106592886679,0.0,0.0
17031161000->17031140602,1.8646397217437798,1.8646397217437798,0.0,0.0,3.7292794434875596,3.7292794434875596,0.0,0.0
17031161000->17031160200,1.7792875559117618,1.7792875559117618,0.0,0.0,3.5585751118235236,3.5585751118235236,0.0,0.0
17031161000->17031140500,2.216178320863577,2.216178320863577,0.0,0.0,4.432356641727154,4.432356641727154,0.0,0.0
17031160200->17031161100,1.0764386372975354,1.0764386372975354,0.0,0.0,2.152877274595071,2.152877274595071,0.0,0.0
17031160200->17031160100,1.3402783852575069,1.3402783852575069,0.0,0.0,2.6805567705150137,2.6805567705150137,0.0,0.0
17031160200->17031160300,1.2260657580651915,1.2260657580651915,0.0,0.0,2.452131516130383,2.452131516130383,0.0,0.0
17031160200->17031140500,1.4700730476179382,1.4700730476179382,0.0,0.0,2.9401460952358764,2.9401460952358764,0.0,0.0
17031160200->17031150200,1.609314439805849,1.609314439805849,0.0,0.0,3.218628879611698,3.218628879611698,0.0,0.0
17031160200->17031150800,1.7868658381335738,1.7868658381335738,0.0,0.0,3.5737316762671476,3.5737316762671476,0.0,0.0
17031120300->17031808001,2.048282479071213,2.048282479071213,0.0,0.0,4.096564958142426,4.096564958142426,0.0,0.0
17031120300->17031807900,2.202706540647429,2.202706540647429,0.0,0.0,4.405413081294858,4.405413081294858,0.0,0.0
17031120300->17031130100,2.271168222485798,2.271168222485798,0.0,0.0,4.542336444971596,4.542336444971596,0.0,0.0
17031120300->17031808002,2.575036600652259,2.575036600652259,0.0,0.0,5.150073201304518,5.150073201304518,0.0,0.0
17031120300->17031130300,2.667573231587999,2.667573231587999,0.0,0.0,5.335146463175998,5.335146463175998,0.0,0.0
17031120300->17031831800,3.501741565884268,3.501741565884268,0.0,0.0,7.003483131768536,7.003483131768536,0.0,0.0
17031120300->17031807600,4.557525649611737,4.557525649611737,0.0,0.0,9.115051299223474,9.115051299223474,0.0,0.0
17031251900->17031252101,0.9087032352883729,0.9087032352883729,0.0,0.0,1.8174064705767459,1.8174064705767459,0.0,0.0
17031251900->17031252000,0.9836816504978193,0.9836816504978193,0.0,0.0,1.9673633009956388,1.9673633009956388,0.0,0.0
17031251900->17031251600,1.4304778406048417,1.4304778406048417,0.0,0.0,2.8609556812096835,2.8609556812096835,0.0,0.0
17031251900->17031251500,1.570657445739319,1.570657445739319,0.0,0.0,3.141314891478638,3.141314891478638,0.0,0.0
17031251900->17031252201,1.4480303300857933,1.4480303300857933,0.0,0.0,2.8960606601715866,2.8960606601715866,0.0,0.0
17031251900->17031251400,1.5386838973061294,1.5386838973061294,0.0,0.0,3.077367794612259,3.077367794612259,0.0,0.0
17031251900->17031251800,1.6835903521724784,1.6835903521724784,0.0,0.0,3.367180704344957,3.367180704344957,0.0,0.0
17031251900->17031251200,2.549403048722232,2.549403048722232,0.0,0.0,5.098806097444464,5.098806097444464,0.0,0.0
17031251900->17031812600,2.272535879898507,2.272535879898507,0.0,0.0,4.545071759797014,4.545071759797014,0.0,0.0
17031190300->17031190701,0.49460666638248196,0.49460666638248196,0.0,0.0,0.9892133327649639,0.9892133327649639,0.0,0.0
17031190300->17031190702,1.3464020487778694,1.3464020487778694,0.0,0.0,2.692804097555739,2.692804097555739,0.0,0.0
17031190300->17031151200,1.565408013386901,1.565408013386901,0.0,0.0,3.130816026773802,3.130816026773802,0.0,0.0
17031190300->17031191302,1.918402780155665,1.918402780155665,0.0,0.0,3.83680556031133,3.83680556031133,0.0,0.0
17031190300->17031151001,1.8189792441391341,1.8189792441391341,0.0,0.0,3.6379584882782683,3.6379584882782683,0.0,0.0
17031190300->17031171100,1.8533492422576918,1.8533492422576918,0.0,0.0,3.7066984845153836,3.7066984845153836,0.0,0.0
17031150800->17031150700,0.8208444219209375,0.8208444219209375,0.0,0.0,1.641688843841875,1.641688843841875,0.0,0.0
17031150800->17031150200,1.6745309430282227,1.6745309430282227,0.0,0.0,3.3490618860564454,3.3490618860564454,0.0,0.0
17031150800->17031151001,1.6766961189063774,1.6766961189063774,0.0,0.0,3.3533922378127548,3.3533922378127548,0.0,0.0
17031150800->17031161100,1.44401555551671,1.44401555551671,0.0,0.0,2.88803111103342,2.88803111103342,0.0,0.0
17031150800->17031150402,1.9084668698009313,1.9084668698009313,0.0,0.0,3.8169337396018626,3.8169337396018626,0.0,0.0
17031120100->17031808100,0.7853831882551389,0.7853831882551389,0.0,0.0,1.5707663765102777,1.5707663765102777,0.0,0.0
17031120100->17031100100,2.9361494740535927,2.9361494740535927,0.0,0.0,5.8722989481071854,5.8722989481071854,0.0,0.0
17031120100->17031110200,4.579094071495073,4.579094071495073,0.0,0.0,9.158188142990147,9.158188142990147,0.0,0.0
17031120100->17031807900,3.4898385677050094,3.4898385677050094,0.0,0.0,6.979677135410019,6.979677135410019,0.0,0.0
17031120100->17031090100,3.7478140880578583,3.7478140880578583,0.0,0.0,7.495628176115717,7.495628176115717,0.0,0.0
17031120100->17031090300,3.8331535120115743,3.8331535120115743,0.0,0.0,7.666307024023149,7.666307024023149,0.0,0.0
17031560900->17031561100,1.0788929303138304,1.0788929303138304,0.0,0.0,2.1577858606276608,2.1577858606276608,0.0,0.0
17031560900->17031820800,2.7933734922928473,2.7933734922928473,0.0,0.0,5.5867469845856945,5.5867469845856945,0.0,0.0
17031560900->17031640300,2.77813741849566,2.77813741849566,0.0,0.0,5.55627483699132,5.55627483699132,0.0,0.0
17031560900->17031640600,3.6329023158550258,3.6329023158550258,0.0,0.0,7.2658046317100515,7.2658046317100515,0.0,0.0
17031560900->17031820700,4.521923543074926,4.521923543074926,0.0,0.0,9.043847086149851,9.043847086149851,0.0,0.0
17031560900->17031815500,5.104186312189217,5.104186312189217,0.0,0.0,10.208372624378434,10.208372624378434,0.0,0.0
17031560900->17031820901,4.952087733000011,4.952087733000011,0.0,0.0,9.904175466000021,9.904175466000021,0.0,0.0
17031190601->17031191301,1.0822608703479453,1.0822608703479453,0.0,0.0,2.1645217406958905,2.1645217406958905,0.0,0.0
17031190601->17031190401,1.1732369940197527,1.1732369940197527,0.0,0.0,2.3464739880395054,2.3464739880395054,0.0,0.0
17031190601->17031180100,1.3099097041130967,1.3099097041130967,0.0,0.0,2.6198194082261934,2.6198194082261934,0.0,0.0
17031190601->17031171100,1.7128209031701993,1.7128209031701993,0.0,0.0,3.4256418063403986,3.4256418063403986,0.0,0.0
17031190601->17031191302,1.962648631301242,1.962648631301242,0.0,0.0,3.9252972626024842,3.9252972626024842,0.0,0.0
17031190601->17031812200,3.7291514534198433,3.7291514534198433,0.0,0.0,7.458302906839687,7.458302906839687,0.0,0.0
17031150600->17031150402,0.6127116477090178,0.6127116477090178,0.0,0.0,1.2254232954180355,1.2254232954180355,0.0,0.0
17031150600->17031151200,1.0604438180950122,1.0604438180950122,0.0,0.0,2.1208876361900244,2.1208876361900244,0.0,0.0
17031150600->17031170200,1.1161074619456675,1.1161074619456675,0.0,0.0,2.232214923891335,2.232214923891335,0.0,0.0
17031150600->17031150502,1.467584693897715,1.467584693897715,0.0,0.0,2.93516938779543,2.93516938779543,0.0,0.0
17031150600->17031150700,1.5060035636301952,1.5060035636301952,0.0,0.0,3.0120071272603903,3.0120071272603903,0.0,0.0
17031150600->17031171100,2.0507064069241387,2.0507064069241387,0.0,0.0,4.1014128138482775,4.1014128138482775,0.0,0.0
17031150600->17031150501,2.4022281577998577,2.4022281577998577,0.0,0.0,4.804456315599715,4.804456315599715,0.0,0.0
17031150600->17031170100,2.3227472752805998,2.3227472752805998,0.0,0.0,4.6454945505611995,4.6454945505611995,0.0,0.0
17031110400->17031110200,1.0853983220935808,1.0853983220935808,0.0,0.0,2.1707966441871616,2.1707966441871616,0.0,0.0
17031110400->17031110501,1.369575568217102,1.369575568217102,0.0,0.0,2.739151136434204,2.739151136434204,0.0,0.0
17031110400->17031150501,1.5675522284634136,1.5675522284634136,0.0,0.0,3.135104456926827,3.135104456926827,0.0,0.0
17031110400->17031110300,1.5554638424535554,1.5554638424535554,0.0,0.0,3.110927684907111,3.110927684907111,0.0,0.0
17031110400->17031120400,1.8772917794268773,1.8772917794268773,0.0,0.0,3.754583558853755,3.754583558853755,0.0,0.0
17031110400->17031150402,2.777827173823336,2.777827173823336,0.0,0.0,5.555654347646672,5.555654347646672,0.0,0.0
17031110400->17031100100,3.2652471025561756,3.2652471025561756,0.0,0.0,6.530494205112351,6.530494205112351,0.0,0.0
17031110200->17031110501,1.1030032586117493,1.1030032586117493,0.0,0.0,2.2060065172234986,2.2060065172234986,0.0,0.0
17031110200->17031110300,1.5309899218075824,1.5309899218075824,0.0,0.0,3.061979843615165,3.061979843615165,0.0,0.0
17031110200->17031150501,2.419213917640278,2.419213917640278,0.0,0.0,4.838427835280556,4.838427835280556,0.0,0.0
17031110200->17031120400,2.003987020917908,2.003987020917908,0.0,0.0,4.007974041835816,4.007974041835816,0.0,0.0
17031110200->17031100100,2.3813968661823925,2.3813968661823925,0.0,0.0,4.762793732364785,4.762793732364785,0.0,0.0
17031110200->17031808100,5.359134439259651,5.359134439259651,0.0,0.0,10.718268878519302,10.718268878519302,0.0,0.0
17031110300->17031150501,1.6191502815645467,1.6191502815645467,0.0,0.0,3.2383005631290933,3.2383005631290933,0.0,0.0
17031110300->17031100700,1.6490577092299912,1.6490577092299912,0.0,0.0,3.2981154184599824,3.2981154184599824,0.0,0.0
17031110300->17031100600,1.6761268165924224,1.6761268165924224,0.0,0.0,3.3522536331848447,3.3522536331848447,0.0,0.0
17031110300->17031100100,2.270184883550724,2.270184883550724,0.0,0.0,4.540369767101448,4.540369767101448,0.0,0.0
17031110300->17031810600,2.170844533246325,2.170844533246325,0.0,0.0,4.34168906649265,4.34168906649265,0.0,0.0
17031110300->17031170100,2.939160663417265,2.939160663417265,0.0,0.0,5.87832132683453,5.87832132683453,0.0,0.0
17031100100->17031100600,2.1474051172881086,2.1474051172881086,0.0,0.0,4.294810234576217,4.294810234576217,0.0,0.0
17031100100->17031100700,3.0659336519943534,3.0659336519943534,0.0,0.0,6.131867303988707,6.131867303988707,0.0,0.0
17031100100->17031090300,2.8524416340283194,2.8524416340283194,0.0,0.0,5.704883268056639,5.704883268056639,0.0,0.0
17031100100->17031808100,3.684142259797337,3.684142259797337,0.0,0.0,7.368284519594674,7.368284519594674,0.0,0.0
17031170800->17031170900,0.9445445144620255,0.9445445144620255,0.0,0.0,1.889089028924051,1.889089028924051,0.0,0.0
17031170800->17031170400,1.0996246182062024,1.0996246182062024,0.0,0.0,2.1992492364124048,2.1992492364124048,0.0,0.0
17031170800->17031810701,1.8776766179508382,1.8776766179508382,0.0,0.0,3.755353235901677,3.755353235901677,0.0,0.0
17031170800->17031170700,1.7372430579594038,1.7372430579594038,0.0,0.0,3.4744861159188076,3.4744861159188076,0.0,0.0
17031170800->17031180100,2.208199024170026,2.208199024170026,0.0,0.0,4.416398048340052,4.416398048340052,0.0,0.0
17031170800->17031810800,2.2542283685421425,2.2542283685421425,0.0,0.0,4.508456737084285,4.508456737084285,0.0,0.0
17031170800->17031810502,2.6762787225783837,2.6762787225783837,0.0,0.0,5.3525574451567675,5.3525574451567675,0.0,0.0
17031170800->17031810702,2.8754501886867554,2.8754501886867554,0.0,0.0,5.750900377373511,5.750900377373511,0.0,0.0
17031170800->17031170500,3.256856340500935,3.256856340500935,0.0,0.0,6.51371268100187,6.51371268100187,0.0,0.0
17031170800->17031170600,3.141264042717822,3.141264042717822,0.0,0.0,6.282528085435644,6.282528085435644,0.0,0.0
17031170800->17031810900,4.056304503120439,4.056304503120439,0.0,0.0,8.112609006240879,8.112609006240879,0.0,0.0
17031100500->17031810400,1.2767789323837841,1.2767789323837841,0.0,0.0,2.5535578647675683,2.5535578647675683,0.0,0.0
17031100500->17031770901,1.5815173616088392,1.5815173616088392,0.0,0.0,3.1630347232176783,3.1630347232176783,0.0,0.0
17031100500->17031100400,2.280549491521532,2.280549491521532,0.0,0.0,4.561098983043064,4.561098983043064,0.0,0.0
17031100500->17031770902,2.0387921697331803,2.0387921697331803,0.0,0.0,4.077584339466361,4.077584339466361,0.0,0.0
17031100500->17031760803,1.9301562246604096,1.9301562246604096,0.0,0.0,3.860312449320819,3.860312449320819,0.0,0.0
17031100500->17031810501,2.969474634201358,2.969474634201358,0.0,0.0,5.938949268402716,5.938949268402716,0.0,0.0
17031100500->17031760801,2.261968037487494,2.261968037487494,0.0,0.0,4.523936074974988,4.523936074974988,0.0,0.0
17031100500->17031090300,3.2064412277400707,3.2064412277400707,0.0,0.0,6.412882455480141,6.412882455480141,0.0,0.0
17031100500->17031760802,3.2521866339969963,3.2521866339969963,0.0,0.0,6.5043732679939925,6.5043732679939925,0.0,0.0
17031100500->17031805702,3.321820919048298,3.321820919048298,0.0,0.0,6.643641838096596,6.643641838096596,0.0,0.0
17031100500->17031805600,3.7004471976263713,3.7004471976263713,0.0,0.0,7.400894395252743,7.400894395252743,0.0,0.0
17031100600->17031100700,1.080071818261544,1.080071818261544,0.0,0.0,2.160143636523088,2.160143636523088,0.0,0.0
17031100600->17031810600,2.1649659095581173,2.1649659095581173,0.0,0.0,4.329931819116235,4.329931819116235,0.0,0.0
17031100600->17031770901,2.5745747815902122,2.5745747815902122,0.0,0.0,5.1491495631804245,5.1491495631804245,0.0,0.0
17031100600->17031090300,3.1192438296121616,3.1192438296121616,0.0,0.0,6.238487659224323,6.238487659224323,0.0,0.0
17031100600->17031150501,2.869046044569366,2.869046044569366,0.0,0.0,5.738092089138732,5.738092089138732,0.0,0.0
17031100600->17031170100,3.481219263239698,3.481219263239698,0.0,0.0,6.962438526479396,6.962438526479396,0.0,0.0
17031810400->17031760801,1.0288445918744586,1.0288445918744586,0.0,0.0,2.0576891837489173,2.0576891837489173,0.0,0.0
17031810400->17031760803,1.077194717193898,1.077194717193898,0.0,0.0,2.154389434387796,2.154389434387796,0.0,0.0
17031810400->17031770902,1.8713031435680492,1.8713031435680492,0.0,0.0,3.7426062871360983,3.7426062871360983,0.0,0.0
17031810400->17031805702,2.1436137357213125,2.1436137357213125,0.0,0.0,4.287227471442625,4.287227471442625,0.0,0.0
17031810400->17031100400,2.3986769629453817,2.3986769629453817,0.0,0.0,4.797353925890763,4.797353925890763,0.0,0.0
17031810400->17031760802,3.1835652458822437,3.1835652458822437,0.0,0.0,6.367130491764487,6.367130491764487,0.0,0.0
17031810400->17031770901,2.6823860991465596,2.6823860991465596,0.0,0.0,5.364772198293119,5.364772198293119,0.0,0.0
17031810400->17031805600,3.2238845844955075,3.2238845844955075,0.0,0.0,6.447769168991015,6.447769168991015,0.0,0.0
17031810400->17031810501,3.501161840082724,3.501161840082724,0.0,0.0,7.002323680165448,7.002323680165448,0.0,0.0
17031810400->17031770700,3.624867636241258,3.624867636241258,0.0,0.0,7.249735272482516,7.249735272482516,0.0,0.0
17031810400->17031805701,3.8070660843779143,3.8070660843779143,0.0,0.0,7.6141321687558285,7.6141321687558285,0.0,0.0
17031810400->17031770800,4.721099549422769,4.721099549422769,0.0,0.0,9.442199098845538,9.442199098845538,0.0,0.0
17031770700->17031770800,1.6580878151971714,1.6580878151971714,0.0,0.0,3.316175630394343,3.316175630394343,0.0,0.0
17031770700->17031760801,2.655653956648559,2.655653956648559,0.0,0.0,5.311307913297118,5.311307913297118,0.0,0.0
17031770700->17031760803,2.7579125433655367,2.7579125433655367,0.0,0.0,5.515825086731073,5.515825086731073,0.0,0.0
17031770700->17031805702,3.4389939254077997,3.4389939254077997,0.0,0.0,6.877987850815599,6.877987850815599,0.0,0.0
17031770700->17031760802,3.3888039036879363,3.3888039036879363,0.0,0.0,6.7776078073758725,6.7776078073758725,0.0,0.0
17031770700->17031770902,3.2261904945390127,3.2261904945390127,0.0,0.0,6.4523809890780255,6.4523809890780255,0.0,0.0
17031770700->17031806600,4.678798716357004,4.678798716357004,0.0,0.0,9.357597432714009,9.357597432714009,0.0,0.0
17031770700->17031980000,3.7857505046017614,3.7857505046017614,0.0,0.0,7.571501009203523,7.571501009203523,0.0,0.0
17031770700->17031805701,4.767967521604221,4.767967521604221,0.0,0.0,9.535935043208442,9.535935043208442,0.0,0.0
17031770700->17031770602,7.0756582291899095,7.0756582291899095,0.0,0.0,14.151316458379819,14.151316458379819,0.0,0.0
17031770700->17031806501,7.278392204429207,7.278392204429207,0.0,0.0,14.556784408858414,14.556784408858414,0.0,0.0
17031770700->17031806502,6.862899604759999,6.862899604759999,0.0,0.0,13.725799209519998,13.725799209519998,0.0,0.0
17031570300->17031570400,0.7505338858010676,0.7505338858010676,0.0,0.0,1.5010677716021352,1.5010677716021352,0.0,0.0
17031570300->17031570500,0.9045390244207463,0.9045390244207463,0.0,0.0,1.8090780488414926,1.8090780488414926,0.0,0.0
17031570300->17031620200,1.2930541616098803,1.2930541616098803,0.0,0.0,2.5861083232197606,2.5861083232197606,0.0,0.0
17031570300->17031620100,1.1965564870043306,1.1965564870043306,0.0,0.0,2.393112974008661,2.393112974008661,0.0,0.0
17031570300->17031570200,2.3462986548956475,2.3462986548956475,0.0,0.0,4.692597309791295,4.692597309791295,0.0,0.0
17031570300->17031560100,1.9556753380197378,1.9556753380197378,0.0,0.0,3.9113506760394756,3.9113506760394756,0.0,0.0
17031570300->17031560300,1.9646802601922877,1.9646802601922877,0.0,0.0,3.9293605203845754,3.9293605203845754,0.0,0.0
17031570300->17031560200,2.568885106941428,2.568885106941428,0.0,0.0,5.137770213882856,5.137770213882856,0.0,0.0
17031620100->17031620200,0.8684536281117476,0.8684536281117476,0.0,0.0,1.7369072562234953,1.7369072562234953,0.0,0.0
17031620100->17031620400,1.1925960166288696,1.1925960166288696,0.0,0.0,2.385192033257739,2.385192033257739,0.0,0.0
17031620100->17031570400,1.0325187421088886,1.0325187421088886,0.0,0.0,2.065037484217777,2.065037484217777,0.0,0.0
17031620100->17031570500,1.1593271979032693,1.1593271979032693,0.0,0.0,2.3186543958065386,2.3186543958065386,0.0,0.0
17031620100->17031650200,2.026993998418332,2.026993998418332,0.0,0.0,4.053987996836664,4.053987996836664,0.0,0.0
17031620100->17031630300,2.253805909090457,2.253805909090457,0.0,0.0,4.507611818180914,4.507611818180914,0.0,0.0
17031620100->17031570200,3.3012708671747437,3.3012708671747437,0.0,0.0,6.602541734349487,6.602541734349487,0.0,0.0
17031580400->17031842800,0.8741359561174088,0.8741359561174088,0.0,0.0,1.7482719122348176,1.7482719122348176,0.0,0.0
17031580400->17031580502,1.0341507979633917,1.0341507979633917,0.0,0.0,2.0683015959267834,2.0683015959267834,0.0,0.0
17031580400->17031580300,2.1975161753964048,2.1975161753964048,0.0,0.0,4.3950323507928095,4.3950323507928095,0.0,0.0
17031580400->17031630200,1.9839894441076857,1.9839894441076857,0.0,0.0,3.9679788882153715,3.9679788882153715,0.0,0.0
17031580400->17031570400,2.090934877002971,2.090934877002971,0.0,0.0,4.181869754005942,4.181869754005942,0.0,0.0
17031580400->17031630300,2.738394909181303,2.738394909181303,0.0,0.0,5.476789818362606,5.476789818362606,0.0,0.0
17031580400->17031580200,2.7125895265022515,2.7125895265022515,0.0,0.0,5.425179053004503,5.425179053004503,0.0,0.0
17031580400->17031570200,2.3095604509935503,2.3095604509935503,0.0,0.0,4.619120901987101,4.619120901987101,0.0,0.0
17031292400->17031292200,0.7796634658033128,0.7796634658033128,0.0,0.0,1.5593269316066256,1.5593269316066256,0.0,0.0
17031292400->17031838700,0.8520144473370462,0.8520144473370462,0.0,0.0,1.7040288946740925,1.7040288946740925,0.0,0.0
17031292400->17031843400,0.8072677325519433,0.8072677325519433,0.0,0.0,1.6145354651038866,1.6145354651038866,0.0,0.0
17031292400->17031300600,0.8190439696796185,0.8190439696796185,0.0,0.0,1.638087939359237,1.638087939359237,0.0,0.0
17031292400->17031300500,1.1688929505222503,1.1688929505222503,0.0,0.0,2.3377859010445006,2.3377859010445006,0.0,0.0
17031292400->17031841400,0.9611636951501343,0.9611636951501343,0.0,0.0,1.922327390300269,1.922327390300269,0.0,0.0
17031292400->17031290900,1.4916033241105757,1.4916033241105757,0.0,0.0,2.9832066482211514,2.9832066482211514,0.0,0.0
17031292400->17031292500,1.3006550005459794,1.3006550005459794,0.0,0.0,2.6013100010919588,2.6013100010919588,0.0,0.0
17031292400->17031301802,1.830727566363795,1.830727566363795,0.0,0.0,3.66145513272759,3.66145513272759,0.0,0.0
17031838700->17031290900,0.9766737916070827,0.9766737916070827,0.0,0.0,1.9533475832141651,1.9533475832141651,0.0,0.0
17031838700->17031292200,0.906949679426778,0.906949679426778,0.0,0.0,1.813899358853556,1.813899358853556,0.0,0.0
17031838700->17031260900,1.440588066293143,1.440588066293143,0.0,0.0,2.881176132586286,2.881176132586286,0.0,0.0
17031838700->17031291200,1.198464216162185,1.198464216162185,0.0,0.0,2.39692843232437,2.39692843232437,0.0,0.0
17031838700->17031841400,1.376475457374687,1.376475457374687,0.0,0.0,2.752950914749374,2.752950914749374,0.0,0.0
17031838700->17031300600,1.5531263434075326,1.5531263434075326,0.0,0.0,3.1062526868150653,3.1062526868150653,0.0,0.0
17031838700->17031843400,1.658671557955058,1.658671557955058,0.0,0.0,3.317343115910116,3.317343115910116,0.0,0.0
17031838700->17031271500,1.838565523208519,1.838565523208519,0.0,0.0,3.677131046417038,3.677131046417038,0.0,0.0
17031838700->17031292500,1.7446879983853425,1.7446879983853425,0.0,0.0,3.489375996770685,3.489375996770685,0.0,0.0
17031222600->17031222700,0.4702258302184579,0.4702258302184579,0.0,0.0,0.9404516604369159,0.9404516604369159,0.0,0.0
17031222600->17031230100,0.5533094566579891,0.5533094566579891,0.0,0.0,1.1066189133159783,1.1066189133159783,0.0,0.0
17031222600->17031221200,0.849994034662818,0.849994034662818,0.0,0.0,1.699988069325636,1.699988069325636,0.0,0.0
17031222600->17031230200,0.8502413365547548,0.8502413365547548,0.0,0.0,1.7004826731095095,1.7004826731095095,0.0,0.0
17031222600->17031240800,0.9242486926615124,0.9242486926615124,0.0,0.0,1.8484973853230249,1.8484973853230249,0.0,0.0
17031222600->17031221300,1.1819012681927121,1.1819012681927121,0.0,0.0,2.3638025363854243,2.3638025363854243,0.0,0.0
17031222600->17031230300,1.3031311151747655,1.3031311151747655,0.0,0.0,2.606262230349531,2.606262230349531,0.0,0.0
17031222600->17031222800,1.2308384682183138,1.2308384682183138,0.0,0.0,2.4616769364366275,2.4616769364366275,0.0,0.0
17031222600->17031230900,1.725495941902184,1.725495941902184,0.0,0.0,3.450991883804368,3.450991883804368,0.0,0.0
17031220500->17031220400,0.38553010374859986,0.38553010374859986,0.0,0.0,0.7710602074971997,0.7710602074971997,0.0,0.0
17031220500->17031210700,0.8511750736934379,0.8511750736934379,0.0,0.0,1.7023501473868758,1.7023501473868758,0.0,0.0
17031220500->17031221200,1.259249629550391,1.259249629550391,0.0,0.0,2.518499259100782,2.518499259100782,0.0,0.0
17031220500->17031210800,1.1314455397222163,1.1314455397222163,0.0,0.0,2.2628910794444326,2.2628910794444326,0.0,0.0
17031220500->17031220602,1.0107118251338152,1.0107118251338152,0.0,0.0,2.0214236502676304,2.0214236502676304,0.0,0.0
17031220500->17031221300,1.2501165314957896,1.2501165314957896,0.0,0.0,2.500233062991579,2.500233062991579,0.0,0.0
17031220500->17031220601,1.152607986734944,1.152607986734944,0.0,0.0,2.305215973469888,2.305215973469888,0.0,0.0
17031220500->17031220300,1.2018295224749884,1.2018295224749884,0.0,0.0,2.403659044949977,2.403659044949977,0.0,0.0
17031220500->17031210602,1.2845901445666934,1.2845901445666934,0.0,0.0,2.569180289133387,2.569180289133387,0.0,0.0
17031220500->17031210900,1.4649793640067834,1.4649793640067834,0.0,0.0,2.929958728013567,2.929958728013567,0.0,0.0
17031220500->17031210601,1.6476247520618796,1.6476247520618796,0.0,0.0,3.2952495041237593,3.2952495041237593,0.0,0.0
17031220602->17031220601,0.4512631506715055,0.4512631506715055,0.0,0.0,0.902526301343011,0.902526301343011,0.0,0.0
17031220602->17031210602,0.6898167437044453,0.6898167437044453,0.0,0.0,1.3796334874088907,1.3796334874088907,0.0,0.0
17031220602->17031210700,1.2587218154757853,1.2587218154757853,0.0,0.0,2.5174436309515706,2.5174436309515706,0.0,0.0
17031220602->17031210601,1.5066952615274927,1.5066952615274927,0.0,0.0,3.0133905230549853,3.0133905230549853,0.0,0.0
17031220602->17031210501,1.6715473889858816,1.6715473889858816,0.0,0.0,3.3430947779717632,3.3430947779717632,0.0,0.0
17031220602->17031220400,1.3940745917418542,1.3940745917418542,0.0,0.0,2.7881491834837084,2.7881491834837084,0.0,0.0
17031210602->17031210601,0.8719939056971244,0.8719939056971244,0.0,0.0,1.7439878113942489,1.7439878113942489,0.0,0.0
17031210602->17031220601,1.1342859889084935,1.1342859889084935,0.0,0.0,2.268571977816987,2.268571977816987,0.0,0.0
17031210602->17031210501,1.064986791299559,1.064986791299559,0.0,0.0,2.129973582599118,2.129973582599118,0.0,0.0
17031210602->17031210700,1.019239469757407,1.019239469757407,0.0,0.0,2.038478939514814,2.038478939514814,0.0,0.0
17031160800->17031160502,1.203128735882032,1.203128735882032,0.0,0.0,2.406257471764064,2.406257471764064,0.0,0.0
17031160800->17031210601,1.4402622489891068,1.4402622489891068,0.0,0.0,2.8805244979782136,2.8805244979782136,0.0,0.0
17031160800->17031160900,1.10636359028515,1.10636359028515,0.0,0.0,2.2127271805703,2.2127271805703,0.0,0.0
17031160800->17031210100,1.5002457113519947,1.5002457113519947,0.0,0.0,3.0004914227039894,3.0004914227039894,0.0,0.0
17031160800->17031160700,1.425374513030837,1.425374513030837,0.0,0.0,2.850749026061674,2.850749026061674,0.0,0.0
17031160800->17031210501,1.7876699020088476,1.7876699020088476,0.0,0.0,3.575339804017695,3.575339804017695,0.0,0.0
17031160800->17031160602,1.7832282430533728,1.7832282430533728,0.0,0.0,3.5664564861067456,3.5664564861067456,0.0,0.0
17031140702->17031140701,0.515880983309445,0.515880983309445,0.0,0.0,1.03176196661889,1.03176196661889,0.0,0.0
17031140702->17031140800,0.7526881404432084,0.7526881404432084,0.0,0.0,1.5053762808864168,1.5053762808864168,0.0,0.0
17031140702->17031160502,1.3219323608966933,1.3219323608966933,0.0,0.0,2.6438647217933866,2.6438647217933866,0.0,0.0
17031140702->17031140200,1.382752756403716,1.382752756403716,0.0,0.0,2.765505512807432,2.765505512807432,0.0,0.0
17031140702->17031160601,1.2695401007679636,1.2695401007679636,0.0,0.0,2.5390802015359273,2.5390802015359273,0.0,0.0
17031140702->17031140100,1.58142064499076,1.58142064499076,0.0,0.0,3.16284128998152,3.16284128998152,0.0,0.0
17031140702->17031140602,1.2583190706517657,1.2583190706517657,0.0,0.0,2.5166381413035315,2.5166381413035315,0.0,0.0
17031140702->17031160602,1.5064495206247928,1.5064495206247928,0.0,0.0,3.0128990412495855,3.0128990412495855,0.0,0.0
17031140702->17031140301,1.8173655623021934,1.8173655623021934,0.0,0.0,3.6347311246043867,3.6347311246043867,0.0,0.0
17031140702->17031831800,2.2769404416982266,2.2769404416982266,0.0,0.0,4.553880883396453,4.553880883396453,0.0,0.0
17031020701->17031130300,1.1070640118339832,1.1070640118339832,0.0,0.0,2.2141280236679663,2.2141280236679663,0.0,0.0
17031020701->17031020801,1.2601901090526955,1.2601901090526955,0.0,0.0,2.520380218105391,2.520380218105391,0.0,0.0
17031020701->17031020601,1.3878304552792806,1.3878304552792806,0.0,0.0,2.7756609105585612,2.7756609105585612,0.0,0.0
17031020701->17031130100,1.4537118590956963,1.4537118590956963,0.0,0.0,2.9074237181913927,2.9074237181913927,0.0,0.0
17031020701->17031020802,1.6408379423853559,1.6408379423853559,0.0,0.0,3.2816758847707117,3.2816758847707117,0.0,0.0
17031020701->17031040300,2.1365956104913555,2.1365956104913555,0.0,0.0,4.273191220982711,4.273191220982711,0.0,0.0
17031020701->17031831800,2.191435233839396,2.191435233839396,0.0,0.0,4.382870467678792,4.382870467678792,0.0,0.0
17031020701->17031140100,2.4929438652142237,2.4929438652142237,0.0,0.0,4.9858877304284475,4.9858877304284475,0.0,0.0
17031020701->17031020301,3.00925871521587,3.00925871521587,0.0,0.0,6.01851743043174,6.01851743043174,0.0,0.0
17031020701->17031020901,1.9785639217261204,1.9785639217261204,0.0,0.0,3.957127843452241,3.957127843452241,0.0,0.0
17031020701->17031808002,2.9818512494740244,2.9818512494740244,0.0,0.0,5.963702498948049,5.963702498948049,0.0,0.0
17031700402->17031700401,1.451215141390586,1.451215141390586,0.0,0.0,2.902430282781172,2.902430282781172,0.0,0.0
17031700402->17031821600,1.8949974808479182,1.8949974808479182,0.0,0.0,3.789994961695837,3.789994961695837,0.0,0.0
17031700402->17031821700,2.429666371543748,2.429666371543748,0.0,0.0,4.859332743087496,4.859332743087496,0.0,0.0
17031700402->17031822000,2.2878598581138117,2.2878598581138117,0.0,0.0,4.575719716227623,4.575719716227623,0.0,0.0
17031700402->17031700100,2.836295791896917,2.836295791896917,0.0,0.0,5.672591583793834,5.672591583793834,0.0,0.0
17031700402->17031821800,3.0502349320381463,3.0502349320381463,0.0,0.0,6.100469864076293,6.100469864076293,0.0,0.0
17031700402->17031700200,2.9800007175638377,2.9800007175638377,0.0,0.0,5.960001435127675,5.960001435127675,0.0,0.0
17031700402->17031822102,3.206006518247828,3.206006518247828,0.0,0.0,6.412013036495656,6.412013036495656,0.0,0.0
17031700402->17031700502,2.830477352022833,2.830477352022833,0.0,0.0,5.660954704045666,5.660954704045666,0.0,0.0
17031700402->17031822701,4.299158319869572,4.299158319869572,0.0,0.0,8.598316639739144,8.598316639739144,0.0,0.0
17031842800->17031580502,0.8878351763344123,0.8878351763344123,0.0,0.0,1.7756703526688247,1.7756703526688247,0.0,0.0
17031842800->17031630200,1.1805092654160887,1.1805092654160887,0.0,0.0,2.3610185308321774,2.3610185308321774,0.0,0.0
17031842800->17031580800,1.5674573879176839,1.5674573879176839,0.0,0.0,3.1349147758353677,3.1349147758353677,0.0,0.0
17031842800->17031630400,2.3511179333260004,2.3511179333260004,0.0,0.0,4.702235866652001,4.702235866652001,0.0,0.0
17031842800->17031630300,2.4082413106632883,2.4082413106632883,0.0,0.0,4.816482621326577,4.816482621326577,0.0,0.0
17031842800->17031630500,2.192297437712989,2.192297437712989,0.0,0.0,4.384594875425978,4.384594875425978,0.0,0.0
17031842800->17031580700,2.254586895016351,2.254586895016351,0.0,0.0,4.509173790032702,4.509173790032702,0.0,0.0
17031842800->17031580300,2.7403597309193217,2.7403597309193217,0.0,0.0,5.4807194618386434,5.4807194618386434,0.0,0.0
17031843500->17031301100,0.6794552176383929,0.6794552176383929,0.0,0.0,1.3589104352767858,1.3589104352767858,0.0,0.0
17031843500->17031300900,1.3667185472340586,1.3667185472340586,0.0,0.0,2.7334370944681172,2.7334370944681172,0.0,0.0
17031843500->17031300800,1.5046207928784001,1.5046207928784001,0.0,0.0,3.0092415857568002,3.0092415857568002,0.0,0.0
17031843500->17031841700,1.6642828843215343,1.6642828843215343,0.0,0.0,3.3285657686430685,3.3285657686430685,0.0,0.0
17031843500->17031301200,1.7583885714019862,1.7583885714019862,0.0,0.0,3.5167771428039725,3.5167771428039725,0.0,0.0
17031843500->17031300700,1.625776173858845,1.625776173858845,0.0,0.0,3.25155234771769,3.25155234771769,0.0,0.0
17031843500->17031841600,2.150600466153672,2.150600466153672,0.0,0.0,4.301200932307344,4.301200932307344,0.0,0.0
17031843500->17031580200,2.3153640582923725,2.3153640582923725,0.0,0.0,4.630728116584745,4.630728116584745,0.0,0.0
17031837000->17031271800,0.7763743941127326,0.7763743941127326,0.0,0.0,1.5527487882254651,1.5527487882254651,0.0,0.0
17031837000->17031271200,0.875945823452975,0.875945823452975,0.0,0.0,1.75189164690595,1.75189164690595,0.0,0.0
17031837000->17031837400,1.0512082724238425,1.0512082724238425,0.0,0.0,2.102416544847685,2.102416544847685,0.0,0.0
17031837000->17031280800,1.0679707453343479,1.0679707453343479,0.0,0.0,2.1359414906686958,2.1359414906686958,0.0,0.0
17031837000->17031836900,1.1811694009846985,1.1811694009846985,0.0,0.0,2.362338801969397,2.362338801969397,0.0,0.0
17031837000->17031837100,1.4439622963624057,1.4439622963624057,0.0,0.0,2.8879245927248114,2.8879245927248114,0.0,0.0
17031837000->17031838600,1.558391226095325,1.558391226095325,0.0,0.0,3.11678245219065,3.11678245219065,0.0,0.0
17031837000->17031282700,1.2495482392517847,1.2495482392517847,0.0,0.0,2.4990964785035694,2.4990964785035694,0.0,0.0
17031837000->17031837300,1.3316243830148795,1.3316243830148795,0.0,0.0,2.663248766029759,2.663248766029759,0.0,0.0
17031837000->17031271300,1.3606335071280047,1.3606335071280047,0.0,0.0,2.7212670142560094,2.7212670142560094,0.0,0.0
17031837000->17031837800,1.7232558560024207,1.7232558560024207,0.0,0.0,3.4465117120048414,3.4465117120048414,0.0,0.0
17031837000->17031280900,1.6328761414184103,1.6328761414184103,0.0,0.0,3.2657522828368206,3.2657522828368206,0.0,0.0
17031837000->17031836800,1.5684491199990385,1.5684491199990385,0.0,0.0,3.136898239998077,3.136898239998077,0.0,0.0
17031241100->17031241200,0.32136018373581665,0.32136018373581665,0.0,0.0,0.6427203674716333,0.6427203674716333,0.0,0.0
17031241100->17031240600,0.9055583443504235,0.9055583443504235,0.0,0.0,1.811116688700847,1.811116688700847,0.0,0.0
17031241100->17031240500,0.9575603548031993,0.9575603548031993,0.0,0.0,1.9151207096063985,1.9151207096063985,0.0,0.0
17031241100->17031242500,1.0744082251026512,1.0744082251026512,0.0,0.0,2.1488164502053024,2.1488164502053024,0.0,0.0
17031241100->17031242600,1.0571446357387912,1.0571446357387912,0.0,0.0,2.1142892714775825,2.1142892714775825,0.0,0.0
17031241100->17031240700,1.1003233806760742,1.1003233806760742,0.0,0.0,2.2006467613521483,2.2006467613521483,0.0,0.0
17031241100->17031242400,1.3080704296345749,1.3080704296345749,0.0,0.0,2.6161408592691497,2.6161408592691497,0.0,0.0
17031241100->17031222200,1.5250407766358314,1.5250407766358314,0.0,0.0,3.0500815532716627,3.0500815532716627,0.0,0.0
17031241100->17031242800,2.0239760479408258,2.0239760479408258,0.0,0.0,4.0479520958816515,4.0479520958816515,0.0,0.0
17031241100->17031240900,1.4254882619453801,1.4254882619453801,0.0,0.0,2.8509765238907603,2.8509765238907603,0.0,0.0
17031241100->17031242700,1.8349945203316806,1.8349945203316806,0.0,0.0,3.6699890406633613,3.6699890406633613,0.0,0.0
17031242600->17031240900,0.5185457056060555,0.5185457056060555,0.0,0.0,1.037091411212111,1.037091411212111,0.0,0.0
17031242600->17031242500,0.6254972298828578,0.6254972298828578,0.0,0.0,1.2509944597657157,1.2509944597657157,0.0,0.0
17031242600->17031242700,0.778299222698387,0.778299222698387,0.0,0.0,1.556598445396774,1.556598445396774,0.0,0.0
17031242600->17031242800,1.370885479316557,1.370885479316557,0.0,0.0,2.741770958633114,2.741770958633114,0.0,0.0
17031242600->17031242400,1.1933556204920601,1.1933556204920601,0.0,0.0,2.3867112409841202,2.3867112409841202,0.0,0.0
17031242600->17031241200,1.3420235018187099,1.3420235018187099,0.0,0.0,2.6840470036374198,2.6840470036374198,0.0,0.0
17031242600->17031240700,1.682102886672604,1.682102886672604,0.0,0.0,3.364205773345208,3.364205773345208,0.0,0.0
17031242600->17031240800,1.7852740667150704,1.7852740667150704,0.0,0.0,3.5705481334301408,3.5705481334301408,0.0,0.0
17031242600->17031242900,1.6548503216422035,1.6548503216422035,0.0,0.0,3.309700643284407,3.309700643284407,0.0,0.0
17031836700->17031837100,1.0933874871613976,1.0933874871613976,0.0,0.0,2.186774974322795,2.186774974322795,0.0,0.0
17031836700->17031242700,1.1815355989797787,1.1815355989797787,0.0,0.0,2.3630711979595573,2.3630711979595573,0.0,0.0
17031836700->17031231500,1.1972882924163935,1.1972882924163935,0.0,0.0,2.394576584832787,2.394576584832787,0.0,0.0
17031836700->17031836800,1.3506693665344485,1.3506693665344485,0.0,0.0,2.701338733068897,2.701338733068897,0.0,0.0
17031836700->17031836600,1.4191808363487168,1.4191808363487168,0.0,0.0,2.8383616726974337,2.8383616726974337,0.0,0.0
17031836700->17031836900,1.631523847139913,1.631523847139913,0.0,0.0,3.263047694279826,3.263047694279826,0.0,0.0
17031836700->17031271200,1.7397990196693585,1.7397990196693585,0.0,0.0,3.479598039338717,3.479598039338717,0.0,0.0
17031836700->17031240900,1.6615296256073602,1.6615296256073602,0.0,0.0,3.3230592512147203,3.3230592512147203,0.0,0.0
17031836700->17031271300,1.8798650406484745,1.8798650406484745,0.0,0.0,3.7597300812969485,3.7597300812969485,0.0,0.0
17031222200->17031240600,0.6825456104813487,0.6825456104813487,0.0,0.0,1.3650912209626973,1.3650912209626973,0.0,0.0
17031222200->17031832400,0.7082377799761463,0.7082377799761463,0.0,0.0,1.4164755599522927,1.4164755599522927,0.0,0.0
17031222200->17031240500,0.6844142475044921,0.6844142475044921,0.0,0.0,1.3688284950089842,1.3688284950089842,0.0,0.0
17031222200->17031832200,0.9313611229773092,0.9313611229773092,0.0,0.0,1.8627222459546184,1.8627222459546184,0.0,0.0
17031222200->17031831000,1.0180912269838949,1.0180912269838949,0.0,0.0,2.0361824539677897,2.0361824539677897,0.0,0.0
17031222200->17031241200,1.3695001229242514,1.3695001229242514,0.0,0.0,2.7390002458485028,2.7390002458485028,0.0,0.0
17031222200->17031240700,1.237203044188187,1.237203044188187,0.0,0.0,2.474406088376374,2.474406088376374,0.0,0.0
17031222200->17031221400,1.2757620160695955,1.2757620160695955,0.0,0.0,2.551524032139191,2.551524032139191,0.0,0.0
17031221400->17031221300,0.6213888166606698,0.6213888166606698,0.0,0.0,1.2427776333213396,1.2427776333213396,0.0,0.0
17031221400->17031832400,0.7422542781443812,0.7422542781443812,0.0,0.0,1.4845085562887623,1.4845085562887623,0.0,0.0
17031221400->17031220300,1.3044477883537136,1.3044477883537136,0.0,0.0,2.608895576707427,2.608895576707427,0.0,0.0
17031221400->17031240700,1.3932059331212203,1.3932059331212203,0.0,0.0,2.7864118662424406,2.7864118662424406,0.0,0.0
17031221400->17031221200,1.0700218143710878,1.0700218143710878,0.0,0.0,2.1400436287421756,2.1400436287421756,0.0,0.0
17031221400->17031240800,1.4759582372267304,1.4759582372267304,0.0,0.0,2.9519164744534607,2.9519164744534607,0.0,0.0
17031221400->17031220400,1.5450610872173265,1.5450610872173265,0.0,0.0,3.090122174434653,3.090122174434653,0.0,0.0
17031221300->17031221200,0.5263247579788913,0.5263247579788913,0.0,0.0,1.0526495159577827,1.0526495159577827,0.0,0.0
17031221300->17031220400,1.0933583341620825,1.0933583341620825,0.0,0.0,2.186716668324165,2.186716668324165,0.0,0.0
17031221300->17031220300,1.201985796041558,1.201985796041558,0.0,0.0,2.403971592083116,2.403971592083116,0.0,0.0
17031221300->17031832400,1.2862097843150329,1.2862097843150329,0.0,0.0,2.5724195686300657,2.5724195686300657,0.0,0.0
17031221300->17031240800,1.6405633149125798,1.6405633149125798,0.0,0.0,3.2811266298251596,3.2811266298251596,0.0,0.0
17031221300->17031210800,1.9567605361271505,1.9567605361271505,0.0,0.0,3.913521072254301,3.913521072254301,0.0,0.0
17031210900->17031210800,0.4108644474898725,0.4108644474898725,0.0,0.0,0.821728894979745,0.821728894979745,0.0,0.0
17031210900->17031220300,0.9666315975332821,0.9666315975332821,0.0,0.0,1.9332631950665642,1.9332631950665642,0.0,0.0
17031210900->17031220400,1.206758785917877,1.206758785917877,0.0,0.0,2.413517571835754,2.413517571835754,0.0,0.0
17031210900->17031051000,1.2564942100840384,1.2564942100840384,0.0,0.0,2.5129884201680768,2.5129884201680768,0.0,0.0
17031210900->17031210100,1.4320845297377915,1.4320845297377915,0.0,0.0,2.864169059475583,2.864169059475583,0.0,0.0
17031210900->17031210700,1.28111361786329,1.28111361786329,0.0,0.0,2.56222723572658,2.56222723572658,0.0,0.0
17031210800->17031210700,0.8721839212685009,0.8721839212685009,0.0,0.0,1.7443678425370017,1.7443678425370017,0.0,0.0
17031210800->17031220400,0.9491501909563936,0.9491501909563936,0.0,0.0,1.898300381912787,1.898300381912787,0.0,0.0
17031210800->17031220300,1.019815832816461,1.019815832816461,0.0,0.0,2.039631665632922,2.039631665632922,0.0,0.0
17031210800->17031210100,1.304974583113867,1.304974583113867,0.0,0.0,2.609949166227734,2.609949166227734,0.0,0.0
17031210800->17031051000,1.5836598048190131,1.5836598048190131,0.0,0.0,3.1673196096380263,3.1673196096380263,0.0,0.0
17031210800->17031160700,2.285693581315238,2.285693581315238,0.0,0.0,4.571387162630476,4.571387162630476,0.0,0.0
17031160700->17031160602,0.9941701136340939,0.9941701136340939,0.0,0.0,1.9883402272681878,1.9883402272681878,0.0,0.0
17031160700->17031210100,1.029202612778509,1.029202612778509,0.0,0.0,2.058405225557018,2.058405225557018,0.0,0.0
17031160700->17031160601,1.2954988422964642,1.2954988422964642,0.0,0.0,2.5909976845929283,2.5909976845929283,0.0,0.0
17031160700->17031140800,2.0972830537406084,2.0972830537406084,0.0,0.0,4.194566107481217,4.194566107481217,0.0,0.0
17031160700->17031160502,1.7333540372035363,1.7333540372035363,0.0,0.0,3.4667080744070726,3.4667080744070726,0.0,0.0
17031160700->17031051000,1.9407361396591432,1.9407361396591432,0.0,0.0,3.8814722793182863,3.8814722793182863,0.0,0.0
17031050500->17031050900,0.8194405648882446,0.8194405648882446,0.0,0.0,1.6388811297764891,1.6388811297764891,0.0,0.0
17031050500->17031050700,0.6911897252364235,0.6911897252364235,0.0,0.0,1.382379450472847,1.382379450472847,0.0,0.0
17031050500->17031050800,0.9032664832410618,0.9032664832410618,0.0,0.0,1.8065329664821237,1.8065329664821237,0.0,0.0
17031050500->17031051100,1.178815778699062,1.178815778699062,0.0,0.0,2.357631557398124,2.357631557398124,0.0,0.0
17031050500->17031060300,0.9809530686091444,0.9809530686091444,0.0,0.0,1.9619061372182887,1.9619061372182887,0.0,0.0
17031050500->17031050100,1.2176061418992294,1.2176061418992294,0.0,0.0,2.435212283798459,2.435212283798459,0.0,0.0
17031050500->17031051200,1.1925065878151022,1.1925065878151022,0.0,0.0,2.3850131756302044,2.3850131756302044,0.0,0.0
17031050500->17031051000,1.5294024340591839,1.5294024340591839,0.0,0.0,3.0588048681183677,3.0588048681183677,0.0,0.0
17031040900->17031040600,0.46695857369564475,0.46695857369564475,0.0,0.0,0.9339171473912895,0.9339171473912895,0.0,0.0
17031040900->17031830800,0.6964168500455313,0.6964168500455313,0.0,0.0,1.3928337000910627,1.3928337000910627,0.0,0.0
17031040900->17031040800,0.7662220585363054,0.7662220585363054,0.0,0.0,1.5324441170726109,1.5324441170726109,0.0,0.0
17031040900->17031040700,1.0097184605414067,1.0097184605414067,0.0,0.0,2.0194369210828134,2.0194369210828134,0.0,0.0
17031040900->17031040401,1.2865887301419874,1.2865887301419874,0.0,0.0,2.5731774602839748,2.5731774602839748,0.0,0.0
17031040900->17031050100,1.2403346113543448,1.2403346113543448,0.0,0.0,2.4806692227086895,2.4806692227086895,0.0,0.0
17031040900->17031040402,1.4426053111966919,1.4426053111966919,0.0,0.0,2.8852106223933838,2.8852106223933838,0.0,0.0
17031040900->17031031900,1.3728575116975203,1.3728575116975203,0.0,0.0,2.7457150233950407,2.7457150233950407,0.0,0.0
17031040900->17031031800,1.5195721016857855,1.5195721016857855,0.0,0.0,3.039144203371571,3.039144203371571,0.0,0.0
17031040900->17031040100,2.412111993039914,2.412111993039914,0.0,0.0,4.824223986079828,4.824223986079828,0.0,0.0
17031020802->17031020901,0.5854780512158532,0.5854780512158532,0.0,0.0,1.1709561024317063,1.1709561024317063,0.0,0.0
17031020802->17031020601,0.9255054143251488,0.9255054143251488,0.0,0.0,1.8510108286502975,1.8510108286502975,0.0,0.0
17031020802->17031020801,1.5902098372011972,1.5902098372011972,0.0,0.0,3.1804196744023945,3.1804196744023945,0.0,0.0
17031020802->17031020302,2.1891190589554745,2.1891190589554745,0.0,0.0,4.378238117910949,4.378238117910949,0.0,0.0
17031020802->17031020400,2.272194604754247,2.272194604754247,0.0,0.0,4.544389209508494,4.544389209508494,0.0,0.0
17031020802->17031020902,1.8337529576246114,1.8337529576246114,0.0,0.0,3.667505915249223,3.667505915249223,0.0,0.0
17031020802->17031020301,2.5962031427487084,2.5962031427487084,0.0,0.0,5.192406285497417,5.192406285497417,0.0,0.0
17031020301->17031808002,1.6738689073659352,1.6738689073659352,0.0,0.0,3.3477378147318704,3.3477378147318704,0.0,0.0
17031020301->17031020601,1.8507028133851107,1.8507028133851107,0.0,0.0,3.7014056267702213,3.7014056267702213,0.0,0.0
17031020301->17031020302,1.587109678161854,1.587109678161854,0.0,0.0,3.174219356323708,3.174219356323708,0.0,0.0
17031020301->17031130100,2.811324474769135,2.811324474769135,0.0,0.0,5.62264894953827,5.62264894953827,0.0,0.0
17031020301->17031807600,2.745359130063405,2.745359130063405,0.0,0.0,5.49071826012681,5.49071826012681,0.0,0.0
17031020301->17031808001,3.433145822536267,3.433145822536267,0.0,0.0,6.866291645072534,6.866291645072534,0.0,0.0
17031750400->17031720600,2.1000799925657114,2.1000799925657114,0.0,0.0,4.200159985131423,4.200159985131423,0.0,0.0
17031750400->17031720500,2.11162953432277,2.11162953432277,0.0,0.0,4.22325906864554,4.22325906864554,0.0,0.0
17031750400->17031740100,2.169129173064855,2.169129173064855,0.0,0.0,4.33825834612971,4.33825834612971,0.0,0.0
17031750400->17031823304,2.4070536904932456,2.4070536904932456,0.0,0.0,4.814107380986491,4.814107380986491,0.0,0.0
17031750400->17031750500,2.32366116431355,2.32366116431355,0.0,0.0,4.6473223286271,4.6473223286271,0.0,0.0
17031750400->17031740300,2.7150477499770926,2.7150477499770926,0.0,0.0,5.430095499954185,5.430095499954185,0.0,0.0
17031750400->17031720400,3.61516113706045,3.61516113706045,0.0,0.0,7.2303222741209,7.2303222741209,0.0,0.0
17031750400->17031740400,3.0833517556510484,3.0833517556510484,0.0,0.0,6.166703511302097,6.166703511302097,0.0,0.0
17031750400->17031821200,3.6203279991570865,3.6203279991570865,0.0,0.0,7.240655998314173,7.240655998314173,0.0,0.0
17031720300->17031720400,0.6170238777129357,0.6170238777129357,0.0,0.0,1.2340477554258713,1.2340477554258713,0.0,0.0
17031720300->17031720100,1.2025484931599162,1.2025484931599162,0.0,0.0,2.4050969863198324,2.4050969863198324,0.0,0.0
17031720300->17031720600,2.081850588021016,2.081850588021016,0.0,0.0,4.163701176042032,4.163701176042032,0.0,0.0
17031720300->17031720200,1.580700299222883,1.580700299222883,0.0,0.0,3.161400598445766,3.161400598445766,0.0,0.0
17031720300->17031720500,2.346943964062032,2.346943964062032,0.0,0.0,4.693887928124064,4.693887928124064,0.0,0.0
17031720300->17031821900,2.1367288218465053,2.1367288218465053,0.0,0.0,4.2734576436930105,4.2734576436930105,0.0,0.0
17031720300->17031821600,3.182333630625868,3.182333630625868,0.0,0.0,6.364667261251736,6.364667261251736,0.0,0.0
17031720300->17031821800,2.5113362963115993,2.5113362963115993,0.0,0.0,5.0226725926231985,5.0226725926231985,0.0,0.0
17031720400->17031821900,1.7200439569021506,1.7200439569021506,0.0,0.0,3.4400879138043012,3.4400879138043012,0.0,0.0
17031720400->17031720600,1.5587304168601284,1.5587304168601284,0.0,0.0,3.1174608337202567,3.1174608337202567,0.0,0.0
17031720400->17031720500,1.73187564251889,1.73187564251889,0.0,0.0,3.46375128503778,3.46375128503778,0.0,0.0
17031720400->17031720100,1.8173413051159504,1.8173413051159504,0.0,0.0,3.6346826102319008,3.6346826102319008,0.0,0.0
17031720400->17031720200,1.9765827397811717,1.9765827397811717,0.0,0.0,3.953165479562343,3.953165479562343,0.0,0.0
17031720400->17031821800,2.366901769101767,2.366901769101767,0.0,0.0,4.733803538203534,4.733803538203534,0.0,0.0
17031720400->17031821600,3.3475860355853633,3.3475860355853633,0.0,0.0,6.6951720711707265,6.6951720711707265,0.0,0.0
17031610300->17031610400,0.4725485617892948,0.4725485617892948,0.0,0.0,0.9450971235785897,0.9450971235785897,0.0,0.0
17031610300->17031611400,0.7277097410942918,0.7277097410942918,0.0,0.0,1.4554194821885835,1.4554194821885835,0.0,0.0
17031610300->17031611500,1.433277752904808,1.433277752904808,0.0,0.0,2.866555505809616,2.866555505809616,0.0,0.0
17031610300->17031611200,1.5602824782973623,1.5602824782973623,0.0,0.0,3.1205649565947247,3.1205649565947247,0.0,0.0
17031610300->17031590600,1.89567556551513,1.89567556551513,0.0,0.0,3.7913511310302597,3.7913511310302597,0.0,0.0
17031610300->17031590700,2.0199253619018487,2.0199253619018487,0.0,0.0,4.039850723803697,4.039850723803697,0.0,0.0
17031610300->17031611700,2.262344592467824,2.262344592467824,0.0,0.0,4.524689184935648,4.524689184935648,0.0,0.0
17031610300->17031611800,2.2910331007329208,2.2910331007329208,0.0,0.0,4.5820662014658415,4.5820662014658415,0.0,0.0
17031610300->17031611600,2.3626505972757736,2.3626505972757736,0.0,0.0,4.725301194551547,4.725301194551547,0.0,0.0
17031838100->17031832900,1.0955205315375713,1.0955205315375713,0.0,0.0,2.1910410630751427,2.1910410630751427,0.0,0.0
17031838100->17031838000,1.1782174717456029,1.1782174717456029,0.0,0.0,2.3564349434912057,2.3564349434912057,0.0,0.0
17031838100->17031838200,1.2864828034328673,1.2864828034328673,0.0,0.0,2.5729656068657345,2.5729656068657345,0.0,0.0
17031838100->17031280400,1.3394439960592168,1.3394439960592168,0.0,0.0,2.6788879921184336,2.6788879921184336,0.0,0.0
17031838100->17031842900,2.176225269560855,2.176225269560855,0.0,0.0,4.35245053912171,4.35245053912171,0.0,0.0
17031838100->17031243200,2.228345342722835,2.228345342722835,0.0,0.0,4.45669068544567,4.45669068544567,0.0,0.0
17031838100->17031243300,2.201452777738009,2.201452777738009,0.0,0.0,4.402905555476018,4.402905555476018,0.0,0.0
17031838100->17031283200,2.0100027628358514,2.0100027628358514,0.0,0.0,4.020005525671703,4.020005525671703,0.0,0.0
17031838100->17031280900,1.7403826080737437,1.7403826080737437,0.0,0.0,3.4807652161474874,3.4807652161474874,0.0,0.0
17031243200->17031243100,0.5182797611325124,0.5182797611325124,0.0,0.0,1.0365595222650248,1.0365595222650248,0.0,0.0
17031243200->17031243300,0.5364469950707732,0.5364469950707732,0.0,0.0,1.0728939901415464,1.0728939901415464,0.0,0.0
17031243200->17031280400,1.0464697725521073,1.0464697725521073,0.0,0.0,2.0929395451042145,2.0929395451042145,0.0,0.0
17031243200->17031242000,1.2096711575914134,1.2096711575914134,0.0,0.0,2.419342315182827,2.419342315182827,0.0,0.0
17031243200->17031242100,1.276130927312407,1.276130927312407,0.0,0.0,2.552261854624814,2.552261854624814,0.0,0.0
17031243200->17031242200,1.2462247132989004,1.2462247132989004,0.0,0.0,2.4924494265978008,2.4924494265978008,0.0,0.0
17031243200->17031243400,1.1182749553216649,1.1182749553216649,0.0,0.0,2.2365499106433298,2.2365499106433298,0.0,0.0
17031243200->17031242300,1.5644003133117683,1.5644003133117683,0.0,0.0,3.1288006266235366,3.1288006266235366,0.0,0.0
17031243200->17031241400,2.080090265483859,2.080090265483859,0.0,0.0,4.160180530967718,4.160180530967718,0.0,0.0
17031243100->17031242200,0.967055650393066,0.967055650393066,0.0,0.0,1.934111300786132,1.934111300786132,0.0,0.0
17031243100->17031280400,1.0924120770334915,1.0924120770334915,0.0,0.0,2.184824154066983,2.184824154066983,0.0,0.0
17031243100->17031242300,1.1278712055171283,1.1278712055171283,0.0,0.0,2.2557424110342565,2.2557424110342565,0.0,0.0
17031243100->17031242100,1.2178223241851789,1.2178223241851789,0.0,0.0,2.4356446483703578,2.4356446483703578,0.0,0.0
17031243100->17031243300,1.0537288771588316,1.0537288771588316,0.0,0.0,2.107457754317663,2.107457754317663,0.0,0.0
17031243100->17031242000,1.3497014327678634,1.3497014327678634,0.0,0.0,2.6994028655357267,2.6994028655357267,0.0,0.0
17031243100->17031242900,1.310988360215726,1.310988360215726,0.0,0.0,2.621976720431452,2.621976720431452,0.0,0.0
17031243100->17031242400,1.4283329536372555,1.4283329536372555,0.0,0.0,2.856665907274511,2.856665907274511,0.0,0.0
17031243100->17031243400,1.6269056446830434,1.6269056446830434,0.0,0.0,3.253811289366087,3.253811289366087,0.0,0.0
17031242200->17031242100,0.5487376676268638,0.5487376676268638,0.0,0.0,1.0974753352537276,1.0974753352537276,0.0,0.0
17031242200->17031242300,0.5717708297387725,0.5717708297387725,0.0,0.0,1.143541659477545,1.143541659477545,0.0,0.0
17031242200->17031241400,0.8921201575041355,0.8921201575041355,0.0,0.0,1.784240315008271,1.784240315008271,0.0,0.0
17031242200->17031242000,0.9884943639856911,0.9884943639856911,0.0,0.0,1.9769887279713825,1.9769887279713825,0.0,0.0
17031242200->17031241500,1.4712822723706231,1.4712822723706231,0.0,0.0,2.9425645447412463,2.9425645447412463,0.0,0.0
17031242200->17031242400,1.1432934509162436,1.1432934509162436,0.0,0.0,2.286586901832487,2.286586901832487,0.0,0.0
17031242200->17031241600,1.4829047317551178,1.4829047317551178,0.0,0.0,2.9658094635102357,2.9658094635102357,0.0,0.0
17031242200->17031240200,1.879599599095003,1.879599599095003,0.0,0.0,3.759199198190006,3.759199198190006,0.0,0.0
17031242200->17031280400,2.0592951681842173,2.0592951681842173,0.0,0.0,4.118590336368435,4.118590336368435,0.0,0.0
17031242200->17031242900,1.6541691059078416,1.6541691059078416,0.0,0.0,3.308338211815683,3.308338211815683,0.0,0.0
17031242200->17031243300,1.634143626732614,1.634143626732614,0.0,0.0,3.268287253465228,3.268287253465228,0.0,0.0
17031242000->17031242100,0.48606968462692235,0.48606968462692235,0.0,0.0,0.9721393692538447,0.9721393692538447,0.0,0.0
17031242000->17031241600,1.1094992526946503,1.1094992526946503,0.0,0.0,2.2189985053893007,2.2189985053893007,0.0,0.0
17031242000->17031243300,1.2433838671386177,1.2433838671386177,0.0,0.0,2.4867677342772354,2.4867677342772354,0.0,0.0
17031242000->17031243400,1.378651061654041,1.378651061654041,0.0,0.0,2.757302123308082,2.757302123308082,0.0,0.0
17031242000->17031241400,1.3137194681896673,1.3137194681896673,0.0,0.0,2.6274389363793347,2.6274389363793347,0.0,0.0
17031242000->17031241500,1.5663823157339367,1.5663823157339367,0.0,0.0,3.1327646314678734,3.1327646314678734,0.0,0.0
17031242000->17031240200,1.826604325944592,1.826604325944592,0.0,0.0,3.653208651889184,3.653208651889184,0.0,0.0
17031242000->17031243500,2.004292102095163,2.004292102095163,0.0,0.0,4.008584204190326,4.008584204190326,0.0,0.0
17031242100->17031241400,0.8940995198052247,0.8940995198052247,0.0,0.0,1.7881990396104495,1.7881990396104495,0.0,0.0
17031242100->17031241600,1.060215455531438,1.060215455531438,0.0,0.0,2.120430911062876,2.120430911062876,0.0,0.0
17031242100->17031241500,1.2892312728673008,1.2892312728673008,0.0,0.0,2.5784625457346015,2.5784625457346015,0.0,0.0
17031242100->17031242300,1.112204560801101,1.112204560801101,0.0,0.0,2.224409121602202,2.224409121602202,0.0,0.0
17031242100->17031243300,1.4933844981658262,1.4933844981658262,0.0,0.0,2.9867689963316524,2.9867689963316524,0.0,0.0
17031242100->17031240200,1.6320151710322817,1.6320151710322817,0.0,0.0,3.2640303420645633,3.2640303420645633,0.0,0.0
17031242100->17031243400,1.7665183721728797,1.7665183721728797,0.0,0.0,3.5330367443457593,3.5330367443457593,0.0,0.0
17031242300->17031242400,0.5772743839576293,0.5772743839576293,0.0,0.0,1.1545487679152586,1.1545487679152586,0.0,0.0
17031242300->17031241400,1.0905031801300422,1.0905031801300422,0.0,0.0,2.1810063602600844,2.1810063602600844,0.0,0.0
17031242300->17031242900,1.2551073210675299,1.2551073210675299,0.0,0.0,2.5102146421350597,2.5102146421350597,0.0,0.0
17031242300->17031242500,1.1089779506181239,1.1089779506181239,0.0,0.0,2.2179559012362478,2.2179559012362478,0.0,0.0
17031242300->17031241200,1.3901450441118834,1.3901450441118834,0.0,0.0,2.780290088223767,2.780290088223767,0.0,0.0
17031242300->17031280400,2.13458652078209,2.13458652078209,0.0,0.0,4.26917304156418,4.26917304156418,0.0,0.0
17031242300->17031242800,1.3900077322290687,1.3900077322290687,0.0,0.0,2.7800154644581374,2.7800154644581374,0.0,0.0
17031241500->17031240200,0.43070084309242584,0.43070084309242584,0.0,0.0,0.8614016861848517,0.8614016861848517,0.0,0.0
17031241500->17031241400,0.6279182338155005,0.6279182338155005,0.0,0.0,1.255836467631001,1.255836467631001,0.0,0.0
17031241500->17031241600,0.7117624642969097,0.7117624642969097,0.0,0.0,1.4235249285938194,1.4235249285938194,0.0,0.0
17031241500->17031831000,0.8766810791554491,0.8766810791554491,0.0,0.0,1.7533621583108983,1.7533621583108983,0.0,0.0
17031241500->17031832200,1.5479255939393093,1.5479255939393093,0.0,0.0,3.0958511878786186,3.0958511878786186,0.0,0.0
17031241400->17031831000,1.0834501537322219,1.0834501537322219,0.0,0.0,2.1669003074644437,2.1669003074644437,0.0,0.0
17031241400->17031240200,1.0581001620639265,1.0581001620639265,0.0,0.0,2.116200324127853,2.116200324127853,0.0,0.0
17031241400->17031241600,0.9844159411172237,0.9844159411172237,0.0,0.0,1.9688318822344475,1.9688318822344475,0.0,0.0
17031241600->17031240200,0.7787766584676664,0.7787766584676664,0.0,0.0,1.5575533169353328,1.5575533169353328,0.0,0.0
17031241600->17031831000,1.586978828069855,1.586978828069855,0.0,0.0,3.17395765613971,3.17395765613971,0.0,0.0
17031240200->17031831000,0.9973134539567556,0.9973134539567556,0.0,0.0,1.994626907913511,1.994626907913511,0.0,0.0
17031240200->17031832200,1.3789453770859654,1.3789453770859654,0.0,0.0,2.757890754171931,2.757890754171931,0.0,0.0
17031240200->17031832500,1.9745202810962417,1.9745202810962417,0.0,0.0,3.949040562192484,3.949040562192484,0.0,0.0
17031832500->17031071000,1.0923396047320921,1.0923396047320921,0.0,0.0,2.1846792094641843,2.1846792094641843,0.0,0.0
17031832500->17031070600,1.142982483014413,1.142982483014413,0.0,0.0,2.285964966028826,2.285964966028826,0.0,0.0
17031832500->17031070500,1.2546220375340444,1.2546220375340444,0.0,0.0,2.509244075068089,2.509244075068089,0.0,0.0
17031832500->17031070400,1.2826401726083059,1.2826401726083059,0.0,0.0,2.5652803452166117,2.5652803452166117,0.0,0.0
17031832500->17031062700,2.063812590842176,2.063812590842176,0.0,0.0,4.127625181684352,4.127625181684352,0.0,0.0
17031832500->17031062800,2.1694632182189135,2.1694632182189135,0.0,0.0,4.338926436437827,4.338926436437827,0.0,0.0
17031051300->17031051200,1.3144272182237065,1.3144272182237065,0.0,0.0,2.628854436447413,2.628854436447413,0.0,0.0
17031051300->17031062500,1.3390145707848942,1.3390145707848942,0.0,0.0,2.6780291415697883,2.6780291415697883,0.0,0.0
17031051300->17031051100,1.445362775083531,1.445362775083531,0.0,0.0,2.890725550167062,2.890725550167062,0.0,0.0
17031051300->17031062700,1.2822914233181266,1.2822914233181266,0.0,0.0,2.5645828466362532,2.5645828466362532,0.0,0.0
17031051300->17031050800,1.6993898285704223,1.6993898285704223,0.0,0.0,3.3987796571408446,3.3987796571408446,0.0,0.0
17031051300->17031070600,1.4498673335846712,1.4498673335846712,0.0,0.0,2.8997346671693425,2.8997346671693425,0.0,0.0
17031062700->17031062800,0.47867801027379925,0.47867801027379925,0.0,0.0,0.9573560205475985,0.9573560205475985,0.0,0.0
17031062700->17031070600,0.9225769310527318,0.9225769310527318,0.0,0.0,1.8451538621054635,1.8451538621054635,0.0,0.0
17031062700->17031070500,1.0365910567426364,1.0365910567426364,0.0,0.0,2.073182113485273,2.073182113485273,0.0,0.0
17031062700->17031062500,1.06240966940513,1.06240966940513,0.0,0.0,2.12481933881026,2.12481933881026,0.0,0.0
17031062700->17031062300,1.1329394122124221,1.1329394122124221,0.0,0.0,2.2658788244248442,2.2658788244248442,0.0,0.0
17031062700->17031831900,1.4904181836597743,1.4904181836597743,0.0,0.0,2.9808363673195486,2.9808363673195486,0.0,0.0
17031062700->17031062900,1.146682806887267,1.146682806887267,0.0,0.0,2.293365613774534,2.293365613774534,0.0,0.0
17031061500->17031061200,0.3689155547804597,0.3689155547804597,0.0,0.0,0.7378311095609194,0.7378311095609194,0.0,0.0
17031061500->17031831900,0.5746679795518391,0.5746679795518391,0.0,0.0,1.1493359591036783,1.1493359591036783,0.0,0.0
17031061500->17031062300,0.8882253639123973,0.8882253639123973,0.0,0.0,1.7764507278247945,1.7764507278247945,0.0,0.0
17031061500->17031060500,1.0330375861379113,1.0330375861379113,0.0,0.0,2.0660751722758226,2.0660751722758226,0.0,0.0
17031061500->17031061100,0.8660038853493887,0.8660038853493887,0.0,0.0,1.7320077706987773,1.7320077706987773,0.0,0.0
17031061500->17031062200,1.0746624255569688,1.0746624255569688,0.0,0.0,2.1493248511139376,2.1493248511139376,0.0,0.0
17031061500->17031062500,1.1455673577339027,1.1455673577339027,0.0,0.0,2.2911347154678054,2.2911347154678054,0.0,0.0
17031061500->17031062800,1.5352896897279573,1.5352896897279573,0.0,0.0,3.0705793794559146,3.0705793794559146,0.0,0.0
17031061500->17031060100,1.5420360211457445,1.5420360211457445,0.0,0.0,3.084072042291489,3.084072042291489,0.0,0.0
17031031800->17031031900,0.480559876172069,0.480559876172069,0.0,0.0,0.9611197523441379,0.9611197523441379,0.0,0.0
17031031800->17031031700,0.839312098812029,0.839312098812029,0.0,0.0,1.678624197624058,1.678624197624058,0.0,0.0
17031031800->17031031000,0.910854104264477,0.910854104264477,0.0,0.0,1.821708208528954,1.821708208528954,0.0,0.0
17031031800->17031830800,0.8240637531261955,0.8240637531261955,0.0,0.0,1.648127506252391,1.648127506252391,0.0,0.0
17031031800->17031060200,1.0800225393056788,1.0800225393056788,0.0,0.0,2.1600450786113576,2.1600450786113576,0.0,0.0
17031031800->17031040402,1.1482691509598284,1.1482691509598284,0.0,0.0,2.296538301919657,2.296538301919657,0.0,0.0
17031031800->17031031100,1.421540741800369,1.421540741800369,0.0,0.0,2.843081483600738,2.843081483600738,0.0,0.0
17031031800->17031060100,1.6114781257756419,1.6114781257756419,0.0,0.0,3.2229562515512837,3.2229562515512837,0.0,0.0
17031031800->17031050100,1.6408605643388858,1.6408605643388858,0.0,0.0,3.2817211286777717,3.2817211286777717,0.0,0.0
17031031800->17031040100,2.192433601268439,2.192433601268439,0.0,0.0,4.384867202536878,4.384867202536878,0.0,0.0
17031040402->17031031000,0.830362689417994,0.830362689417994,0.0,0.0,1.660725378835988,1.660725378835988,0.0,0.0
17031040402->17031830800,1.1014804178451096,1.1014804178451096,0.0,0.0,2.2029608356902193,2.2029608356902193,0.0,0.0
17031040402->17031040100,1.1240884156898208,1.1240884156898208,0.0,0.0,2.2481768313796415,2.2481768313796415,0.0,0.0
17031040402->17031040600,1.1134441062082505,1.1134441062082505,0.0,0.0,2.226888212416501,2.226888212416501,0.0,0.0
17031040402->17031040401,0.9969836338308019,0.9969836338308019,0.0,0.0,1.9939672676616038,1.9939672676616038,0.0,0.0
17031040402->17031031900,1.4880115724651317,1.4880115724651317,0.0,0.0,2.9760231449302634,2.9760231449302634,0.0,0.0
17031040402->17031060200,2.040857170738799,2.040857170738799,0.0,0.0,4.081714341477598,4.081714341477598,0.0,0.0
17031830600->17031030300,1.0564328510874488,1.0564328510874488,0.0,0.0,2.1128657021748976,2.1128657021748976,0.0,0.0
17031830600->17031010702,1.222082095170584,1.222082095170584,0.0,0.0,2.444164190341168,2.444164190341168,0.0,0.0
17031830600->17031020902,1.2113602827253946,1.2113602827253946,0.0,0.0,2.4227205654507893,2.4227205654507893,0.0,0.0
17031830600->17031010701,1.358414469344197,1.358414469344197,0.0,0.0,2.716828938688394,2.716828938688394,0.0,0.0
17031830600->17031010501,1.331484985122423,1.331484985122423,0.0,0.0,2.662969970244846,2.662969970244846,0.0,0.0
17031830600->17031010502,1.276115873656683,1.276115873656683,0.0,0.0,2.552231747313366,2.552231747313366,0.0,0.0
17031830600->17031010503,1.2747687186021708,1.2747687186021708,0.0,0.0,2.5495374372043416,2.5495374372043416,0.0,0.0
17031830600->17031010400,1.552452509360112,1.552452509360112,0.0,0.0,3.104905018720224,3.104905018720224,0.0,0.0
17031830600->17031020400,1.7261872330097112,1.7261872330097112,0.0,0.0,3.4523744660194224,3.4523744660194224,0.0,0.0
17031830600->17031010300,2.105141559793337,2.105141559793337,0.0,0.0,4.210283119586674,4.210283119586674,0.0,0.0
17031010501->17031010502,0.5844949118425603,0.5844949118425603,0.0,0.0,1.1689898236851206,1.1689898236851206,0.0,0.0
17031010501->17031010400,0.9817065550561399,0.9817065550561399,0.0,0.0,1.96341311011228,1.96341311011228,0.0,0.0
17031010501->17031010300,1.134003450390861,1.134003450390861,0.0,0.0,2.268006900781722,2.268006900781722,0.0,0.0
17031010501->17031010503,1.148092545819847,1.148092545819847,0.0,0.0,2.296185091639694,2.296185091639694,0.0,0.0
17031010501->17031010702,1.140819470298223,1.140819470298223,0.0,0.0,2.281638940596446,2.281638940596446,0.0,0.0
17031010501->17031030104,1.872184258244262,1.872184258244262,0.0,0.0,3.744368516488524,3.744368516488524,0.0,0.0
17031010501->17031010100,2.13072756539231,2.13072756539231,0.0,0.0,4.26145513078462,4.26145513078462,0.0,0.0
17031010502->17031010400,0.42301350228311885,0.42301350228311885,0.0,0.0,0.8460270045662377,0.8460270045662377,0.0,0.0
17031010502->17031010503,0.5830361635267652,0.5830361635267652,0.0,0.0,1.1660723270535305,1.1660723270535305,0.0,0.0
17031010502->17031030104,1.2877241870492504,1.2877241870492504,0.0,0.0,2.575448374098501,2.575448374098501,0.0,0.0
17031010502->17031030103,1.5545226632546754,1.5545226632546754,0.0,0.0,3.1090453265093507,3.1090453265093507,0.0,0.0
17031010502->17031010300,1.713906283625099,1.713906283625099,0.0,0.0,3.427812567250198,3.427812567250198,0.0,0.0
17031010502->17031010702,1.5837624527728449,1.5837624527728449,0.0,0.0,3.1675249055456898,3.1675249055456898,0.0,0.0
17031010502->17031030300,1.8638960371832656,1.8638960371832656,0.0,0.0,3.727792074366531,3.727792074366531,0.0,0.0
17031010502->17031010100,2.714851306235343,2.714851306235343,0.0,0.0,5.429702612470686,5.429702612470686,0.0,0.0
17031839700->17031839900,1.0209142756873661,1.0209142756873661,0.0,0.0,2.0418285513747323,2.0418285513747323,0.0,0.0
17031839700->17031600600,1.3058023750938457,1.3058023750938457,0.0,0.0,2.6116047501876913,2.6116047501876913,0.0,0.0
17031839700->17031839800,1.1630257213451578,1.1630257213451578,0.0,0.0,2.3260514426903156,2.3260514426903156,0.0,0.0
17031839700->17031600700,1.7248934996363676,1.7248934996363676,0.0,0.0,3.4497869992727352,3.4497869992727352,0.0,0.0
17031839700->17031840200,2.02142578839789,2.02142578839789,0.0,0.0,4.04285157679578,4.04285157679578,0.0,0.0
17031839700->17031840100,2.1291473889663393,2.1291473889663393,0.0,0.0,4.2582947779326785,4.2582947779326785,0.0,0.0
17031839700->17031590700,2.1811294981117055,2.1811294981117055,0.0,0.0,4.362258996223411,4.362258996223411,0.0,0.0
17031839900->17031839800,1.346577011666642,1.346577011666642,0.0,0.0,2.693154023333284,2.693154023333284,0.0,0.0
17031839900->17031600600,2.2457162870383867,2.2457162870383867,0.0,0.0,4.491432574076773,4.491432574076773,0.0,0.0
17031839900->17031340600,1.7833874792027309,1.7833874792027309,0.0,0.0,3.5667749584054618,3.5667749584054618,0.0,0.0
17031839900->17031340500,2.0139855199670467,2.0139855199670467,0.0,0.0,4.027971039934093,4.027971039934093,0.0,0.0
17031839900->17031840100,2.3004649648124262,2.3004649648124262,0.0,0.0,4.6009299296248525,4.6009299296248525,0.0,0.0
17031243400->17031243300,0.5927849094760756,0.5927849094760756,0.0,0.0,1.1855698189521513,1.1855698189521513,0.0,0.0
17031243400->17031243500,0.8571398233100008,0.8571398233100008,0.0,0.0,1.7142796466200017,1.7142796466200017,0.0,0.0
17031243400->17031280400,1.7995313900540282,1.7995313900540282,0.0,0.0,3.5990627801080564,3.5990627801080564,0.0,0.0
17031832600->17031071800,0.6790089968509577,0.6790089968509577,0.0,0.0,1.3580179937019154,1.3580179937019154,0.0,0.0
17031832600->17031071100,1.1495657378055066,1.1495657378055066,0.0,0.0,2.2991314756110133,2.2991314756110133,0.0,0.0
17031832600->17031071000,1.4764115939308144,1.4764115939308144,0.0,0.0,2.952823187861629,2.952823187861629,0.0,0.0
17031832600->17031071600,1.2688824832852992,1.2688824832852992,0.0,0.0,2.5377649665705984,2.5377649665705984,0.0,0.0
17031832600->17031071700,1.3657310088917645,1.3657310088917645,0.0,0.0,2.731462017783529,2.731462017783529,0.0,0.0
17031832600->17031071300,1.5931331366653163,1.5931331366653163,0.0,0.0,3.1862662733306326,3.1862662733306326,0.0,0.0
17031071000->17031071100,0.6448380173420106,0.6448380173420106,0.0,0.0,1.2896760346840213,1.2896760346840213,0.0,0.0
17031071000->17031070400,0.851562998585297,0.851562998585297,0.0,0.0,1.703125997170594,1.703125997170594,0.0,0.0
17031071000->17031070500,1.3645428509773556,1.3645428509773556,0.0,0.0,2.7290857019547112,2.7290857019547112,0.0,0.0
17031071000->17031071800,1.5682840452135673,1.5682840452135673,0.0,0.0,3.1365680904271347,3.1365680904271347,0.0,0.0
17031071000->17031070600,1.605952268195787,1.605952268195787,0.0,0.0,3.211904536391574,3.211904536391574,0.0,0.0
17031071100->17031071800,1.0030558323524608,1.0030558323524608,0.0,0.0,2.0061116647049215,2.0061116647049215,0.0,0.0
17031071100->17031071300,0.9782812131004438,0.9782812131004438,0.0,0.0,1.9565624262008876,1.9565624262008876,0.0,0.0
17031071100->17031070400,1.3207209900969377,1.3207209900969377,0.0,0.0,2.6414419801938753,2.6414419801938753,0.0,0.0
17031071100->17031071600,1.2753148445216669,1.2753148445216669,0.0,0.0,2.5506296890433338,2.5506296890433338,0.0,0.0
17031071100->17031070103,1.3081396236487643,1.3081396236487643,0.0,0.0,2.6162792472975287,2.6162792472975287,0.0,0.0
17031063000->17031062900,0.5671759417646473,0.5671759417646473,0.0,0.0,1.1343518835292945,1.1343518835292945,0.0,0.0
17031063000->17031063400,0.5955418792618528,0.5955418792618528,0.0,0.0,1.1910837585237055,1.1910837585237055,0.0,0.0
17031063000->17031062100,0.7965653058987725,0.7965653058987725,0.0,0.0,1.593130611797545,1.593130611797545,0.0,0.0
17031063000->17031063100,0.7019067983287058,0.7019067983287058,0.0,0.0,1.4038135966574117,1.4038135966574117,0.0,0.0
17031063000->17031062000,0.9254579682558397,0.9254579682558397,0.0,0.0,1.8509159365116794,1.8509159365116794,0.0,0.0
17031063000->17031062200,1.0772327007426508,1.0772327007426508,0.0,0.0,2.1544654014853015,2.1544654014853015,0.0,0.0
17031063000->17031063301,1.071083308481048,1.071083308481048,0.0,0.0,2.142166616962096,2.142166616962096,0.0,0.0
17031063000->17031832000,1.4335858007936153,1.4335858007936153,0.0,0.0,2.8671716015872306,2.8671716015872306,0.0,0.0
17031063000->17031070400,1.368221897222914,1.368221897222914,0.0,0.0,2.736443794445828,2.736443794445828,0.0,0.0
17031063000->17031070500,1.4261446418222778,1.4261446418222778,0.0,0.0,2.8522892836445557,2.8522892836445557,0.0,0.0
17031063100->17031062000,0.3366463219768174,0.3366463219768174,0.0,0.0,0.6732926439536348,0.6732926439536348,0.0,0.0
17031063100->17031063400,0.6105487805813004,0.6105487805813004,0.0,0.0,1.2210975611626007,1.2210975611626007,0.0,0.0
17031063100->17031062100,0.6877877336604987,0.6877877336604987,0.0,0.0,1.3755754673209974,1.3755754673209974,0.0,0.0
17031063100->17031061901,0.7775978289709603,0.7775978289709603,0.0,0.0,1.5551956579419206,1.5551956579419206,0.0,0.0
17031063100->17031063301,0.8231928733420545,0.8231928733420545,0.0,0.0,1.646385746684109,1.646385746684109,0.0,0.0
17031063100->17031063200,0.74112931445097,0.74112931445097,0.0,0.0,1.48225862890194,1.48225862890194,0.0,0.0
17031063100->17031061902,0.8461104756169296,0.8461104756169296,0.0,0.0,1.6922209512338593,1.6922209512338593,0.0,0.0
17031063100->17031063302,1.0222446095137148,1.0222446095137148,0.0,0.0,2.0444892190274295,2.0444892190274295,0.0,0.0
17031063100->17031070102,1.403211545084083,1.403211545084083,0.0,0.0,2.806423090168166,2.806423090168166,0.0,0.0
17031063100->17031062900,1.111088318032686,1.111088318032686,0.0,0.0,2.222176636065372,2.222176636065372,0.0,0.0
17031832000->17031061000,0.3839735620436763,0.3839735620436763,0.0,0.0,0.7679471240873526,0.7679471240873526,0.0,0.0
17031832000->17031062100,0.6397492982587183,0.6397492982587183,0.0,0.0,1.2794985965174366,1.2794985965174366,0.0,0.0
17031832000->17031062200,0.6911043634286219,0.6911043634286219,0.0,0.0,1.3822087268572438,1.3822087268572438,0.0,0.0
17031832000->17031061100,0.7007970820602926,0.7007970820602926,0.0,0.0,1.4015941641205851,1.4015941641205851,0.0,0.0
17031832000->17031062000,0.9279752977222401,0.9279752977222401,0.0,0.0,1.8559505954444802,1.8559505954444802,0.0,0.0
17031832000->17031832100,1.1537711937657804,1.1537711937657804,0.0,0.0,2.307542387531561,2.307542387531561,0.0,0.0
17031832000->17031062300,1.007882666000412,1.007882666000412,0.0,0.0,2.015765332000824,2.015765332000824,0.0,0.0
17031832000->17031060800,1.2167001632929142,1.2167001632929142,0.0,0.0,2.4334003265858284,2.4334003265858284,0.0,0.0
17031832000->17031062900,1.2947603090189044,1.2947603090189044,0.0,0.0,2.5895206180378088,2.5895206180378088,0.0,0.0
17031061000->17031061100,0.5593258325808047,0.5593258325808047,0.0,0.0,1.1186516651616094,1.1186516651616094,0.0,0.0
17031061000->17031832100,0.7733492350377317,0.7733492350377317,0.0,0.0,1.5466984700754633,1.5466984700754633,0.0,0.0
17031061000->17031060800,0.8585796012656104,0.8585796012656104,0.0,0.0,1.7171592025312208,1.7171592025312208,0.0,0.0
17031061000->17031062100,1.0171557966959637,1.0171557966959637,0.0,0.0,2.0343115933919274,2.0343115933919274,0.0,0.0
17031061000->17031062200,1.0250001689305792,1.0250001689305792,0.0,0.0,2.0500003378611584,2.0500003378611584,0.0,0.0
17031061000->17031062000,1.215949024452751,1.215949024452751,0.0,0.0,2.431898048905502,2.431898048905502,0.0,0.0
17031061000->17031061200,1.072799518483041,1.072799518483041,0.0,0.0,2.145599036966082,2.145599036966082,0.0,0.0
17031061000->17031031400,1.9700358406330205,1.9700358406330205,0.0,0.0,3.940071681266041,3.940071681266041,0.0,0.0
17031061000->17031032100,1.683240863793125,1.683240863793125,0.0,0.0,3.36648172758625,3.36648172758625,0.0,0.0
17031031700->17031031100,1.1819967722192473,1.1819967722192473,0.0,0.0,2.3639935444384945,2.3639935444384945,0.0,0.0
17031031700->17031031200,1.0980534854455029,1.0980534854455029,0.0,0.0,2.1961069708910057,2.1961069708910057,0.0,0.0
17031031700->17031031900,1.0016086099928394,1.0016086099928394,0.0,0.0,2.003217219985679,2.003217219985679,0.0,0.0
17031031700->17031031000,1.2636827624708558,1.2636827624708558,0.0,0.0,2.5273655249417115,2.5273655249417115,0.0,0.0
17031031700->17031060100,1.454374662715572,1.454374662715572,0.0,0.0,2.908749325431144,2.908749325431144,0.0,0.0
17031031700->17031060200,1.3587483595975864,1.3587483595975864,0.0,0.0,2.717496719195173,2.717496719195173,0.0,0.0
17031031700->17031031501,1.2134965355569791,1.2134965355569791,0.0,0.0,2.4269930711139582,2.4269930711139582,0.0,0.0
17031031700->17031031502,1.2626164560532218,1.2626164560532218,0.0,0.0,2.5252329121064436,2.5252329121064436,0.0,0.0
17031031700->17031032100,1.5825508089842917,1.5825508089842917,0.0,0.0,3.1651016179685834,3.1651016179685834,0.0,0.0
17031491400->17031491300,0.3556721197470983,0.3556721197470983,0.0,0.0,0.7113442394941966,0.7113442394941966,0.0,0.0
17031491400->17031490901,1.1337557972571461,1.1337557972571461,0.0,0.0,2.2675115945142923,2.2675115945142923,0.0,0.0
17031491400->17031491000,1.5652527409959387,1.5652527409959387,0.0,0.0,3.1305054819918774,3.1305054819918774,0.0,0.0
17031491400->17031490902,2.0886184419034834,2.0886184419034834,0.0,0.0,4.177236883806967,4.177236883806967,0.0,0.0
17031491400->17031530200,2.052751212050614,2.052751212050614,0.0,0.0,4.105502424101228,4.105502424101228,0.0,0.0
17031491400->17031530600,2.6625024814232163,2.6625024814232163,0.0,0.0,5.325004962846433,5.325004962846433,0.0,0.0
17031491400->17031491100,2.314015439254645,2.314015439254645,0.0,0.0,4.62803087850929,4.62803087850929,0.0,0.0
17031491400->17031490800,2.79525290615997,2.79525290615997,0.0,0.0,5.59050581231994,5.59050581231994,0.0,0.0
17031491400->17031491200,2.373175762462061,2.373175762462061,0.0,0.0,4.746351524924122,4.746351524924122,0.0,0.0
17031491400->17031540102,4.0812186789902976,4.0812186789902976,0.0,0.0,8.162437357980595,8.162437357980595,0.0,0.0
17031691300->17031691400,1.1157960673758085,1.1157960673758085,0.0,0.0,2.231592134751617,2.231592134751617,0.0,0.0
17031691300->17031691200,1.2608916267700028,1.2608916267700028,0.0,0.0,2.5217832535400055,2.5217832535400055,0.0,0.0
17031691300->17031440300,1.6465403400110878,1.6465403400110878,0.0,0.0,3.2930806800221757,3.2930806800221757,0.0,0.0
17031691300->17031690900,1.4460879034540024,1.4460879034540024,0.0,0.0,2.892175806908005,2.892175806908005,0.0,0.0
17031691300->17031691100,1.6048390429753723,1.6048390429753723,0.0,0.0,3.2096780859507446,3.2096780859507446,0.0,0.0
17031691300->17031690400,1.944786923632392,1.944786923632392,0.0,0.0,3.8895738472647836,3.8895738472647836,0.0,0.0
17031691300->17031690300,1.8244595663779644,1.8244595663779644,0.0,0.0,3.6489191327559287,3.6489191327559287,0.0,0.0
17031691300->17031440201,1.7925152397846362,1.7925152397846362,0.0,0.0,3.5850304795692725,3.5850304795692725,0.0,0.0
17031691300->17031690500,2.0260471374394857,2.0260471374394857,0.0,0.0,4.0520942748789714,4.0520942748789714,0.0,0.0
17031351400->17031351500,0.5771381573078445,0.5771381573078445,0.0,0.0,1.154276314615689,1.154276314615689,0.0,0.0
17031351400->17031839600,0.6309540600856166,0.6309540600856166,0.0,0.0,1.2619081201712332,1.2619081201712332,0.0,0.0
17031351400->17031380500,1.0372650119918643,1.0372650119918643,0.0,0.0,2.0745300239837285,2.0745300239837285,0.0,0.0
17031351400->17031835900,1.0529190831190987,1.0529190831190987,0.0,0.0,2.1058381662381973,2.1058381662381973,0.0,0.0
17031351400->17031839500,1.149776480083433,1.149776480083433,0.0,0.0,2.299552960166866,2.299552960166866,0.0,0.0
17031351400->17031340600,1.058952311225095,1.058952311225095,0.0,0.0,2.11790462245019,2.11790462245019,0.0,0.0
17031351400->17031380200,1.548770005829246,1.548770005829246,0.0,0.0,3.097540011658492,3.097540011658492,0.0,0.0
17031351400->17031835500,1.6250125456751983,1.6250125456751983,0.0,0.0,3.2500250913503965,3.2500250913503965,0.0,0.0
17031351400->17031351000,1.7360622376030477,1.7360622376030477,0.0,0.0,3.4721244752060954,3.4721244752060954,0.0,0.0
17031351400->17031360200,1.5325535943353474,1.5325535943353474,0.0,0.0,3.065107188670695,3.065107188670695,0.0,0.0
17031841100->17031310200,1.1612282632259399,1.1612282632259399,0.0,0.0,2.3224565264518797,2.3224565264518797,0.0,0.0
17031841100->17031340300,1.804460228589224,1.804460228589224,0.0,0.0,3.608920457178448,3.608920457178448,0.0,0.0
17031841100->17031340400,1.9308113558401754,1.9308113558401754,0.0,0.0,3.8616227116803508,3.8616227116803508,0.0,0.0
17031841100->17031841000,1.6217920461869542,1.6217920461869542,0.0,0.0,3.2435840923739083,3.2435840923739083,0.0,0.0
17031841100->17031350400,2.0015011175511557,2.0015011175511557,0.0,0.0,4.003002235102311,4.003002235102311,0.0,0.0
17031841100->17031840100,2.1600918653676837,2.1600918653676837,0.0,0.0,4.320183730735367,4.320183730735367,0.0,0.0
17031841100->17031310300,1.6872830429208816,1.6872830429208816,0.0,0.0,3.374566085841763,3.374566085841763,0.0,0.0
17031841000->17031839200,1.183516608732376,1.183516608732376,0.0,0.0,2.367033217464752,2.367033217464752,0.0,0.0
17031841000->17031350100,1.5266191875971742,1.5266191875971742,0.0,0.0,3.0532383751943484,3.0532383751943484,0.0,0.0
17031841000->17031350400,1.5216081135170108,1.5216081135170108,0.0,0.0,3.0432162270340215,3.0432162270340215,0.0,0.0
17031841000->17031340400,1.9202637269723453,1.9202637269723453,0.0,0.0,3.84052745394469,3.84052745394469,0.0,0.0
17031841000->17031839500,2.556458348346358,2.556458348346358,0.0,0.0,5.112916696692716,5.112916696692716,0.0,0.0
17031841000->17031340300,2.121369764382098,2.121369764382098,0.0,0.0,4.242739528764196,4.242739528764196,0.0,0.0
17031081800->17031081900,0.8294798181237958,0.8294798181237958,0.0,0.0,1.6589596362475916,1.6589596362475916,0.0,0.0
17031081800->17031081000,1.1615949346585548,1.1615949346585548,0.0,0.0,2.3231898693171096,2.3231898693171096,0.0,0.0
17031081800->17031838300,1.4554644459304507,1.4554644459304507,0.0,0.0,2.9109288918609013,2.9109288918609013,0.0,0.0
17031081800->17031081100,1.5517287228017964,1.5517287228017964,0.0,0.0,3.103457445603593,3.103457445603593,0.0,0.0
17031081800->17031081201,1.5400215019492243,1.5400215019492243,0.0,0.0,3.0800430038984485,3.0800430038984485,0.0,0.0
17031081800->17031243500,1.8513217300942824,1.8513217300942824,0.0,0.0,3.7026434601885647,3.7026434601885647,0.0,0.0
17031081000->17031081100,0.43227074064873444,0.43227074064873444,0.0,0.0,0.8645414812974689,0.8645414812974689,0.0,0.0
17031081000->17031081201,0.6778738060440651,0.6778738060440651,0.0,0.0,1.3557476120881302,1.3557476120881302,0.0,0.0
17031081000->17031080202,1.0297464255858577,1.0297464255858577,0.0,0.0,2.0594928511717154,2.0594928511717154,0.0,0.0
17031081000->17031838300,0.8754013723974846,0.8754013723974846,0.0,0.0,1.7508027447949692,1.7508027447949692,0.0,0.0
17031081000->17031080100,1.4781380154177028,1.4781380154177028,0.0,0.0,2.9562760308354057,2.9562760308354057,0.0,0.0
17031081000->17031081300,1.3551413169411382,1.3551413169411382,0.0,0.0,2.7102826338822763,2.7102826338822763,0.0,0.0
17031081000->17031081900,1.1629212221991596,1.1629212221991596,0.0,0.0,2.325842444398319,2.325842444398319,0.0,0.0
17031081000->17031080201,1.6468896090224983,1.6468896090224983,0.0,0.0,3.2937792180449965,3.2937792180449965,0.0,0.0
17031063303->17031063302,0.38161815873471405,0.38161815873471405,0.0,0.0,0.7632363174694281,0.7632363174694281,0.0,0.0
17031063303->17031063200,0.6565888973297657,0.6565888973297657,0.0,0.0,1.3131777946595313,1.3131777946595313,0.0,0.0
17031063303->17031063301,0.6605385558814695,0.6605385558814695,0.0,0.0,1.321077111762939,1.321077111762939,0.0,0.0
17031063303->17031070101,0.9327617777522982,0.9327617777522982,0.0,0.0,1.8655235555045964,1.8655235555045964,0.0,0.0
17031063303->17031070102,0.8337787525763402,0.8337787525763402,0.0,0.0,1.6675575051526803,1.6675575051526803,0.0,0.0
17031063303->17031061902,1.3454438209590935,1.3454438209590935,0.0,0.0,2.690887641918187,2.690887641918187,0.0,0.0
17031063303->17031070103,1.3227363997714916,1.3227363997714916,0.0,0.0,2.645472799542983,2.645472799542983,0.0,0.0
17031063303->17031063400,1.1414949609275404,1.1414949609275404,0.0,0.0,2.282989921855081,2.282989921855081,0.0,0.0
17031063303->17031061901,1.5602777603002607,1.5602777603002607,0.0,0.0,3.1205555206005213,3.1205555206005213,0.0,0.0
17031063303->17031071400,1.8835574782456985,1.8835574782456985,0.0,0.0,3.7671149564913966,3.7671149564913966,0.0,0.0
17031440102->17031440202,0.8716618265574533,0.8716618265574533,0.0,0.0,1.7433236531149066,1.7433236531149066,0.0,0.0
17031440102->17031440101,0.8869063952369576,0.8869063952369576,0.0,0.0,1.7738127904739152,1.7738127904739152,0.0,0.0
17031440102->17031440201,0.9777029202490907,0.9777029202490907,0.0,0.0,1.9554058404981813,1.9554058404981813,0.0,0.0
17031440102->17031440700,1.1683131728126235,1.1683131728126235,0.0,0.0,2.336626345625247,2.336626345625247,0.0,0.0
17031440102->17031440800,1.820750965963229,1.820750965963229,0.0,0.0,3.641501931926458,3.641501931926458,0.0,0.0
17031440102->17031691400,1.653938997399704,1.653938997399704,0.0,0.0,3.307877994799408,3.307877994799408,0.0,0.0
17031440102->17031691500,1.8886178509168265,1.8886178509168265,0.0,0.0,3.7772357018336526,3.7772357018336526,0.0,0.0
17031440102->17031440300,1.7922553632724212,1.7922553632724212,0.0,0.0,3.5845107265448424,3.5845107265448424,0.0,0.0
17031440102->17031440900,2.3500003836451246,2.3500003836451246,0.0,0.0,4.700000767290249,4.700000767290249,0.0,0.0
17031440102->17031440600,2.037576340893801,2.037576340893801,0.0,0.0,4.075152681787602,4.075152681787602,0.0,0.0
17031440102->17031470100,2.1916559340064174,2.1916559340064174,0.0,0.0,4.383311868012835,4.383311868012835,0.0,0.0
17031440300->17031691400,1.0175305066678755,1.0175305066678755,0.0,0.0,2.035061013335751,2.035061013335751,0.0,0.0
17031440300->17031440201,1.159409679069079,1.159409679069079,0.0,0.0,2.318819358138158,2.318819358138158,0.0,0.0
17031440300->17031440600,1.5568624437002885,1.5568624437002885,0.0,0.0,3.113724887400577,3.113724887400577,0.0,0.0
17031440300->17031440202,1.5582871851308326,1.5582871851308326,0.0,0.0,3.1165743702616653,3.1165743702616653,0.0,0.0
17031440300->17031691200,1.9817316738355029,1.9817316738355029,0.0,0.0,3.9634633476710053,3.9634633476710053,0.0,0.0
17031440300->17031440700,2.042807057684473,2.042807057684473,0.0,0.0,4.085614115368946,4.085614115368946,0.0,0.0
17031440300->17031710900,2.4046991947184715,2.4046991947184715,0.0,0.0,4.809398389436943,4.809398389436943,0.0,0.0
17031410800->17031410700,0.6166401118458015,0.6166401118458015,0.0,0.0,1.233280223691603,1.233280223691603,0.0,0.0
17031410800->17031410100,0.6460594113273832,0.6460594113273832,0.0,0.0,1.2921188226547664,1.2921188226547664,0.0,0.0
17031410800->17031410900,0.6972479910541454,0.6972479910541454,0.0,0.0,1.3944959821082907,1.3944959821082907,0.0,0.0
17031410800->17031411100,0.8517991990824344,0.8517991990824344,0.0,0.0,1.7035983981648688,1.7035983981648688,0.0,0.0
17031410800->17031411000,0.8921865497920186,0.8921865497920186,0.0,0.0,1.7843730995840372,1.7843730995840372,0.0,0.0
17031410800->17031411200,0.9163056827808713,0.9163056827808713,0.0,0.0,1.8326113655617426,1.8326113655617426,0.0,0.0
17031410800->17031410200,0.8853625286748882,0.8853625286748882,0.0,0.0,1.7707250573497764,1.7707250573497764,0.0,0.0
17031410800->17031390600,1.112952951091248,1.112952951091248,0.0,0.0,2.225905902182496,2.225905902182496,0.0,0.0
17031410800->17031390700,1.1973242562386166,1.1973242562386166,0.0,0.0,2.394648512477233,2.394648512477233,0.0,0.0
17031410800->17031410600,1.04379815842476,1.04379815842476,0.0,0.0,2.08759631684952,2.08759631684952,0.0,0.0
17031510200->17031838800,0.9852999522315775,0.9852999522315775,0.0,0.0,1.970599904463155,1.970599904463155,0.0,0.0
17031510200->17031480400,3.464283915789205,3.464283915789205,0.0,0.0,6.92856783157841,6.92856783157841,0.0,0.0
17031510200->17031480500,3.887529722824993,3.887529722824993,0.0,0.0,7.775059445649985,7.775059445649985,0.0,0.0
17031510200->17031520600,3.4386064780164154,3.4386064780164154,0.0,0.0,6.877212956032831,6.877212956032831,0.0,0.0
17031510200->17031550200,8.504281502438483,8.504281502438483,0.0,0.0,17.008563004876965,17.008563004876965,0.0,0.0
17031510200->17031520400,3.9178087839377587,3.9178087839377587,0.0,0.0,7.835617567875518,7.835617567875518,0.0,0.0
17031510200->17031520500,3.8033673633923506,3.8033673633923506,0.0,0.0,7.606734726784701,7.606734726784701,0.0,0.0
17031838800->17031480400,3.9389304174812207,3.9389304174812207,0.0,0.0,7.8778608349624415,7.8778608349624415,0.0,0.0
17031838800->17031520600,3.3566858140893037,3.3566858140893037,0.0,0.0,6.713371628178607,6.713371628178607,0.0,0.0
17031838800->17031500100,3.346093384067564,3.346093384067564,0.0,0.0,6.692186768135128,6.692186768135128,0.0,0.0
17031838800->17031480500,4.619272583220811,4.619272583220811,0.0,0.0,9.238545166441622,9.238545166441622,0.0,0.0
17031838800->17031550200,7.762220780606609,7.762220780606609,0.0,0.0,15.52444156121322,15.52444156121322,0.0,0.0
17031838800->17031520400,4.466467431927926,4.466467431927926,0.0,0.0,8.932934863855852,8.932934863855852,0.0,0.0
17031838800->17031520500,4.063880601552783,4.063880601552783,0.0,0.0,8.127761203105566,8.127761203105566,0.0,0.0
17031550200->17031520600,6.172728367588756,6.172728367588756,0.0,0.0,12.345456735177512,12.345456735177512,0.0,0.0
17031550200->17031520500,7.336949109123976,7.336949109123976,0.0,0.0,14.673898218247952,14.673898218247952,0.0,0.0
17031550200->17031540102,6.148411169662525,6.148411169662525,0.0,0.0,12.29682233932505,12.29682233932505,0.0,0.0
17031550200->17031520400,8.66677621285068,8.66677621285068,0.0,0.0,17.33355242570136,17.33355242570136,0.0,0.0
17031550200->17031530600,7.744738298941296,7.744738298941296,0.0,0.0,15.489476597882593,15.489476597882593,0.0,0.0
17031460100->17031460200,0.6803520836494643,0.6803520836494643,0.0,0.0,1.3607041672989286,1.3607041672989286,0.0,0.0
17031460100->17031431301,1.862916625828864,1.862916625828864,0.0,0.0,3.725833251657728,3.725833251657728,0.0,0.0
17031460100->17031460600,2.3196685460994004,2.3196685460994004,0.0,0.0,4.639337092198801,4.639337092198801,0.0,0.0
17031460100->17031431302,2.380409020355084,2.380409020355084,0.0,0.0,4.760818040710168,4.760818040710168,0.0,0.0
17031460100->17031460400,2.2117790344202657,2.2117790344202657,0.0,0.0,4.423558068840531,4.423558068840531,0.0,0.0
17031460200->17031460600,1.7716456747341014,1.7716456747341014,0.0,0.0,3.543291349468203,3.543291349468203,0.0,0.0
17031460200->17031431301,2.3176274138519704,2.3176274138519704,0.0,0.0,4.635254827703941,4.635254827703941,0.0,0.0
17031460200->17031460400,2.50367367614204,2.50367367614204,0.0,0.0,5.00734735228408,5.00734735228408,0.0,0.0
17031460200->17031480500,2.5537409578035724,2.5537409578035724,0.0,0.0,5.107481915607145,5.107481915607145,0.0,0.0
17031520400->17031520500,1.3299606379683648,1.3299606379683648,0.0,0.0,2.6599212759367297,2.6599212759367297,0.0,0.0
17031520400->17031520600,2.619078910872183,2.619078910872183,0.0,0.0,5.238157821744366,5.238157821744366,0.0,0.0
17031750500->17031750600,1.2096868536709073,1.2096868536709073,0.0,0.0,2.4193737073418147,2.4193737073418147,0.0,0.0
17031750500->17031530400,2.4064857342795625,2.4064857342795625,0.0,0.0,4.812971468559125,4.812971468559125,0.0,0.0
17031750500->17031730700,2.598394895924221,2.598394895924221,0.0,0.0,5.196789791848442,5.196789791848442,0.0,0.0
17031750500->17031821200,2.828755412884891,2.828755412884891,0.0,0.0,5.657510825769782,5.657510825769782,0.0,0.0
17031750500->17031530300,2.3250815681118358,2.3250815681118358,0.0,0.0,4.6501631362236715,4.6501631362236715,0.0,0.0
17031750500->17031821402,4.003037209833826,4.003037209833826,0.0,0.0,8.006074419667652,8.006074419667652,0.0,0.0
17031411200->17031411100,0.5044689852190792,0.5044689852190792,0.0,0.0,1.0089379704381585,1.0089379704381585,0.0,0.0
17031411200->17031836200,0.7538749132979218,0.7538749132979218,0.0,0.0,1.5077498265958436,1.5077498265958436,0.0,0.0
17031411200->17031410700,0.9490017349748265,0.9490017349748265,0.0,0.0,1.898003469949653,1.898003469949653,0.0,0.0
17031411200->17031410600,1.0310138794694446,1.0310138794694446,0.0,0.0,2.062027758938889,2.062027758938889,0.0,0.0
17031411200->17031411000,0.9284471544345705,0.9284471544345705,0.0,0.0,1.856894308869141,1.856894308869141,0.0,0.0
17031411200->17031420300,1.3577889773671121,1.3577889773671121,0.0,0.0,2.7155779547342243,2.7155779547342243,0.0,0.0
17031411200->17031410200,1.435719377226221,1.435719377226221,0.0,0.0,2.871438754452442,2.871438754452442,0.0,0.0
17031411200->17031420200,1.5429695924233116,1.5429695924233116,0.0,0.0,3.085939184846623,3.085939184846623,0.0,0.0
17031411200->17031410500,1.367218022535387,1.367218022535387,0.0,0.0,2.734436045070774,2.734436045070774,0.0,0.0
17031411200->17031420100,1.6117860674533167,1.6117860674533167,0.0,0.0,3.2235721349066333,3.2235721349066333,0.0,0.0
17031411200->17031420400,1.787436302512245,1.787436302512245,0.0,0.0,3.57487260502449,3.57487260502449,0.0,0.0
17031411200->17031410900,1.4095039803770948,1.4095039803770948,0.0,0.0,2.8190079607541896,2.8190079607541896,0.0,0.0
17031411200->17031410100,1.5607805133524006,1.5607805133524006,0.0,0.0,3.1215610267048013,3.1215610267048013,0.0,0.0
17031411200->17031834400,2.1393044168863176,2.1393044168863176,0.0,0.0,4.278608833772635,4.278608833772635,0.0,0.0
17031220601->17031220901,1.3249908880162897,1.3249908880162897,0.0,0.0,2.6499817760325795,2.6499817760325795,0.0,0.0
17031220601->17031222800,1.538987653019129,1.538987653019129,0.0,0.0,3.077975306038258,3.077975306038258,0.0,0.0
17031220601->17031210601,1.9569269678023475,1.9569269678023475,0.0,0.0,3.9138539356046946,3.9138539356046946,0.0,0.0
17031220601->17031220400,1.4988441842785498,1.4988441842785498,0.0,0.0,2.9976883685570996,2.9976883685570996,0.0,0.0
17031220601->17031210700,1.6257486916200725,1.6257486916200725,0.0,0.0,3.251497383240145,3.251497383240145,0.0,0.0
17031071400->17031071300,0.599502598177771,0.599502598177771,0.0,0.0,1.199005196355542,1.199005196355542,0.0,0.0
17031071400->17031070103,0.8482060368048848,0.8482060368048848,0.0,0.0,1.6964120736097696,1.6964120736097696,0.0,0.0
17031071400->17031070101,1.0631740120782271,1.0631740120782271,0.0,0.0,2.1263480241564543,2.1263480241564543,0.0,0.0
17031071400->17031071600,1.014097973304775,1.014097973304775,0.0,0.0,2.02819594660955,2.02819594660955,0.0,0.0
17031071400->17031071500,1.3464554075907862,1.3464554075907862,0.0,0.0,2.6929108151815724,2.6929108151815724,0.0,0.0
17031071400->17031070102,1.4838971737773796,1.4838971737773796,0.0,0.0,2.9677943475547592,2.9677943475547592,0.0,0.0
17031071400->17031071700,1.5735431149042103,1.5735431149042103,0.0,0.0,3.1470862298084206,3.1470862298084206,0.0,0.0
17031071400->17031071800,1.4935196249214464,1.4935196249214464,0.0,0.0,2.987039249842893,2.987039249842893,0.0,0.0
17031600700->17031600600,0.9113649255439467,0.9113649255439467,0.0,0.0,1.8227298510878933,1.8227298510878933,0.0,0.0
17031600700->17031840200,1.3127728027104475,1.3127728027104475,0.0,0.0,2.625545605420895,2.625545605420895,0.0,0.0
17031600700->17031310700,2.078958465207942,2.078958465207942,0.0,0.0,4.157916930415884,4.157916930415884,0.0,0.0
17031600700->17031310600,2.415027953999075,2.415027953999075,0.0,0.0,4.83005590799815,4.83005590799815,0.0,0.0
17031600700->17031310500,2.325819272228458,2.325819272228458,0.0,0.0,4.651638544456916,4.651638544456916,0.0,0.0
17031600700->17031590700,2.649768806616658,2.649768806616658,0.0,0.0,5.299537613233316,5.299537613233316,0.0,0.0
17031351000->17031839500,0.8817660218213594,0.8817660218213594,0.0,0.0,1.7635320436427189,1.7635320436427189,0.0,0.0
17031351000->17031836500,1.0173690660516441,1.0173690660516441,0.0,0.0,2.0347381321032882,2.0347381321032882,0.0,0.0
17031351000->17031350100,1.1354507836933119,1.1354507836933119,0.0,0.0,2.2709015673866237,2.2709015673866237,0.0,0.0
17031351000->17031360200,1.2892908602123163,1.2892908602123163,0.0,0.0,2.5785817204246326,2.5785817204246326,0.0,0.0
17031351000->17031839600,1.1777059141016881,1.1777059141016881,0.0,0.0,2.3554118282033762,2.3554118282033762,0.0,0.0
17031351000->17031839200,1.7124217664189347,1.7124217664189347,0.0,0.0,3.4248435328378695,3.4248435328378695,0.0,0.0
17031351000->17031835900,2.200556775871901,2.200556775871901,0.0,0.0,4.401113551743802,4.401113551743802,0.0,0.0
17031130100->17031130300,0.6620285283857564,0.6620285283857564,0.0,0.0,1.3240570567715129,1.3240570567715129,0.0,0.0
17031130100->17031808002,1.989781326651148,1.989781326651148,0.0,0.0,3.979562653302296,3.979562653302296,0.0,0.0
17031130100->17031831800,2.304859043561464,2.304859043561464,0.0,0.0,4.609718087122928,4.609718087122928,0.0,0.0
17031130100->17031020601,2.0668541680013304,2.0668541680013304,0.0,0.0,4.133708336002661,4.133708336002661,0.0,0.0
17031130100->17031140100,3.0565323546190273,3.0565323546190273,0.0,0.0,6.113064709238055,6.113064709238055,0.0,0.0
17031130100->17031140200,3.1910527446878514,3.1910527446878514,0.0,0.0,6.382105489375703,6.382105489375703,0.0,0.0
17031130100->17031808001,3.1679119710665344,3.1679119710665344,0.0,0.0,6.335823942133069,6.335823942133069,0.0,0.0
17031130100->17031807600,4.5587867788768826,4.5587867788768826,0.0,0.0,9.117573557753765,9.117573557753765,0.0,0.0
17031833300->17031283200,0.7417504477925724,0.7417504477925724,0.0,0.0,1.4835008955851448,1.4835008955851448,0.0,0.0
17031833300->17031283800,0.9019873609537544,0.9019873609537544,0.0,0.0,1.8039747219075088,1.8039747219075088,0.0,0.0
17031833300->17031832900,1.2297909079644564,1.2297909079644564,0.0,0.0,2.459581815928913,2.459581815928913,0.0,0.0
17031833300->17031310400,1.951041958077645,1.951041958077645,0.0,0.0,3.9020839161552905,3.9020839161552905,0.0,0.0
17031833300->17031310300,2.107361541033045,2.107361541033045,0.0,0.0,4.21472308206609,4.21472308206609,0.0,0.0
17031170100->17031150502,0.8782569541215872,0.8782569541215872,0.0,0.0,1.7565139082431744,1.7565139082431744,0.0,0.0
17031170100->17031810600,1.40146901296009,1.40146901296009,0.0,0.0,2.80293802592018,2.80293802592018,0.0,0.0
17031170100->17031170200,1.491250056157004,1.491250056157004,0.0,0.0,2.982500112314008,2.982500112314008,0.0,0.0
17031170100->17031150501,1.6708071404107578,1.6708071404107578,0.0,0.0,3.3416142808215157,3.3416142808215157,0.0,0.0
17031170100->17031100700,2.436859532938077,2.436859532938077,0.0,0.0,4.873719065876154,4.873719065876154,0.0,0.0
17031170100->17031171100,2.9812019608118336,2.9812019608118336,0.0,0.0,5.962403921623667,5.962403921623667,0.0,0.0
17031170100->17031810502,2.3925651174115674,2.3925651174115674,0.0,0.0,4.785130234823135,4.785130234823135,0.0,0.0
17031081201->17031081100,0.4390710996652079,0.4390710996652079,0.0,0.0,0.8781421993304158,0.8781421993304158,0.0,0.0
17031081201->17031081300,0.6802740356421869,0.6802740356421869,0.0,0.0,1.3605480712843738,1.3605480712843738,0.0,0.0
17031081201->17031080202,1.1727146115890632,1.1727146115890632,0.0,0.0,2.3454292231781264,2.3454292231781264,0.0,0.0
17031081201->17031080100,1.4294898791705108,1.4294898791705108,0.0,0.0,2.8589797583410217,2.8589797583410217,0.0,0.0
17031081201->17031081402,1.5951383517592546,1.5951383517592546,0.0,0.0,3.190276703518509,3.190276703518509,0.0,0.0
17031620200->17031570500,0.6035719797130832,0.6035719797130832,0.0,0.0,1.2071439594261664,1.2071439594261664,0.0,0.0
17031620200->17031650200,1.6854642960208757,1.6854642960208757,0.0,0.0,3.3709285920417513,3.3709285920417513,0.0,0.0
17031620200->17031570400,1.5981642598409784,1.5981642598409784,0.0,0.0,3.196328519681957,3.196328519681957,0.0,0.0
17031620200->17031620400,1.8653517966283528,1.8653517966283528,0.0,0.0,3.7307035932567056,3.7307035932567056,0.0,0.0
17031620200->17031560100,2.7324353926324827,2.7324353926324827,0.0,0.0,5.464870785264965,5.464870785264965,0.0,0.0
17031620200->17031560300,2.346377366096003,2.346377366096003,0.0,0.0,4.692754732192006,4.692754732192006,0.0,0.0
17031620200->17031640100,2.860337414396093,2.860337414396093,0.0,0.0,5.720674828792186,5.720674828792186,0.0,0.0
17031620200->17031560200,3.261215696014519,3.261215696014519,0.0,0.0,6.522431392029038,6.522431392029038,0.0,0.0
17031560100->17031560200,0.6185344084096736,0.6185344084096736,0.0,0.0,1.237068816819347,1.237068816819347,0.0,0.0
17031560100->17031560300,0.788922427823588,0.788922427823588,0.0,0.0,1.577844855647176,1.577844855647176,0.0,0.0
17031560100->17031570500,2.1296221405895985,2.1296221405895985,0.0,0.0,4.259244281179197,4.259244281179197,0.0,0.0
17031560100->17031570200,2.536618561728794,2.536618561728794,0.0,0.0,5.073237123457588,5.073237123457588,0.0,0.0
17031560300->17031560200,1.0221611914601831,1.0221611914601831,0.0,0.0,2.0443223829203663,2.0443223829203663,0.0,0.0
17031560300->17031570500,1.7827911818530515,1.7827911818530515,0.0,0.0,3.565582363706103,3.565582363706103,0.0,0.0
17031560300->17031980100,3.0446263534261124,3.0446263534261124,0.0,0.0,6.089252706852225,6.089252706852225,0.0,0.0
17031640100->17031980100,1.54890217649285,1.54890217649285,0.0,0.0,3.0978043529857,3.0978043529857,0.0,0.0
17031640100->17031650200,1.8241566604154948,1.8241566604154948,0.0,0.0,3.6483133208309897,3.6483133208309897,0.0,0.0
17031640100->17031570500,3.208402962730871,3.208402962730871,0.0,0.0,6.416805925461742,6.416805925461742,0.0,0.0
17031640100->17031650400,2.7484800202079684,2.7484800202079684,0.0,0.0,5.496960040415937,5.496960040415937,0.0,0.0
17031640100->17031640600,2.9154099872257966,2.9154099872257966,0.0,0.0,5.830819974451593,5.830819974451593,0.0,0.0
17031640100->17031820902,4.132027843225624,4.132027843225624,0.0,0.0,8.264055686451249,8.264055686451249,0.0,0.0
17031700200->17031700301,0.9276181470951002,0.9276181470951002,0.0,0.0,1.8552362941902003,1.8552362941902003,0.0,0.0
17031700200->17031822000,2.8870522516745036,2.8870522516745036,0.0,0.0,5.774104503349007,5.774104503349007,0.0,0.0
17031700200->17031821102,2.317138120497438,2.317138120497438,0.0,0.0,4.634276240994876,4.634276240994876,0.0,0.0
17031700200->17031650400,3.1291723226670336,3.1291723226670336,0.0,0.0,6.258344645334067,6.258344645334067,0.0,0.0
17031700200->17031820902,2.5762731263303684,2.5762731263303684,0.0,0.0,5.152546252660737,5.152546252660737,0.0,0.0
17031700200->17031822102,4.393767874721496,4.393767874721496,0.0,0.0,8.787535749442991,8.787535749442991,0.0,0.0
17031700301->17031821102,1.4594203160780472,1.4594203160780472,0.0,0.0,2.9188406321560945,2.9188406321560945,0.0,0.0
17031700301->17031820902,1.7754303141241945,1.7754303141241945,0.0,0.0,3.550860628248389,3.550860628248389,0.0,0.0
17031700301->17031822000,2.893718119924919,2.893718119924919,0.0,0.0,5.787436239849838,5.787436239849838,0.0,0.0
17031700301->17031650400,3.6870320813422133,3.6870320813422133,0.0,0.0,7.3740641626844265,7.3740641626844265,0.0,0.0
17031700301->17031822102,4.333132322696837,4.333132322696837,0.0,0.0,8.666264645393674,8.666264645393674,0.0,0.0
17031301801->17031301802,0.7458865475463692,0.7458865475463692,0.0,0.0,1.4917730950927384,1.4917730950927384,0.0,0.0
17031301801->17031300500,1.1296174498454326,1.1296174498454326,0.0,0.0,2.259234899690865,2.259234899690865,0.0,0.0
17031301801->17031843400,1.3793672439363176,1.3793672439363176,0.0,0.0,2.758734487872635,2.758734487872635,0.0,0.0
17031301801->17031292500,1.7370231956247737,1.7370231956247737,0.0,0.0,3.4740463912495474,3.4740463912495474,0.0,0.0
17031301801->17031830500,1.5640742514933206,1.5640742514933206,0.0,0.0,3.128148502986641,3.128148502986641,0.0,0.0
17031301801->17031301702,1.473578790220022,1.473578790220022,0.0,0.0,2.947157580440044,2.947157580440044,0.0,0.0
17031301801->17031813801,1.5991643450621067,1.5991643450621067,0.0,0.0,3.1983286901242134,3.1983286901242134,0.0,0.0
17031301801->17031300600,1.903265084390864,1.903265084390864,0.0,0.0,3.806530168781728,3.806530168781728,0.0,0.0
17031301801->17031813702,2.35792707176613,2.35792707176613,0.0,0.0,4.71585414353226,4.71585414353226,0.0,0.0
17031301801->17031814200,2.0499018025266196,2.0499018025266196,0.0,0.0,4.099803605053239,4.099803605053239,0.0,0.0
17031200402->17031200300,0.8602855458450591,0.8602855458450591,0.0,0.0,1.7205710916901182,1.7205710916901182,0.0,0.0
17031200402->17031220901,0.9632419520482101,0.9632419520482101,0.0,0.0,1.9264839040964201,1.9264839040964201,0.0,0.0
17031200402->17031200401,1.0045244521629575,1.0045244521629575,0.0,0.0,2.009048904325915,2.009048904325915,0.0,0.0
17031200402->17031230500,1.3697108311715673,1.3697108311715673,0.0,0.0,2.7394216623431347,2.7394216623431347,0.0,0.0
17031200402->17031222900,1.1722388153049819,1.1722388153049819,0.0,0.0,2.3444776306099637,2.3444776306099637,0.0,0.0
17031200402->17031200200,1.5134659197041485,1.5134659197041485,0.0,0.0,3.026931839408297,3.026931839408297,0.0,0.0
17031191000->17031191100,0.6740864418365012,0.6740864418365012,0.0,0.0,1.3481728836730025,1.3481728836730025,0.0,0.0
17031191000->17031200401,0.9798016589472412,0.9798016589472412,0.0,0.0,1.9596033178944825,1.9596033178944825,0.0,0.0
17031191000->17031190800,1.149290351463174,1.149290351463174,0.0,0.0,2.298580702926348,2.298580702926348,0.0,0.0
17031191000->17031200200,1.482381690272449,1.482381690272449,0.0,0.0,2.964763380544898,2.964763380544898,0.0,0.0
17031191000->17031200300,1.3570215268890542,1.3570215268890542,0.0,0.0,2.7140430537781084,2.7140430537781084,0.0,0.0
17031191000->17031250200,1.8749697144586581,1.8749697144586581,0.0,0.0,3.7499394289173162,3.7499394289173162,0.0,0.0
17031191000->17031191200,1.692464219235318,1.692464219235318,0.0,0.0,3.384928438470636,3.384928438470636,0.0,0.0
17031230500->17031200401,1.5894314546315966,1.5894314546315966,0.0,0.0,3.1788629092631933,3.1788629092631933,0.0,0.0
17031230500->17031230700,1.4717772459363718,1.4717772459363718,0.0,0.0,2.9435544918727437,2.9435544918727437,0.0,0.0
17031230500->17031842100,1.7923254610959116,1.7923254610959116,0.0,0.0,3.5846509221918232,3.5846509221918232,0.0,0.0
17031230500->17031200300,1.99618151339067,1.99618151339067,0.0,0.0,3.99236302678134,3.99236302678134,0.0,0.0
17031230500->17031222900,1.6682912515348816,1.6682912515348816,0.0,0.0,3.336582503069763,3.336582503069763,0.0,0.0
17031250200->17031191100,1.3693673526522983,1.3693673526522983,0.0,0.0,2.7387347053045965,2.7387347053045965,0.0,0.0
17031250200->17031251000,1.759165799220167,1.759165799220167,0.0,0.0,3.518331598440334,3.518331598440334,0.0,0.0
17031250200->17031251100,1.7415828666461957,1.7415828666461957,0.0,0.0,3.4831657332923913,3.4831657332923913,0.0,0.0
17031250200->17031200401,1.9693800158895285,1.9693800158895285,0.0,0.0,3.9387600317790565,3.9387600317790565,0.0,0.0
17031250200->17031191200,1.9306237121508434,1.9306237121508434,0.0,0.0,3.8612474243016863,3.8612474243016863,0.0,0.0
17031250200->17031250300,1.7692015998445068,1.7692015998445068,0.0,0.0,3.5384031996890135,3.5384031996890135,0.0,0.0
17031140500->17031140601,0.7056857212414859,0.7056857212414859,0.0,0.0,1.4113714424829717,1.4113714424829717,0.0,0.0
17031140500->17031160100,1.3223351489547233,1.3223351489547233,0.0,0.0,2.6446702979094465,2.6446702979094465,0.0,0.0
17031140500->17031140301,0.9741611029701666,0.9741611029701666,0.0,0.0,1.948322205940333,1.948322205940333,0.0,0.0
17031140500->17031160300,1.5455144412674962,1.5455144412674962,0.0,0.0,3.0910288825349923,3.0910288825349923,0.0,0.0
17031140500->17031140602,1.2905730495271415,1.2905730495271415,0.0,0.0,2.581146099054283,2.581146099054283,0.0,0.0
17031640600->17031640300,0.8583254588449412,0.8583254588449412,0.0,0.0,1.7166509176898823,1.7166509176898823,0.0,0.0
17031640600->17031820901,2.5002529465504937,2.5002529465504937,0.0,0.0,5.000505893100987,5.000505893100987,0.0,0.0
17031640600->17031980100,2.2012150599229376,2.2012150599229376,0.0,0.0,4.402430119845875,4.402430119845875,0.0,0.0
17031640600->17031561100,2.781345786403103,2.781345786403103,0.0,0.0,5.562691572806206,5.562691572806206,0.0,0.0
17031640600->17031820902,4.002494765040032,4.002494765040032,0.0,0.0,8.004989530080064,8.004989530080064,0.0,0.0
17031252202->17031260500,0.826611926434583,0.826611926434583,0.0,0.0,1.653223852869166,1.653223852869166,0.0,0.0
17031252202->17031252201,0.9912927801557455,0.9912927801557455,0.0,0.0,1.982585560311491,1.982585560311491,0.0,0.0
17031252202->17031251800,1.209355529504178,1.209355529504178,0.0,0.0,2.418711059008356,2.418711059008356,0.0,0.0
17031252202->17031260400,1.4605771630282982,1.4605771630282982,0.0,0.0,2.9211543260565964,2.9211543260565964,0.0,0.0
17031252202->17031260600,1.2820302557602303,1.2820302557602303,0.0,0.0,2.5640605115204607,2.5640605115204607,0.0,0.0
17031252202->17031261000,1.535925576365982,1.535925576365982,0.0,0.0,3.071851152731964,3.071851152731964,0.0,0.0
17031252202->17031260300,1.8013300717956835,1.8013300717956835,0.0,0.0,3.602660143591367,3.602660143591367,0.0,0.0
17031252202->17031813302,2.1161705160023647,2.1161705160023647,0.0,0.0,4.232341032004729,4.232341032004729,0.0,0.0
17031252202->17031251700,2.4154031827901683,2.4154031827901683,0.0,0.0,4.830806365580337,4.830806365580337,0.0,0.0
17031252202->17031813301,2.4624842119765216,2.4624842119765216,0.0,0.0,4.924968423953043,4.924968423953043,0.0,0.0
17031252202->17031813702,3.232467369273392,3.232467369273392,0.0,0.0,6.464934738546784,6.464934738546784,0.0,0.0
17031251600->17031251500,0.4844678145295705,0.4844678145295705,0.0,0.0,0.968935629059141,0.968935629059141,0.0,0.0
17031251600->17031251100,1.252940350475955,1.252940350475955,0.0,0.0,2.50588070095191,2.50588070095191,0.0,0.0
17031251600->17031251200,1.4256616898724928,1.4256616898724928,0.0,0.0,2.8513233797449855,2.8513233797449855,0.0,0.0
17031251600->17031251700,1.242959821968667,1.242959821968667,0.0,0.0,2.485919643937334,2.485919643937334,0.0,0.0
17031251600->17031251000,1.4790228683707518,1.4790228683707518,0.0,0.0,2.9580457367415036,2.9580457367415036,0.0,0.0
17031251600->17031251800,1.6605141838752833,1.6605141838752833,0.0,0.0,3.3210283677505665,3.3210283677505665,0.0,0.0
17031251600->17031252000,1.7871397249817365,1.7871397249817365,0.0,0.0,3.574279449963473,3.574279449963473,0.0,0.0
17031251600->17031251400,1.7416016420002356,1.7416016420002356,0.0,0.0,3.483203284000471,3.483203284000471,0.0,0.0
17031251600->17031252201,2.462510695261374,2.462510695261374,0.0,0.0,4.925021390522748,4.925021390522748,0.0,0.0
17031251600->17031252101,2.2421307359769136,2.2421307359769136,0.0,0.0,4.484261471953827,4.484261471953827,0.0,0.0
17031251500->17031251200,1.02736196437485,1.02736196437485,0.0,0.0,2.0547239287497,2.0547239287497,0.0,0.0
17031251500->17031251100,1.2430638212651008,1.2430638212651008,0.0,0.0,2.4861276425302017,2.4861276425302017,0.0,0.0
17031251500->17031251400,1.4100604111936572,1.4100604111936572,0.0,0.0,2.8201208223873144,2.8201208223873144,0.0,0.0
17031251500->17031251300,1.4820805147247116,1.4820805147247116,0.0,0.0,2.964161029449423,2.964161029449423,0.0,0.0
17031251500->17031252000,1.637123843526676,1.637123843526676,0.0,0.0,3.274247687053352,3.274247687053352,0.0,0.0
17031251500->17031251000,1.6296222749020155,1.6296222749020155,0.0,0.0,3.259244549804031,3.259244549804031,0.0,0.0
17031251500->17031251700,1.6776126257842676,1.6776126257842676,0.0,0.0,3.3552252515685352,3.3552252515685352,0.0,0.0
17031251500->17031252101,2.2489575695843205,2.2489575695843205,0.0,0.0,4.497915139168641,4.497915139168641,0.0,0.0
17031191302->17031191301,1.1613894020289997,1.1613894020289997,0.0,0.0,2.3227788040579993,2.3227788040579993,0.0,0.0
17031191302->17031190702,1.1465770420299208,1.1465770420299208,0.0,0.0,2.2931540840598417,2.2931540840598417,0.0,0.0
17031191302->17031190701,1.466482144769744,1.466482144769744,0.0,0.0,2.932964289539488,2.932964289539488,0.0,0.0
17031191302->17031191200,1.2342142489867804,1.2342142489867804,0.0,0.0,2.468428497973561,2.468428497973561,0.0,0.0
17031191302->17031250600,2.037466715844279,2.037466715844279,0.0,0.0,4.074933431688558,4.074933431688558,0.0,0.0
17031191302->17031250300,2.06755733320716,2.06755733320716,0.0,0.0,4.13511466641432,4.13511466641432,0.0,0.0
17031191302->17031250400,2.2828921650681764,2.2828921650681764,0.0,0.0,4.565784330136353,4.565784330136353,0.0,0.0
17031191100->17031190800,1.436029197727304,1.436029197727304,0.0,0.0,2.872058395454608,2.872058395454608,0.0,0.0
17031191100->17031191200,1.1697491299000558,1.1697491299000558,0.0,0.0,2.3394982598001115,2.3394982598001115,0.0,0.0
17031191100->17031200401,1.4021572528969306,1.4021572528969306,0.0,0.0,2.804314505793861,2.804314505793861,0.0,0.0
17031191100->17031190702,1.7742996457273064,1.7742996457273064,0.0,0.0,3.5485992914546127,3.5485992914546127,0.0,0.0
17031191100->17031200300,1.9436458061426212,1.9436458061426212,0.0,0.0,3.8872916122852423,3.8872916122852423,0.0,0.0
17031250300->17031250600,0.6304287899332147,0.6304287899332147,0.0,0.0,1.2608575798664294,1.2608575798664294,0.0,0.0
17031250300->17031191200,1.5122229379709977,1.5122229379709977,0.0,0.0,3.0244458759419954,3.0244458759419954,0.0,0.0
17031250300->17031251200,1.6103090379956397,1.6103090379956397,0.0,0.0,3.2206180759912795,3.2206180759912795,0.0,0.0
17031250300->17031251300,1.886354085194169,1.886354085194169,0.0,0.0,3.772708170388338,3.772708170388338,0.0,0.0
17031250300->17031251100,2.1268021864165987,2.1268021864165987,0.0,0.0,4.253604372833197,4.253604372833197,0.0,0.0
17031250300->17031250400,1.8937994594024707,1.8937994594024707,0.0,0.0,3.7875989188049415,3.7875989188049415,0.0,0.0
17031250300->17031812100,2.2132819553893475,2.2132819553893475,0.0,0.0,4.426563910778695,4.426563910778695,0.0,0.0
17031250400->17031812100,1.1153687044883867,1.1153687044883867,0.0,0.0,2.2307374089767733,2.2307374089767733,0.0,0.0
17031250400->17031250600,1.273110285587126,1.273110285587126,0.0,0.0,2.546220571174252,2.546220571174252,0.0,0.0
17031250400->17031191301,1.941219561070111,1.941219561070111,0.0,0.0,3.882439122140222,3.882439122140222,0.0,0.0
17031250400->17031251300,2.1273433865471683,2.1273433865471683,0.0,0.0,4.2546867730943365,4.2546867730943365,0.0,0.0
17031250400->17031812200,1.8699840639379879,1.8699840639379879,0.0,0.0,3.7399681278759758,3.7399681278759758,0.0,0.0
17031250400->17031812400,2.538483317339297,2.538483317339297,0.0,0.0,5.076966634678594,5.076966634678594,0.0,0.0
17031250400->17031812500,2.8503141179722715,2.8503141179722715,0.0,0.0,5.700628235944543,5.700628235944543,0.0,0.0
17031250600->17031251300,1.665950792871681,1.665950792871681,0.0,0.0,3.331901585743362,3.331901585743362,0.0,0.0
17031250600->17031251200,1.7323190490409612,1.7323190490409612,0.0,0.0,3.4646380980819225,3.4646380980819225,0.0,0.0
17031250600->17031812100,1.6458347262098814,1.6458347262098814,0.0,0.0,3.2916694524197627,3.2916694524197627,0.0,0.0
17031250600->17031191200,1.866496083171133,1.866496083171133,0.0,0.0,3.732992166342266,3.732992166342266,0.0,0.0
17031250600->17031191301,2.3784069536490673,2.3784069536490673,0.0,0.0,4.756813907298135,4.756813907298135,0.0,0.0
17031250600->17031812400,3.320488563763014,3.320488563763014,0.0,0.0,6.640977127526028,6.640977127526028,0.0,0.0
17031250600->17031812200,3.0700968438327334,3.0700968438327334,0.0,0.0,6.140193687665467,6.140193687665467,0.0,0.0
17031150200->17031160100,1.3669752616172652,1.3669752616172652,0.0,0.0,2.7339505232345305,2.7339505232345305,0.0,0.0
17031150200->17031120400,1.6140101143465004,1.6140101143465004,0.0,0.0,3.228020228693001,3.228020228693001,0.0,0.0
17031150200->17031150700,1.9863207706092565,1.9863207706092565,0.0,0.0,3.972641541218513,3.972641541218513,0.0,0.0
17031150200->17031161100,2.255255521323869,2.255255521323869,0.0,0.0,4.510511042647738,4.510511042647738,0.0,0.0
17031150200->17031110501,2.391943919679452,2.391943919679452,0.0,0.0,4.783887839358904,4.783887839358904,0.0,0.0
17031150402->17031150700,1.099931304942761,1.099931304942761,0.0,0.0,2.199862609885522,2.199862609885522,0.0,0.0
17031150402->17031151200,1.482472174210542,1.482472174210542,0.0,0.0,2.964944348421084,2.964944348421084,0.0,0.0
17031150402->17031170200,1.6125951464155417,1.6125951464155417,0.0,0.0,3.2251902928310834,3.2251902928310834,0.0,0.0
17031150402->17031150502,1.7762213771222546,1.7762213771222546,0.0,0.0,3.552442754244509,3.552442754244509,0.0,0.0
17031150402->17031150501,2.1907568624108427,2.1907568624108427,0.0,0.0,4.381513724821685,4.381513724821685,0.0,0.0
17031251400->17031252000,0.7261962738809976,0.7261962738809976,0.0,0.0,1.4523925477619952,1.4523925477619952,0.0,0.0
17031251400->17031812500,1.2734774965412352,1.2734774965412352,0.0,0.0,2.5469549930824704,2.5469549930824704,0.0,0.0
17031251400->17031251300,1.3635323884735042,1.3635323884735042,0.0,0.0,2.7270647769470084,2.7270647769470084,0.0,0.0
17031251400->17031252101,1.560533585457061,1.560533585457061,0.0,0.0,3.121067170914122,3.121067170914122,0.0,0.0
17031251400->17031812600,1.4676366395819798,1.4676366395819798,0.0,0.0,2.9352732791639595,2.9352732791639595,0.0,0.0
17031251400->17031251200,1.8212115292430295,1.8212115292430295,0.0,0.0,3.642423058486059,3.642423058486059,0.0,0.0
17031251400->17031812100,2.3109151171134394,2.3109151171134394,0.0,0.0,4.621830234226879,4.621830234226879,0.0,0.0
17031251400->17031812400,2.633804383059269,2.633804383059269,0.0,0.0,5.267608766118538,5.267608766118538,0.0,0.0
17031190401->17031171100,0.7836172596643132,0.7836172596643132,0.0,0.0,1.5672345193286263,1.5672345193286263,0.0,0.0
17031190401->17031180100,1.0840446646575388,1.0840446646575388,0.0,0.0,2.1680893293150776,2.1680893293150776,0.0,0.0
17031190401->17031170200,2.196561159332148,2.196561159332148,0.0,0.0,4.393122318664296,4.393122318664296,0.0,0.0
17031190401->17031191301,2.205056239943982,2.205056239943982,0.0,0.0,4.410112479887964,4.410112479887964,0.0,0.0
17031190401->17031150502,2.745342761691805,2.745342761691805,0.0,0.0,5.49068552338361,5.49068552338361,0.0,0.0
17031171100->17031170200,1.6639356709069284,1.6639356709069284,0.0,0.0,3.327871341813857,3.327871341813857,0.0,0.0
17031171100->17031151200,1.5494840691438696,1.5494840691438696,0.0,0.0,3.098968138287739,3.098968138287739,0.0,0.0
17031171100->17031150502,2.2938738037400808,2.2938738037400808,0.0,0.0,4.5877476074801615,4.5877476074801615,0.0,0.0
17031171100->17031180100,1.858220315368962,1.858220315368962,0.0,0.0,3.716440630737924,3.716440630737924,0.0,0.0
17031171100->17031191301,2.571645357148869,2.571645357148869,0.0,0.0,5.143290714297738,5.143290714297738,0.0,0.0
17031170900->17031810701,1.0097598055635593,1.0097598055635593,0.0,0.0,2.0195196111271185,2.0195196111271185,0.0,0.0
17031170900->17031180100,1.6484874090845698,1.6484874090845698,0.0,0.0,3.2969748181691396,3.2969748181691396,0.0,0.0
17031170900->17031170400,2.0164710168092013,2.0164710168092013,0.0,0.0,4.0329420336184025,4.0329420336184025,0.0,0.0
17031170900->17031810702,2.0339658730250325,2.0339658730250325,0.0,0.0,4.067931746050065,4.067931746050065,0.0,0.0
17031170900->17031810800,1.745638898157967,1.745638898157967,0.0,0.0,3.491277796315934,3.491277796315934,0.0,0.0
17031170900->17031170700,1.922434091089628,1.922434091089628,0.0,0.0,3.8448681821792556,3.8448681821792556,0.0,0.0
17031170900->17031170600,3.1846321195517753,3.1846321195517753,0.0,0.0,6.3692642391035506,6.3692642391035506,0.0,0.0
17031170900->17031810900,3.1189655212926866,3.1189655212926866,0.0,0.0,6.237931042585373,6.237931042585373,0.0,0.0
17031090100->17031805502,1.988955037545089,1.988955037545089,0.0,0.0,3.977910075090178,3.977910075090178,0.0,0.0
17031090100->17031090300,3.476701781485215,3.476701781485215,0.0,0.0,6.95340356297043,6.95340356297043,0.0,0.0
17031090100->17031100400,4.20259332210033,4.20259332210033,0.0,0.0,8.40518664420066,8.40518664420066,0.0,0.0
17031090100->17031808100,3.3957843078769523,3.3957843078769523,0.0,0.0,6.791568615753905,6.791568615753905,0.0,0.0
17031090100->17031805600,3.750091939711873,3.750091939711873,0.0,0.0,7.500183879423746,7.500183879423746,0.0,0.0
17031090100->17031805501,3.581637816140049,3.581637816140049,0.0,0.0,7.163275632280098,7.163275632280098,0.0,0.0
17031170500->17031170600,1.0910711915599556,1.0910711915599556,0.0,0.0,2.182142383119911,2.182142383119911,0.0,0.0
17031170500->17031170700,1.6796099394319277,1.6796099394319277,0.0,0.0,3.3592198788638554,3.3592198788638554,0.0,0.0
17031170500->17031760802,2.375595555212632,2.375595555212632,0.0,0.0,4.751191110425264,4.751191110425264,0.0,0.0
17031170500->17031810501,2.317209383438403,2.317209383438403,0.0,0.0,4.634418766876806,4.634418766876806,0.0,0.0
17031170500->17031810800,2.771911548506263,2.771911548506263,0.0,0.0,5.543823097012526,5.543823097012526,0.0,0.0
17031170500->17031770902,3.59837099538073,3.59837099538073,0.0,0.0,7.19674199076146,7.19674199076146,0.0,0.0
17031170500->17031170400,2.8228557029333015,2.8228557029333015,0.0,0.0,5.645711405866603,5.645711405866603,0.0,0.0
17031170500->17031810502,3.434006718852304,3.434006718852304,0.0,0.0,6.868013437704608,6.868013437704608,0.0,0.0
17031170500->17031810701,3.6701552583331214,3.6701552583331214,0.0,0.0,7.340310516666243,7.340310516666243,0.0,0.0
17031170500->17031770800,4.482818388096196,4.482818388096196,0.0,0.0,8.965636776192392,8.965636776192392,0.0,0.0
17031740300->17031740400,1.0091904083905199,1.0091904083905199,0.0,0.0,2.0183808167810398,2.0183808167810398,0.0,0.0
17031740300->17031740100,1.3026529030044232,1.3026529030044232,0.0,0.0,2.6053058060088463,2.6053058060088463,0.0,0.0
17031740300->17031823304,1.8977536524669716,1.8977536524669716,0.0,0.0,3.7955073049339436,3.7955073049339436,0.0,0.0
17031740300->17031740200,2.4835099575480757,2.4835099575480757,0.0,0.0,4.967019915096151,4.967019915096151,0.0,0.0
17031740300->17031822802,2.41645793693819,2.41645793693819,0.0,0.0,4.83291587387638,4.83291587387638,0.0,0.0
17031740300->17031720500,2.688621559330776,2.688621559330776,0.0,0.0,5.377243118661552,5.377243118661552,0.0,0.0
17031740300->17031821900,3.2603218157268112,3.2603218157268112,0.0,0.0,6.5206436314536225,6.5206436314536225,0.0,0.0
17031740300->17031822702,3.2854211030378324,3.2854211030378324,0.0,0.0,6.570842206075665,6.570842206075665,0.0,0.0
17031740300->17031822701,3.9792004219800496,3.9792004219800496,0.0,0.0,7.958400843960099,7.958400843960099,0.0,0.0
17031650400->17031650302,1.1273531678978481,1.1273531678978481,0.0,0.0,2.2547063357956962,2.2547063357956962,0.0,0.0
17031650400->17031650200,2.5527557575861772,2.5527557575861772,0.0,0.0,5.1055115151723545,5.1055115151723545,0.0,0.0
17031650400->17031660400,2.7153388139167602,2.7153388139167602,0.0,0.0,5.4306776278335205,5.4306776278335205,0.0,0.0
17031650400->17031661100,2.5798012217710307,2.5798012217710307,0.0,0.0,5.159602443542061,5.159602443542061,0.0,0.0
17031570200->17031570400,2.284164421509224,2.284164421509224,0.0,0.0,4.568328843018448,4.568328843018448,0.0,0.0
17031570200->17031580300,2.073623129458822,2.073623129458822,0.0,0.0,4.147246258917644,4.147246258917644,0.0,0.0
17031570200->17031830500,2.854237376147328,2.854237376147328,0.0,0.0,5.708474752294656,5.708474752294656,0.0,0.0
17031570200->17031301702,3.24461580131436,3.24461580131436,0.0,0.0,6.48923160262872,6.48923160262872,0.0,0.0
17031300800->17031300900,0.3839582999596985,0.3839582999596985,0.0,0.0,0.767916599919397,0.767916599919397,0.0,0.0
17031300800->17031841600,0.646156194929046,0.646156194929046,0.0,0.0,1.292312389858092,1.292312389858092,0.0,0.0
17031300800->17031841700,0.5485280039500616,0.5485280039500616,0.0,0.0,1.0970560079001233,1.0970560079001233,0.0,0.0
17031300800->17031843100,1.1789030379206187,1.1789030379206187,0.0,0.0,2.3578060758412374,2.3578060758412374,0.0,0.0
17031300800->17031300700,0.9588322583394875,0.9588322583394875,0.0,0.0,1.9176645166789748,1.9176645166789748,0.0,0.0
17031300800->17031841400,1.106417714377043,1.106417714377043,0.0,0.0,2.212835428754086,2.212835428754086,0.0,0.0
17031300800->17031841500,1.6002496580862258,1.6002496580862258,0.0,0.0,3.2004993161724515,3.2004993161724515,0.0,0.0
17031300800->17031301100,1.4201702078591636,1.4201702078591636,0.0,0.0,2.840340415718327,2.840340415718327,0.0,0.0
17031300800->17031301200,1.629060917190364,1.629060917190364,0.0,0.0,3.258121834380728,3.258121834380728,0.0,0.0
17031301802->17031300500,0.6628631630573161,0.6628631630573161,0.0,0.0,1.3257263261146321,1.3257263261146321,0.0,0.0
17031301802->17031843400,1.0264369871361219,1.0264369871361219,0.0,0.0,2.0528739742722437,2.0528739742722437,0.0,0.0
17031301802->17031301702,0.9550170453552672,0.9550170453552672,0.0,0.0,1.9100340907105344,1.9100340907105344,0.0,0.0
17031301802->17031830500,1.23128598343109,1.23128598343109,0.0,0.0,2.46257196686218,2.46257196686218,0.0,0.0
17031301802->17031300600,1.3490993598603211,1.3490993598603211,0.0,0.0,2.6981987197206423,2.6981987197206423,0.0,0.0
17031301802->17031292500,1.934743809373925,1.934743809373925,0.0,0.0,3.8694876187478497,3.8694876187478497,0.0,0.0
17031301802->17031813801,2.2412539299131873,2.2412539299131873,0.0,0.0,4.482507859826375,4.482507859826375,0.0,0.0
17031301802->17031814200,2.6632415514543717,2.6632415514543717,0.0,0.0,5.326483102908743,5.326483102908743,0.0,0.0
17031291200->17031841500,0.8738024578343061,0.8738024578343061,0.0,0.0,1.7476049156686122,1.7476049156686122,0.0,0.0
17031291200->17031271500,0.9399241101045362,0.9399241101045362,0.0,0.0,1.8798482202090725,1.8798482202090725,0.0,0.0
17031291200->17031837300,0.9977774568989162,0.9977774568989162,0.0,0.0,1.9955549137978323,1.9955549137978323,0.0,0.0
17031291200->17031292200,1.5035605825807028,1.5035605825807028,0.0,0.0,3.0071211651614056,3.0071211651614056,0.0,0.0
17031291200->17031838600,1.2137536998196647,1.2137536998196647,0.0,0.0,2.4275073996393295,2.4275073996393295,0.0,0.0
17031291200->17031270500,1.5085489118683832,1.5085489118683832,0.0,0.0,3.0170978237367665,3.0170978237367665,0.0,0.0
17031291200->17031260900,1.3440549202165692,1.3440549202165692,0.0,0.0,2.6881098404331385,2.6881098404331385,0.0,0.0
17031291200->17031843100,1.466848564567084,1.466848564567084,0.0,0.0,2.933697129134168,2.933697129134168,0.0,0.0
17031291200->17031841600,1.7582659992395613,1.7582659992395613,0.0,0.0,3.5165319984791226,3.5165319984791226,0.0,0.0
17031260800->17031260100,0.49539515174915605,0.49539515174915605,0.0,0.0,0.9907903034983121,0.9907903034983121,0.0,0.0
17031260800->17031260200,0.5841077418574011,0.5841077418574011,0.0,0.0,1.1682154837148022,1.1682154837148022,0.0,0.0
17031260800->17031270500,0.939394896338461,0.939394896338461,0.0,0.0,1.878789792676922,1.878789792676922,0.0,0.0
17031260800->17031260900,1.3461012233070322,1.3461012233070322,0.0,0.0,2.6922024466140644,2.6922024466140644,0.0,0.0
17031260800->17031260600,1.0436542578304622,1.0436542578304622,0.0,0.0,2.0873085156609243,2.0873085156609243,0.0,0.0
17031260800->17031260300,1.3296565201688373,1.3296565201688373,0.0,0.0,2.6593130403376746,2.6593130403376746,0.0,0.0
17031260800->17031271400,1.270859062418691,1.270859062418691,0.0,0.0,2.541718124837382,2.541718124837382,0.0,0.0
17031260800->17031261000,1.483744351400289,1.483744351400289,0.0,0.0,2.967488702800578,2.967488702800578,0.0,0.0
17031260800->17031271500,1.5919788893212232,1.5919788893212232,0.0,0.0,3.1839577786424464,3.1839577786424464,0.0,0.0
17031260800->17031260500,1.5273842157144437,1.5273842157144437,0.0,0.0,3.0547684314288874,3.0547684314288874,0.0,0.0
17031260800->17031260400,1.8049049782639062,1.8049049782639062,0.0,0.0,3.6098099565278123,3.6098099565278123,0.0,0.0
17031231500->17031231200,1.4017249306862276,1.4017249306862276,0.0,0.0,2.803449861372455,2.803449861372455,0.0,0.0
17031231500->17031836800,1.564078685647706,1.564078685647706,0.0,0.0,3.128157371295412,3.128157371295412,0.0,0.0
17031231500->17031836600,1.607103093870431,1.607103093870431,0.0,0.0,3.214206187740862,3.214206187740862,0.0,0.0
17031231500->17031260100,1.7378471160609472,1.7378471160609472,0.0,0.0,3.4756942321218944,3.4756942321218944,0.0,0.0
17031231500->17031271300,1.9879372205587764,1.9879372205587764,0.0,0.0,3.9758744411175533,3.9758744411175533,0.0,0.0
17031231500->17031230700,2.094056347278042,2.094056347278042,0.0,0.0,4.188112694556084,4.188112694556084,0.0,0.0
17031231500->17031836900,1.9624832614042595,1.9624832614042595,0.0,0.0,3.924966522808519,3.924966522808519,0.0,0.0
17031231500->17031230900,2.234793722734374,2.234793722734374,0.0,0.0,4.469587445468748,4.469587445468748,0.0,0.0
17031836600->17031230900,0.7957989764382388,0.7957989764382388,0.0,0.0,1.5915979528764777,1.5915979528764777,0.0,0.0
17031836600->17031240900,1.1432429886751472,1.1432429886751472,0.0,0.0,2.2864859773502944,2.2864859773502944,0.0,0.0
17031836600->17031242700,1.2783660981521718,1.2783660981521718,0.0,0.0,2.5567321963043437,2.5567321963043437,0.0,0.0
17031836600->17031230800,1.5159374342120637,1.5159374342120637,0.0,0.0,3.0318748684241275,3.0318748684241275,0.0,0.0
17031836600->17031230200,1.74885361560761,1.74885361560761,0.0,0.0,3.49770723121522,3.49770723121522,0.0,0.0
17031836600->17031231200,1.3732789916834762,1.3732789916834762,0.0,0.0,2.7465579833669524,2.7465579833669524,0.0,0.0
17031836600->17031230100,1.9004980285043218,1.9004980285043218,0.0,0.0,3.8009960570086436,3.8009960570086436,0.0,0.0
17031230900->17031230800,0.8069535086154759,0.8069535086154759,0.0,0.0,1.6139070172309518,1.6139070172309518,0.0,0.0
17031230900->17031230200,0.9712269318001013,0.9712269318001013,0.0,0.0,1.942453863600203,1.942453863600203,0.0,0.0
17031230900->17031230300,1.0722520309226375,1.0722520309226375,0.0,0.0,2.144504061845275,2.144504061845275,0.0,0.0
17031230900->17031230100,1.2545883497500951,1.2545883497500951,0.0,0.0,2.5091766995001903,2.5091766995001903,0.0,0.0
17031230900->17031222700,1.4023631038770963,1.4023631038770963,0.0,0.0,2.8047262077541926,2.8047262077541926,0.0,0.0
17031230900->17031230700,1.3056729055657719,1.3056729055657719,0.0,0.0,2.6113458111315437,2.6113458111315437,0.0,0.0
17031230900->17031231200,1.4447283317256328,1.4447283317256328,0.0,0.0,2.8894566634512655,2.8894566634512655,0.0,0.0
17031230900->17031240900,1.5000886352065659,1.5000886352065659,0.0,0.0,3.0001772704131318,3.0001772704131318,0.0,0.0
17031222800->17031222900,0.47434364346425456,0.47434364346425456,0.0,0.0,0.9486872869285091,0.9486872869285091,0.0,0.0
17031222800->17031230300,0.7344575794547208,0.7344575794547208,0.0,0.0,1.4689151589094416,1.4689151589094416,0.0,0.0
17031222800->17031220901,0.7797874279577214,0.7797874279577214,0.0,0.0,1.5595748559154428,1.5595748559154428,0.0,0.0
17031222800->17031222700,0.864284879891306,0.864284879891306,0.0,0.0,1.728569759782612,1.728569759782612,0.0,0.0
17031222800->17031230200,0.972819242577503,0.972819242577503,0.0,0.0,1.9456384851550061,1.9456384851550061,0.0,0.0
17031222800->17031230800,1.164142354032777,1.164142354032777,0.0,0.0,2.328284708065554,2.328284708065554,0.0,0.0
17031222900->17031220901,0.39902711501319216,0.39902711501319216,0.0,0.0,0.7980542300263843,0.7980542300263843,0.0,0.0
17031222900->17031230300,1.0194437660326214,1.0194437660326214,0.0,0.0,2.038887532065243,2.038887532065243,0.0,0.0
17031222900->17031230800,1.3595056156357614,1.3595056156357614,0.0,0.0,2.719011231271523,2.719011231271523,0.0,0.0
17031222900->17031230700,1.9266965621083698,1.9266965621083698,0.0,0.0,3.853393124216739,3.853393124216739,0.0,0.0
17031210501->17031210601,1.081911053743883,1.081911053743883,0.0,0.0,2.163822107487766,2.163822107487766,0.0,0.0
17031210501->17031210400,1.1553404832995087,1.1553404832995087,0.0,0.0,2.3106809665990173,2.3106809665990173,0.0,0.0
17031210501->17031160900,1.6621048221353034,1.6621048221353034,0.0,0.0,3.324209644270607,3.324209644270607,0.0,0.0
17031210601->17031210700,0.9032340004788363,0.9032340004788363,0.0,0.0,1.8064680009576726,1.8064680009576726,0.0,0.0
17031210601->17031210100,1.3445893484729854,1.3445893484729854,0.0,0.0,2.689178696945971,2.689178696945971,0.0,0.0
17031210100->17031210700,1.3499953122457002,1.3499953122457002,0.0,0.0,2.6999906244914005,2.6999906244914005,0.0,0.0
17031210100->17031160602,2.0095424502543735,2.0095424502543735,0.0,0.0,4.019084900508747,4.019084900508747,0.0,0.0
17031210100->17031220400,2.126054222272427,2.126054222272427,0.0,0.0,4.252108444544854,4.252108444544854,0.0,0.0
17031210100->17031051000,1.6143457032866653,1.6143457032866653,0.0,0.0,3.2286914065733305,3.2286914065733305,0.0,0.0
17031160900->17031160300,1.3393293875391528,1.3393293875391528,0.0,0.0,2.6786587750783055,2.6786587750783055,0.0,0.0
17031160900->17031160502,1.4866205505075238,1.4866205505075238,0.0,0.0,2.9732411010150477,2.9732411010150477,0.0,0.0
17031160900->17031140602,1.9625095777542063,1.9625095777542063,0.0,0.0,3.9250191555084126,3.9250191555084126,0.0,0.0
17031831800->17031140100,0.9650601045962919,0.9650601045962919,0.0,0.0,1.9301202091925835,1.9301202091925835,0.0,0.0
17031831800->17031140200,0.9729392427061098,0.9729392427061098,0.0,0.0,1.9458784854122193,1.9458784854122193,0.0,0.0
17031831800->17031130300,1.7006148436904356,1.7006148436904356,0.0,0.0,3.401229687380871,3.401229687380871,0.0,0.0
17031831800->17031140701,1.7615415561726544,1.7615415561726544,0.0,0.0,3.523083112345309,3.523083112345309,0.0,0.0
17031831800->17031140301,1.6474245656015496,1.6474245656015496,0.0,0.0,3.294849131203099,3.294849131203099,0.0,0.0
17031831800->17031140601,1.912007114769806,1.912007114769806,0.0,0.0,3.824014229539612,3.824014229539612,0.0,0.0
17031831800->17031040300,1.7331810995101913,1.7331810995101913,0.0,0.0,3.4663621990203826,3.4663621990203826,0.0,0.0
17031130300->17031140100,2.4015372318274886,2.4015372318274886,0.0,0.0,4.803074463654977,4.803074463654977,0.0,0.0
17031130300->17031140200,2.547226706642418,2.547226706642418,0.0,0.0,5.094453413284836,5.094453413284836,0.0,0.0
17031130300->17031020601,2.154304298179969,2.154304298179969,0.0,0.0,4.308608596359938,4.308608596359938,0.0,0.0
17031130300->17031808002,2.6361989819755394,2.6361989819755394,0.0,0.0,5.272397963951079,5.272397963951079,0.0,0.0
17031130300->17031040300,2.5221780293293237,2.5221780293293237,0.0,0.0,5.044356058658647,5.044356058658647,0.0,0.0
17031130300->17031020801,2.237199059104412,2.237199059104412,0.0,0.0,4.474398118208824,4.474398118208824,0.0,0.0
17031130300->17031808001,3.798411634236147,3.798411634236147,0.0,0.0,7.596823268472294,7.596823268472294,0.0,0.0
17031740200->17031821700,2.0045772053602677,2.0045772053602677,0.0,0.0,4.0091544107205355,4.0091544107205355,0.0,0.0
17031740200->17031821900,2.0210208269100973,2.0210208269100973,0.0,0.0,4.042041653820195,4.042041653820195,0.0,0.0
17031740200->17031740100,2.2492563559184697,2.2492563559184697,0.0,0.0,4.4985127118369395,4.4985127118369395,0.0,0.0
17031740200->17031821800,2.30495614927424,2.30495614927424,0.0,0.0,4.60991229854848,4.60991229854848,0.0,0.0
17031740200->17031822702,2.0276763794076107,2.0276763794076107,0.0,0.0,4.055352758815221,4.055352758815221,0.0,0.0
17031740200->17031822701,2.0492756007779915,2.0492756007779915,0.0,0.0,4.098551201555983,4.098551201555983,0.0,0.0
17031740200->17031822802,2.372853391683431,2.372853391683431,0.0,0.0,4.745706783366862,4.745706783366862,0.0,0.0
17031740200->17031740400,3.33727840558086,3.33727840558086,0.0,0.0,6.67455681116172,6.67455681116172,0.0,0.0
17031740200->17031822102,2.9234813775756283,2.9234813775756283,0.0,0.0,5.846962755151257,5.846962755151257,0.0,0.0
17031740200->17031823304,4.378703079614116,4.378703079614116,0.0,0.0,8.757406159228232,8.757406159228232,0.0,0.0
17031740100->17031720500,1.3993420987701168,1.3993420987701168,0.0,0.0,2.7986841975402337,2.7986841975402337,0.0,0.0
17031740100->17031821900,2.1665455634206325,2.1665455634206325,0.0,0.0,4.333091126841265,4.333091126841265,0.0,0.0
17031740100->17031740400,2.252104149103161,2.252104149103161,0.0,0.0,4.504208298206322,4.504208298206322,0.0,0.0
17031740100->17031823304,2.6701981121067804,2.6701981121067804,0.0,0.0,5.340396224213561,5.340396224213561,0.0,0.0
17031740100->17031720600,2.252020777219623,2.252020777219623,0.0,0.0,4.504041554439246,4.504041554439246,0.0,0.0
17031740100->17031821800,3.2753903804212494,3.2753903804212494,0.0,0.0,6.550780760842499,6.550780760842499,0.0,0.0
17031740100->17031822802,3.300310383462608,3.300310383462608,0.0,0.0,6.600620766925216,6.600620766925216,0.0,0.0
17031740100->17031822702,3.7844826637225872,3.7844826637225872,0.0,0.0,7.568965327445175,7.568965327445175,0.0,0.0
17031700100->17031661100,1.513910547141296,1.513910547141296,0.0,0.0,3.027821094282592,3.027821094282592,0.0,0.0
17031700100->17031700501,1.587828865046253,1.587828865046253,0.0,0.0,3.175657730092506,3.175657730092506,0.0,0.0
17031700100->17031700401,1.5893700543900409,1.5893700543900409,0.0,0.0,3.1787401087800817,3.1787401087800817,0.0,0.0
17031700100->17031661000,1.9626621443967,1.9626621443967,0.0,0.0,3.9253242887934,3.9253242887934,0.0,0.0
17031700100->17031700502,2.285922486274144,2.285922486274144,0.0,0.0,4.571844972548288,4.571844972548288,0.0,0.0
17031700100->17031660900,2.8476689068752,2.8476689068752,0.0,0.0,5.6953378137504,5.6953378137504,0.0,0.0
17031700100->17031821600,3.347539226621903,3.347539226621903,0.0,0.0,6.695078453243806,6.695078453243806,0.0,0.0
17031700100->17031660800,3.4927796042530215,3.4927796042530215,0.0,0.0,6.985559208506043,6.985559208506043,0.0,0.0
17031700100->17031660700,3.655111422636018,3.655111422636018,0.0,0.0,7.310222845272036,7.310222845272036,0.0,0.0
17031660302->17031660400,0.7186964515909381,0.7186964515909381,0.0,0.0,1.4373929031818762,1.4373929031818762,0.0,0.0
17031660302->17031660301,0.993094742511933,0.993094742511933,0.0,0.0,1.986189485023866,1.986189485023866,0.0,0.0
17031660302->17031630300,1.3120775912993576,1.3120775912993576,0.0,0.0,2.6241551825987153,2.6241551825987153,0.0,0.0
17031660302->17031630400,1.4171456719186832,1.4171456719186832,0.0,0.0,2.8342913438373665,2.8342913438373665,0.0,0.0
17031660302->17031620400,1.7602963377692145,1.7602963377692145,0.0,0.0,3.520592675538429,3.520592675538429,0.0,0.0
17031660302->17031660800,2.13480912207143,2.13480912207143,0.0,0.0,4.26961824414286,4.26961824414286,0.0,0.0
17031660302->17031650302,2.328461932045806,2.328461932045806,0.0,0.0,4.656923864091612,4.656923864091612,0.0,0.0
17031841200->17031310900,0.8167832956998479,0.8167832956998479,0.0,0.0,1.6335665913996957,1.6335665913996957,0.0,0.0
17031841200->17031301200,1.3094002667069737,1.3094002667069737,0.0,0.0,2.6188005334139475,2.6188005334139475,0.0,0.0
17031841200->17031291600,1.4294079955229093,1.4294079955229093,0.0,0.0,2.8588159910458186,2.8588159910458186,0.0,0.0
17031841200->17031282800,2.0538175058169696,2.0538175058169696,0.0,0.0,4.107635011633939,4.107635011633939,0.0,0.0
17031841200->17031843300,1.882817179460874,1.882817179460874,0.0,0.0,3.7656343589217474,3.7656343589217474,0.0,0.0
17031841200->17031310700,1.7866502985255248,1.7866502985255248,0.0,0.0,3.5733005970510496,3.5733005970510496,0.0,0.0
17031841200->17031842900,2.0998255364480847,2.0998255364480847,0.0,0.0,4.199651072896169,4.199651072896169,0.0,0.0
17031301200->17031291600,0.9276323629558784,0.9276323629558784,0.0,0.0,1.8552647259117567,1.8552647259117567,0.0,0.0
17031301200->17031301100,1.0970671462035013,1.0970671462035013,0.0,0.0,2.1941342924070026,2.1941342924070026,0.0,0.0
17031301200->17031843300,1.5090957119210373,1.5090957119210373,0.0,0.0,3.0181914238420746,3.0181914238420746,0.0,0.0
17031301200->17031841700,1.1796909578238455,1.1796909578238455,0.0,0.0,2.359381915647691,2.359381915647691,0.0,0.0
17031301200->17031300900,1.2480253458644734,1.2480253458644734,0.0,0.0,2.496050691728947,2.496050691728947,0.0,0.0
17031301100->17031300900,1.1287364262951782,1.1287364262951782,0.0,0.0,2.2574728525903565,2.2574728525903565,0.0,0.0
17031301100->17031841700,1.3405075147642567,1.3405075147642567,0.0,0.0,2.6810150295285133,2.6810150295285133,0.0,0.0
17031301100->17031291600,1.9339981230216359,1.9339981230216359,0.0,0.0,3.8679962460432717,3.8679962460432717,0.0,0.0
17031301100->17031841600,2.0126731473162236,2.0126731473162236,0.0,0.0,4.025346294632447,4.025346294632447,0.0,0.0
17031760802->17031770902,1.320087792062643,1.320087792062643,0.0,0.0,2.640175584125286,2.640175584125286,0.0,0.0
17031760802->17031810501,1.5432769863176448,1.5432769863176448,0.0,0.0,3.0865539726352895,3.0865539726352895,0.0,0.0
17031760802->17031760803,2.2924516938190953,2.2924516938190953,0.0,0.0,4.584903387638191,4.584903387638191,0.0,0.0
17031760802->17031760801,3.0987410210328394,3.0987410210328394,0.0,0.0,6.197482042065679,6.197482042065679,0.0,0.0
17031760802->17031170600,3.4579750077865796,3.4579750077865796,0.0,0.0,6.915950015573159,6.915950015573159,0.0,0.0
17031760802->17031770901,2.921473753321536,2.921473753321536,0.0,0.0,5.842947506643072,5.842947506643072,0.0,0.0
17031760802->17031170700,3.721093753743271,3.721093753743271,0.0,0.0,7.442187507486542,7.442187507486542,0.0,0.0
17031760802->17031770800,3.174777191281522,3.174777191281522,0.0,0.0,6.349554382563044,6.349554382563044,0.0,0.0
17031282700->17031280800,0.6275341404848116,0.6275341404848116,0.0,0.0,1.2550682809696232,1.2550682809696232,0.0,0.0
17031282700->17031837400,0.6818087553537785,0.6818087553537785,0.0,0.0,1.363617510707557,1.363617510707557,0.0,0.0
17031282700->17031282800,1.0867508290968133,1.0867508290968133,0.0,0.0,2.1735016581936266,2.1735016581936266,0.0,0.0
17031282700->17031280900,0.8499397282109302,0.8499397282109302,0.0,0.0,1.6998794564218604,1.6998794564218604,0.0,0.0
17031282700->17031837800,1.4339987584541158,1.4339987584541158,0.0,0.0,2.8679975169082317,2.8679975169082317,0.0,0.0
17031282700->17031271800,1.121175986157254,1.121175986157254,0.0,0.0,2.242351972314508,2.242351972314508,0.0,0.0
17031282700->17031838000,1.18153478347112,1.18153478347112,0.0,0.0,2.36306956694224,2.36306956694224,0.0,0.0
17031282700->17031843300,1.9692938516425873,1.9692938516425873,0.0,0.0,3.938587703285174,3.938587703285174,0.0,0.0
17031282700->17031838600,1.8352171792724195,1.8352171792724195,0.0,0.0,3.670434358544839,3.670434358544839,0.0,0.0
17031282700->17031838200,1.7674770280601975,1.7674770280601975,0.0,0.0,3.534954056120395,3.534954056120395,0.0,0.0
17031282800->17031837400,1.1466742540681758,1.1466742540681758,0.0,0.0,2.2933485081363516,2.2933485081363516,0.0,0.0
17031282800->17031843300,1.3033049922271804,1.3033049922271804,0.0,0.0,2.606609984454361,2.606609984454361,0.0,0.0
17031282800->17031280900,1.7233316629613744,1.7233316629613744,0.0,0.0,3.446663325922749,3.446663325922749,0.0,0.0
17031282800->17031291600,1.6232000984575923,1.6232000984575923,0.0,0.0,3.2464001969151846,3.2464001969151846,0.0,0.0
17031282800->17031280800,1.7039462051681193,1.7039462051681193,0.0,0.0,3.4078924103362387,3.4078924103362387,0.0,0.0
17031282800->17031838000,1.6901549725719087,1.6901549725719087,0.0,0.0,3.3803099451438174,3.3803099451438174,0.0,0.0
17031282800->17031838200,1.4371461126026688,1.4371461126026688,0.0,0.0,2.8742922252053376,2.8742922252053376,0.0,0.0
17031282800->17031271800,1.6489617194677848,1.6489617194677848,0.0,0.0,3.2979234389355696,3.2979234389355696,0.0,0.0
17031282800->17031310900,1.9875709772477328,1.9875709772477328,0.0,0.0,3.975141954495465,3.975141954495465,0.0,0.0
17031837800->17031280900,0.7070396528267049,0.7070396528267049,0.0,0.0,1.4140793056534098,1.4140793056534098,0.0,0.0
17031837800->17031280800,0.8766528826415414,0.8766528826415414,0.0,0.0,1.7533057652830828,1.7533057652830828,0.0,0.0
17031837800->17031838000,1.124871603185651,1.124871603185651,0.0,0.0,2.249743206371302,2.249743206371302,0.0,0.0
17031837800->17031242900,1.5937793449709967,1.5937793449709967,0.0,0.0,3.1875586899419934,3.1875586899419934,0.0,0.0
17031837800->17031242800,1.7068202925467981,1.7068202925467981,0.0,0.0,3.4136405850935962,3.4136405850935962,0.0,0.0
17031837800->17031280400,1.632465803942776,1.632465803942776,0.0,0.0,3.264931607885552,3.264931607885552,0.0,0.0
17031837800->17031837400,1.9869356695441682,1.9869356695441682,0.0,0.0,3.9738713390883365,3.9738713390883365,0.0,0.0
17031242400->17031242500,0.5705533565282151,0.5705533565282151,0.0,0.0,1.1411067130564303,1.1411067130564303,0.0,0.0
17031242400->17031242900,0.9212773733737678,0.9212773733737678,0.0,0.0,1.8425547467475356,1.8425547467475356,0.0,0.0
17031242400->17031242800,0.9238422467098546,0.9238422467098546,0.0,0.0,1.8476844934197092,1.8476844934197092,0.0,0.0
17031242400->17031241200,1.3423931300963998,1.3423931300963998,0.0,0.0,2.6847862601927996,2.6847862601927996,0.0,0.0
17031050900->17031050800,0.4365938458994353,0.4365938458994353,0.0,0.0,0.8731876917988706,0.8731876917988706,0.0,0.0
17031050900->17031051100,0.6700447806059948,0.6700447806059948,0.0,0.0,1.3400895612119896,1.3400895612119896,0.0,0.0
17031050900->17031051000,0.762316723141146,0.762316723141146,0.0,0.0,1.524633446282292,1.524633446282292,0.0,0.0
17031050900->17031050700,1.098090897974144,1.098090897974144,0.0,0.0,2.196181795948288,2.196181795948288,0.0,0.0
17031050900->17031051200,1.2452870523445831,1.2452870523445831,0.0,0.0,2.4905741046891663,2.4905741046891663,0.0,0.0
17031160602->17031160601,0.3022737082729959,0.3022737082729959,0.0,0.0,0.6045474165459918,0.6045474165459918,0.0,0.0
17031160602->17031140800,1.103185316234957,1.103185316234957,0.0,0.0,2.206370632469914,2.206370632469914,0.0,0.0
17031160602->17031160502,1.3298941029978135,1.3298941029978135,0.0,0.0,2.659788205995627,2.659788205995627,0.0,0.0
17031160602->17031140701,2.0016011537336333,2.0016011537336333,0.0,0.0,4.003202307467267,4.003202307467267,0.0,0.0
17031040700->17031040800,0.4385943935626026,0.4385943935626026,0.0,0.0,0.8771887871252052,0.8771887871252052,0.0,0.0
17031040700->17031040600,0.8226334867227756,0.8226334867227756,0.0,0.0,1.6452669734455512,1.6452669734455512,0.0,0.0
17031040700->17031040401,0.9900438846806393,0.9900438846806393,0.0,0.0,1.9800877693612786,1.9800877693612786,0.0,0.0
17031040700->17031140800,1.5350921420478147,1.5350921420478147,0.0,0.0,3.0701842840956295,3.0701842840956295,0.0,0.0
17031040700->17031040300,1.8545112424694032,1.8545112424694032,0.0,0.0,3.7090224849388065,3.7090224849388065,0.0,0.0
17031040700->17031160601,1.8613908171576061,1.8613908171576061,0.0,0.0,3.7227816343152123,3.7227816343152123,0.0,0.0
17031040401->17031040600,0.8216108132534548,0.8216108132534548,0.0,0.0,1.6432216265069095,1.6432216265069095,0.0,0.0
17031040401->17031040800,1.293588226772863,1.293588226772863,0.0,0.0,2.587176453545726,2.587176453545726,0.0,0.0
17031040401->17031040100,1.3566747895360194,1.3566747895360194,0.0,0.0,2.7133495790720388,2.7133495790720388,0.0,0.0
17031040401->17031830800,1.4635146814474185,1.4635146814474185,0.0,0.0,2.927029362894837,2.927029362894837,0.0,0.0
17031040401->17031020801,2.3965627302935637,2.3965627302935637,0.0,0.0,4.793125460587127,4.793125460587127,0.0,0.0
17031020302->17031020400,0.8550120655502728,0.8550120655502728,0.0,0.0,1.7100241311005455,1.7100241311005455,0.0,0.0
17031020302->17031020100,1.1116846255044333,1.1116846255044333,0.0,0.0,2.2233692510088665,2.2233692510088665,0.0,0.0
17031020302->17031010701,1.5110866063455515,1.5110866063455515,0.0,0.0,3.022173212691103,3.022173212691103,0.0,0.0
17031020302->17031010201,1.7363497075504792,1.7363497075504792,0.0,0.0,3.4726994151009585,3.4726994151009585,0.0,0.0
17031020302->17031020601,2.0211124066801034,2.0211124066801034,0.0,0.0,4.042224813360207,4.042224813360207,0.0,0.0
17031020302->17031020901,2.5157087011829997,2.5157087011829997,0.0,0.0,5.031417402365999,5.031417402365999,0.0,0.0
17031020302->17031810200,2.318712981880313,2.318712981880313,0.0,0.0,4.637425963760626,4.637425963760626,0.0,0.0
17031020302->17031807600,3.9701138584655773,3.9701138584655773,0.0,0.0,7.940227716931155,7.940227716931155,0.0,0.0
17031720600->17031720500,0.9302690805975358,0.9302690805975358,0.0,0.0,1.8605381611950715,1.8605381611950715,0.0,0.0
17031720600->17031821900,2.3675516667309386,2.3675516667309386,0.0,0.0,4.735103333461877,4.735103333461877,0.0,0.0
17031720600->17031720200,2.7129506356099964,2.7129506356099964,0.0,0.0,5.425901271219993,5.425901271219993,0.0,0.0
17031720600->17031823304,4.1631159110001565,4.1631159110001565,0.0,0.0,8.326231822000313,8.326231822000313,0.0,0.0
17031720100->17031720200,1.513444745559932,1.513444745559932,0.0,0.0,3.026889491119864,3.026889491119864,0.0,0.0
17031720100->17031711300,1.8542175200131825,1.8542175200131825,0.0,0.0,3.708435040026365,3.708435040026365,0.0,0.0
17031720100->17031730201,2.354049645355602,2.354049645355602,0.0,0.0,4.708099290711204,4.708099290711204,0.0,0.0
17031720100->17031711200,2.8374065746006476,2.8374065746006476,0.0,0.0,5.674813149201295,5.674813149201295,0.0,0.0
17031720100->17031730400,2.4817918737662117,2.4817918737662117,0.0,0.0,4.963583747532423,4.963583747532423,0.0,0.0
17031720100->17031700502,2.965538372427576,2.965538372427576,0.0,0.0,5.931076744855152,5.931076744855152,0.0,0.0
17031720200->17031730400,1.6097385996657532,1.6097385996657532,0.0,0.0,3.2194771993315063,3.2194771993315063,0.0,0.0
17031720200->17031730202,1.990688573407211,1.990688573407211,0.0,0.0,3.9813771468144226,3.9813771468144226,0.0,0.0
17031720200->17031730201,2.6066646174644226,2.6066646174644226,0.0,0.0,5.213329234928845,5.213329234928845,0.0,0.0
17031720200->17031711300,2.7486725674763006,2.7486725674763006,0.0,0.0,5.497345134952601,5.497345134952601,0.0,0.0
17031720200->17031730700,2.5903859194867014,2.5903859194867014,0.0,0.0,5.180771838973403,5.180771838973403,0.0,0.0
17031710400->17031710600,1.1378562178684766,1.1378562178684766,0.0,0.0,2.275712435736953,2.275712435736953,0.0,0.0
17031710400->17031672000,1.4734279872672693,1.4734279872672693,0.0,0.0,2.9468559745345386,2.9468559745345386,0.0,0.0
17031710400->17031711100,1.6241877858705198,1.6241877858705198,0.0,0.0,3.2483755717410396,3.2483755717410396,0.0,0.0
17031710400->17031711200,2.011882896000284,2.011882896000284,0.0,0.0,4.023765792000568,4.023765792000568,0.0,0.0
17031710400->17031671900,2.0381735050225815,2.0381735050225815,0.0,0.0,4.076347010045163,4.076347010045163,0.0,0.0
17031710400->17031710200,1.6658056699539396,1.6658056699539396,0.0,0.0,3.3316113399078793,3.3316113399078793,0.0,0.0
17031710400->17031710700,1.8871435930808216,1.8871435930808216,0.0,0.0,3.774287186161643,3.774287186161643,0.0,0.0
17031710400->17031671800,2.0765208060720313,2.0765208060720313,0.0,0.0,4.1530416121440625,4.1530416121440625,0.0,0.0
17031710400->17031661000,2.4639181885874906,2.4639181885874906,0.0,0.0,4.927836377174981,4.927836377174981,0.0,0.0
17031710400->17031700501,1.9623896267925889,1.9623896267925889,0.0,0.0,3.9247792535851773,3.9247792535851773,0.0,0.0
17031710400->17031711300,2.8620051265194633,2.8620051265194633,0.0,0.0,5.7240102530389265,5.7240102530389265,0.0,0.0
17031710400->17031700502,3.0692914282189916,3.0692914282189916,0.0,0.0,6.138582856437983,6.138582856437983,0.0,0.0
17031661000->17031660900,1.4869654128321204,1.4869654128321204,0.0,0.0,2.9739308256642407,2.9739308256642407,0.0,0.0
17031661000->17031700501,1.7626918968452407,1.7626918968452407,0.0,0.0,3.5253837936904815,3.5253837936904815,0.0,0.0
17031661000->17031660700,1.838147748985328,1.838147748985328,0.0,0.0,3.676295497970656,3.676295497970656,0.0,0.0
17031661000->17031660800,2.187255024733454,2.187255024733454,0.0,0.0,4.374510049466908,4.374510049466908,0.0,0.0
17031661000->17031672000,1.8196580658006272,1.8196580658006272,0.0,0.0,3.6393161316012543,3.6393161316012543,0.0,0.0
17031661000->17031661100,1.8607524007114558,1.8607524007114558,0.0,0.0,3.7215048014229115,3.7215048014229115,0.0,0.0
17031661000->17031660600,2.843794127189408,2.843794127189408,0.0,0.0,5.687588254378816,5.687588254378816,0.0,0.0
17031661000->17031700401,3.4366349537043837,3.4366349537043837,0.0,0.0,6.873269907408767,6.873269907408767,0.0,0.0
17031661000->17031700502,3.367524309846589,3.367524309846589,0.0,0.0,6.735048619693178,6.735048619693178,0.0,0.0
17031660700->17031660600,1.0432422785233004,1.0432422785233004,0.0,0.0,2.086484557046601,2.086484557046601,0.0,0.0
17031660700->17031660900,1.1227352243579813,1.1227352243579813,0.0,0.0,2.2454704487159627,2.2454704487159627,0.0,0.0
17031660700->17031671400,1.320724350879282,1.320724350879282,0.0,0.0,2.641448701758564,2.641448701758564,0.0,0.0
17031660700->17031660800,1.2114642694966609,1.2114642694966609,0.0,0.0,2.4229285389933217,2.4229285389933217,0.0,0.0
17031660700->17031671300,1.4013267074739493,1.4013267074739493,0.0,0.0,2.8026534149478985,2.8026534149478985,0.0,0.0
17031660700->17031835100,2.3120913593066845,2.3120913593066845,0.0,0.0,4.624182718613369,4.624182718613369,0.0,0.0
17031660700->17031670600,2.17893683815918,2.17893683815918,0.0,0.0,4.35787367631836,4.35787367631836,0.0,0.0
17031660700->17031670500,2.40146102566847,2.40146102566847,0.0,0.0,4.80292205133694,4.80292205133694,0.0,0.0
17031660700->17031700501,3.5552653110829806,3.5552653110829806,0.0,0.0,7.110530622165961,7.110530622165961,0.0,0.0
17031660700->17031672000,2.1784202723532973,2.1784202723532973,0.0,0.0,4.3568405447065945,4.3568405447065945,0.0,0.0
17031835100->17031670500,0.9236720353092767,0.9236720353092767,0.0,0.0,1.8473440706185533,1.8473440706185533,0.0,0.0
17031835100->17031660600,1.2706994516109837,1.2706994516109837,0.0,0.0,2.5413989032219675,2.5413989032219675,0.0,0.0
17031835100->17031671400,1.4904313573771386,1.4904313573771386,0.0,0.0,2.980862714754277,2.980862714754277,0.0,0.0
17031835100->17031630500,1.739885308328261,1.739885308328261,0.0,0.0,3.479770616656522,3.479770616656522,0.0,0.0
17031835100->17031630100,1.9671336248646656,1.9671336248646656,0.0,0.0,3.934267249729331,3.934267249729331,0.0,0.0
17031835100->17031611600,1.8955619348125363,1.8955619348125363,0.0,0.0,3.7911238696250726,3.7911238696250726,0.0,0.0
17031835100->17031670600,1.5965703647304033,1.5965703647304033,0.0,0.0,3.1931407294608065,3.1931407294608065,0.0,0.0
17031835100->17031660301,1.9433470794900582,1.9433470794900582,0.0,0.0,3.886694158980117,3.886694158980117,0.0,0.0
17031835100->17031660800,2.2964044201031384,2.2964044201031384,0.0,0.0,4.592808840206277,4.592808840206277,0.0,0.0
17031671100->17031671200,0.2093715529254385,0.2093715529254385,0.0,0.0,0.418743105850877,0.418743105850877,0.0,0.0
17031671100->17031670800,0.6508726207872698,0.6508726207872698,0.0,0.0,1.3017452415745396,1.3017452415745396,0.0,0.0
17031671100->17031670700,0.6767285420646165,0.6767285420646165,0.0,0.0,1.353457084129233,1.353457084129233,0.0,0.0
17031671100->17031670600,1.0631288638814682,1.0631288638814682,0.0,0.0,2.1262577277629364,2.1262577277629364,0.0,0.0
17031671100->17031671300,1.197740839996823,1.197740839996823,0.0,0.0,2.395481679993646,2.395481679993646,0.0,0.0
17031671100->17031670900,1.189626229451664,1.189626229451664,0.0,0.0,2.379252458903328,2.379252458903328,0.0,0.0
17031671100->17031670200,1.7508542681437016,1.7508542681437016,0.0,0.0,3.501708536287403,3.501708536287403,0.0,0.0
17031671100->17031834900,1.565849873544001,1.565849873544001,0.0,0.0,3.131699747088002,3.131699747088002,0.0,0.0
17031671100->17031671600,1.8453104513595076,1.8453104513595076,0.0,0.0,3.690620902719015,3.690620902719015,0.0,0.0
17031671100->17031671400,1.4993097108914115,1.4993097108914115,0.0,0.0,2.998619421782823,2.998619421782823,0.0,0.0
17031671100->17031680600,1.50722278782405,1.50722278782405,0.0,0.0,3.0144455756481,3.0144455756481,0.0,0.0
17031671200->17031671300,1.013886342629177,1.013886342629177,0.0,0.0,2.027772685258354,2.027772685258354,0.0,0.0
17031671200->17031670700,0.8301742893724459,0.8301742893724459,0.0,0.0,1.6603485787448917,1.6603485787448917,0.0,0.0
17031671200->17031670800,0.8601733557158936,0.8601733557158936,0.0,0.0,1.7203467114317872,1.7203467114317872,0.0,0.0
17031671200->17031670600,1.1300191765106493,1.1300191765106493,0.0,0.0,2.2600383530212986,2.2600383530212986,0.0,0.0
17031671200->17031670900,1.3521596140119345,1.3521596140119345,0.0,0.0,2.704319228023869,2.704319228023869,0.0,0.0
17031671200->17031671600,1.6759668844843483,1.6759668844843483,0.0,0.0,3.3519337689686965,3.3519337689686965,0.0,0.0
17031671200->17031834900,1.481136521405842,1.481136521405842,0.0,0.0,2.962273042811684,2.962273042811684,0.0,0.0
17031671200->17031671400,1.4368574657770163,1.4368574657770163,0.0,0.0,2.8737149315540327,2.8737149315540327,0.0,0.0
17031671200->17031671900,2.1277634228525697,2.1277634228525697,0.0,0.0,4.255526845705139,4.255526845705139,0.0,0.0
17031611900->17031670300,0.17653422219035506,0.17653422219035506,0.0,0.0,0.3530684443807101,0.3530684443807101,0.0,0.0
17031611900->17031611800,0.6265083922953677,0.6265083922953677,0.0,0.0,1.2530167845907354,1.2530167845907354,0.0,0.0
17031611900->17031670200,0.6477389287041232,0.6477389287041232,0.0,0.0,1.2954778574082464,1.2954778574082464,0.0,0.0
17031611900->17031670400,0.6847053592177718,0.6847053592177718,0.0,0.0,1.3694107184355435,1.3694107184355435,0.0,0.0
17031611900->17031670100,0.9993163377595726,0.9993163377595726,0.0,0.0,1.9986326755191455,1.9986326755191455,0.0,0.0
17031611900->17031611700,1.0469803626490133,1.0469803626490133,0.0,0.0,2.0939607252980266,2.0939607252980266,0.0,0.0
17031611900->17031670800,1.7528818183963997,1.7528818183963997,0.0,0.0,3.5057636367927993,3.5057636367927993,0.0,0.0
17031611900->17031670700,1.7700676536061226,1.7700676536061226,0.0,0.0,3.5401353072122452,3.5401353072122452,0.0,0.0
17031611900->17031612000,1.4592996678890438,1.4592996678890438,0.0,0.0,2.9185993357780875,2.9185993357780875,0.0,0.0
17031611900->17031611200,1.849331726220314,1.849331726220314,0.0,0.0,3.698663452440628,3.698663452440628,0.0,0.0
17031611900->17031680500,1.6261291401230384,1.6261291401230384,0.0,0.0,3.252258280246077,3.252258280246077,0.0,0.0
17031611900->17031611600,1.553233514233951,1.553233514233951,0.0,0.0,3.106467028467902,3.106467028467902,0.0,0.0
17031838200->17031842900,1.1712801486102409,1.1712801486102409,0.0,0.0,2.3425602972204818,2.3425602972204818,0.0,0.0
17031838200->17031838000,1.1881843365948253,1.1881843365948253,0.0,0.0,2.3763686731896505,2.3763686731896505,0.0,0.0
17031838200->17031832900,1.4229857964769346,1.4229857964769346,0.0,0.0,2.845971592953869,2.845971592953869,0.0,0.0
17031838200->17031280900,1.6924184426110818,1.6924184426110818,0.0,0.0,3.3848368852221635,3.3848368852221635,0.0,0.0
17031838200->17031310900,2.1223692741252496,2.1223692741252496,0.0,0.0,4.244738548250499,4.244738548250499,0.0,0.0
17031831000->17031240500,0.6543928983975756,0.6543928983975756,0.0,0.0,1.3087857967951513,1.3087857967951513,0.0,0.0
17031831000->17031832200,0.9528170600845401,0.9528170600845401,0.0,0.0,1.9056341201690803,1.9056341201690803,0.0,0.0
17031831000->17031241200,1.1314332936909062,1.1314332936909062,0.0,0.0,2.2628665873818123,2.2628665873818123,0.0,0.0
17031831000->17031240600,1.1657519300919361,1.1657519300919361,0.0,0.0,2.3315038601838722,2.3315038601838722,0.0,0.0
17031831900->17031062500,0.6794956957083367,0.6794956957083367,0.0,0.0,1.3589913914166734,1.3589913914166734,0.0,0.0
17031831900->17031061200,0.9195477829277282,0.9195477829277282,0.0,0.0,1.8390955658554564,1.8390955658554564,0.0,0.0
17031831900->17031060300,1.1223231518979426,1.1223231518979426,0.0,0.0,2.2446463037958853,2.2446463037958853,0.0,0.0
17031831900->17031050700,0.9107250441385285,0.9107250441385285,0.0,0.0,1.821450088277057,1.821450088277057,0.0,0.0
17031831900->17031051200,0.9885542641311631,0.9885542641311631,0.0,0.0,1.9771085282623262,1.9771085282623262,0.0,0.0
17031831900->17031062300,1.2104205899825016,1.2104205899825016,0.0,0.0,2.420841179965003,2.420841179965003,0.0,0.0
17031831900->17031060100,1.7111076398698235,1.7111076398698235,0.0,0.0,3.422215279739647,3.422215279739647,0.0,0.0
17031831900->17031060500,1.3829455086090945,1.3829455086090945,0.0,0.0,2.765891017218189,2.765891017218189,0.0,0.0
17031060200->17031031900,0.6035871892080833,0.6035871892080833,0.0,0.0,1.2071743784161666,1.2071743784161666,0.0,0.0
17031060200->17031060100,0.7838385961555271,0.7838385961555271,0.0,0.0,1.5676771923110542,1.5676771923110542,0.0,0.0
17031060200->17031050100,0.7710855893151253,0.7710855893151253,0.0,0.0,1.5421711786302505,1.5421711786302505,0.0,0.0
17031060200->17031060300,1.1226591557019125,1.1226591557019125,0.0,0.0,2.245318311403825,2.245318311403825,0.0,0.0
17031060200->17031830800,1.074048222855214,1.074048222855214,0.0,0.0,2.148096445710428,2.148096445710428,0.0,0.0
17031060200->17031060500,1.415116458518214,1.415116458518214,0.0,0.0,2.830232917036428,2.830232917036428,0.0,0.0
17031060200->17031031000,1.990690373060179,1.990690373060179,0.0,0.0,3.981380746120358,3.981380746120358,0.0,0.0
17031040600->17031040800,0.8059409817326278,0.8059409817326278,0.0,0.0,1.6118819634652557,1.6118819634652557,0.0,0.0
17031040600->17031830800,0.8098177340806806,0.8098177340806806,0.0,0.0,1.6196354681613612,1.6196354681613612,0.0,0.0
17031040600->17031050100,1.6773037611338533,1.6773037611338533,0.0,0.0,3.3546075222677065,3.3546075222677065,0.0,0.0
17031040600->17031040100,1.9818828642417472,1.9818828642417472,0.0,0.0,3.9637657284834944,3.9637657284834944,0.0,0.0
17031030300->17031020902,0.4872704866706494,0.4872704866706494,0.0,0.0,0.9745409733412989,0.9745409733412989,0.0,0.0
17031030300->17031010503,1.496608878842813,1.496608878842813,0.0,0.0,2.993217757685626,2.993217757685626,0.0,0.0
17031030300->17031030500,1.778694429595469,1.778694429595469,0.0,0.0,3.557388859190938,3.557388859190938,0.0,0.0
17031030300->17031010702,2.2768799802817465,2.2768799802817465,0.0,0.0,4.553759960563493,4.553759960563493,0.0,0.0
17031030300->17031020901,1.8389584203271707,1.8389584203271707,0.0,0.0,3.6779168406543414,3.6779168406543414,0.0,0.0
17031020902->17031020901,1.3540195566408675,1.3540195566408675,0.0,0.0,2.708039113281735,2.708039113281735,0.0,0.0
17031020902->17031010701,2.245824219678561,2.245824219678561,0.0,0.0,4.491648439357122,4.491648439357122,0.0,0.0
17031020902->17031010702,2.361584242553155,2.361584242553155,0.0,0.0,4.72316848510631,4.72316848510631,0.0,0.0
17031010201->17031020100,0.640147991215208,0.640147991215208,0.0,0.0,1.280295982430416,1.280295982430416,0.0,0.0
17031010201->17031810200,0.9786162685822908,0.9786162685822908,0.0,0.0,1.9572325371645816,1.9572325371645816,0.0,0.0
17031010201->17031010701,1.1051342962602475,1.1051342962602475,0.0,0.0,2.210268592520495,2.210268592520495,0.0,0.0
17031010201->17031020400,1.322126807464102,1.322126807464102,0.0,0.0,2.644253614928204,2.644253614928204,0.0,0.0
17031010201->17031010702,1.3239751536939972,1.3239751536939972,0.0,0.0,2.6479503073879944,2.6479503073879944,0.0,0.0
17031010201->17031010100,1.3845340769969836,1.3845340769969836,0.0,0.0,2.769068153993967,2.769068153993967,0.0,0.0
17031010201->17031010300,1.7071981236433602,1.7071981236433602,0.0,0.0,3.4143962472867204,3.4143962472867204,0.0,0.0
17031730600->17031730500,0.21369563756912552,0.21369563756912552,0.0,0.0,0.42739127513825104,0.42739127513825104,0.0,0.0
17031730600->17031491100,1.4903362269863714,1.4903362269863714,0.0,0.0,2.9806724539727427,2.9806724539727427,0.0,0.0
17031730600->17031730700,1.8866537968303712,1.8866537968303712,0.0,0.0,3.7733075936607423,3.7733075936607423,0.0,0.0
17031730600->17031490700,1.7671857446183412,1.7671857446183412,0.0,0.0,3.5343714892366824,3.5343714892366824,0.0,0.0
17031730600->17031730202,2.249337398656289,2.249337398656289,0.0,0.0,4.498674797312578,4.498674797312578,0.0,0.0
17031730600->17031730400,2.269586430768868,2.269586430768868,0.0,0.0,4.539172861537736,4.539172861537736,0.0,0.0
17031730600->17031730100,2.673357766361696,2.673357766361696,0.0,0.0,5.346715532723392,5.346715532723392,0.0,0.0
17031730600->17031490600,2.2849890616793878,2.2849890616793878,0.0,0.0,4.5699781233587755,4.5699781233587755,0.0,0.0
17031730600->17031834000,2.5763426837038645,2.5763426837038645,0.0,0.0,5.152685367407729,5.152685367407729,0.0,0.0
17031730400->17031730202,0.38160473915162024,0.38160473915162024,0.0,0.0,0.7632094783032405,0.7632094783032405,0.0,0.0
17031730400->17031730201,1.771562090881949,1.771562090881949,0.0,0.0,3.543124181763898,3.543124181763898,0.0,0.0
17031730400->17031730100,1.8987580691044055,1.8987580691044055,0.0,0.0,3.7975161382088105,3.7975161382088105,0.0,0.0
17031730400->17031730500,2.4785057718559123,2.4785057718559123,0.0,0.0,4.9570115437118245,4.9570115437118245,0.0,0.0
17031730400->17031711300,2.5468000427932993,2.5468000427932993,0.0,0.0,5.093600085586599,5.093600085586599,0.0,0.0
17031730400->17031711500,2.5156003078583073,2.5156003078583073,0.0,0.0,5.031200615716615,5.031200615716615,0.0,0.0
17031730400->17031730700,3.0943587292348425,3.0943587292348425,0.0,0.0,6.188717458469685,6.188717458469685,0.0,0.0
17031710200->17031671800,0.8546653789805048,0.8546653789805048,0.0,0.0,1.7093307579610095,1.7093307579610095,0.0,0.0
17031710200->17031681400,1.1544534527667663,1.1544534527667663,0.0,0.0,2.3089069055335325,2.3089069055335325,0.0,0.0
17031710200->17031710700,1.4191209723931542,1.4191209723931542,0.0,0.0,2.8382419447863083,2.8382419447863083,0.0,0.0
17031710200->17031710600,1.4244370074681838,1.4244370074681838,0.0,0.0,2.8488740149363676,2.8488740149363676,0.0,0.0
17031710200->17031671900,1.5887382696740204,1.5887382696740204,0.0,0.0,3.177476539348041,3.177476539348041,0.0,0.0
17031710200->17031671600,1.9053136955737562,1.9053136955737562,0.0,0.0,3.8106273911475124,3.8106273911475124,0.0,0.0
17031710200->17031710100,1.5286630613052408,1.5286630613052408,0.0,0.0,3.0573261226104815,3.0573261226104815,0.0,0.0
17031710200->17031681100,2.1273586486032547,2.1273586486032547,0.0,0.0,4.2547172972065095,4.2547172972065095,0.0,0.0
17031711200->17031711100,0.5059472769863503,0.5059472769863503,0.0,0.0,1.0118945539727007,1.0118945539727007,0.0,0.0
17031711200->17031711300,0.987301854773301,0.987301854773301,0.0,0.0,1.974603709546602,1.974603709546602,0.0,0.0
17031711200->17031710600,1.3364987696302315,1.3364987696302315,0.0,0.0,2.672997539260463,2.672997539260463,0.0,0.0
17031711200->17031730201,1.406583335194554,1.406583335194554,0.0,0.0,2.813166670389108,2.813166670389108,0.0,0.0
17031711200->17031710700,1.64867639552026,1.64867639552026,0.0,0.0,3.29735279104052,3.29735279104052,0.0,0.0
17031711200->17031711000,1.8219922747861057,1.8219922747861057,0.0,0.0,3.6439845495722114,3.6439845495722114,0.0,0.0
17031711100->17031710600,0.8314339772021205,0.8314339772021205,0.0,0.0,1.662867954404241,1.662867954404241,0.0,0.0
17031711100->17031710700,1.2144580588674059,1.2144580588674059,0.0,0.0,2.4289161177348118,2.4289161177348118,0.0,0.0
17031711100->17031711300,1.4930451163269192,1.4930451163269192,0.0,0.0,2.9860902326538383,2.9860902326538383,0.0,0.0
17031711100->17031730201,1.776978260781098,1.776978260781098,0.0,0.0,3.553956521562196,3.553956521562196,0.0,0.0
17031711100->17031711000,1.713092582870229,1.713092582870229,0.0,0.0,3.426185165740458,3.426185165740458,0.0,0.0
17031681000->17031680600,1.146117918512504,1.146117918512504,0.0,0.0,2.292235837025008,2.292235837025008,0.0,0.0
17031681000->17031681100,1.2816903887621889,1.2816903887621889,0.0,0.0,2.5633807775243778,2.5633807775243778,0.0,0.0
17031681000->17031834900,1.172687076045299,1.172687076045299,0.0,0.0,2.345374152090598,2.345374152090598,0.0,0.0
17031681000->17031670900,1.2814556451732313,1.2814556451732313,0.0,0.0,2.5629112903464626,2.5629112903464626,0.0,0.0
17031681000->17031681200,1.3951892610279346,1.3951892610279346,0.0,0.0,2.7903785220558692,2.7903785220558692,0.0,0.0
17031681000->17031834700,2.3986084160837287,2.3986084160837287,0.0,0.0,4.797216832167457,4.797216832167457,0.0,0.0
17031681000->17031681400,2.395383263644416,2.395383263644416,0.0,0.0,4.790766527288832,4.790766527288832,0.0,0.0
17031681000->17031671600,2.053905147404323,2.053905147404323,0.0,0.0,4.107810294808646,4.107810294808646,0.0,0.0
17031681000->17031834600,2.173286936132473,2.173286936132473,0.0,0.0,4.346573872264946,4.346573872264946,0.0,0.0
17031681200->17031681100,1.0594058299903526,1.0594058299903526,0.0,0.0,2.118811659980705,2.118811659980705,0.0,0.0
17031681200->17031681300,1.303454339623626,1.303454339623626,0.0,0.0,2.606908679247252,2.606908679247252,0.0,0.0
17031681200->17031691100,1.4819861284980356,1.4819861284980356,0.0,0.0,2.963972256996071,2.963972256996071,0.0,0.0
17031681200->17031681400,1.6215985805947217,1.6215985805947217,0.0,0.0,3.2431971611894435,3.2431971611894435,0.0,0.0
17031681200->17031690300,1.571928899707365,1.571928899707365,0.0,0.0,3.14385779941473,3.14385779941473,0.0,0.0
17031681200->17031834900,1.7250840208480736,1.7250840208480736,0.0,0.0,3.450168041696147,3.450168041696147,0.0,0.0
17031681200->17031691200,2.4306697787699694,2.4306697787699694,0.0,0.0,4.861339557539939,4.861339557539939,0.0,0.0
17031681200->17031710100,2.60707815991919,2.60707815991919,0.0,0.0,5.21415631983838,5.21415631983838,0.0,0.0
17031310600->17031310500,0.6661311392308575,0.6661311392308575,0.0,0.0,1.332262278461715,1.332262278461715,0.0,0.0
17031310600->17031310700,0.7176885166083438,0.7176885166083438,0.0,0.0,1.4353770332166875,1.4353770332166875,0.0,0.0
17031310600->17031310400,0.9352942671025737,0.9352942671025737,0.0,0.0,1.8705885342051474,1.8705885342051474,0.0,0.0
17031310600->17031283800,1.4234004907056022,1.4234004907056022,0.0,0.0,2.8468009814112043,2.8468009814112043,0.0,0.0
17031310600->17031842900,1.5612733125095635,1.5612733125095635,0.0,0.0,3.122546625019127,3.122546625019127,0.0,0.0
17031310600->17031283200,1.8192490625961715,1.8192490625961715,0.0,0.0,3.638498125192343,3.638498125192343,0.0,0.0
17031310600->17031310300,1.3961475546201536,1.3961475546201536,0.0,0.0,2.792295109240307,2.792295109240307,0.0,0.0
17031310600->17031840200,1.9981179391855814,1.9981179391855814,0.0,0.0,3.9962358783711633,3.9962358783711633,0.0,0.0
17031310600->17031310900,1.7125271616140747,1.7125271616140747,0.0,0.0,3.4250543232281494,3.4250543232281494,0.0,0.0
17031070400->17031070500,0.6500617249444615,0.6500617249444615,0.0,0.0,1.300123449888923,1.300123449888923,0.0,0.0
17031070400->17031070600,1.0475597437768664,1.0475597437768664,0.0,0.0,2.095119487553733,2.095119487553733,0.0,0.0
17031070400->17031062900,1.4594521466285044,1.4594521466285044,0.0,0.0,2.918904293257009,2.918904293257009,0.0,0.0
17031070400->17031062800,1.4499834161264906,1.4499834161264906,0.0,0.0,2.8999668322529812,2.8999668322529812,0.0,0.0
17031070102->17031070101,0.4496033820315901,0.4496033820315901,0.0,0.0,0.8992067640631802,0.8992067640631802,0.0,0.0
17031070102->17031063301,0.6415589208553577,0.6415589208553577,0.0,0.0,1.2831178417107154,1.2831178417107154,0.0,0.0
17031070102->17031070103,0.682601800808147,0.682601800808147,0.0,0.0,1.365203601616294,1.365203601616294,0.0,0.0
17031070102->17031063302,0.677982794028697,0.677982794028697,0.0,0.0,1.355965588057394,1.355965588057394,0.0,0.0
17031070102->17031063400,0.8600844910475978,0.8600844910475978,0.0,0.0,1.7201689820951955,1.7201689820951955,0.0,0.0
17031070102->17031063200,1.0396574914500498,1.0396574914500498,0.0,0.0,2.0793149829000996,2.0793149829000996,0.0,0.0
17031070102->17031071300,1.5052052402022302,1.5052052402022302,0.0,0.0,3.0104104804044605,3.0104104804044605,0.0,0.0
17031832100->17031060800,0.49615048367496734,0.49615048367496734,0.0,0.0,0.9923009673499347,0.9923009673499347,0.0,0.0
17031832100->17031032100,0.9099583209508004,0.9099583209508004,0.0,0.0,1.8199166419016009,1.8199166419016009,0.0,0.0
17031832100->17031061100,0.8406571630884228,0.8406571630884228,0.0,0.0,1.6813143261768455,1.6813143261768455,0.0,0.0
17031832100->17031031400,1.2838324993577876,1.2838324993577876,0.0,0.0,2.5676649987155753,2.5676649987155753,0.0,0.0
17031832100->17031060500,1.0931130144748136,1.0931130144748136,0.0,0.0,2.186226028949627,2.186226028949627,0.0,0.0
17031832100->17031031502,1.5667547089740188,1.5667547089740188,0.0,0.0,3.1335094179480376,3.1335094179480376,0.0,0.0
17031061100->17031061200,0.5289650636181524,0.5289650636181524,0.0,0.0,1.0579301272363049,1.0579301272363049,0.0,0.0
17031061100->17031062200,0.9889617017263576,0.9889617017263576,0.0,0.0,1.9779234034527151,1.9779234034527151,0.0,0.0
17031061100->17031060500,0.905497084624227,0.905497084624227,0.0,0.0,1.810994169248454,1.810994169248454,0.0,0.0
17031061100->17031062300,1.1082834542973548,1.1082834542973548,0.0,0.0,2.2165669085947095,2.2165669085947095,0.0,0.0
17031061100->17031062100,1.2624788955270596,1.2624788955270596,0.0,0.0,2.524957791054119,2.524957791054119,0.0,0.0
17031061100->17031060800,1.1824271024491355,1.1824271024491355,0.0,0.0,2.364854204898271,2.364854204898271,0.0,0.0
17031061100->17031032100,1.6490477400590382,1.6490477400590382,0.0,0.0,3.2980954801180764,3.2980954801180764,0.0,0.0
17031031200->17031031300,0.5343904641647785,0.5343904641647785,0.0,0.0,1.068780928329557,1.068780928329557,0.0,0.0
17031031200->17031031100,0.7493989870603814,0.7493989870603814,0.0,0.0,1.4987979741207629,1.4987979741207629,0.0,0.0
17031031200->17031031501,0.7862102273496796,0.7862102273496796,0.0,0.0,1.5724204546993592,1.5724204546993592,0.0,0.0
17031031200->17031031502,1.3137827041273717,1.3137827041273717,0.0,0.0,2.6275654082547435,2.6275654082547435,0.0,0.0
17031031200->17031030702,1.4870416974230614,1.4870416974230614,0.0,0.0,2.9740833948461227,2.9740833948461227,0.0,0.0
17031031100->17031031000,0.8717650575543987,0.8717650575543987,0.0,0.0,1.7435301151087974,1.7435301151087974,0.0,0.0
17031031100->17031031300,1.1328641574273164,1.1328641574273164,0.0,0.0,2.2657283148546328,2.2657283148546328,0.0,0.0
17031031100->17031030701,1.530339077074855,1.530339077074855,0.0,0.0,3.06067815414971,3.06067815414971,0.0,0.0
17031031100->17031031501,1.4999851143988736,1.4999851143988736,0.0,0.0,2.999970228797747,2.999970228797747,0.0,0.0
17031030103->17031030104,0.2865702756767403,0.2865702756767403,0.0,0.0,0.5731405513534806,0.5731405513534806,0.0,0.0
17031030103->17031030102,0.3835280091500739,0.3835280091500739,0.0,0.0,0.7670560183001478,0.7670560183001478,0.0,0.0
17031030103->17031010503,1.013546019083499,1.013546019083499,0.0,0.0,2.027092038166998,2.027092038166998,0.0,0.0
17031030103->17031030601,1.1020603803025648,1.1020603803025648,0.0,0.0,2.2041207606051296,2.2041207606051296,0.0,0.0
17031030103->17031010400,1.206000033338284,1.206000033338284,0.0,0.0,2.412000066676568,2.412000066676568,0.0,0.0
17031030103->17031030604,1.425837294905192,1.425837294905192,0.0,0.0,2.851674589810384,2.851674589810384,0.0,0.0
17031030103->17031030603,1.64460861353434,1.64460861353434,0.0,0.0,3.28921722706868,3.28921722706868,0.0,0.0
17031010400->17031010503,0.4291926800722417,0.4291926800722417,0.0,0.0,0.8583853601444834,0.8583853601444834,0.0,0.0
17031010400->17031030104,0.9244043489265784,0.9244043489265784,0.0,0.0,1.8488086978531568,1.8488086978531568,0.0,0.0
17031010400->17031030102,1.5584065090289134,1.5584065090289134,0.0,0.0,3.116813018057827,3.116813018057827,0.0,0.0
17031010400->17031010300,2.084165244493448,2.084165244493448,0.0,0.0,4.168330488986896,4.168330488986896,0.0,0.0
17031530503->17031821402,1.2019103745099997,1.2019103745099997,0.0,0.0,2.4038207490199994,2.4038207490199994,0.0,0.0
17031530503->17031530501,1.4648700620376647,1.4648700620376647,0.0,0.0,2.9297401240753294,2.9297401240753294,0.0,0.0
17031530503->17031530502,1.6400286692903157,1.6400286692903157,0.0,0.0,3.2800573385806313,3.2800573385806313,0.0,0.0
17031530503->17031530300,2.60020076687756,2.60020076687756,0.0,0.0,5.20040153375512,5.20040153375512,0.0,0.0
17031530503->17031530200,2.9943161211041462,2.9943161211041462,0.0,0.0,5.9886322422082925,5.9886322422082925,0.0,0.0
17031530503->17031530400,2.469774382716473,2.469774382716473,0.0,0.0,4.939548765432946,4.939548765432946,0.0,0.0
17031530503->17031491200,3.5936995439478436,3.5936995439478436,0.0,0.0,7.187399087895687,7.187399087895687,0.0,0.0
17031530503->17031530600,3.402470195135048,3.402470195135048,0.0,0.0,6.804940390270096,6.804940390270096,0.0,0.0
17031530503->17031750600,4.421814629785231,4.421814629785231,0.0,0.0,8.843629259570463,8.843629259570463,0.0,0.0
17031530503->17031821200,3.646491205847575,3.646491205847575,0.0,0.0,7.29298241169515,7.29298241169515,0.0,0.0
17031750600->17031730700,1.8254531824305178,1.8254531824305178,0.0,0.0,3.6509063648610356,3.6509063648610356,0.0,0.0
17031750600->17031530300,1.8560291951474284,1.8560291951474284,0.0,0.0,3.7120583902948567,3.7120583902948567,0.0,0.0
17031750600->17031491200,1.7694475967074415,1.7694475967074415,0.0,0.0,3.538895193414883,3.538895193414883,0.0,0.0
17031750600->17031530400,2.844720880320169,2.844720880320169,0.0,0.0,5.689441760640338,5.689441760640338,0.0,0.0
17031750600->17031491100,2.7289541747307102,2.7289541747307102,0.0,0.0,5.4579083494614204,5.4579083494614204,0.0,0.0
17031750600->17031530200,2.7156998424412815,2.7156998424412815,0.0,0.0,5.431399684882563,5.431399684882563,0.0,0.0
17031750600->17031821402,4.204284478654015,4.204284478654015,0.0,0.0,8.40856895730803,8.40856895730803,0.0,0.0
17031750600->17031821200,3.7235218257514187,3.7235218257514187,0.0,0.0,7.447043651502837,7.447043651502837,0.0,0.0
17031491200->17031530200,1.0173615113590397,1.0173615113590397,0.0,0.0,2.0347230227180795,2.0347230227180795,0.0,0.0
17031491200->17031530300,1.3291574393111898,1.3291574393111898,0.0,0.0,2.6583148786223796,2.6583148786223796,0.0,0.0
17031491200->17031491100,2.184118798083584,2.184118798083584,0.0,0.0,4.368237596167168,4.368237596167168,0.0,0.0
17031491200->17031530501,2.2748074078134484,2.2748074078134484,0.0,0.0,4.549614815626897,4.549614815626897,0.0,0.0
17031491200->17031491300,2.021668076437445,2.021668076437445,0.0,0.0,4.04333615287489,4.04333615287489,0.0,0.0
17031491200->17031730700,2.841025196706255,2.841025196706255,0.0,0.0,5.68205039341251,5.68205039341251,0.0,0.0
17031491200->17031491000,2.8117781417592282,2.8117781417592282,0.0,0.0,5.6235562835184565,5.6235562835184565,0.0,0.0
17031491200->17031530400,3.1467122720497724,3.1467122720497724,0.0,0.0,6.293424544099545,6.293424544099545,0.0,0.0
17031491200->17031530502,3.747925613741364,3.747925613741364,0.0,0.0,7.495851227482728,7.495851227482728,0.0,0.0
17031491200->17031821402,3.8761247555007836,3.8761247555007836,0.0,0.0,7.752249511001567,7.752249511001567,0.0,0.0
17031530200->17031530501,1.5437040713116637,1.5437040713116637,0.0,0.0,3.0874081426233273,3.0874081426233273,0.0,0.0
17031530200->17031491300,1.7665628475243675,1.7665628475243675,0.0,0.0,3.533125695048735,3.533125695048735,0.0,0.0
17031530200->17031530300,1.5427253033367123,1.5427253033367123,0.0,0.0,3.0854506066734246,3.0854506066734246,0.0,0.0
17031530200->17031491100,2.837158396260776,2.837158396260776,0.0,0.0,5.674316792521552,5.674316792521552,0.0,0.0
17031530200->17031530502,2.8245799509849037,2.8245799509849037,0.0,0.0,5.649159901969807,5.649159901969807,0.0,0.0
17031530200->17031530600,2.5160271728016643,2.5160271728016643,0.0,0.0,5.032054345603329,5.032054345603329,0.0,0.0
17031530200->17031530400,3.2965278509112896,3.2965278509112896,0.0,0.0,6.593055701822579,6.593055701822579,0.0,0.0
17031530200->17031821402,3.568122353195717,3.568122353195717,0.0,0.0,7.136244706391434,7.136244706391434,0.0,0.0
17031530200->17031540102,4.14162291118032,4.14162291118032,0.0,0.0,8.28324582236064,8.28324582236064,0.0,0.0
17031730500->17031491100,1.2779903589475103,1.2779903589475103,0.0,0.0,2.5559807178950207,2.5559807178950207,0.0,0.0
17031730500->17031490700,1.751654690550871,1.751654690550871,0.0,0.0,3.503309381101742,3.503309381101742,0.0,0.0
17031730500->17031730700,1.8301549385662923,1.8301549385662923,0.0,0.0,3.6603098771325846,3.6603098771325846,0.0,0.0
17031730500->17031730202,2.462762617824649,2.462762617824649,0.0,0.0,4.925525235649298,4.925525235649298,0.0,0.0
17031730500->17031491000,2.191001578024792,2.191001578024792,0.0,0.0,4.382003156049584,4.382003156049584,0.0,0.0
17031730500->17031490600,2.3705498991517824,2.3705498991517824,0.0,0.0,4.741099798303565,4.741099798303565,0.0,0.0
17031730500->17031730100,2.857642815952835,2.857642815952835,0.0,0.0,5.71528563190567,5.71528563190567,0.0,0.0
17031730500->17031834000,2.7107720964623794,2.7107720964623794,0.0,0.0,5.421544192924759,5.421544192924759,0.0,0.0
17031440600->17031440202,1.2040519714652573,1.2040519714652573,0.0,0.0,2.4081039429305147,2.4081039429305147,0.0,0.0
17031440600->17031440700,1.309787586587595,1.309787586587595,0.0,0.0,2.61957517317519,2.61957517317519,0.0,0.0
17031440600->17031440900,1.6599340930806088,1.6599340930806088,0.0,0.0,3.3198681861612176,3.3198681861612176,0.0,0.0
17031440600->17031490300,2.205887074621214,2.205887074621214,0.0,0.0,4.411774149242428,4.411774149242428,0.0,0.0
17031440600->17031490400,2.1869417058379828,2.1869417058379828,0.0,0.0,4.3738834116759655,4.3738834116759655,0.0,0.0
17031440600->17031440201,2.1619935264963996,2.1619935264963996,0.0,0.0,4.323987052992799,4.323987052992799,0.0,0.0
17031440600->17031691400,2.4267742408957504,2.4267742408957504,0.0,0.0,4.853548481791501,4.853548481791501,0.0,0.0
17031440600->17031490500,2.912588084422079,2.912588084422079,0.0,0.0,5.825176168844158,5.825176168844158,0.0,0.0
17031440600->17031834000,2.572097913635255,2.572097913635255,0.0,0.0,5.14419582727051,5.14419582727051,0.0,0.0
17031440600->17031440800,1.9725319751377515,1.9725319751377515,0.0,0.0,3.945063950275503,3.945063950275503,0.0,0.0
17031440600->17031711500,2.3438525577872644,2.3438525577872644,0.0,0.0,4.687705115574529,4.687705115574529,0.0,0.0
17031691200->17031691100,1.412909953309567,1.412909953309567,0.0,0.0,2.825819906619134,2.825819906619134,0.0,0.0
17031691200->17031681300,1.341628169602805,1.341628169602805,0.0,0.0,2.68325633920561,2.68325633920561,0.0,0.0
17031691200->17031710100,1.455956043502863,1.455956043502863,0.0,0.0,2.911912087005726,2.911912087005726,0.0,0.0
17031691200->17031690300,1.8992161317582352,1.8992161317582352,0.0,0.0,3.798432263516471,3.798432263516471,0.0,0.0
17031691200->17031710900,2.3991483408396173,2.3991483408396173,0.0,0.0,4.7982966816792345,4.7982966816792345,0.0,0.0
17031690300->17031691100,0.5203754791287198,0.5203754791287198,0.0,0.0,1.0407509582574397,1.0407509582574397,0.0,0.0
17031690300->17031690400,0.8586130542318853,0.8586130542318853,0.0,0.0,1.7172261084637706,1.7172261084637706,0.0,0.0
17031690300->17031842500,1.5546990980986677,1.5546990980986677,0.0,0.0,3.1093981961973354,3.1093981961973354,0.0,0.0
17031690300->17031681300,1.762193675529096,1.762193675529096,0.0,0.0,3.524387351058192,3.524387351058192,0.0,0.0
17031690300->17031690500,1.756187989131065,1.756187989131065,0.0,0.0,3.51237597826213,3.51237597826213,0.0,0.0
17031834500->17031400800,0.6103293601120499,0.6103293601120499,0.0,0.0,1.2206587202240997,1.2206587202240997,0.0,0.0
17031834500->17031400400,0.8229580293064956,0.8229580293064956,0.0,0.0,1.6459160586129913,1.6459160586129913,0.0,0.0
17031834500->17031420600,0.8759700720981798,0.8759700720981798,0.0,0.0,1.7519401441963596,1.7519401441963596,0.0,0.0
17031834500->17031400500,1.1772651098812499,1.1772651098812499,0.0,0.0,2.3545302197624998,2.3545302197624998,0.0,0.0
17031834500->17031400300,1.3100622770056507,1.3100622770056507,0.0,0.0,2.6201245540113014,2.6201245540113014,0.0,0.0
17031834500->17031842500,1.5125068789753893,1.5125068789753893,0.0,0.0,3.0250137579507785,3.0250137579507785,0.0,0.0
17031834500->17031836100,2.0017307681328753,2.0017307681328753,0.0,0.0,4.003461536265751,4.003461536265751,0.0,0.0
17031834500->17031834600,1.5388072473135737,1.5388072473135737,0.0,0.0,3.0776144946271473,3.0776144946271473,0.0,0.0
17031834500->17031835600,2.0020145853938125,2.0020145853938125,0.0,0.0,4.004029170787625,4.004029170787625,0.0,0.0
17031836100->17031400300,0.6984743289697916,0.6984743289697916,0.0,0.0,1.3969486579395831,1.3969486579395831,0.0,0.0
17031836100->17031381800,0.9256591233101994,0.9256591233101994,0.0,0.0,1.8513182466203988,1.8513182466203988,0.0,0.0
17031836100->17031400500,0.901466948540457,0.901466948540457,0.0,0.0,1.802933897080914,1.802933897080914,0.0,0.0
17031836100->17031381400,1.2037056794917504,1.2037056794917504,0.0,0.0,2.407411358983501,2.407411358983501,0.0,0.0
17031836100->17031381900,0.9924929017899168,0.9924929017899168,0.0,0.0,1.9849858035798333,1.9849858035798333,0.0,0.0
17031836100->17031381700,1.1941186589518487,1.1941186589518487,0.0,0.0,2.3882373179036973,2.3882373179036973,0.0,0.0
17031836100->17031400400,1.337238927498716,1.337238927498716,0.0,0.0,2.674477854997432,2.674477854997432,0.0,0.0
17031836100->17031835600,1.2536340552102154,1.2536340552102154,0.0,0.0,2.507268110420431,2.507268110420431,0.0,0.0
17031836100->17031381500,1.6958337440831786,1.6958337440831786,0.0,0.0,3.391667488166357,3.391667488166357,0.0,0.0
17031835600->17031400500,1.02484483228123,1.02484483228123,0.0,0.0,2.04968966456246,2.04968966456246,0.0,0.0
17031835600->17031381700,1.368551937633089,1.368551937633089,0.0,0.0,2.737103875266178,2.737103875266178,0.0,0.0
17031835600->17031400300,1.1522407027939454,1.1522407027939454,0.0,0.0,2.304481405587891,2.304481405587891,0.0,0.0
17031835600->17031834600,1.5843514016789702,1.5843514016789702,0.0,0.0,3.1687028033579403,3.1687028033579403,0.0,0.0
17031835600->17031381800,1.6512155286983994,1.6512155286983994,0.0,0.0,3.3024310573967988,3.3024310573967988,0.0,0.0
17031835600->17031843800,1.7861677109502274,1.7861677109502274,0.0,0.0,3.572335421900455,3.572335421900455,0.0,0.0
17031835600->17031400400,1.8142136086279035,1.8142136086279035,0.0,0.0,3.628427217255807,3.628427217255807,0.0,0.0
17031835600->17031381500,2.20036612276908,2.20036612276908,0.0,0.0,4.40073224553816,4.40073224553816,0.0,0.0
17031400500->17031400300,0.25758995625903075,0.25758995625903075,0.0,0.0,0.5151799125180615,0.5151799125180615,0.0,0.0
17031400500->17031400400,0.7911491022044216,0.7911491022044216,0.0,0.0,1.5822982044088432,1.5822982044088432,0.0,0.0
17031400500->17031381800,1.7697700475144038,1.7697700475144038,0.0,0.0,3.5395400950288076,3.5395400950288076,0.0,0.0
17031400500->17031400800,1.7799215412812468,1.7799215412812468,0.0,0.0,3.5598430825624936,3.5598430825624936,0.0,0.0
17031400500->17031381700,1.836308768570428,1.836308768570428,0.0,0.0,3.672617537140856,3.672617537140856,0.0,0.0
17031400500->17031420600,1.7766868399321971,1.7766868399321971,0.0,0.0,3.5533736798643942,3.5533736798643942,0.0,0.0
17031400500->17031834600,1.659794124308943,1.659794124308943,0.0,0.0,3.319588248617886,3.319588248617886,0.0,0.0
17031400300->17031400400,0.7505715796543433,0.7505715796543433,0.0,0.0,1.5011431593086866,1.5011431593086866,0.0,0.0
17031400300->17031381800,1.6059782388053372,1.6059782388053372,0.0,0.0,3.2119564776106744,3.2119564776106744,0.0,0.0
17031400300->17031381900,1.5526669717513346,1.5526669717513346,0.0,0.0,3.1053339435026692,3.1053339435026692,0.0,0.0
17031400300->17031381700,1.7482804046104936,1.7482804046104936,0.0,0.0,3.496560809220987,3.496560809220987,0.0,0.0
17031400300->17031400800,1.8914747344988847,1.8914747344988847,0.0,0.0,3.78294946899777,3.78294946899777,0.0,0.0
17031400300->17031381400,1.901565686092162,1.901565686092162,0.0,0.0,3.8031313721843234,3.8031313721843234,0.0,0.0
17031400300->17031834600,1.9173367647162267,1.9173367647162267,0.0,0.0,3.8346735294324534,3.8346735294324534,0.0,0.0
17031400300->17031420600,1.7965201673608768,1.7965201673608768,0.0,0.0,3.5930403347217537,3.5930403347217537,0.0,0.0
17031835500->17031380500,0.644876356554137,0.644876356554137,0.0,0.0,1.289752713108274,1.289752713108274,0.0,0.0
17031835500->17031835700,0.9437584810915618,0.9437584810915618,0.0,0.0,1.8875169621831238,1.8875169621831238,0.0,0.0
17031835500->17031610800,1.2791890717678844,1.2791890717678844,0.0,0.0,2.558378143535769,2.558378143535769,0.0,0.0
17031835500->17031340600,0.9723909482129042,0.9723909482129042,0.0,0.0,1.9447818964258083,1.9447818964258083,0.0,0.0
17031835500->17031380700,1.4596948531060108,1.4596948531060108,0.0,0.0,2.9193897062120215,2.9193897062120215,0.0,0.0
17031835500->17031351500,1.7089817696903156,1.7089817696903156,0.0,0.0,3.417963539380631,3.417963539380631,0.0,0.0
17031835500->17031381500,1.738770666950856,1.738770666950856,0.0,0.0,3.477541333901712,3.477541333901712,0.0,0.0
17031835500->17031611000,2.2582419254742025,2.2582419254742025,0.0,0.0,4.516483850948405,4.516483850948405,0.0,0.0
17031340400->17031340300,0.3961471373310071,0.3961471373310071,0.0,0.0,0.7922942746620142,0.7922942746620142,0.0,0.0
17031340400->17031350400,0.5680058849917234,0.5680058849917234,0.0,0.0,1.1360117699834469,1.1360117699834469,0.0,0.0
17031340400->17031840100,0.6034564413357205,0.6034564413357205,0.0,0.0,1.206912882671441,1.206912882671441,0.0,0.0
17031340400->17031340500,0.9005573859235423,0.9005573859235423,0.0,0.0,1.8011147718470846,1.8011147718470846,0.0,0.0
17031340400->17031839200,1.205015957487153,1.205015957487153,0.0,0.0,2.410031914974306,2.410031914974306,0.0,0.0
17031340400->17031839800,1.579243412648669,1.579243412648669,0.0,0.0,3.158486825297338,3.158486825297338,0.0,0.0
17031839600->17031839500,0.880692846569781,0.880692846569781,0.0,0.0,1.761385693139562,1.761385693139562,0.0,0.0
17031839600->17031835900,1.1187335799951335,1.1187335799951335,0.0,0.0,2.237467159990267,2.237467159990267,0.0,0.0
17031839600->17031360200,0.9866317560912843,0.9866317560912843,0.0,0.0,1.9732635121825686,1.9732635121825686,0.0,0.0
17031839600->17031351500,1.0501903702487863,1.0501903702487863,0.0,0.0,2.1003807404975725,2.1003807404975725,0.0,0.0
17031839600->17031380200,1.4602076293205268,1.4602076293205268,0.0,0.0,2.9204152586410537,2.9204152586410537,0.0,0.0
17031839600->17031836500,1.2754983665712225,1.2754983665712225,0.0,0.0,2.550996733142445,2.550996733142445,0.0,0.0
17031839600->17031340600,1.6877299247378321,1.6877299247378321,0.0,0.0,3.3754598494756642,3.3754598494756642,0.0,0.0
17031839600->17031380500,1.5700053892048236,1.5700053892048236,0.0,0.0,3.140010778409647,3.140010778409647,0.0,0.0
17031839600->17031350100,2.0567907184731076,2.0567907184731076,0.0,0.0,4.113581436946215,4.113581436946215,0.0,0.0
17031490800->17031490902,0.8163957712252163,0.8163957712252163,0.0,0.0,1.6327915424504327,1.6327915424504327,0.0,0.0
17031490800->17031490901,1.82098454640025,1.82098454640025,0.0,0.0,3.6419690928005,3.6419690928005,0.0,0.0
17031490800->17031490500,1.788450117576633,1.788450117576633,0.0,0.0,3.576900235153266,3.576900235153266,0.0,0.0
17031490800->17031490700,1.5139940617705414,1.5139940617705414,0.0,0.0,3.027988123541083,3.027988123541083,0.0,0.0
17031490800->17031491000,1.7091387493976082,1.7091387493976082,0.0,0.0,3.4182774987952165,3.4182774987952165,0.0,0.0
17031490800->17031490300,2.246333905827754,2.246333905827754,0.0,0.0,4.492667811655508,4.492667811655508,0.0,0.0
17031490800->17031490600,2.1468239927742814,2.1468239927742814,0.0,0.0,4.293647985548563,4.293647985548563,0.0,0.0
17031490800->17031490400,2.553550458599663,2.553550458599663,0.0,0.0,5.107100917199326,5.107100917199326,0.0,0.0
17031490800->17031500100,2.9937229051025485,2.9937229051025485,0.0,0.0,5.987445810205097,5.987445810205097,0.0,0.0
17031490902->17031491000,0.8971912892972583,0.8971912892972583,0.0,0.0,1.7943825785945167,1.7943825785945167,0.0,0.0
17031490902->17031490901,1.3097770462170455,1.3097770462170455,0.0,0.0,2.619554092434091,2.619554092434091,0.0,0.0
17031490902->17031490700,1.417105342714717,1.417105342714717,0.0,0.0,2.834210685429434,2.834210685429434,0.0,0.0
17031490902->17031491300,2.200731672976928,2.200731672976928,0.0,0.0,4.401463345953856,4.401463345953856,0.0,0.0
17031490902->17031490600,2.391980099946416,2.391980099946416,0.0,0.0,4.783960199892832,4.783960199892832,0.0,0.0
17031490902->17031491100,2.088764223083845,2.088764223083845,0.0,0.0,4.17752844616769,4.17752844616769,0.0,0.0
17031490902->17031490500,2.5672263424897923,2.5672263424897923,0.0,0.0,5.134452684979585,5.134452684979585,0.0,0.0
17031490902->17031490300,2.9037150609808244,2.9037150609808244,0.0,0.0,5.807430121961649,5.807430121961649,0.0,0.0
17031490500->17031490400,0.79413976660997,0.79413976660997,0.0,0.0,1.58827953321994,1.58827953321994,0.0,0.0
17031490500->17031490300,0.8657144113533053,0.8657144113533053,0.0,0.0,1.7314288227066106,1.7314288227066106,0.0,0.0
17031490500->17031440900,1.596988268719525,1.596988268719525,0.0,0.0,3.19397653743905,3.19397653743905,0.0,0.0
17031490500->17031440800,2.241940769387726,2.241940769387726,0.0,0.0,4.483881538775452,4.483881538775452,0.0,0.0
17031490500->17031490600,2.039938400829316,2.039938400829316,0.0,0.0,4.079876801658632,4.079876801658632,0.0,0.0
17031490500->17031440700,2.794227849190665,2.794227849190665,0.0,0.0,5.58845569838133,5.58845569838133,0.0,0.0
17031490500->17031490700,2.374857437499945,2.374857437499945,0.0,0.0,4.74971487499989,4.74971487499989,0.0,0.0
17031490500->17031500100,2.6866671253257537,2.6866671253257537,0.0,0.0,5.373334250651507,5.373334250651507,0.0,0.0
17031490300->17031490400,0.7120686985723708,0.7120686985723708,0.0,0.0,1.4241373971447415,1.4241373971447415,0.0,0.0
17031490300->17031440900,1.3417419103002293,1.3417419103002293,0.0,0.0,2.6834838206004585,2.6834838206004585,0.0,0.0
17031490300->17031490600,1.5245360416857858,1.5245360416857858,0.0,0.0,3.0490720833715717,3.0490720833715717,0.0,0.0
17031490300->17031834000,1.6965972141351229,1.6965972141351229,0.0,0.0,3.3931944282702458,3.3931944282702458,0.0,0.0
17031490300->17031440800,2.147931953476623,2.147931953476623,0.0,0.0,4.295863906953246,4.295863906953246,0.0,0.0
17031490300->17031490700,2.2500903735841593,2.2500903735841593,0.0,0.0,4.500180747168319,4.500180747168319,0.0,0.0
17031490300->17031440700,2.4255109684558724,2.4255109684558724,0.0,0.0,4.851021936911745,4.851021936911745,0.0,0.0
17031440202->17031440700,0.5149018669924024,0.5149018669924024,0.0,0.0,1.0298037339848047,1.0298037339848047,0.0,0.0
17031440202->17031440201,1.3837596399803977,1.3837596399803977,0.0,0.0,2.7675192799607955,2.7675192799607955,0.0,0.0
17031440202->17031440800,1.400241479200214,1.400241479200214,0.0,0.0,2.800482958400428,2.800482958400428,0.0,0.0
17031440202->17031440900,1.6621875773226331,1.6621875773226331,0.0,0.0,3.3243751546452662,3.3243751546452662,0.0,0.0
17031440202->17031440101,1.736584519251521,1.736584519251521,0.0,0.0,3.473169038503042,3.473169038503042,0.0,0.0
17031440202->17031691400,1.928317685823745,1.928317685823745,0.0,0.0,3.85663537164749,3.85663537164749,0.0,0.0
17031440202->17031490400,2.451100811661883,2.451100811661883,0.0,0.0,4.902201623323766,4.902201623323766,0.0,0.0
17031440202->17031470100,2.1491296549986068,2.1491296549986068,0.0,0.0,4.2982593099972135,4.2982593099972135,0.0,0.0
17031691400->17031440201,0.6781102848456451,0.6781102848456451,0.0,0.0,1.3562205696912901,1.3562205696912901,0.0,0.0
17031691400->17031690900,1.740520106841999,1.740520106841999,0.0,0.0,3.481040213683998,3.481040213683998,0.0,0.0
17031691400->17031440101,1.547834060137534,1.547834060137534,0.0,0.0,3.095668120275068,3.095668120275068,0.0,0.0
17031691400->17031691500,1.74966790673479,1.74966790673479,0.0,0.0,3.49933581346958,3.49933581346958,0.0,0.0
17031841800->17031430300,1.1672550331995402,1.1672550331995402,0.0,0.0,2.3345100663990803,2.3345100663990803,0.0,0.0
17031841800->17031691500,1.461714276071925,1.461714276071925,0.0,0.0,2.92342855214385,2.92342855214385,0.0,0.0
17031841800->17031421200,1.442612913275468,1.442612913275468,0.0,0.0,2.885225826550936,2.885225826550936,0.0,0.0
17031841800->17031430900,1.5397746468754543,1.5397746468754543,0.0,0.0,3.0795492937509086,3.0795492937509086,0.0,0.0
17031841800->17031690900,1.6023172128674776,1.6023172128674776,0.0,0.0,3.2046344257349553,3.2046344257349553,0.0,0.0
17031841800->17031834400,2.300472701033798,2.300472701033798,0.0,0.0,4.600945402067596,4.600945402067596,0.0,0.0
17031841800->17031690500,1.8802440375253484,1.8802440375253484,0.0,0.0,3.760488075050697,3.760488075050697,0.0,0.0
17031841800->17031440101,2.4793962815670327,2.4793962815670327,0.0,0.0,4.9587925631340655,4.9587925631340655,0.0,0.0
17031843600->17031381200,0.2736445410042562,0.2736445410042562,0.0,0.0,0.5472890820085125,0.5472890820085125,0.0,0.0
17031843600->17031836000,0.37196943229995905,0.37196943229995905,0.0,0.0,0.7439388645999181,0.7439388645999181,0.0,0.0
17031843600->17031390300,0.7244990268175548,0.7244990268175548,0.0,0.0,1.4489980536351097,1.4489980536351097,0.0,0.0
17031843600->17031381900,1.217898258302041,1.217898258302041,0.0,0.0,2.435796516604082,2.435796516604082,0.0,0.0
17031843600->17031835800,1.0210187908172608,1.0210187908172608,0.0,0.0,2.0420375816345215,2.0420375816345215,0.0,0.0
17031843600->17031390400,1.0765206584238591,1.0765206584238591,0.0,0.0,2.1530413168477183,2.1530413168477183,0.0,0.0
17031843600->17031380100,1.4142803595333822,1.4142803595333822,0.0,0.0,2.8285607190667643,2.8285607190667643,0.0,0.0
17031843600->17031380200,1.524346015499356,1.524346015499356,0.0,0.0,3.048692030998712,3.048692030998712,0.0,0.0
17031843600->17031381400,1.255995937706281,1.255995937706281,0.0,0.0,2.511991875412562,2.511991875412562,0.0,0.0
17031843600->17031390200,1.2414176996884232,1.2414176996884232,0.0,0.0,2.4828353993768464,2.4828353993768464,0.0,0.0
17031843600->17031836400,1.9339055624529582,1.9339055624529582,0.0,0.0,3.8678111249059164,3.8678111249059164,0.0,0.0
17031390300->17031390200,0.520785690771963,0.520785690771963,0.0,0.0,1.041571381543926,1.041571381543926,0.0,0.0
17031390300->17031390400,0.7964941984024358,0.7964941984024358,0.0,0.0,1.5929883968048717,1.5929883968048717,0.0,0.0
17031390300->17031836000,0.7496313950791121,0.7496313950791121,0.0,0.0,1.4992627901582243,1.4992627901582243,0.0,0.0
17031390300->17031390500,1.0214549515615348,1.0214549515615348,0.0,0.0,2.0429099031230695,2.0429099031230695,0.0,0.0
17031390300->17031381200,0.9959473921953961,0.9959473921953961,0.0,0.0,1.9918947843907924,1.9918947843907924,0.0,0.0
17031390300->17031836300,1.4973102317035554,1.4973102317035554,0.0,0.0,2.9946204634071107,2.9946204634071107,0.0,0.0
17031390300->17031380100,1.4674209472619175,1.4674209472619175,0.0,0.0,2.934841894523835,2.934841894523835,0.0,0.0
17031390300->17031836400,1.5664442351106793,1.5664442351106793,0.0,0.0,3.1328884702213586,3.1328884702213586,0.0,0.0
17031839500->17031351500,1.1088832239515676,1.1088832239515676,0.0,0.0,2.217766447903135,2.217766447903135,0.0,0.0
17031839500->17031350100,1.2779901510954073,1.2779901510954073,0.0,0.0,2.5559803021908145,2.5559803021908145,0.0,0.0
17031839500->17031839200,1.400274182796346,1.400274182796346,0.0,0.0,2.800548365592692,2.800548365592692,0.0,0.0
17031839500->17031350400,1.5096391983319872,1.5096391983319872,0.0,0.0,3.0192783966639745,3.0192783966639745,0.0,0.0
17031839500->17031360200,1.6230762766547844,1.6230762766547844,0.0,0.0,3.2461525533095688,3.2461525533095688,0.0,0.0
17031839500->17031836500,1.6348845491967523,1.6348845491967523,0.0,0.0,3.2697690983935046,3.2697690983935046,0.0,0.0
17031450300->17031480100,1.2514790521861818,1.2514790521861818,0.0,0.0,2.5029581043723637,2.5029581043723637,0.0,0.0
17031450300->17031460500,1.2718154367060122,1.2718154367060122,0.0,0.0,2.5436308734120243,2.5436308734120243,0.0,0.0
17031450300->17031480300,2.2579973342927064,2.2579973342927064,0.0,0.0,4.515994668585413,4.515994668585413,0.0,0.0
17031450300->17031431200,2.290695030872204,2.290695030872204,0.0,0.0,4.581390061744408,4.581390061744408,0.0,0.0
17031450300->17031430900,2.5586326034063096,2.5586326034063096,0.0,0.0,5.117265206812619,5.117265206812619,0.0,0.0
17031450300->17031470100,2.3052463675848798,2.3052463675848798,0.0,0.0,4.6104927351697595,4.6104927351697595,0.0,0.0
17031450300->17031460400,2.3341159014125608,2.3341159014125608,0.0,0.0,4.6682318028251215,4.6682318028251215,0.0,0.0
17031450300->17031480400,2.8468278596193293,2.8468278596193293,0.0,0.0,5.6936557192386585,5.6936557192386585,0.0,0.0
17031480100->17031480300,1.0092404041061678,1.0092404041061678,0.0,0.0,2.0184808082123356,2.0184808082123356,0.0,0.0
17031480100->17031470100,1.2691898957961996,1.2691898957961996,0.0,0.0,2.538379791592399,2.538379791592399,0.0,0.0
17031480100->17031480400,1.9185103451097574,1.9185103451097574,0.0,0.0,3.8370206902195148,3.8370206902195148,0.0,0.0
17031480100->17031460500,2.5024398691566616,2.5024398691566616,0.0,0.0,5.004879738313323,5.004879738313323,0.0,0.0
17031480100->17031440800,2.2148876442915197,2.2148876442915197,0.0,0.0,4.4297752885830395,4.4297752885830395,0.0,0.0
17031480100->17031480500,2.4090533309111635,2.4090533309111635,0.0,0.0,4.818106661822327,4.818106661822327,0.0,0.0
17031480100->17031500100,3.9368289790211115,3.9368289790211115,0.0,0.0,7.873657958042223,7.873657958042223,0.0,0.0
17031430200->17031430300,0.9740901501301604,0.9740901501301604,0.0,0.0,1.9481803002603209,1.9481803002603209,0.0,0.0
17031430200->17031843900,1.1529160166366839,1.1529160166366839,0.0,0.0,2.3058320332733677,2.3058320332733677,0.0,0.0
17031430200->17031430101,1.1997453628472246,1.1997453628472246,0.0,0.0,2.399490725694449,2.399490725694449,0.0,0.0
17031430200->17031430900,1.7722015404085545,1.7722015404085545,0.0,0.0,3.544403080817109,3.544403080817109,0.0,0.0
17031430200->17031420100,2.078763903027683,2.078763903027683,0.0,0.0,4.157527806055366,4.157527806055366,0.0,0.0
17031430200->17031430102,1.6892482048927413,1.6892482048927413,0.0,0.0,3.3784964097854826,3.3784964097854826,0.0,0.0
17031430900->17031430300,1.8525110386723846,1.8525110386723846,0.0,0.0,3.7050220773447693,3.7050220773447693,0.0,0.0
17031430900->17031460500,1.758351083928468,1.758351083928468,0.0,0.0,3.516702167856936,3.516702167856936,0.0,0.0
17031430900->17031430800,1.6545414237473708,1.6545414237473708,0.0,0.0,3.3090828474947416,3.3090828474947416,0.0,0.0
17031430900->17031843900,2.461149522512276,2.461149522512276,0.0,0.0,4.922299045024552,4.922299045024552,0.0,0.0
17031430900->17031430101,2.588826941951922,2.588826941951922,0.0,0.0,5.177653883903844,5.177653883903844,0.0,0.0
17031430900->17031691500,1.827020099048341,1.827020099048341,0.0,0.0,3.654040198096682,3.654040198096682,0.0,0.0
17031430900->17031431200,1.763629209156265,1.763629209156265,0.0,0.0,3.52725841831253,3.52725841831253,0.0,0.0
17031843900->17031430101,0.1525230798217939,0.1525230798217939,0.0,0.0,0.3050461596435878,0.3050461596435878,0.0,0.0
17031843900->17031430102,0.7690702340184953,0.7690702340184953,0.0,0.0,1.5381404680369906,1.5381404680369906,0.0,0.0
17031843900->17031430800,1.7920523173012417,1.7920523173012417,0.0,0.0,3.5841046346024834,3.5841046346024834,0.0,0.0
17031843900->17031430700,1.7233333278235432,1.7233333278235432,0.0,0.0,3.4466666556470864,3.4466666556470864,0.0,0.0
17031843900->17031431200,2.6361948570189138,2.6361948570189138,0.0,0.0,5.2723897140378275,5.2723897140378275,0.0,0.0
17031843900->17031430300,2.115675978495407,2.115675978495407,0.0,0.0,4.231351956990814,4.231351956990814,0.0,0.0
17031843900->17031431400,2.342391686072233,2.342391686072233,0.0,0.0,4.684783372144466,4.684783372144466,0.0,0.0
17031460400->17031431301,0.6908461144844841,0.6908461144844841,0.0,0.0,1.3816922289689682,1.3816922289689682,0.0,0.0
17031460400->17031431200,0.9194488824899427,0.9194488824899427,0.0,0.0,1.8388977649798854,1.8388977649798854,0.0,0.0
17031460400->17031431302,1.2701817904011892,1.2701817904011892,0.0,0.0,2.5403635808023783,2.5403635808023783,0.0,0.0
17031460400->17031430800,1.6214760783553417,1.6214760783553417,0.0,0.0,3.2429521567106834,3.2429521567106834,0.0,0.0
17031460400->17031460500,1.3205041711063563,1.3205041711063563,0.0,0.0,2.6410083422127126,2.6410083422127126,0.0,0.0
17031460400->17031431400,1.914848479815891,1.914848479815891,0.0,0.0,3.8296969596317822,3.8296969596317822,0.0,0.0
17031460400->17031430700,2.174745840462965,2.174745840462965,0.0,0.0,4.34949168092593,4.34949168092593,0.0,0.0
17031460400->17031430102,2.7242702351576558,2.7242702351576558,0.0,0.0,5.4485404703153115,5.4485404703153115,0.0,0.0
17031431302->17031431400,0.6524679790919339,0.6524679790919339,0.0,0.0,1.3049359581838678,1.3049359581838678,0.0,0.0
17031431302->17031431301,0.7537194508091524,0.7537194508091524,0.0,0.0,1.5074389016183047,1.5074389016183047,0.0,0.0
17031431302->17031430700,1.0661048104296469,1.0661048104296469,0.0,0.0,2.1322096208592938,2.1322096208592938,0.0,0.0
17031431302->17031430800,1.3868086047658732,1.3868086047658732,0.0,0.0,2.7736172095317464,2.7736172095317464,0.0,0.0
17031431302->17031431200,1.40664909728515,1.40664909728515,0.0,0.0,2.8132981945703,2.8132981945703,0.0,0.0
17031431302->17031430102,1.8954018860845767,1.8954018860845767,0.0,0.0,3.790803772169154,3.790803772169154,0.0,0.0
17031300500->17031843400,0.3719237215706332,0.3719237215706332,0.0,0.0,0.7438474431412664,0.7438474431412664,0.0,0.0
17031300500->17031300600,0.7737225996968917,0.7737225996968917,0.0,0.0,1.5474451993937834,1.5474451993937834,0.0,0.0
17031300500->17031301702,1.4934438829368357,1.4934438829368357,0.0,0.0,2.9868877658736714,2.9868877658736714,0.0,0.0
17031300500->17031841400,1.3697077813805743,1.3697077813805743,0.0,0.0,2.7394155627611485,2.7394155627611485,0.0,0.0
17031300500->17031292500,1.5172446316061465,1.5172446316061465,0.0,0.0,3.034489263212293,3.034489263212293,0.0,0.0
17031300500->17031830500,1.8422469623526947,1.8422469623526947,0.0,0.0,3.6844939247053894,3.6844939247053894,0.0,0.0
17031300500->17031300700,1.3888231508829072,1.3888231508829072,0.0,0.0,2.7776463017658144,2.7776463017658144,0.0,0.0
17031580100->17031580700,0.7479632983120795,0.7479632983120795,0.0,0.0,1.495926596624159,1.495926596624159,0.0,0.0
17031580100->17031580200,1.1339819830222782,1.1339819830222782,0.0,0.0,2.2679639660445563,2.2679639660445563,0.0,0.0
17031580100->17031580502,2.0200630041217864,2.0200630041217864,0.0,0.0,4.040126008243573,4.040126008243573,0.0,0.0
17031580100->17031580800,2.4427729807838934,2.4427729807838934,0.0,0.0,4.885545961567787,4.885545961567787,0.0,0.0
17031580100->17031590600,2.073912563173922,2.073912563173922,0.0,0.0,4.147825126347844,4.147825126347844,0.0,0.0
17031580100->17031580300,2.1730549349255828,2.1730549349255828,0.0,0.0,4.3461098698511655,4.3461098698511655,0.0,0.0
17031240500->17031240600,0.5194367057542166,0.5194367057542166,0.0,0.0,1.0388734115084333,1.0388734115084333,0.0,0.0
17031240500->17031241200,0.728897303157777,0.728897303157777,0.0,0.0,1.457794606315554,1.457794606315554,0.0,0.0
17031240500->17031832400,1.1380194939489154,1.1380194939489154,0.0,0.0,2.276038987897831,2.276038987897831,0.0,0.0
17031240500->17031832200,1.2277042103952456,1.2277042103952456,0.0,0.0,2.455408420790491,2.455408420790491,0.0,0.0
17031252201->17031251800,1.4319312156336623,1.4319312156336623,0.0,0.0,2.8638624312673246,2.8638624312673246,0.0,0.0
17031252201->17031813301,2.128727234934086,2.128727234934086,0.0,0.0,4.257454469868172,4.257454469868172,0.0,0.0
17031252201->17031252101,1.7930525868920058,1.7930525868920058,0.0,0.0,3.5861051737840115,3.5861051737840115,0.0,0.0
17031252201->17031260500,1.7794287666957205,1.7794287666957205,0.0,0.0,3.558857533391441,3.558857533391441,0.0,0.0
17031252201->17031813302,2.2785983879162375,2.2785983879162375,0.0,0.0,4.557196775832475,4.557196775832475,0.0,0.0
17031252201->17031260400,2.115961684690323,2.115961684690323,0.0,0.0,4.231923369380646,4.231923369380646,0.0,0.0
17031140601->17031140301,0.2688306311918663,0.2688306311918663,0.0,0.0,0.5376612623837326,0.5376612623837326,0.0,0.0
17031140601->17031140602,1.2058687663479544,1.2058687663479544,0.0,0.0,2.4117375326959087,2.4117375326959087,0.0,0.0
17031140601->17031160300,2.0675431238316246,2.0675431238316246,0.0,0.0,4.135086247663249,4.135086247663249,0.0,0.0
17031140601->17031140701,1.6481594946126545,1.6481594946126545,0.0,0.0,3.296318989225309,3.296318989225309,0.0,0.0
17031140601->17031160100,1.8249622508991588,1.8249622508991588,0.0,0.0,3.6499245017983175,3.6499245017983175,0.0,0.0
17031280900->17031280800,0.5651090032449113,0.5651090032449113,0.0,0.0,1.1302180064898226,1.1302180064898226,0.0,0.0
17031280900->17031838000,0.6016209401191743,0.6016209401191743,0.0,0.0,1.2032418802383487,1.2032418802383487,0.0,0.0
17031280900->17031837400,1.5030536065116302,1.5030536065116302,0.0,0.0,3.0061072130232604,3.0061072130232604,0.0,0.0
17031280900->17031280400,1.8896602985527904,1.8896602985527904,0.0,0.0,3.7793205971055808,3.7793205971055808,0.0,0.0
17031280900->17031242900,2.2764862911850687,2.2764862911850687,0.0,0.0,4.5529725823701375,4.5529725823701375,0.0,0.0
17031843400->17031300600,0.6411241994961102,0.6411241994961102,0.0,0.0,1.2822483989922204,1.2822483989922204,0.0,0.0
17031843400->17031292500,1.2812339435029176,1.2812339435029176,0.0,0.0,2.5624678870058353,2.5624678870058353,0.0,0.0
17031843400->17031841400,1.1945907554987787,1.1945907554987787,0.0,0.0,2.3891815109975574,2.3891815109975574,0.0,0.0
17031843400->17031292200,1.343977006799367,1.343977006799367,0.0,0.0,2.687954013598734,2.687954013598734,0.0,0.0
17031843400->17031830500,2.2136771634615564,2.2136771634615564,0.0,0.0,4.427354326923113,4.427354326923113,0.0,0.0
17031843400->17031290900,2.16448235048588,2.16448235048588,0.0,0.0,4.32896470097176,4.32896470097176,0.0,0.0
17031843400->17031301702,1.858606393912589,1.858606393912589,0.0,0.0,3.717212787825178,3.717212787825178,0.0,0.0
17031700501->17031700502,1.6501529267203612,1.6501529267203612,0.0,0.0,3.3003058534407224,3.3003058534407224,0.0,0.0
17031700501->17031700401,2.288315573030503,2.288315573030503,0.0,0.0,4.576631146061006,4.576631146061006,0.0,0.0
17031700501->17031672000,2.5032561388081715,2.5032561388081715,0.0,0.0,5.006512277616343,5.006512277616343,0.0,0.0
17031700501->17031661100,2.7074635181691566,2.7074635181691566,0.0,0.0,5.414927036338313,5.414927036338313,0.0,0.0
17031700501->17031660900,3.2036533564053786,3.2036533564053786,0.0,0.0,6.407306712810757,6.407306712810757,0.0,0.0
17031700501->17031821600,3.3893664124203067,3.3893664124203067,0.0,0.0,6.778732824840613,6.778732824840613,0.0,0.0
17031834600->17031834700,1.4944877174795903,1.4944877174795903,0.0,0.0,2.9889754349591806,2.9889754349591806,0.0,0.0
17031834600->17031400800,1.8971531808875772,1.8971531808875772,0.0,0.0,3.7943063617751545,3.7943063617751545,0.0,0.0
17031834600->17031842500,2.154207640234518,2.154207640234518,0.0,0.0,4.308415280469036,4.308415280469036,0.0,0.0
17031611400->17031611500,0.8120685428484549,0.8120685428484549,0.0,0.0,1.6241370856969097,1.6241370856969097,0.0,0.0
17031611400->17031610400,0.8408995778498254,0.8408995778498254,0.0,0.0,1.6817991556996508,1.6817991556996508,0.0,0.0
17031611400->17031611700,1.6498048857478942,1.6498048857478942,0.0,0.0,3.2996097714957884,3.2996097714957884,0.0,0.0
17031611400->17031611600,1.664859221433961,1.664859221433961,0.0,0.0,3.329718442867922,3.329718442867922,0.0,0.0
17031611400->17031630100,1.6334715316409896,1.6334715316409896,0.0,0.0,3.266943063281979,3.266943063281979,0.0,0.0
17031611400->17031611800,1.812016999770055,1.812016999770055,0.0,0.0,3.62403399954011,3.62403399954011,0.0,0.0
17031611400->17031580800,1.5078692366646944,1.5078692366646944,0.0,0.0,3.015738473329389,3.015738473329389,0.0,0.0
17031611400->17031611200,1.6272428586546501,1.6272428586546501,0.0,0.0,3.2544857173093003,3.2544857173093003,0.0,0.0
17031611400->17031590600,2.5152047651242424,2.5152047651242424,0.0,0.0,5.030409530248485,5.030409530248485,0.0,0.0
17031611400->17031590700,2.6981036592185865,2.6981036592185865,0.0,0.0,5.396207318437173,5.396207318437173,0.0,0.0
17031842900->17031310900,1.3366219171090197,1.3366219171090197,0.0,0.0,2.6732438342180393,2.6732438342180393,0.0,0.0
17031842900->17031310700,1.6034020141986842,1.6034020141986842,0.0,0.0,3.2068040283973684,3.2068040283973684,0.0,0.0
17031842900->17031283200,1.3002639753884475,1.3002639753884475,0.0,0.0,2.600527950776895,2.600527950776895,0.0,0.0
17031842900->17031832900,1.6300708203559309,1.6300708203559309,0.0,0.0,3.2601416407118617,3.2601416407118617,0.0,0.0
17031842900->17031283800,1.7173714034171912,1.7173714034171912,0.0,0.0,3.4347428068343824,3.4347428068343824,0.0,0.0
17031611000->17031843800,0.7779736353058,0.7779736353058,0.0,0.0,1.5559472706116,1.5559472706116,0.0,0.0
17031611000->17031611100,1.027534189567472,1.027534189567472,0.0,0.0,2.055068379134944,2.055068379134944,0.0,0.0
17031611000->17031610800,1.0255279966529807,1.0255279966529807,0.0,0.0,2.0510559933059613,2.0510559933059613,0.0,0.0
17031611000->17031612100,1.679553537742648,1.679553537742648,0.0,0.0,3.359107075485296,3.359107075485296,0.0,0.0
17031611000->17031612000,1.8170335481114959,1.8170335481114959,0.0,0.0,3.6340670962229917,3.6340670962229917,0.0,0.0
17031611000->17031611200,1.6456985031731666,1.6456985031731666,0.0,0.0,3.291397006346333,3.291397006346333,0.0,0.0
17031611000->17031680500,2.3841032461500093,2.3841032461500093,0.0,0.0,4.768206492300019,4.768206492300019,0.0,0.0
17031611000->17031834700,2.5534543388239688,2.5534543388239688,0.0,0.0,5.1069086776479375,5.1069086776479375,0.0,0.0
17031839800->17031840100,1.007658509054752,1.007658509054752,0.0,0.0,2.015317018109504,2.015317018109504,0.0,0.0
17031839800->17031340500,1.0547345050020318,1.0547345050020318,0.0,0.0,2.1094690100040636,2.1094690100040636,0.0,0.0
17031839800->17031340300,1.3797250651174389,1.3797250651174389,0.0,0.0,2.7594501302348777,2.7594501302348777,0.0,0.0
17031839800->17031600600,1.4835814053535983,1.4835814053535983,0.0,0.0,2.9671628107071966,2.9671628107071966,0.0,0.0
17031839800->17031840200,1.8548507650705968,1.8548507650705968,0.0,0.0,3.7097015301411935,3.7097015301411935,0.0,0.0
17031842100->17031251000,1.5255142179836598,1.5255142179836598,0.0,0.0,3.0510284359673197,3.0510284359673197,0.0,0.0
17031842100->17031251700,1.771563273714372,1.771563273714372,0.0,0.0,3.543126547428744,3.543126547428744,0.0,0.0
17031842100->17031231200,1.5708112961927658,1.5708112961927658,0.0,0.0,3.1416225923855317,3.1416225923855317,0.0,0.0
17031842100->17031230700,1.672674702850184,1.672674702850184,0.0,0.0,3.345349405700368,3.345349405700368,0.0,0.0
17031842100->17031260300,2.3711014013558347,2.3711014013558347,0.0,0.0,4.742202802711669,4.742202802711669,0.0,0.0
17031842100->17031260400,2.4293369990050335,2.4293369990050335,0.0,0.0,4.858673998010067,4.858673998010067,0.0,0.0
17031671900->17031671600,0.6635820064506259,0.6635820064506259,0.0,0.0,1.3271640129012519,1.3271640129012519,0.0,0.0
17031671900->17031671800,0.9370858231867437,0.9370858231867437,0.0,0.0,1.8741716463734874,1.8741716463734874,0.0,0.0
17031671900->17031672000,1.01284284491763,1.01284284491763,0.0,0.0,2.02568568983526,2.02568568983526,0.0,0.0
17031671900->17031834900,1.5435509851502789,1.5435509851502789,0.0,0.0,3.0871019703005578,3.0871019703005578,0.0,0.0
17031671900->17031671300,1.7478271215358763,1.7478271215358763,0.0,0.0,3.4956542430717525,3.4956542430717525,0.0,0.0
17031561100->17031640300,1.9333295725727206,1.9333295725727206,0.0,0.0,3.8666591451454417,3.8666591451454417,0.0,0.0
17031561100->17031820800,2.412175769339068,2.412175769339068,0.0,0.0,4.824351538678136,4.824351538678136,0.0,0.0
17031561100->17031820700,4.267487509908898,4.267487509908898,0.0,0.0,8.534975019817796,8.534975019817796,0.0,0.0
17031561100->17031820901,4.533807682047027,4.533807682047027,0.0,0.0,9.067615364094054,9.067615364094054,0.0,0.0
17031830500->17031301702,0.43496711609437966,0.43496711609437966,0.0,0.0,0.8699342321887593,0.8699342321887593,0.0,0.0
17031830500->17031300600,2.3391780911311657,2.3391780911311657,0.0,0.0,4.678356182262331,4.678356182262331,0.0,0.0
17031830500->17031300700,2.1969334290968843,2.1969334290968843,0.0,0.0,4.3938668581937685,4.3938668581937685,0.0,0.0
17031830500->17031580300,2.4679452006095732,2.4679452006095732,0.0,0.0,4.9358904012191465,4.9358904012191465,0.0,0.0
17031230700->17031231200,0.7027818486648164,0.7027818486648164,0.0,0.0,1.4055636973296328,1.4055636973296328,0.0,0.0
17031230700->17031230800,0.9214001800783534,0.9214001800783534,0.0,0.0,1.842800360156707,1.842800360156707,0.0,0.0
17031230700->17031230300,1.3306614747727628,1.3306614747727628,0.0,0.0,2.6613229495455255,2.6613229495455255,0.0,0.0
17031700401->17031700502,1.6426302842531313,1.6426302842531313,0.0,0.0,3.2852605685062626,3.2852605685062626,0.0,0.0
17031700401->17031821600,1.8496543931275613,1.8496543931275613,0.0,0.0,3.6993087862551226,3.6993087862551226,0.0,0.0
17031700401->17031661100,2.9699688724646185,2.9699688724646185,0.0,0.0,5.939937744929237,5.939937744929237,0.0,0.0
17031700401->17031821800,3.4602685153295702,3.4602685153295702,0.0,0.0,6.9205370306591405,6.9205370306591405,0.0,0.0
17031700401->17031821700,3.5275260062885248,3.5275260062885248,0.0,0.0,7.0550520125770495,7.0550520125770495,0.0,0.0
17031140800->17031160601,0.8032869652071554,0.8032869652071554,0.0,0.0,1.6065739304143107,1.6065739304143107,0.0,0.0
17031140800->17031140701,1.086992950879309,1.086992950879309,0.0,0.0,2.173985901758618,2.173985901758618,0.0,0.0
17031140800->17031140200,1.7074087401301696,1.7074087401301696,0.0,0.0,3.4148174802603393,3.4148174802603393,0.0,0.0
17031140800->17031140100,1.8006080190913214,1.8006080190913214,0.0,0.0,3.601216038182643,3.601216038182643,0.0,0.0
17031140800->17031160502,1.631688015160603,1.631688015160603,0.0,0.0,3.263376030321206,3.263376030321206,0.0,0.0
17031140800->17031040800,1.5785189955008085,1.5785189955008085,0.0,0.0,3.157037991001617,3.157037991001617,0.0,0.0
17031140800->17031040300,2.1011064113972653,2.1011064113972653,0.0,0.0,4.202212822794531,4.202212822794531,0.0,0.0
17031020601->17031020901,1.5095891920186189,1.5095891920186189,0.0,0.0,3.0191783840372377,3.0191783840372377,0.0,0.0
17031020601->17031020801,2.0190417512858394,2.0190417512858394,0.0,0.0,4.038083502571679,4.038083502571679,0.0,0.0
17031020601->17031808002,2.527888953955396,2.527888953955396,0.0,0.0,5.055777907910792,5.055777907910792,0.0,0.0
17031020601->17031807600,4.511485504451433,4.511485504451433,0.0,0.0,9.022971008902866,9.022971008902866,0.0,0.0
17031020901->17031020801,1.5088336592156875,1.5088336592156875,0.0,0.0,3.017667318431375,3.017667318431375,0.0,0.0
17031020901->17031020400,2.4026348820461636,2.4026348820461636,0.0,0.0,4.805269764092327,4.805269764092327,0.0,0.0
17031280400->17031243300,1.2864266556953194,1.2864266556953194,0.0,0.0,2.572853311390639,2.572853311390639,0.0,0.0
17031280400->17031838000,1.6726468027855546,1.6726468027855546,0.0,0.0,3.345293605571109,3.345293605571109,0.0,0.0
17031280400->17031242900,1.6567347904350171,1.6567347904350171,0.0,0.0,3.3134695808700343,3.3134695808700343,0.0,0.0
17031280400->17031832900,2.3338521704473756,2.3338521704473756,0.0,0.0,4.667704340894751,4.667704340894751,0.0,0.0
17031310200->17031310300,0.5280659871069404,0.5280659871069404,0.0,0.0,1.0561319742138808,1.0561319742138808,0.0,0.0
17031310200->17031310400,1.0060615528910946,1.0060615528910946,0.0,0.0,2.012123105782189,2.012123105782189,0.0,0.0
17031310200->17031310500,1.2859299672980256,1.2859299672980256,0.0,0.0,2.571859934596051,2.571859934596051,0.0,0.0
17031310200->17031283800,1.75123977159114,1.75123977159114,0.0,0.0,3.50247954318228,3.50247954318228,0.0,0.0
17031310200->17031840200,1.97185350086084,1.97185350086084,0.0,0.0,3.94370700172168,3.94370700172168,0.0,0.0
17031836200->17031420300,1.049992865507007,1.049992865507007,0.0,0.0,2.099985731014014,2.099985731014014,0.0,0.0
17031836200->17031410600,1.127789072056003,1.127789072056003,0.0,0.0,2.255578144112006,2.255578144112006,0.0,0.0
17031836200->17031410500,1.1999435832054406,1.1999435832054406,0.0,0.0,2.399887166410881,2.399887166410881,0.0,0.0
17031836200->17031420400,1.1835222721171355,1.1835222721171355,0.0,0.0,2.367044544234271,2.367044544234271,0.0,0.0
17031836200->17031410700,1.3344303523876622,1.3344303523876622,0.0,0.0,2.6688607047753243,2.6688607047753243,0.0,0.0
17031836200->17031411100,1.2233422863196153,1.2233422863196153,0.0,0.0,2.4466845726392306,2.4466845726392306,0.0,0.0
17031836200->17031420200,1.4879152681380838,1.4879152681380838,0.0,0.0,2.9758305362761677,2.9758305362761677,0.0,0.0
17031836200->17031836300,1.6577440378390302,1.6577440378390302,0.0,0.0,3.3154880756780605,3.3154880756780605,0.0,0.0
17031836200->17031420100,1.7189652349260158,1.7189652349260158,0.0,0.0,3.4379304698520317,3.4379304698520317,0.0,0.0
17031836200->17031834400,1.931490274448238,1.931490274448238,0.0,0.0,3.862980548896476,3.862980548896476,0.0,0.0
17031420100->17031420200,0.37525449779404824,0.37525449779404824,0.0,0.0,0.7505089955880965,0.7505089955880965,0.0,0.0
17031420100->17031834400,0.8585215639339707,0.8585215639339707,0.0,0.0,1.7170431278679414,1.7170431278679414,0.0,0.0
17031420100->17031420300,0.9199007104052848,0.9199007104052848,0.0,0.0,1.8398014208105695,1.8398014208105695,0.0,0.0
17031420100->17031411100,1.4919140130944797,1.4919140130944797,0.0,0.0,2.9838280261889594,2.9838280261889594,0.0,0.0
17031420100->17031411000,1.654092197888752,1.654092197888752,0.0,0.0,3.308184395777504,3.308184395777504,0.0,0.0
17031420100->17031430300,1.9130509964404327,1.9130509964404327,0.0,0.0,3.826101992880865,3.826101992880865,0.0,0.0
17031420100->17031420400,1.6098463856074559,1.6098463856074559,0.0,0.0,3.2196927712149117,3.2196927712149117,0.0,0.0
17031420200->17031420300,0.5671001486370127,0.5671001486370127,0.0,0.0,1.1342002972740255,1.1342002972740255,0.0,0.0
17031420200->17031834400,0.642932727083644,0.642932727083644,0.0,0.0,1.285865454167288,1.285865454167288,0.0,0.0
17031420200->17031411100,1.5445403392196495,1.5445403392196495,0.0,0.0,3.089080678439299,3.089080678439299,0.0,0.0
17031420200->17031420400,1.2367556384679148,1.2367556384679148,0.0,0.0,2.4735112769358296,2.4735112769358296,0.0,0.0
17031420200->17031411000,1.7929399035369213,1.7929399035369213,0.0,0.0,3.5858798070738427,3.5858798070738427,0.0,0.0
17031420200->17031430300,1.9411328147836355,1.9411328147836355,0.0,0.0,3.8822656295672706,3.8822656295672706,0.0,0.0
17031420400->17031420300,0.7222042325265033,0.7222042325265033,0.0,0.0,1.4444084650530067,1.4444084650530067,0.0,0.0
17031420400->17031834400,1.2348066692109474,1.2348066692109474,0.0,0.0,2.469613338421895,2.469613338421895,0.0,0.0
17031420400->17031420600,1.2705768082906441,1.2705768082906441,0.0,0.0,2.5411536165812882,2.5411536165812882,0.0,0.0
17031420400->17031421200,2.3518894404238595,2.3518894404238595,0.0,0.0,4.703778880847719,4.703778880847719,0.0,0.0
17031410600->17031410700,0.4517442185221552,0.4517442185221552,0.0,0.0,0.9034884370443104,0.9034884370443104,0.0,0.0
17031410600->17031410500,0.4654219040879613,0.4654219040879613,0.0,0.0,0.9308438081759226,0.9308438081759226,0.0,0.0
17031410600->17031836300,0.5677936028118079,0.5677936028118079,0.0,0.0,1.1355872056236158,1.1355872056236158,0.0,0.0
17031410600->17031410200,0.7158029018875858,0.7158029018875858,0.0,0.0,1.4316058037751715,1.4316058037751715,0.0,0.0
17031410600->17031390600,1.0221428947489444,1.0221428947489444,0.0,0.0,2.0442857894978888,2.0442857894978888,0.0,0.0
17031410600->17031390500,1.13659163589033,1.13659163589033,0.0,0.0,2.27318327178066,2.27318327178066,0.0,0.0
17031410600->17031390400,1.2813338117745376,1.2813338117745376,0.0,0.0,2.5626676235490753,2.5626676235490753,0.0,0.0
17031410600->17031410900,1.7399099880462245,1.7399099880462245,0.0,0.0,3.479819976092449,3.479819976092449,0.0,0.0
17031410600->17031420300,2.1415901171533407,2.1415901171533407,0.0,0.0,4.283180234306681,4.283180234306681,0.0,0.0
17031410600->17031411100,1.4142760177654168,1.4142760177654168,0.0,0.0,2.8285520355308336,2.8285520355308336,0.0,0.0
17031410600->17031410100,1.4160544211196882,1.4160544211196882,0.0,0.0,2.8321088422393763,2.8321088422393763,0.0,0.0
17031410900->17031411000,0.8053370503885929,0.8053370503885929,0.0,0.0,1.6106741007771859,1.6106741007771859,0.0,0.0
17031410900->17031410100,0.7140851041110177,0.7140851041110177,0.0,0.0,1.4281702082220353,1.4281702082220353,0.0,0.0
17031410900->17031411100,1.0841751181403998,1.0841751181403998,0.0,0.0,2.1683502362807996,2.1683502362807996,0.0,0.0
17031410900->17031390700,1.2498145290892135,1.2498145290892135,0.0,0.0,2.499629058178427,2.499629058178427,0.0,0.0
17031410900->17031410700,1.3030779780770105,1.3030779780770105,0.0,0.0,2.606155956154021,2.606155956154021,0.0,0.0
17031410900->17031410200,1.4543575688260735,1.4543575688260735,0.0,0.0,2.908715137652147,2.908715137652147,0.0,0.0
17031410900->17031390600,1.5762251213546976,1.5762251213546976,0.0,0.0,3.1524502427093952,3.1524502427093952,0.0,0.0
17031420300->17031834400,0.8817187777373424,0.8817187777373424,0.0,0.0,1.7634375554746848,1.7634375554746848,0.0,0.0
17031420300->17031411100,1.5445243741899821,1.5445243741899821,0.0,0.0,3.0890487483799642,3.0890487483799642,0.0,0.0
17031420300->17031430300,2.316601349886184,2.316601349886184,0.0,0.0,4.633202699772368,4.633202699772368,0.0,0.0
17031839200->17031350400,0.6383957135173683,0.6383957135173683,0.0,0.0,1.2767914270347367,1.2767914270347367,0.0,0.0
17031839200->17031350100,0.79947210498391,0.79947210498391,0.0,0.0,1.59894420996782,1.59894420996782,0.0,0.0
17031839200->17031340300,1.564991668449785,1.564991668449785,0.0,0.0,3.12998333689957,3.12998333689957,0.0,0.0
17031839200->17031340500,1.78770050461065,1.78770050461065,0.0,0.0,3.5754010092213,3.5754010092213,0.0,0.0
17031839200->17031351500,2.1686309626371694,2.1686309626371694,0.0,0.0,4.337261925274339,4.337261925274339,0.0,0.0
17031350400->17031340300,0.941250575559759,0.941250575559759,0.0,0.0,1.882501151119518,1.882501151119518,0.0,0.0
17031350400->17031340500,1.2352484298392374,1.2352484298392374,0.0,0.0,2.470496859678475,2.470496859678475,0.0,0.0
17031350400->17031840100,1.163836591201066,1.163836591201066,0.0,0.0,2.327673182402132,2.327673182402132,0.0,0.0
17031350400->17031350100,1.3943674253120397,1.3943674253120397,0.0,0.0,2.7887348506240794,2.7887348506240794,0.0,0.0
17031350400->17031351500,1.9369506917569712,1.9369506917569712,0.0,0.0,3.8739013835139424,3.8739013835139424,0.0,0.0
17031832900->17031283200,0.9549833929549814,0.9549833929549814,0.0,0.0,1.9099667859099627,1.9099667859099627,0.0,0.0
17031832900->17031283800,1.7513853801915253,1.7513853801915253,0.0,0.0,3.5027707603830507,3.5027707603830507,0.0,0.0
17031140200->17031140100,0.28457073780286785,0.28457073780286785,0.0,0.0,0.5691414756057357,0.5691414756057357,0.0,0.0
17031140200->17031140701,0.8929952610056476,0.8929952610056476,0.0,0.0,1.7859905220112953,1.7859905220112953,0.0,0.0
17031140200->17031040300,1.312729327885,1.312729327885,0.0,0.0,2.62545865577,2.62545865577,0.0,0.0
17031140200->17031140301,1.6013537532666426,1.6013537532666426,0.0,0.0,3.2027075065332853,3.2027075065332853,0.0,0.0
17031140200->17031140602,2.076328764676928,2.076328764676928,0.0,0.0,4.152657529353856,4.152657529353856,0.0,0.0
17031140100->17031140701,1.1222379961282551,1.1222379961282551,0.0,0.0,2.2444759922565103,2.2444759922565103,0.0,0.0
17031140100->17031040300,1.0448848225953205,1.0448848225953205,0.0,0.0,2.089769645190641,2.089769645190641,0.0,0.0
17031140100->17031140301,1.8634570338002043,1.8634570338002043,0.0,0.0,3.7269140676004087,3.7269140676004087,0.0,0.0
17031838000->17031280800,1.1398184619461214,1.1398184619461214,0.0,0.0,2.2796369238922427,2.2796369238922427,0.0,0.0
17031838000->17031837400,1.860425818857385,1.860425818857385,0.0,0.0,3.72085163771477,3.72085163771477,0.0,0.0
17031838000->17031242900,2.5076298411970854,2.5076298411970854,0.0,0.0,5.015259682394171,5.015259682394171,0.0,0.0
17031030104->17031030102,0.6380901729691895,0.6380901729691895,0.0,0.0,1.276180345938379,1.276180345938379,0.0,0.0
17031030104->17031010503,0.7764921870689673,0.7764921870689673,0.0,0.0,1.5529843741379346,1.5529843741379346,0.0,0.0
17031030104->17031030601,1.3838330948839574,1.3838330948839574,0.0,0.0,2.767666189767915,2.767666189767915,0.0,0.0
17031030104->17031030604,1.7079769129437559,1.7079769129437559,0.0,0.0,3.4159538258875117,3.4159538258875117,0.0,0.0
17031030104->17031030603,1.9311474855958604,1.9311474855958604,0.0,0.0,3.8622949711917207,3.8622949711917207,0.0,0.0
17031380100->17031380200,0.6620997479093522,0.6620997479093522,0.0,0.0,1.3241994958187044,1.3241994958187044,0.0,0.0
17031380100->17031836400,0.996981032505458,0.996981032505458,0.0,0.0,1.993962065010916,1.993962065010916,0.0,0.0
17031380100->17031836000,1.042322168817615,1.042322168817615,0.0,0.0,2.08464433763523,2.08464433763523,0.0,0.0
17031380100->17031360200,1.0839245470519774,1.0839245470519774,0.0,0.0,2.1678490941039548,2.1678490941039548,0.0,0.0
17031380100->17031381200,1.4495232003727827,1.4495232003727827,0.0,0.0,2.8990464007455654,2.8990464007455654,0.0,0.0
17031380100->17031835900,1.14347433606497,1.14347433606497,0.0,0.0,2.28694867212994,2.28694867212994,0.0,0.0
17031380100->17031836500,1.5211374963726045,1.5211374963726045,0.0,0.0,3.042274992745209,3.042274992745209,0.0,0.0
17031380100->17031835800,1.3085712742028175,1.3085712742028175,0.0,0.0,2.617142548405635,2.617142548405635,0.0,0.0
17031410500->17031836300,0.5761580095886084,0.5761580095886084,0.0,0.0,1.1523160191772168,1.1523160191772168,0.0,0.0
17031410500->17031390400,1.156457908152779,1.156457908152779,0.0,0.0,2.312915816305558,2.312915816305558,0.0,0.0
17031410500->17031410700,0.9095862566430875,0.9095862566430875,0.0,0.0,1.819172513286175,1.819172513286175,0.0,0.0
17031410500->17031390500,1.1919066006813204,1.1919066006813204,0.0,0.0,2.3838132013626407,2.3838132013626407,0.0,0.0
17031410500->17031410200,1.0443166029893973,1.0443166029893973,0.0,0.0,2.0886332059787946,2.0886332059787946,0.0,0.0
17031410500->17031390600,1.286810089872222,1.286810089872222,0.0,0.0,2.573620179744444,2.573620179744444,0.0,0.0
17031410500->17031381900,1.4869706266891682,1.4869706266891682,0.0,0.0,2.9739412533783365,2.9739412533783365,0.0,0.0
17031411000->17031411100,0.4364051734754457,0.4364051734754457,0.0,0.0,0.8728103469508914,0.8728103469508914,0.0,0.0
17031411000->17031410100,1.3598944408245595,1.3598944408245595,0.0,0.0,2.719788881649119,2.719788881649119,0.0,0.0
17031411000->17031410700,1.3996573044635683,1.3996573044635683,0.0,0.0,2.7993146089271366,2.7993146089271366,0.0,0.0
17031411000->17031390700,1.9474315895968688,1.9474315895968688,0.0,0.0,3.8948631791937376,3.8948631791937376,0.0,0.0
17031411000->17031410200,1.7668415421006662,1.7668415421006662,0.0,0.0,3.5336830842013325,3.5336830842013325,0.0,0.0
17031390700->17031410100,0.5889564039858681,0.5889564039858681,0.0,0.0,1.1779128079717363,1.1779128079717363,0.0,0.0
17031390700->17031390600,0.8256156437725524,0.8256156437725524,0.0,0.0,1.6512312875451047,1.6512312875451047,0.0,0.0
17031390700->17031410200,1.0093040853880397,1.0093040853880397,0.0,0.0,2.0186081707760795,2.0186081707760795,0.0,0.0
17031390700->17031410700,1.3239526189703013,1.3239526189703013,0.0,0.0,2.6479052379406025,2.6479052379406025,0.0,0.0
17031390700->17031390500,1.3024627896081564,1.3024627896081564,0.0,0.0,2.604925579216313,2.604925579216313,0.0,0.0
17031390700->17031411100,2.0340280660095935,2.0340280660095935,0.0,0.0,4.068056132019187,4.068056132019187,0.0,0.0
17031411100->17031410700,1.1848854949993675,1.1848854949993675,0.0,0.0,2.369770989998735,2.369770989998735,0.0,0.0
17031411100->17031410100,1.455273135509177,1.455273135509177,0.0,0.0,2.910546271018354,2.910546271018354,0.0,0.0
17031411100->17031834400,2.183848748229368,2.183848748229368,0.0,0.0,4.367697496458736,4.367697496458736,0.0,0.0
17031410700->17031410200,0.4886504306730149,0.4886504306730149,0.0,0.0,0.9773008613460298,0.9773008613460298,0.0,0.0
17031410700->17031390600,0.8152812058273636,0.8152812058273636,0.0,0.0,1.6305624116547273,1.6305624116547273,0.0,0.0
17031410700->17031836300,0.7750386566135706,0.7750386566135706,0.0,0.0,1.5500773132271413,1.5500773132271413,0.0,0.0
17031410700->17031390500,1.1479957521073738,1.1479957521073738,0.0,0.0,2.2959915042147476,2.2959915042147476,0.0,0.0
17031410700->17031410100,0.975697548571909,0.975697548571909,0.0,0.0,1.951395097143818,1.951395097143818,0.0,0.0
17031390600->17031410200,0.33081986760042764,0.33081986760042764,0.0,0.0,0.6616397352008553,0.6616397352008553,0.0,0.0
17031390600->17031390500,0.5563090004974985,0.5563090004974985,0.0,0.0,1.112618000994997,1.112618000994997,0.0,0.0
17031390600->17031836300,0.7641052755742554,0.7641052755742554,0.0,0.0,1.528210551148511,1.528210551148511,0.0,0.0
17031390600->17031410100,0.9141148692401685,0.9141148692401685,0.0,0.0,1.828229738480337,1.828229738480337,0.0,0.0
17031390600->17031390400,1.0083875039249288,1.0083875039249288,0.0,0.0,2.0167750078498576,2.0167750078498576,0.0,0.0
17031390600->17031390200,1.3692587637500904,1.3692587637500904,0.0,0.0,2.7385175275001807,2.7385175275001807,0.0,0.0
17031410100->17031410200,0.8906474933126489,0.8906474933126489,0.0,0.0,1.7812949866252978,1.7812949866252978,0.0,0.0
17031161100->17031160300,1.290446973207702,1.290446973207702,0.0,0.0,2.580893946415404,2.580893946415404,0.0,0.0
17031161100->17031160100,2.4013785752311745,2.4013785752311745,0.0,0.0,4.802757150462349,4.802757150462349,0.0,0.0
17031252000->17031252101,0.8371304932486575,0.8371304932486575,0.0,0.0,1.674260986497315,1.674260986497315,0.0,0.0
17031252000->17031812600,1.3692835692582057,1.3692835692582057,0.0,0.0,2.7385671385164114,2.7385671385164114,0.0,0.0
17031252000->17031251300,2.0585645911619945,2.0585645911619945,0.0,0.0,4.117129182323989,4.117129182323989,0.0,0.0
17031252000->17031812500,1.7551818061034818,1.7551818061034818,0.0,0.0,3.5103636122069637,3.5103636122069637,0.0,0.0
17031252000->17031251200,2.3453577678161635,2.3453577678161635,0.0,0.0,4.690715535632327,4.690715535632327,0.0,0.0
17031252000->17031812400,3.1433703768603682,3.1433703768603682,0.0,0.0,6.2867407537207365,6.2867407537207365,0.0,0.0
17031760803->17031760801,0.852069665795326,0.852069665795326,0.0,0.0,1.704139331590652,1.704139331590652,0.0,0.0
17031760803->17031770902,1.1091203286566307,1.1091203286566307,0.0,0.0,2.2182406573132614,2.2182406573132614,0.0,0.0
17031760803->17031805702,2.5397778268129403,2.5397778268129403,0.0,0.0,5.079555653625881,5.079555653625881,0.0,0.0
17031760803->17031810501,3.0050066258572543,3.0050066258572543,0.0,0.0,6.010013251714509,6.010013251714509,0.0,0.0
17031760803->17031770901,2.8428127379490338,2.8428127379490338,0.0,0.0,5.6856254758980675,5.6856254758980675,0.0,0.0
17031760803->17031100400,3.4757569260575973,3.4757569260575973,0.0,0.0,6.951513852115195,6.951513852115195,0.0,0.0
17031760803->17031805701,4.308502440046326,4.308502440046326,0.0,0.0,8.617004880092653,8.617004880092653,0.0,0.0
17031760803->17031770800,3.683426129758725,3.683426129758725,0.0,0.0,7.36685225951745,7.36685225951745,0.0,0.0
17031271400->17031271300,0.6147453819242131,0.6147453819242131,0.0,0.0,1.2294907638484263,1.2294907638484263,0.0,0.0
17031271400->17031270500,0.6804111902189169,0.6804111902189169,0.0,0.0,1.3608223804378339,1.3608223804378339,0.0,0.0
17031271400->17031271500,0.8123918219183831,0.8123918219183831,0.0,0.0,1.6247836438367662,1.6247836438367662,0.0,0.0
17031271400->17031837300,1.0185898738236856,1.0185898738236856,0.0,0.0,2.037179747647371,2.037179747647371,0.0,0.0
17031271400->17031836800,1.0959922774726587,1.0959922774726587,0.0,0.0,2.1919845549453174,2.1919845549453174,0.0,0.0
17031271400->17031836900,0.9879425684743908,0.9879425684743908,0.0,0.0,1.9758851369487813,1.9758851369487813,0.0,0.0
17031271400->17031260100,1.2155239983116493,1.2155239983116493,0.0,0.0,2.4310479966232985,2.4310479966232985,0.0,0.0
17031271400->17031271200,1.1981107921041623,1.1981107921041623,0.0,0.0,2.3962215842083245,2.3962215842083245,0.0,0.0
17031271300->17031836900,0.3808308415964076,0.3808308415964076,0.0,0.0,0.7616616831928152,0.7616616831928152,0.0,0.0
17031271300->17031836800,0.5308215687710148,0.5308215687710148,0.0,0.0,1.0616431375420297,1.0616431375420297,0.0,0.0
17031271300->17031271200,0.6505239381520043,0.6505239381520043,0.0,0.0,1.3010478763040085,1.3010478763040085,0.0,0.0
17031271300->17031837300,1.2909434641838808,1.2909434641838808,0.0,0.0,2.5818869283677617,2.5818869283677617,0.0,0.0
17031271300->17031271500,1.3442143850719146,1.3442143850719146,0.0,0.0,2.688428770143829,2.688428770143829,0.0,0.0
17031271300->17031270500,1.2888844553002459,1.2888844553002459,0.0,0.0,2.5777689106004917,2.5777689106004917,0.0,0.0
17031271300->17031837100,1.351700406237695,1.351700406237695,0.0,0.0,2.70340081247539,2.70340081247539,0.0,0.0
17031271300->17031260100,1.450673991414131,1.450673991414131,0.0,0.0,2.901347982828262,2.901347982828262,0.0,0.0
17031071500->17031071700,0.5205057725948962,0.5205057725948962,0.0,0.0,1.0410115451897923,1.0410115451897923,0.0,0.0
17031071500->17031071600,0.7801033861123804,0.7801033861123804,0.0,0.0,1.5602067722247608,1.5602067722247608,0.0,0.0
17031071500->17031080201,0.875888995528116,0.875888995528116,0.0,0.0,1.751777991056232,1.751777991056232,0.0,0.0
17031071500->17031071300,1.3643225549050064,1.3643225549050064,0.0,0.0,2.728645109810013,2.728645109810013,0.0,0.0
17031071500->17031080202,1.3968055537449584,1.3968055537449584,0.0,0.0,2.793611107489917,2.793611107489917,0.0,0.0
17031071500->17031071800,1.238577831067633,1.238577831067633,0.0,0.0,2.477155662135266,2.477155662135266,0.0,0.0
17031071500->17031080100,1.376010843626487,1.376010843626487,0.0,0.0,2.752021687252974,2.752021687252974,0.0,0.0
17031241200->17031240600,0.8489238223584538,0.8489238223584538,0.0,0.0,1.6978476447169075,1.6978476447169075,0.0,0.0
17031241200->17031242500,1.2426835499526165,1.2426835499526165,0.0,0.0,2.485367099905233,2.485367099905233,0.0,0.0
17031241200->17031240700,1.2422792329948356,1.2422792329948356,0.0,0.0,2.484558465989671,2.484558465989671,0.0,0.0
17031242900->17031242800,0.36207164459593033,0.36207164459593033,0.0,0.0,0.7241432891918607,0.7241432891918607,0.0,0.0
17031242900->17031242500,1.1507404941168247,1.1507404941168247,0.0,0.0,2.3014809882336493,2.3014809882336493,0.0,0.0
17031242900->17031242700,1.6867071960090614,1.6867071960090614,0.0,0.0,3.3734143920181228,3.3734143920181228,0.0,0.0
17031220400->17031220300,0.8163920263527118,0.8163920263527118,0.0,0.0,1.6327840527054236,1.6327840527054236,0.0,0.0
17031220400->17031210700,1.007749858219547,1.007749858219547,0.0,0.0,2.015499716439094,2.015499716439094,0.0,0.0
17031220400->17031221200,1.2635795628564852,1.2635795628564852,0.0,0.0,2.5271591257129704,2.5271591257129704,0.0,0.0
17031832200->17031240600,1.5298751287493468,1.5298751287493468,0.0,0.0,3.0597502574986937,3.0597502574986937,0.0,0.0
17031050700->17031051200,0.5839715642309249,0.5839715642309249,0.0,0.0,1.1679431284618498,1.1679431284618498,0.0,0.0
17031050700->17031060300,0.980445947427975,0.980445947427975,0.0,0.0,1.9608918948559497,1.9608918948559497,0.0,0.0
17031050700->17031062500,0.9163929082811483,0.9163929082811483,0.0,0.0,1.8327858165622966,1.8327858165622966,0.0,0.0
17031050700->17031050800,0.8641397884175265,0.8641397884175265,0.0,0.0,1.728279576835053,1.728279576835053,0.0,0.0
17031050700->17031051100,1.0190129359467097,1.0190129359467097,0.0,0.0,2.0380258718934194,2.0380258718934194,0.0,0.0
17031050700->17031050100,1.6161629658205954,1.6161629658205954,0.0,0.0,3.2323259316411908,3.2323259316411908,0.0,0.0
17031060100->17031060500,0.6521554864070257,0.6521554864070257,0.0,0.0,1.3043109728140514,1.3043109728140514,0.0,0.0
17031060100->17031031900,1.2238646448223787,1.2238646448223787,0.0,0.0,2.4477292896447573,2.4477292896447573,0.0,0.0
17031060100->17031060300,1.109666108572392,1.109666108572392,0.0,0.0,2.219332217144784,2.219332217144784,0.0,0.0
17031060100->17031061200,1.3721508491611958,1.3721508491611958,0.0,0.0,2.7443016983223916,2.7443016983223916,0.0,0.0
17031031000->17031031900,1.3889465018877019,1.3889465018877019,0.0,0.0,2.7778930037754037,2.7778930037754037,0.0,0.0
17031031000->17031830800,1.4332165956084368,1.4332165956084368,0.0,0.0,2.8664331912168737,2.8664331912168737,0.0,0.0
17031031000->17031040100,1.4841125263900812,1.4841125263900812,0.0,0.0,2.9682250527801624,2.9682250527801624,0.0,0.0
17031040100->17031830800,2.212496116809559,2.212496116809559,0.0,0.0,4.424992233619118,4.424992233619118,0.0,0.0
17031030500->17031030603,0.7975114094928443,0.7975114094928443,0.0,0.0,1.5950228189856885,1.5950228189856885,0.0,0.0
17031030500->17031030701,0.9347250510024979,0.9347250510024979,0.0,0.0,1.8694501020049958,1.8694501020049958,0.0,0.0
17031030500->17031030601,1.0734318261391698,1.0734318261391698,0.0,0.0,2.1468636522783395,2.1468636522783395,0.0,0.0
17031030500->17031030604,1.0657532025848035,1.0657532025848035,0.0,0.0,2.131506405169607,2.131506405169607,0.0,0.0
17031010701->17031020400,0.6783043581800559,0.6783043581800559,0.0,0.0,1.3566087163601117,1.3566087163601117,0.0,0.0
17031010701->17031010702,0.6881488294850405,0.6881488294850405,0.0,0.0,1.376297658970081,1.376297658970081,0.0,0.0
17031010701->17031020100,1.0653634674170032,1.0653634674170032,0.0,0.0,2.1307269348340063,2.1307269348340063,0.0,0.0
17031010701->17031810200,2.0807238560006462,2.0807238560006462,0.0,0.0,4.1614477120012925,4.1614477120012925,0.0,0.0
17031010701->17031010300,1.7200575547437424,1.7200575547437424,0.0,0.0,3.440115109487485,3.440115109487485,0.0,0.0
17031010701->17031010100,2.0232433168198907,2.0232433168198907,0.0,0.0,4.046486633639781,4.046486633639781,0.0,0.0
17031730201->17031711300,1.1075399372393058,1.1075399372393058,0.0,0.0,2.2150798744786115,2.2150798744786115,0.0,0.0
17031730201->17031730202,1.7659587935164955,1.7659587935164955,0.0,0.0,3.531917587032991,3.531917587032991,0.0,0.0
17031730201->17031711000,1.6721632108082816,1.6721632108082816,0.0,0.0,3.344326421616563,3.344326421616563,0.0,0.0
17031730201->17031710700,2.4189944699779695,2.4189944699779695,0.0,0.0,4.837988939955939,4.837988939955939,0.0,0.0
17031730201->17031710600,2.5167403021658976,2.5167403021658976,0.0,0.0,5.033480604331795,5.033480604331795,0.0,0.0
17031730201->17031711500,2.2667775130043717,2.2667775130043717,0.0,0.0,4.533555026008743,4.533555026008743,0.0,0.0
17031310300->17031310400,0.48092664944172453,0.48092664944172453,0.0,0.0,0.961853298883449,0.961853298883449,0.0,0.0
17031310300->17031310500,0.8441243265102412,0.8441243265102412,0.0,0.0,1.6882486530204823,1.6882486530204823,0.0,0.0
17031310300->17031283800,1.3177907035516105,1.3177907035516105,0.0,0.0,2.635581407103221,2.635581407103221,0.0,0.0
17031310300->17031840200,1.9358564563103384,1.9358564563103384,0.0,0.0,3.8717129126206764,3.8717129126206764,0.0,0.0
17031283800->17031283200,0.8167327645317803,0.8167327645317803,0.0,0.0,1.6334655290635607,1.6334655290635607,0.0,0.0
17031283800->17031310400,1.0713173714661717,1.0713173714661717,0.0,0.0,2.1426347429323434,2.1426347429323434,0.0,0.0
17031283800->17031310500,1.4753276290788049,1.4753276290788049,0.0,0.0,2.9506552581576098,2.9506552581576098,0.0,0.0
17031283800->17031310700,2.077348132515298,2.077348132515298,0.0,0.0,4.154696265030596,4.154696265030596,0.0,0.0
17031243500->17031081900,1.5100293109610672,1.5100293109610672,0.0,0.0,3.0200586219221344,3.0200586219221344,0.0,0.0
17031243500->17031243300,1.4443902223718224,1.4443902223718224,0.0,0.0,2.8887804447436447,2.8887804447436447,0.0,0.0
17031071800->17031071600,0.5922175999532312,0.5922175999532312,0.0,0.0,1.1844351999064624,1.1844351999064624,0.0,0.0
17031071800->17031071700,0.8713640549461746,0.8713640549461746,0.0,0.0,1.7427281098923493,1.7427281098923493,0.0,0.0
17031071800->17031071300,1.0007944182417794,1.0007944182417794,0.0,0.0,2.001588836483559,2.001588836483559,0.0,0.0
17031063200->17031063302,0.4041548150577287,0.4041548150577287,0.0,0.0,0.8083096301154574,0.8083096301154574,0.0,0.0
17031063200->17031063301,0.4335505629175527,0.4335505629175527,0.0,0.0,0.8671011258351053,0.8671011258351053,0.0,0.0
17031063200->17031061902,0.7886809679209028,0.7886809679209028,0.0,0.0,1.5773619358418056,1.5773619358418056,0.0,0.0
17031063200->17031063400,0.7545405939737189,0.7545405939737189,0.0,0.0,1.5090811879474377,1.5090811879474377,0.0,0.0
17031063200->17031061901,0.9526304513651301,0.9526304513651301,0.0,0.0,1.9052609027302603,1.9052609027302603,0.0,0.0
17031063200->17031062000,0.9450458218406945,0.9450458218406945,0.0,0.0,1.890091643681389,1.890091643681389,0.0,0.0
17031063200->17031070101,1.3587298396268717,1.3587298396268717,0.0,0.0,2.7174596792537433,2.7174596792537433,0.0,0.0
17031063301->17031063302,0.2811309578583294,0.2811309578583294,0.0,0.0,0.5622619157166588,0.5622619157166588,0.0,0.0
17031063301->17031063400,0.4810350932005062,0.4810350932005062,0.0,0.0,0.9620701864010124,0.9620701864010124,0.0,0.0
17031063301->17031070101,1.024613653819006,1.024613653819006,0.0,0.0,2.049227307638012,2.049227307638012,0.0,0.0
17031063301->17031061902,1.188449837074163,1.188449837074163,0.0,0.0,2.376899674148326,2.376899674148326,0.0,0.0
17031063301->17031062000,1.1255044350186485,1.1255044350186485,0.0,0.0,2.251008870037297,2.251008870037297,0.0,0.0
17031063301->17031070103,1.3211940593090388,1.3211940593090388,0.0,0.0,2.6423881186180775,2.6423881186180775,0.0,0.0
17031063301->17031061901,1.3057847194237753,1.3057847194237753,0.0,0.0,2.6115694388475506,2.6115694388475506,0.0,0.0
17031031400->17031032100,0.7275637525662906,0.7275637525662906,0.0,0.0,1.4551275051325812,1.4551275051325812,0.0,0.0
17031031400->17031031502,0.8276395514308914,0.8276395514308914,0.0,0.0,1.6552791028617828,1.6552791028617828,0.0,0.0
17031031400->17031060800,1.1509242147093983,1.1509242147093983,0.0,0.0,2.3018484294187966,2.3018484294187966,0.0,0.0
17031031400->17031031501,1.2658601417476438,1.2658601417476438,0.0,0.0,2.5317202834952877,2.5317202834952877,0.0,0.0
17031031400->17031031300,2.0684045749231657,2.0684045749231657,0.0,0.0,4.136809149846331,4.136809149846331,0.0,0.0
17031062100->17031062000,0.5492782153791752,0.5492782153791752,0.0,0.0,1.0985564307583504,1.0985564307583504,0.0,0.0
17031062100->17031062200,0.5654883546970815,0.5654883546970815,0.0,0.0,1.130976709394163,1.130976709394163,0.0,0.0
17031062100->17031062900,0.7827011548966258,0.7827011548966258,0.0,0.0,1.5654023097932517,1.5654023097932517,0.0,0.0
17031062100->17031062300,0.9057374147813954,0.9057374147813954,0.0,0.0,1.8114748295627907,1.8114748295627907,0.0,0.0
17031062100->17031063400,1.1435222974550137,1.1435222974550137,0.0,0.0,2.2870445949100273,2.2870445949100273,0.0,0.0
17031062100->17031061901,1.05528788587845,1.05528788587845,0.0,0.0,2.1105757717569,2.1105757717569,0.0,0.0
17031834000->17031490600,0.735071695823366,0.735071695823366,0.0,0.0,1.470143391646732,1.470143391646732,0.0,0.0
17031834000->17031730100,0.9742502014075051,0.9742502014075051,0.0,0.0,1.9485004028150104,1.9485004028150104,0.0,0.0
17031834000->17031490700,1.8160984860441054,1.8160984860441054,0.0,0.0,3.632196972088211,3.632196972088211,0.0,0.0
17031834000->17031711500,1.8202583608695388,1.8202583608695388,0.0,0.0,3.6405167217390777,3.6405167217390777,0.0,0.0
17031834000->17031730202,2.2786639539658196,2.2786639539658196,0.0,0.0,4.557327907931639,4.557327907931639,0.0,0.0
17031710900->17031711000,1.1226928905346458,1.1226928905346458,0.0,0.0,2.2453857810692917,2.2453857810692917,0.0,0.0
17031710900->17031711500,1.3816987658711124,1.3816987658711124,0.0,0.0,2.763397531742225,2.763397531742225,0.0,0.0
17031710900->17031710100,1.8672425525211607,1.8672425525211607,0.0,0.0,3.7344851050423213,3.7344851050423213,0.0,0.0
17031710900->17031710700,1.9450375602749876,1.9450375602749876,0.0,0.0,3.890075120549975,3.890075120549975,0.0,0.0
17031710900->17031730100,2.5085027208075976,2.5085027208075976,0.0,0.0,5.017005441615195,5.017005441615195,0.0,0.0
17031710900->17031681300,3.09272147747884,3.09272147747884,0.0,0.0,6.18544295495768,6.18544295495768,0.0,0.0
17031381400->17031381800,0.3825732950478185,0.3825732950478185,0.0,0.0,0.765146590095637,0.765146590095637,0.0,0.0
17031381400->17031381500,0.6383554871896554,0.6383554871896554,0.0,0.0,1.2767109743793108,1.2767109743793108,0.0,0.0
17031381400->17031381900,0.955341108185859,0.955341108185859,0.0,0.0,1.9106822163717183,1.9106822163717183,0.0,0.0
17031381400->17031380700,0.9786455764290405,0.9786455764290405,0.0,0.0,1.957291152858081,1.957291152858081,0.0,0.0
17031381400->17031835800,1.0163600642108495,1.0163600642108495,0.0,0.0,2.032720128421699,2.032720128421699,0.0,0.0
17031381400->17031381700,0.8932738097312394,0.8932738097312394,0.0,0.0,1.7865476194624788,1.7865476194624788,0.0,0.0
17031381400->17031381200,1.008444197175141,1.008444197175141,0.0,0.0,2.016888394350282,2.016888394350282,0.0,0.0
17031381400->17031835700,1.4537977309872028,1.4537977309872028,0.0,0.0,2.9075954619744055,2.9075954619744055,0.0,0.0
17031381400->17031836000,1.4514655812119892,1.4514655812119892,0.0,0.0,2.9029311624239784,2.9029311624239784,0.0,0.0
17031340600->17031380500,0.8329141679076246,0.8329141679076246,0.0,0.0,1.6658283358152493,1.6658283358152493,0.0,0.0
17031340600->17031351500,0.8508496240908517,0.8508496240908517,0.0,0.0,1.7016992481817035,1.7016992481817035,0.0,0.0
17031340600->17031340500,1.623923577070009,1.623923577070009,0.0,0.0,3.247847154140018,3.247847154140018,0.0,0.0
17031340600->17031835700,1.7280802985574935,1.7280802985574935,0.0,0.0,3.456160597114987,3.456160597114987,0.0,0.0
17031340600->17031835900,1.6985795273748947,1.6985795273748947,0.0,0.0,3.3971590547497894,3.3971590547497894,0.0,0.0
17031340600->17031610800,2.164161691164428,2.164161691164428,0.0,0.0,4.328323382328856,4.328323382328856,0.0,0.0
17031080100->17031080201,0.5027256680428324,0.5027256680428324,0.0,0.0,1.0054513360856647,1.0054513360856647,0.0,0.0
17031080100->17031080202,0.5120680983896986,0.5120680983896986,0.0,0.0,1.0241361967793972,1.0241361967793972,0.0,0.0
17031080100->17031081100,1.1415734272518852,1.1415734272518852,0.0,0.0,2.2831468545037703,2.2831468545037703,0.0,0.0
17031080100->17031081300,1.6024898852794474,1.6024898852794474,0.0,0.0,3.2049797705588947,3.2049797705588947,0.0,0.0
17031530600->17031540102,1.6372333390132816,1.6372333390132816,0.0,0.0,3.274466678026563,3.274466678026563,0.0,0.0
17031530600->17031530502,1.9840172464906953,1.9840172464906953,0.0,0.0,3.96803449298139,3.96803449298139,0.0,0.0
17031530600->17031491300,2.724609858312439,2.724609858312439,0.0,0.0,5.449219716624878,5.449219716624878,0.0,0.0
17031530600->17031530501,2.4680774974328794,2.4680774974328794,0.0,0.0,4.936154994865759,4.936154994865759,0.0,0.0
17031530600->17031490901,3.4532193185918505,3.4532193185918505,0.0,0.0,6.906438637183701,6.906438637183701,0.0,0.0
17031836400->17031390200,1.392864850274584,1.392864850274584,0.0,0.0,2.785729700549168,2.785729700549168,0.0,0.0
17031836400->17031836500,1.4865329952926578,1.4865329952926578,0.0,0.0,2.9730659905853156,2.9730659905853156,0.0,0.0
17031836400->17031360200,1.383920229285717,1.383920229285717,0.0,0.0,2.767840458571434,2.767840458571434,0.0,0.0
17031836400->17031836000,1.6202799104134409,1.6202799104134409,0.0,0.0,3.2405598208268818,3.2405598208268818,0.0,0.0
17031836400->17031380200,1.650626469299524,1.650626469299524,0.0,0.0,3.301252938599048,3.301252938599048,0.0,0.0
17031835800->17031380700,0.6676987756110048,0.6676987756110048,0.0,0.0,1.3353975512220095,1.3353975512220095,0.0,0.0
17031835800->17031381200,0.7939295120206669,0.7939295120206669,0.0,0.0,1.5878590240413337,1.5878590240413337,0.0,0.0
17031835800->17031380200,0.9360720433724256,0.9360720433724256,0.0,0.0,1.872144086744851,1.872144086744851,0.0,0.0
17031835800->17031381500,0.866652562924828,0.866652562924828,0.0,0.0,1.733305125849656,1.733305125849656,0.0,0.0
17031835800->17031835900,1.1937343955863542,1.1937343955863542,0.0,0.0,2.3874687911727084,2.3874687911727084,0.0,0.0
17031835800->17031836000,0.9140371380871911,0.9140371380871911,0.0,0.0,1.8280742761743822,1.8280742761743822,0.0,0.0
17031835800->17031381800,1.367765974596287,1.367765974596287,0.0,0.0,2.735531949192574,2.735531949192574,0.0,0.0
17031835800->17031835700,1.0949274663282442,1.0949274663282442,0.0,0.0,2.1898549326564885,2.1898549326564885,0.0,0.0
17031835800->17031380500,1.697646646953887,1.697646646953887,0.0,0.0,3.395293293907774,3.395293293907774,0.0,0.0
17031835800->17031381900,1.6841403659421386,1.6841403659421386,0.0,0.0,3.368280731884277,3.368280731884277,0.0,0.0
17031835800->17031381700,1.670512357321599,1.670512357321599,0.0,0.0,3.341024714643198,3.341024714643198,0.0,0.0
17031390200->17031390500,1.0021106544057254,1.0021106544057254,0.0,0.0,2.004221308811451,2.004221308811451,0.0,0.0
17031390200->17031390400,1.018786959702405,1.018786959702405,0.0,0.0,2.03757391940481,2.03757391940481,0.0,0.0
17031390200->17031836300,1.6006029677286209,1.6006029677286209,0.0,0.0,3.2012059354572417,3.2012059354572417,0.0,0.0
17031390200->17031836000,1.2023783147860045,1.2023783147860045,0.0,0.0,2.404756629572009,2.404756629572009,0.0,0.0
17031390200->17031410200,1.649661542665623,1.649661542665623,0.0,0.0,3.299323085331246,3.299323085331246,0.0,0.0
17031430102->17031430101,0.8817958648214873,0.8817958648214873,0.0,0.0,1.7635917296429746,1.7635917296429746,0.0,0.0
17031430102->17031430700,0.9597423434907774,0.9597423434907774,0.0,0.0,1.9194846869815547,1.9194846869815547,0.0,0.0
17031430102->17031430800,1.2763028367969347,1.2763028367969347,0.0,0.0,2.5526056735938694,2.5526056735938694,0.0,0.0
17031430102->17031431400,1.5764400718390401,1.5764400718390401,0.0,0.0,3.1528801436780802,3.1528801436780802,0.0,0.0
17031430102->17031431200,2.1044874221274954,2.1044874221274954,0.0,0.0,4.208974844254991,4.208974844254991,0.0,0.0
17031030102->17031030601,0.768383306924793,0.768383306924793,0.0,0.0,1.536766613849586,1.536766613849586,0.0,0.0
17031030102->17031030604,1.089990143164169,1.089990143164169,0.0,0.0,2.179980286328338,2.179980286328338,0.0,0.0
17031030102->17031030603,1.3574392494931204,1.3574392494931204,0.0,0.0,2.714878498986241,2.714878498986241,0.0,0.0
17031030102->17031010503,1.3952145349705176,1.3952145349705176,0.0,0.0,2.7904290699410352,2.7904290699410352,0.0,0.0
17031030102->17031030701,1.676978337414099,1.676978337414099,0.0,0.0,3.353956674828198,3.353956674828198,0.0,0.0
17031360200->17031836500,0.5440407926083873,0.5440407926083873,0.0,0.0,1.0880815852167747,1.0880815852167747,0.0,0.0
17031360200->17031380200,1.2191058996311799,1.2191058996311799,0.0,0.0,2.4382117992623598,2.4382117992623598,0.0,0.0
17031360200->17031835900,1.2749410879070975,1.2749410879070975,0.0,0.0,2.549882175814195,2.549882175814195,0.0,0.0
17031360200->17031350100,2.4194415712888406,2.4194415712888406,0.0,0.0,4.838883142577681,4.838883142577681,0.0,0.0
17031836500->17031380200,1.7554112169042984,1.7554112169042984,0.0,0.0,3.5108224338085967,3.5108224338085967,0.0,0.0
17031836500->17031835900,1.8092849766745736,1.8092849766745736,0.0,0.0,3.618569953349147,3.618569953349147,0.0,0.0
17031836500->17031350100,2.131540312952839,2.131540312952839,0.0,0.0,4.263080625905678,4.263080625905678,0.0,0.0
17031835700->17031380700,0.5163685208997149,0.5163685208997149,0.0,0.0,1.0327370417994297,1.0327370417994297,0.0,0.0
17031835700->17031381500,0.8297545920364193,0.8297545920364193,0.0,0.0,1.6595091840728387,1.6595091840728387,0.0,0.0
17031835700->17031380500,0.9536970101421212,0.9536970101421212,0.0,0.0,1.9073940202842423,1.9073940202842423,0.0,0.0
17031835700->17031381700,1.468991205931582,1.468991205931582,0.0,0.0,2.937982411863164,2.937982411863164,0.0,0.0
17031835700->17031835900,1.3019158013568342,1.3019158013568342,0.0,0.0,2.6038316027136683,2.6038316027136683,0.0,0.0
17031835700->17031381800,1.5902288640856923,1.5902288640856923,0.0,0.0,3.1804577281713846,3.1804577281713846,0.0,0.0
17031835700->17031610800,1.5018854007034679,1.5018854007034679,0.0,0.0,3.0037708014069358,3.0037708014069358,0.0,0.0
17031380500->17031351500,1.2724540987448227,1.2724540987448227,0.0,0.0,2.5449081974896455,2.5449081974896455,0.0,0.0
17031380500->17031835900,1.049523276704728,1.049523276704728,0.0,0.0,2.099046553409456,2.099046553409456,0.0,0.0
17031380500->17031380700,1.3786241123731047,1.3786241123731047,0.0,0.0,2.7572482247462093,2.7572482247462093,0.0,0.0
17031380500->17031381500,1.7640349464955585,1.7640349464955585,0.0,0.0,3.528069892991117,3.528069892991117,0.0,0.0
17031380500->17031610800,1.8818744177563176,1.8818744177563176,0.0,0.0,3.763748835512635,3.763748835512635,0.0,0.0
17031838300->17031081900,0.8736955665612665,0.8736955665612665,0.0,0.0,1.747391133122533,1.747391133122533,0.0,0.0
17031838300->17031080202,1.1652906350948677,1.1652906350948677,0.0,0.0,2.3305812701897355,2.3305812701897355,0.0,0.0
17031838300->17031081100,1.1524272771855193,1.1524272771855193,0.0,0.0,2.3048545543710386,2.3048545543710386,0.0,0.0
17031838300->17031071700,1.6383106274663222,1.6383106274663222,0.0,0.0,3.2766212549326443,3.2766212549326443,0.0,0.0
17031838300->17031080201,1.563354586126764,1.563354586126764,0.0,0.0,3.126709172253528,3.126709172253528,0.0,0.0
17031283200->17031310400,1.8092211597241716,1.8092211597241716,0.0,0.0,3.6184423194483433,3.6184423194483433,0.0,0.0
17031283200->17031310500,2.110002349347856,2.110002349347856,0.0,0.0,4.220004698695712,4.220004698695712,0.0,0.0
17031070500->17031070600,0.4526979606468749,0.4526979606468749,0.0,0.0,0.9053959212937498,0.9053959212937498,0.0,0.0
17031070500->17031062800,0.9639099377562953,0.9639099377562953,0.0,0.0,1.9278198755125906,1.9278198755125906,0.0,0.0
17031070500->17031062900,1.2519883343773532,1.2519883343773532,0.0,0.0,2.5039766687547065,2.5039766687547065,0.0,0.0
17031280800->17031837400,1.1106301798278233,1.1106301798278233,0.0,0.0,2.2212603596556466,2.2212603596556466,0.0,0.0
17031280800->17031271800,1.3449508952053335,1.3449508952053335,0.0,0.0,2.689901790410667,2.689901790410667,0.0,0.0
17031280800->17031837100,1.812363200213446,1.812363200213446,0.0,0.0,3.624726400426892,3.624726400426892,0.0,0.0
17031280800->17031271200,1.7320062926154525,1.7320062926154525,0.0,0.0,3.464012585230905,3.464012585230905,0.0,0.0
17031062900->17031062800,0.6684784572409507,0.6684784572409507,0.0,0.0,1.3369569144819013,1.3369569144819013,0.0,0.0
17031062900->17031062200,0.7107631706607073,0.7107631706607073,0.0,0.0,1.4215263413214145,1.4215263413214145,0.0,0.0
17031062900->17031062300,0.7410922735664576,0.7410922735664576,0.0,0.0,1.4821845471329151,1.4821845471329151,0.0,0.0
17031062900->17031063400,1.1623864321791517,1.1623864321791517,0.0,0.0,2.3247728643583034,2.3247728643583034,0.0,0.0
17031062900->17031070600,1.5410155308861941,1.5410155308861941,0.0,0.0,3.0820310617723883,3.0820310617723883,0.0,0.0
17031062300->17031062200,0.3611404413081577,0.3611404413081577,0.0,0.0,0.7222808826163154,0.7222808826163154,0.0,0.0
17031062300->17031062800,0.8248533952712499,0.8248533952712499,0.0,0.0,1.6497067905424998,1.6497067905424998,0.0,0.0
17031062300->17031061200,1.001110249689624,1.001110249689624,0.0,0.0,2.002220499379248,2.002220499379248,0.0,0.0
17031530400->17031821200,1.4876304082671996,1.4876304082671996,0.0,0.0,2.975260816534399,2.975260816534399,0.0,0.0
17031530400->17031821402,1.642932832288936,1.642932832288936,0.0,0.0,3.285865664577872,3.285865664577872,0.0,0.0
17031530400->17031530300,1.8417651178988343,1.8417651178988343,0.0,0.0,3.6835302357976687,3.6835302357976687,0.0,0.0
17031530400->17031530501,2.6257262721588144,2.6257262721588144,0.0,0.0,5.251452544317629,5.251452544317629,0.0,0.0
17031230300->17031230800,0.4544880414668195,0.4544880414668195,0.0,0.0,0.908976082933639,0.908976082933639,0.0,0.0
17031230300->17031230200,0.5637929480164311,0.5637929480164311,0.0,0.0,1.1275858960328622,1.1275858960328622,0.0,0.0
17031230300->17031222700,0.8334693589796676,0.8334693589796676,0.0,0.0,1.6669387179593351,1.6669387179593351,0.0,0.0
17031230300->17031230100,1.1793723937184288,1.1793723937184288,0.0,0.0,2.3587447874368577,2.3587447874368577,0.0,0.0
17031230300->17031231200,1.8909282246108159,1.8909282246108159,0.0,0.0,3.7818564492216313,3.7818564492216313,0.0,0.0
17031730700->17031491100,2.135744890547314,2.135744890547314,0.0,0.0,4.271489781094628,4.271489781094628,0.0,0.0
17031050100->17031060300,0.8429995213003875,0.8429995213003875,0.0,0.0,1.685999042600775,1.685999042600775,0.0,0.0
17031050100->17031830800,1.1969080498397957,1.1969080498397957,0.0,0.0,2.3938160996795914,2.3938160996795914,0.0,0.0
17031050100->17031031900,1.1907310060948972,1.1907310060948972,0.0,0.0,2.3814620121897945,2.3814620121897945,0.0,0.0
17031230100->17031240800,0.6190361246375586,0.6190361246375586,0.0,0.0,1.2380722492751173,1.2380722492751173,0.0,0.0
17031230100->17031222700,0.5696839374057883,0.5696839374057883,0.0,0.0,1.1393678748115765,1.1393678748115765,0.0,0.0
17031230100->17031230200,0.6172921571797538,0.6172921571797538,0.0,0.0,1.2345843143595077,1.2345843143595077,0.0,0.0
17031230100->17031221200,1.3928663185061,1.3928663185061,0.0,0.0,2.7857326370122,2.7857326370122,0.0,0.0
17031230100->17031240700,1.1158465659876893,1.1158465659876893,0.0,0.0,2.2316931319753786,2.2316931319753786,0.0,0.0
17031081100->17031080202,0.7843205861423599,0.7843205861423599,0.0,0.0,1.5686411722847198,1.5686411722847198,0.0,0.0
17031081100->17031081300,1.0339674755164918,1.0339674755164918,0.0,0.0,2.0679349510329836,2.0679349510329836,0.0,0.0
17031081100->17031080201,1.413386023115843,1.413386023115843,0.0,0.0,2.826772046231686,2.826772046231686,0.0,0.0
17031081100->17031081402,2.0320144268361067,2.0320144268361067,0.0,0.0,4.064028853672213,4.064028853672213,0.0,0.0
17031081100->17031081900,1.5882432424111965,1.5882432424111965,0.0,0.0,3.176486484822393,3.176486484822393,0.0,0.0
17031837100->17031271200,0.877676744096999,0.877676744096999,0.0,0.0,1.755353488193998,1.755353488193998,0.0,0.0
17031837100->17031836900,0.9785583228308913,0.9785583228308913,0.0,0.0,1.9571166456617826,1.9571166456617826,0.0,0.0
17031837100->17031836800,0.9948500641495366,0.9948500641495366,0.0,0.0,1.989700128299073,1.989700128299073,0.0,0.0
17031837100->17031242700,1.8015765102252623,1.8015765102252623,0.0,0.0,3.6031530204505247,3.6031530204505247,0.0,0.0
17031837100->17031271800,2.219466673087802,2.219466673087802,0.0,0.0,4.438933346175604,4.438933346175604,0.0,0.0
17031837100->17031242800,1.8870697989533536,1.8870697989533536,0.0,0.0,3.7741395979067076,3.7741395979067076,0.0,0.0
17031070101->17031070103,0.393172748608768,0.393172748608768,0.0,0.0,0.786345497217536,0.786345497217536,0.0,0.0
17031070101->17031063302,0.9573960048937743,0.9573960048937743,0.0,0.0,1.9147920097875484,1.9147920097875484,0.0,0.0
17031070101->17031071300,1.1991283392054515,1.1991283392054515,0.0,0.0,2.398256678410903,2.398256678410903,0.0,0.0
17031240600->17031240700,0.698891708180484,0.698891708180484,0.0,0.0,1.397783416360968,1.397783416360968,0.0,0.0
17031240600->17031832400,0.74681204172549,0.74681204172549,0.0,0.0,1.49362408345098,1.49362408345098,0.0,0.0
17031240600->17031240800,1.1955728871404752,1.1955728871404752,0.0,0.0,2.3911457742809503,2.3911457742809503,0.0,0.0
17031240800->17031240700,0.4986841250574349,0.4986841250574349,0.0,0.0,0.9973682501148698,0.9973682501148698,0.0,0.0
17031240800->17031832400,1.1122509289316502,1.1122509289316502,0.0,0.0,2.2245018578633005,2.2245018578633005,0.0,0.0
17031240800->17031222700,1.156914068706736,1.156914068706736,0.0,0.0,2.313828137413472,2.313828137413472,0.0,0.0
17031240800->17031230200,1.2228700223615505,1.2228700223615505,0.0,0.0,2.445740044723101,2.445740044723101,0.0,0.0
17031240800->17031240900,1.6818387228022988,1.6818387228022988,0.0,0.0,3.3636774456045977,3.3636774456045977,0.0,0.0
17031240800->17031221200,1.5751604410704403,1.5751604410704403,0.0,0.0,3.1503208821408806,3.1503208821408806,0.0,0.0
17031310900->17031310700,1.1702361675534014,1.1702361675534014,0.0,0.0,2.340472335106803,2.340472335106803,0.0,0.0
17031310900->17031291600,2.017946096945934,2.017946096945934,0.0,0.0,4.035892193891868,4.035892193891868,0.0,0.0
17031832400->17031240700,0.8090269850046384,0.8090269850046384,0.0,0.0,1.6180539700092769,1.6180539700092769,0.0,0.0
17031242800->17031242500,0.9572038215425915,0.9572038215425915,0.0,0.0,1.914407643085183,1.914407643085183,0.0,0.0
17031242800->17031242700,1.3284235493649066,1.3284235493649066,0.0,0.0,2.656847098729813,2.656847098729813,0.0,0.0
17031242800->17031240900,1.7011271529574532,1.7011271529574532,0.0,0.0,3.4022543059149064,3.4022543059149064,0.0,0.0
17031060300->17031051200,1.5216939814330133,1.5216939814330133,0.0,0.0,3.0433879628660265,3.0433879628660265,0.0,0.0
17031060300->17031062500,1.6121394709193917,1.6121394709193917,0.0,0.0,3.2242789418387834,3.2242789418387834,0.0,0.0
17031060300->17031060500,1.287281239157363,1.287281239157363,0.0,0.0,2.574562478314726,2.574562478314726,0.0,0.0
17031060300->17031031900,1.7178894428128202,1.7178894428128202,0.0,0.0,3.4357788856256404,3.4357788856256404,0.0,0.0
17031240900->17031242700,0.6087904005706586,0.6087904005706586,0.0,0.0,1.2175808011413172,1.2175808011413172,0.0,0.0
17031240900->17031242500,1.1258962760728155,1.1258962760728155,0.0,0.0,2.251792552145631,2.251792552145631,0.0,0.0
17031240900->17031240700,1.7285914338317692,1.7285914338317692,0.0,0.0,3.4571828676635383,3.4571828676635383,0.0,0.0
17031400800->17031420600,0.6694026852721842,0.6694026852721842,0.0,0.0,1.3388053705443683,1.3388053705443683,0.0,0.0
17031400800->17031842500,1.0103967079480343,1.0103967079480343,0.0,0.0,2.0207934158960685,2.0207934158960685,0.0,0.0
17031400800->17031400400,1.284458842631439,1.284458842631439,0.0,0.0,2.568917685262878,2.568917685262878,0.0,0.0
17031400800->17031690400,2.1309907987280106,2.1309907987280106,0.0,0.0,4.261981597456021,4.261981597456021,0.0,0.0
17031837400->17031271800,0.5300934774430425,0.5300934774430425,0.0,0.0,1.060186954886085,1.060186954886085,0.0,0.0
17031837400->17031838600,1.153424918396201,1.153424918396201,0.0,0.0,2.306849836792402,2.306849836792402,0.0,0.0
17031837400->17031843300,1.5002997944595216,1.5002997944595216,0.0,0.0,3.000599588919043,3.000599588919043,0.0,0.0
17031837400->17031291600,2.068776228172134,2.068776228172134,0.0,0.0,4.137552456344268,4.137552456344268,0.0,0.0
17031843100->17031841500,0.5967863009239489,0.5967863009239489,0.0,0.0,1.1935726018478978,1.1935726018478978,0.0,0.0
17031843100->17031841600,0.6903579264148417,0.6903579264148417,0.0,0.0,1.3807158528296835,1.3807158528296835,0.0,0.0
17031843100->17031841700,0.9469382229276179,0.9469382229276179,0.0,0.0,1.8938764458552355,1.8938764458552355,0.0,0.0
17031843100->17031838600,1.218819070109115,1.218819070109115,0.0,0.0,2.43763814021823,2.43763814021823,0.0,0.0
17031843100->17031300900,1.2226387873383595,1.2226387873383595,0.0,0.0,2.445277574676719,2.445277574676719,0.0,0.0
17031843100->17031843300,1.2354773464916022,1.2354773464916022,0.0,0.0,2.4709546929832045,2.4709546929832045,0.0,0.0
17031843100->17031292200,1.3899661390264113,1.3899661390264113,0.0,0.0,2.7799322780528226,2.7799322780528226,0.0,0.0
17031843100->17031291600,1.410019665451048,1.410019665451048,0.0,0.0,2.820039330902096,2.820039330902096,0.0,0.0
17031231200->17031230800,1.4394535331995177,1.4394535331995177,0.0,0.0,2.8789070663990355,2.8789070663990355,0.0,0.0
17031830800->17031031900,0.729615619419384,0.729615619419384,0.0,0.0,1.459231238838768,1.459231238838768,0.0,0.0
17031830800->17031040800,1.447123752863225,1.447123752863225,0.0,0.0,2.89424750572645,2.89424750572645,0.0,0.0
17031081300->17031081402,1.1566900221049792,1.1566900221049792,0.0,0.0,2.3133800442099584,2.3133800442099584,0.0,0.0
17031834400->17031430300,1.4377993395953015,1.4377993395953015,0.0,0.0,2.875598679190603,2.875598679190603,0.0,0.0
17031834400->17031421200,2.0532016226652545,2.0532016226652545,0.0,0.0,4.106403245330509,4.106403245330509,0.0,0.0
17031410200->17031390500,0.7180162371593074,0.7180162371593074,0.0,0.0,1.4360324743186148,1.4360324743186148,0.0,0.0
17031410200->17031836300,0.6159647512728901,0.6159647512728901,0.0,0.0,1.2319295025457802,1.2319295025457802,0.0,0.0
17031410200->17031390400,1.0968808494653994,1.0968808494653994,0.0,0.0,2.193761698930799,2.193761698930799,0.0,0.0
17031290900->17031260900,1.0692135888138263,1.0692135888138263,0.0,0.0,2.1384271776276527,2.1384271776276527,0.0,0.0
17031290900->17031261000,1.1651378503892773,1.1651378503892773,0.0,0.0,2.3302757007785546,2.3302757007785546,0.0,0.0
17031290900->17031292500,1.573321642746381,1.573321642746381,0.0,0.0,3.146643285492762,3.146643285492762,0.0,0.0
17031290900->17031260600,2.046748142747199,2.046748142747199,0.0,0.0,4.093496285494398,4.093496285494398,0.0,0.0
17031290900->17031270500,1.9134919359042324,1.9134919359042324,0.0,0.0,3.826983871808465,3.826983871808465,0.0,0.0
17031290900->17031813302,2.0049666262731707,2.0049666262731707,0.0,0.0,4.009933252546341,4.009933252546341,0.0,0.0
17031251000->17031251100,0.560383626708619,0.560383626708619,0.0,0.0,1.120767253417238,1.120767253417238,0.0,0.0
17031251000->17031251700,1.1668679021422594,1.1668679021422594,0.0,0.0,2.333735804284519,2.333735804284519,0.0,0.0
17031251000->17031251200,1.68076040768139,1.68076040768139,0.0,0.0,3.36152081536278,3.36152081536278,0.0,0.0
17031251000->17031251800,2.3616645845467947,2.3616645845467947,0.0,0.0,4.7233291690935895,4.7233291690935895,0.0,0.0
17031160300->17031140602,1.4862032817469457,1.4862032817469457,0.0,0.0,2.9724065634938914,2.9724065634938914,0.0,0.0
17031160300->17031160100,2.278846246837751,2.278846246837751,0.0,0.0,4.557692493675502,4.557692493675502,0.0,0.0
17031160100->17031120400,1.9477237970853047,1.9477237970853047,0.0,0.0,3.8954475941706095,3.8954475941706095,0.0,0.0
17031252101->17031812600,1.6087050974169532,1.6087050974169532,0.0,0.0,3.2174101948339064,3.2174101948339064,0.0,0.0
17031252101->17031812500,2.4154595985949365,2.4154595985949365,0.0,0.0,4.830919197189873,4.830919197189873,0.0,0.0
17031252101->17031813500,3.5366451787654074,3.5366451787654074,0.0,0.0,7.073290357530815,7.073290357530815,0.0,0.0
17031252101->17031813400,2.938021338130721,2.938021338130721,0.0,0.0,5.876042676261442,5.876042676261442,0.0,0.0
17031251300->17031251200,0.9448121890242802,0.9448121890242802,0.0,0.0,1.8896243780485604,1.8896243780485604,0.0,0.0
17031251300->17031812100,1.3778123196604606,1.3778123196604606,0.0,0.0,2.755624639320921,2.755624639320921,0.0,0.0
17031251300->17031812500,1.7065302530863309,1.7065302530863309,0.0,0.0,3.4130605061726618,3.4130605061726618,0.0,0.0
17031251300->17031812400,2.556129807166147,2.556129807166147,0.0,0.0,5.112259614332294,5.112259614332294,0.0,0.0
17031251300->17031812600,2.5971302087143604,2.5971302087143604,0.0,0.0,5.194260417428721,5.194260417428721,0.0,0.0
17031251100->17031251200,1.1212601662784771,1.1212601662784771,0.0,0.0,2.2425203325569543,2.2425203325569543,0.0,0.0
17031251100->17031251700,1.4592744468410581,1.4592744468410581,0.0,0.0,2.9185488936821162,2.9185488936821162,0.0,0.0
17031191301->17031180100,2.32615309697391,2.32615309697391,0.0,0.0,4.65230619394782,4.65230619394782,0.0,0.0
17031191301->17031812200,3.1618641280051953,3.1618641280051953,0.0,0.0,6.323728256010391,6.323728256010391,0.0,0.0
17031150502->17031170200,0.6628946933853844,0.6628946933853844,0.0,0.0,1.3257893867707689,1.3257893867707689,0.0,0.0
17031150502->17031150501,1.7801006941365323,1.7801006941365323,0.0,0.0,3.5602013882730645,3.5602013882730645,0.0,0.0
17031150502->17031810600,2.2196170229986607,2.2196170229986607,0.0,0.0,4.439234045997321,4.439234045997321,0.0,0.0
17031150502->17031151200,2.271248181099866,2.271248181099866,0.0,0.0,4.542496362199732,4.542496362199732,0.0,0.0
17031150501->17031170200,2.333349590165819,2.333349590165819,0.0,0.0,4.666699180331638,4.666699180331638,0.0,0.0
17031150501->17031810600,1.7890922107959615,1.7890922107959615,0.0,0.0,3.578184421591923,3.578184421591923,0.0,0.0
17031150501->17031100700,2.169154085786718,2.169154085786718,0.0,0.0,4.338308171573436,4.338308171573436,0.0,0.0
17031180100->17031810701,2.052546557568447,2.052546557568447,0.0,0.0,4.105093115136894,4.105093115136894,0.0,0.0
17031180100->17031810702,2.801989714499402,2.801989714499402,0.0,0.0,5.603979428998804,5.603979428998804,0.0,0.0
17031180100->17031810900,3.102517669030163,3.102517669030163,0.0,0.0,6.205035338060326,6.205035338060326,0.0,0.0
17031170400->17031810502,1.6198916479019259,1.6198916479019259,0.0,0.0,3.2397832958038517,3.2397832958038517,0.0,0.0
17031170400->17031170700,1.7960596285959203,1.7960596285959203,0.0,0.0,3.5921192571918406,3.5921192571918406,0.0,0.0
17031170400->17031810701,2.844740414470086,2.844740414470086,0.0,0.0,5.689480828940172,5.689480828940172,0.0,0.0
17031170400->17031810501,2.490318982682354,2.490318982682354,0.0,0.0,4.980637965364708,4.980637965364708,0.0,0.0
17031170400->17031810800,2.888632968857785,2.888632968857785,0.0,0.0,5.77726593771557,5.77726593771557,0.0,0.0
17031170400->17031810600,2.8825796671350976,2.8825796671350976,0.0,0.0,5.765159334270195,5.765159334270195,0.0,0.0
17031170400->17031170600,3.0865582428766145,3.0865582428766145,0.0,0.0,6.173116485753229,6.173116485753229,0.0,0.0
17031170400->17031770901,3.410269181098955,3.410269181098955,0.0,0.0,6.82053836219791,6.82053836219791,0.0,0.0
17031170600->17031170700,1.4069610848389253,1.4069610848389253,0.0,0.0,2.8139221696778507,2.8139221696778507,0.0,0.0
17031170600->17031810800,1.924438535561629,1.924438535561629,0.0,0.0,3.848877071123258,3.848877071123258,0.0,0.0
17031170600->17031810501,3.309831317817611,3.309831317817611,0.0,0.0,6.619662635635222,6.619662635635222,0.0,0.0
17031170600->17031810702,3.091884488450764,3.091884488450764,0.0,0.0,6.183768976901528,6.183768976901528,0.0,0.0
17031170600->17031810701,2.975428989804139,2.975428989804139,0.0,0.0,5.950857979608278,5.950857979608278,0.0,0.0
17031170600->17031770800,5.2333076643264125,5.2333076643264125,0.0,0.0,10.466615328652825,10.466615328652825,0.0,0.0
17031760801->17031805702,1.6962874917334356,1.6962874917334356,0.0,0.0,3.3925749834668713,3.3925749834668713,0.0,0.0
17031760801->17031770902,1.9611293989299066,1.9611293989299066,0.0,0.0,3.922258797859813,3.922258797859813,0.0,0.0
17031760801->17031805701,3.4654749473149,3.4654749473149,0.0,0.0,6.9309498946298,6.9309498946298,0.0,0.0
17031760801->17031805600,3.5624384842799466,3.5624384842799466,0.0,0.0,7.124876968559893,7.124876968559893,0.0,0.0
17031760801->17031100400,3.193744828394599,3.193744828394599,0.0,0.0,6.387489656789198,6.387489656789198,0.0,0.0
17031760801->17031980000,5.751527599142981,5.751527599142981,0.0,0.0,11.503055198285962,11.503055198285962,0.0,0.0
17031760801->17031805801,6.261643866985853,6.261643866985853,0.0,0.0,12.523287733971706,12.523287733971706,0.0,0.0
17031760801->17031806600,4.79883844269836,4.79883844269836,0.0,0.0,9.59767688539672,9.59767688539672,0.0,0.0
17031760801->17031805802,5.185490567091019,5.185490567091019,0.0,0.0,10.370981134182038,10.370981134182038,0.0,0.0
17031760801->17031770800,3.9101761542897915,3.9101761542897915,0.0,0.0,7.820352308579583,7.820352308579583,0.0,0.0
17031740400->17031823304,1.330564356203645,1.330564356203645,0.0,0.0,2.66112871240729,2.66112871240729,0.0,0.0
17031740400->17031822802,2.5213880613588877,2.5213880613588877,0.0,0.0,5.042776122717775,5.042776122717775,0.0,0.0
17031740400->17031822702,3.6624077280259897,3.6624077280259897,0.0,0.0,7.324815456051979,7.324815456051979,0.0,0.0
17031740400->17031720500,3.582928567620335,3.582928567620335,0.0,0.0,7.16585713524067,7.16585713524067,0.0,0.0
17031740400->17031821900,4.269501929180104,4.269501929180104,0.0,0.0,8.539003858360209,8.539003858360209,0.0,0.0
17031838600->17031271800,0.859695676504084,0.859695676504084,0.0,0.0,1.719391353008168,1.719391353008168,0.0,0.0
17031838600->17031841500,1.0317055892130114,1.0317055892130114,0.0,0.0,2.0634111784260227,2.0634111784260227,0.0,0.0
17031838600->17031837300,1.0828326329972287,1.0828326329972287,0.0,0.0,2.1656652659944573,2.1656652659944573,0.0,0.0
17031838600->17031843300,1.2806174502242473,1.2806174502242473,0.0,0.0,2.5612349004484947,2.5612349004484947,0.0,0.0
17031838600->17031841600,1.8706216837392327,1.8706216837392327,0.0,0.0,3.7412433674784653,3.7412433674784653,0.0,0.0
17031838600->17031271500,1.6104667065335927,1.6104667065335927,0.0,0.0,3.2209334130671854,3.2209334130671854,0.0,0.0
17031260900->17031270500,0.8447860353112123,0.8447860353112123,0.0,0.0,1.6895720706224246,1.6895720706224246,0.0,0.0
17031260900->17031271500,1.021441407924202,1.021441407924202,0.0,0.0,2.042882815848404,2.042882815848404,0.0,0.0
17031260900->17031261000,1.0992967791753296,1.0992967791753296,0.0,0.0,2.1985935583506593,2.1985935583506593,0.0,0.0
17031260900->17031260100,1.7642441369796296,1.7642441369796296,0.0,0.0,3.528488273959259,3.528488273959259,0.0,0.0
17031260900->17031260200,1.8380659006420692,1.8380659006420692,0.0,0.0,3.6761318012841384,3.6761318012841384,0.0,0.0
17031260900->17031260600,1.59514276499913,1.59514276499913,0.0,0.0,3.19028552999826,3.19028552999826,0.0,0.0
17031836800->17031836900,0.3988877829876834,0.3988877829876834,0.0,0.0,0.7977755659753668,0.7977755659753668,0.0,0.0
17031836800->17031271200,0.6965737322543796,0.6965737322543796,0.0,0.0,1.3931474645087591,1.3931474645087591,0.0,0.0
17031836800->17031837300,1.8058385744080063,1.8058385744080063,0.0,0.0,3.6116771488160127,3.6116771488160127,0.0,0.0
17031836800->17031271500,1.8677176001894749,1.8677176001894749,0.0,0.0,3.7354352003789497,3.7354352003789497,0.0,0.0
17031836900->17031271200,0.33438308053611426,0.33438308053611426,0.0,0.0,0.6687661610722285,0.6687661610722285,0.0,0.0
17031836900->17031837300,1.4911237966494464,1.4911237966494464,0.0,0.0,2.9822475932988928,2.9822475932988928,0.0,0.0
17031836900->17031271500,1.6632573082283852,1.6632573082283852,0.0,0.0,3.3265146164567705,3.3265146164567705,0.0,0.0
17031836900->17031271800,1.8109324849036577,1.8109324849036577,0.0,0.0,3.6218649698073153,3.6218649698073153,0.0,0.0
17031270500->17031271500,0.6530389077857606,0.6530389077857606,0.0,0.0,1.3060778155715211,1.3060778155715211,0.0,0.0
17031270500->17031260100,1.1621789787306465,1.1621789787306465,0.0,0.0,2.324357957461293,2.324357957461293,0.0,0.0
17031270500->17031837300,1.2222770424058895,1.2222770424058895,0.0,0.0,2.444554084811779,2.444554084811779,0.0,0.0
17031270500->17031260200,1.5234951717915592,1.5234951717915592,0.0,0.0,3.0469903435831185,3.0469903435831185,0.0,0.0
17031270500->17031261000,1.6687643061121977,1.6687643061121977,0.0,0.0,3.3375286122243955,3.3375286122243955,0.0,0.0
17031260100->17031260200,0.6720832984719777,0.6720832984719777,0.0,0.0,1.3441665969439553,1.3441665969439553,0.0,0.0
17031260100->17031260300,1.3454769669946147,1.3454769669946147,0.0,0.0,2.6909539339892294,2.6909539339892294,0.0,0.0
17031260100->17031260600,1.4372982571076467,1.4372982571076467,0.0,0.0,2.8745965142152934,2.8745965142152934,0.0,0.0
17031230200->17031222700,0.44219993907009064,0.44219993907009064,0.0,0.0,0.8843998781401813,0.8843998781401813,0.0,0.0
17031230200->17031230800,0.8261062083286164,0.8261062083286164,0.0,0.0,1.6522124166572327,1.6522124166572327,0.0,0.0
17031230800->17031222700,1.2085195894466736,1.2085195894466736,0.0,0.0,2.417039178893347,2.417039178893347,0.0,0.0
17031140701->17031140602,1.3513786423887726,1.3513786423887726,0.0,0.0,2.702757284777545,2.702757284777545,0.0,0.0
17031140701->17031160502,1.762412525379162,1.762412525379162,0.0,0.0,3.524825050758324,3.524825050758324,0.0,0.0
17031140701->17031140301,1.4868711271065536,1.4868711271065536,0.0,0.0,2.973742254213107,2.973742254213107,0.0,0.0
17031140701->17031160601,1.7460459317596415,1.7460459317596415,0.0,0.0,3.492091863519283,3.492091863519283,0.0,0.0
17031140701->17031040300,1.9311766337221186,1.9311766337221186,0.0,0.0,3.8623532674442367,3.8623532674442367,0.0,0.0
17031630300->17031630400,0.5925900047898676,0.5925900047898676,0.0,0.0,1.1851800095797351,1.1851800095797351,0.0,0.0
17031630300->17031620400,1.1799603525922002,1.1799603525922002,0.0,0.0,2.3599207051844004,2.3599207051844004,0.0,0.0
17031630300->17031660400,1.7985546265427153,1.7985546265427153,0.0,0.0,3.5971092530854305,3.5971092530854305,0.0,0.0
17031630300->17031630200,1.8144721291165686,1.8144721291165686,0.0,0.0,3.6289442582331373,3.6289442582331373,0.0,0.0
17031630300->17031660301,2.2296465556048775,2.2296465556048775,0.0,0.0,4.459293111209755,4.459293111209755,0.0,0.0
17031630300->17031630500,1.8246062471223639,1.8246062471223639,0.0,0.0,3.6492124942447277,3.6492124942447277,0.0,0.0
17031841700->17031300900,0.3225891024117792,0.3225891024117792,0.0,0.0,0.6451782048235584,0.6451782048235584,0.0,0.0
17031841700->17031841600,0.781481445480092,0.781481445480092,0.0,0.0,1.562962890960184,1.562962890960184,0.0,0.0
17031841700->17031291600,1.2756242753945428,1.2756242753945428,0.0,0.0,2.5512485507890856,2.5512485507890856,0.0,0.0
17031841700->17031841500,1.5020830730180765,1.5020830730180765,0.0,0.0,3.004166146036153,3.004166146036153,0.0,0.0
17031841700->17031843300,1.5140922463167994,1.5140922463167994,0.0,0.0,3.028184492633599,3.028184492633599,0.0,0.0
17031271200->17031837300,1.4642881225967899,1.4642881225967899,0.0,0.0,2.9285762451935797,2.9285762451935797,0.0,0.0
17031271200->17031271800,1.5627554893650906,1.5627554893650906,0.0,0.0,3.125510978730181,3.125510978730181,0.0,0.0
17031271200->17031271500,1.7604393121645403,1.7604393121645403,0.0,0.0,3.5208786243290806,3.5208786243290806,0.0,0.0
17031242500->17031242700,1.140033512893652,1.140033512893652,0.0,0.0,2.280067025787304,2.280067025787304,0.0,0.0
17031220300->17031221200,1.629419513077816,1.629419513077816,0.0,0.0,3.258839026155632,3.258839026155632,0.0,0.0
17031220300->17031210700,1.6052224373332398,1.6052224373332398,0.0,0.0,3.2104448746664795,3.2104448746664795,0.0,0.0
17031040800->17031160601,1.703788001946535,1.703788001946535,0.0,0.0,3.40757600389307,3.40757600389307,0.0,0.0
17031160601->17031160502,1.3628013017149043,1.3628013017149043,0.0,0.0,2.7256026034298086,2.7256026034298086,0.0,0.0
17031040300->17031020801,1.5276819902358625,1.5276819902358625,0.0,0.0,3.055363980471725,3.055363980471725,0.0,0.0
17031020400->17031020100,0.9141536534254594,0.9141536534254594,0.0,0.0,1.8283073068509188,1.8283073068509188,0.0,0.0
17031020400->17031010702,1.3652878718706223,1.3652878718706223,0.0,0.0,2.7305757437412446,2.7305757437412446,0.0,0.0
17031020400->17031810200,2.1844376778945103,2.1844376778945103,0.0,0.0,4.3688753557890205,4.3688753557890205,0.0,0.0
17031020100->17031810200,1.2952782455314649,1.2952782455314649,0.0,0.0,2.5905564910629297,2.5905564910629297,0.0,0.0
17031020100->17031010702,1.5745787394516124,1.5745787394516124,0.0,0.0,3.149157478903225,3.149157478903225,0.0,0.0
17031020100->17031010100,2.024317974832631,2.024317974832631,0.0,0.0,4.048635949665262,4.048635949665262,0.0,0.0
17031670400->17031670300,0.5775026542451234,0.5775026542451234,0.0,0.0,1.1550053084902467,1.1550053084902467,0.0,0.0
17031670400->17031611700,0.6962177429904819,0.6962177429904819,0.0,0.0,1.3924354859809638,1.3924354859809638,0.0,0.0
17031670400->17031611800,0.7362559517292485,0.7362559517292485,0.0,0.0,1.472511903458497,1.472511903458497,0.0,0.0
17031670400->17031611600,1.0283925542224706,1.0283925542224706,0.0,0.0,2.056785108444941,2.056785108444941,0.0,0.0
17031670400->17031670200,1.0231270047071874,1.0231270047071874,0.0,0.0,2.046254009414375,2.046254009414375,0.0,0.0
17031670400->17031670500,1.303278820753068,1.303278820753068,0.0,0.0,2.606557641506136,2.606557641506136,0.0,0.0
17031670400->17031670600,1.6278440107683707,1.6278440107683707,0.0,0.0,3.2556880215367414,3.2556880215367414,0.0,0.0
17031670400->17031670700,1.6478181540922743,1.6478181540922743,0.0,0.0,3.2956363081845486,3.2956363081845486,0.0,0.0
17031670400->17031670800,1.8480544855186267,1.8480544855186267,0.0,0.0,3.6961089710372534,3.6961089710372534,0.0,0.0
17031670400->17031630100,1.6463343785724678,1.6463343785724678,0.0,0.0,3.2926687571449356,3.2926687571449356,0.0,0.0
17031611500->17031580800,0.8881505968304624,0.8881505968304624,0.0,0.0,1.7763011936609248,1.7763011936609248,0.0,0.0
17031611500->17031630100,1.1467642702054772,1.1467642702054772,0.0,0.0,2.2935285404109544,2.2935285404109544,0.0,0.0
17031611500->17031611600,1.4797733663162296,1.4797733663162296,0.0,0.0,2.959546732632459,2.959546732632459,0.0,0.0
17031611500->17031630500,1.7286431040856418,1.7286431040856418,0.0,0.0,3.4572862081712836,3.4572862081712836,0.0,0.0
17031611500->17031611700,1.7332636785712958,1.7332636785712958,0.0,0.0,3.4665273571425916,3.4665273571425916,0.0,0.0
17031611500->17031610400,1.6480620598538904,1.6480620598538904,0.0,0.0,3.296124119707781,3.296124119707781,0.0,0.0
17031611500->17031630200,1.668191457237712,1.668191457237712,0.0,0.0,3.336382914475424,3.336382914475424,0.0,0.0
17031611500->17031580700,2.436210501263211,2.436210501263211,0.0,0.0,4.872421002526422,4.872421002526422,0.0,0.0
17031670300->17031670200,0.5618633217081042,0.5618633217081042,0.0,0.0,1.1237266434162083,1.1237266434162083,0.0,0.0
17031670300->17031611800,0.7182394181227402,0.7182394181227402,0.0,0.0,1.4364788362454803,1.4364788362454803,0.0,0.0
17031670300->17031611700,1.0544036827919163,1.0544036827919163,0.0,0.0,2.1088073655838326,2.1088073655838326,0.0,0.0
17031670300->17031670100,1.0017043802729828,1.0017043802729828,0.0,0.0,2.0034087605459656,2.0034087605459656,0.0,0.0
17031670300->17031670700,1.607832712193267,1.607832712193267,0.0,0.0,3.215665424386534,3.215665424386534,0.0,0.0
17031670300->17031670800,1.6227226706980487,1.6227226706980487,0.0,0.0,3.2454453413960973,3.2454453413960973,0.0,0.0
17031670300->17031670600,1.7806549138646637,1.7806549138646637,0.0,0.0,3.5613098277293274,3.5613098277293274,0.0,0.0
17031670300->17031611600,1.5246386629204927,1.5246386629204927,0.0,0.0,3.0492773258409853,3.0492773258409853,0.0,0.0
17031670300->17031611200,2.0179258363852437,2.0179258363852437,0.0,0.0,4.035851672770487,4.035851672770487,0.0,0.0
17031670300->17031670500,1.6968430957813334,1.6968430957813334,0.0,0.0,3.393686191562667,3.393686191562667,0.0,0.0
17031062800->17031070600,1.0665396627677775,1.0665396627677775,0.0,0.0,2.133079325535555,2.133079325535555,0.0,0.0
17031062800->17031062200,1.0579057343726699,1.0579057343726699,0.0,0.0,2.1158114687453398,2.1158114687453398,0.0,0.0
17031062500->17031051200,0.5599104655913424,0.5599104655913424,0.0,0.0,1.1198209311826848,1.1198209311826848,0.0,0.0
17031060500->17031061200,0.7748055487971706,0.7748055487971706,0.0,0.0,1.5496110975943411,1.5496110975943411,0.0,0.0
17031060500->17031032100,1.3826568815826028,1.3826568815826028,0.0,0.0,2.7653137631652056,2.7653137631652056,0.0,0.0
17031060500->17031031502,1.8872811149537756,1.8872811149537756,0.0,0.0,3.774562229907551,3.774562229907551,0.0,0.0
17031010300->17031010100,1.0123724045337958,1.0123724045337958,0.0,0.0,2.0247448090675917,2.0247448090675917,0.0,0.0
17031010300->17031010702,1.1097324927691503,1.1097324927691503,0.0,0.0,2.2194649855383006,2.2194649855383006,0.0,0.0
17031010300->17031810200,2.291470506420852,2.291470506420852,0.0,0.0,4.582941012841704,4.582941012841704,0.0,0.0
17031010100->17031010702,1.6848753412638726,1.6848753412638726,0.0,0.0,3.3697506825277452,3.3697506825277452,0.0,0.0
17031010100->17031810200,1.520256978798515,1.520256978798515,0.0,0.0,3.04051395759703,3.04051395759703,0.0,0.0
17031010702->17031810200,2.2488179254148877,2.2488179254148877,0.0,0.0,4.497635850829775,4.497635850829775,0.0,0.0
17031730202->17031730100,1.5177624238653509,1.5177624238653509,0.0,0.0,3.0355248477307017,3.0355248477307017,0.0,0.0
17031730202->17031711500,2.166575673764585,2.166575673764585,0.0,0.0,4.33315134752917,4.33315134752917,0.0,0.0
17031730202->17031711000,2.793026362516695,2.793026362516695,0.0,0.0,5.58605272503339,5.58605272503339,0.0,0.0
17031710700->17031710600,0.7989938348014165,0.7989938348014165,0.0,0.0,1.597987669602833,1.597987669602833,0.0,0.0
17031710700->17031711000,1.2999489876541945,1.2999489876541945,0.0,0.0,2.599897975308389,2.599897975308389,0.0,0.0
17031710700->17031710100,1.5878954481553942,1.5878954481553942,0.0,0.0,3.1757908963107884,3.1757908963107884,0.0,0.0
17031710700->17031671800,2.273625430643359,2.273625430643359,0.0,0.0,4.547250861286718,4.547250861286718,0.0,0.0
17031710100->17031681300,1.3409536133110271,1.3409536133110271,0.0,0.0,2.6819072266220543,2.6819072266220543,0.0,0.0
17031710100->17031681400,1.5041383496581477,1.5041383496581477,0.0,0.0,3.0082766993162955,3.0082766993162955,0.0,0.0
17031710100->17031711000,2.162106567390499,2.162106567390499,0.0,0.0,4.324213134780998,4.324213134780998,0.0,0.0
17031710100->17031671800,2.0274205671629026,2.0274205671629026,0.0,0.0,4.054841134325805,4.054841134325805,0.0,0.0
17031834900->17031681100,0.7965850700997327,0.7965850700997327,0.0,0.0,1.5931701401994653,1.5931701401994653,0.0,0.0
17031834900->17031671600,0.8827631490018073,0.8827631490018073,0.0,0.0,1.7655262980036146,1.7655262980036146,0.0,0.0
17031834900->17031671800,1.634312606013925,1.634312606013925,0.0,0.0,3.26862521202785,3.26862521202785,0.0,0.0
17031834900->17031670900,1.708653584265563,1.708653584265563,0.0,0.0,3.417307168531126,3.417307168531126,0.0,0.0
17031834900->17031680600,1.8052654036910554,1.8052654036910554,0.0,0.0,3.6105308073821107,3.6105308073821107,0.0,0.0
17031834900->17031681400,1.7346009387697716,1.7346009387697716,0.0,0.0,3.4692018775395432,3.4692018775395432,0.0,0.0
17031671600->17031671800,1.07235435833427,1.07235435833427,0.0,0.0,2.14470871666854,2.14470871666854,0.0,0.0
17031671600->17031681100,1.2575108369320835,1.2575108369320835,0.0,0.0,2.515021673864167,2.515021673864167,0.0,0.0
17031671600->17031681400,1.5956566431892913,1.5956566431892913,0.0,0.0,3.1913132863785827,3.1913132863785827,0.0,0.0
17031671600->17031672000,1.6397633115836263,1.6397633115836263,0.0,0.0,3.2795266231672526,3.2795266231672526,0.0,0.0
17031671600->17031671300,1.6246367116560096,1.6246367116560096,0.0,0.0,3.2492734233120193,3.2492734233120193,0.0,0.0
17031680500->17031834700,0.49911498998811377,0.49911498998811377,0.0,0.0,0.9982299799762274,0.9982299799762274,0.0,0.0
17031680500->17031612000,0.7168297652541913,0.7168297652541913,0.0,0.0,1.4336595305083826,1.4336595305083826,0.0,0.0
17031680500->17031670100,0.9463991802834426,0.9463991802834426,0.0,0.0,1.8927983605668854,1.8927983605668854,0.0,0.0
17031680500->17031612100,0.7345931371068507,0.7345931371068507,0.0,0.0,1.4691862742137014,1.4691862742137014,0.0,0.0
17031680500->17031680600,1.617860078608182,1.617860078608182,0.0,0.0,3.235720157216364,3.235720157216364,0.0,0.0
17031680500->17031670900,1.759018705939084,1.759018705939084,0.0,0.0,3.518037411878168,3.518037411878168,0.0,0.0
17031680500->17031670200,1.4652388360551398,1.4652388360551398,0.0,0.0,2.9304776721102797,2.9304776721102797,0.0,0.0
17031680500->17031843800,1.8046738248902063,1.8046738248902063,0.0,0.0,3.6093476497804127,3.6093476497804127,0.0,0.0
17031680500->17031611100,2.350311987370254,2.350311987370254,0.0,0.0,4.700623974740508,4.700623974740508,0.0,0.0
17031834700->17031612100,0.8921094943851174,0.8921094943851174,0.0,0.0,1.7842189887702349,1.7842189887702349,0.0,0.0
17031834700->17031612000,1.1317194472063918,1.1317194472063918,0.0,0.0,2.2634388944127837,2.2634388944127837,0.0,0.0
17031834700->17031680600,1.5567589861623659,1.5567589861623659,0.0,0.0,3.1135179723247317,3.1135179723247317,0.0,0.0
17031834700->17031670100,1.3011916627983553,1.3011916627983553,0.0,0.0,2.6023833255967106,2.6023833255967106,0.0,0.0
17031834700->17031843800,1.871611479639693,1.871611479639693,0.0,0.0,3.743222959279386,3.743222959279386,0.0,0.0
17031834700->17031670900,1.778495819473753,1.778495819473753,0.0,0.0,3.556991638947506,3.556991638947506,0.0,0.0
17031600600->17031840200,0.757494641611769,0.757494641611769,0.0,0.0,1.514989283223538,1.514989283223538,0.0,0.0
17031600600->17031310500,2.2512226434706473,2.2512226434706473,0.0,0.0,4.5024452869412945,4.5024452869412945,0.0,0.0
17031600600->17031840100,1.9311315119329733,1.9311315119329733,0.0,0.0,3.8622630238659466,3.8622630238659466,0.0,0.0
17031840200->17031310500,1.5623972086993565,1.5623972086993565,0.0,0.0,3.124794417398713,3.124794417398713,0.0,0.0
17031840200->17031310400,1.9546698228251995,1.9546698228251995,0.0,0.0,3.9093396456503986,3.9093396456503986,0.0,0.0
17031071300->17031071600,0.7136672423541353,0.7136672423541353,0.0,0.0,1.4273344847082705,1.4273344847082705,0.0,0.0
17031071300->17031070103,0.8324984554277254,0.8324984554277254,0.0,0.0,1.6649969108554508,1.6649969108554508,0.0,0.0
17031071300->17031071700,1.3794541966006817,1.3794541966006817,0.0,0.0,2.7589083932013634,2.7589083932013634,0.0,0.0
17031071700->17031071600,0.6682779111779694,0.6682779111779694,0.0,0.0,1.3365558223559388,1.3365558223559388,0.0,0.0
17031071700->17031080201,1.2044789645657434,1.2044789645657434,0.0,0.0,2.408957929131487,2.408957929131487,0.0,0.0
17031071600->17031070103,1.5417034286709845,1.5417034286709845,0.0,0.0,3.083406857341969,3.083406857341969,0.0,0.0
17031070103->17031063302,1.3076256461434144,1.3076256461434144,0.0,0.0,2.6152512922868287,2.6152512922868287,0.0,0.0
17031061901->17031061902,0.2697091380063588,0.2697091380063588,0.0,0.0,0.5394182760127176,0.5394182760127176,0.0,0.0
17031061901->17031062000,0.5622200198738947,0.5622200198738947,0.0,0.0,1.1244400397477894,1.1244400397477894,0.0,0.0
17031061901->17031063302,1.3562797228516568,1.3562797228516568,0.0,0.0,2.7125594457033135,2.7125594457033135,0.0,0.0
17031061901->17031063400,1.3238307915262493,1.3238307915262493,0.0,0.0,2.6476615830524985,2.6476615830524985,0.0,0.0
17031061901->17031060800,1.6246807519850586,1.6246807519850586,0.0,0.0,3.249361503970117,3.249361503970117,0.0,0.0
17031062200->17031061200,1.064691763750071,1.064691763750071,0.0,0.0,2.129383527500142,2.129383527500142,0.0,0.0
17031063400->17031062000,0.9465036699424211,0.9465036699424211,0.0,0.0,1.8930073398848422,1.8930073398848422,0.0,0.0
17031063400->17031063302,0.7617133564893289,0.7617133564893289,0.0,0.0,1.5234267129786578,1.5234267129786578,0.0,0.0
17031063400->17031061902,1.3034639119126896,1.3034639119126896,0.0,0.0,2.6069278238253792,2.6069278238253792,0.0,0.0
17031063302->17031061902,1.1881176173893253,1.1881176173893253,0.0,0.0,2.3762352347786506,2.3762352347786506,0.0,0.0
17031062000->17031061902,0.7283057146417361,0.7283057146417361,0.0,0.0,1.4566114292834722,1.4566114292834722,0.0,0.0
17031060800->17031032100,1.0882044993457922,1.0882044993457922,0.0,0.0,2.1764089986915844,2.1764089986915844,0.0,0.0
17031060800->17031031502,1.6862590645261077,1.6862590645261077,0.0,0.0,3.3725181290522155,3.3725181290522155,0.0,0.0
17031032100->17031031502,0.6577909606890683,0.6577909606890683,0.0,0.0,1.3155819213781366,1.3155819213781366,0.0,0.0
17031032100->17031031501,1.255277553360303,1.255277553360303,0.0,0.0,2.510555106720606,2.510555106720606,0.0,0.0
17031031502->17031031501,0.5976390926845855,0.5976390926845855,0.0,0.0,1.195278185369171,1.195278185369171,0.0,0.0
17031031502->17031031300,1.482493157070219,1.482493157070219,0.0,0.0,2.964986314140438,2.964986314140438,0.0,0.0
17031031501->17031031300,0.8848581859079515,0.8848581859079515,0.0,0.0,1.769716371815903,1.769716371815903,0.0,0.0
17031031300->17031030702,1.2184956154870958,1.2184956154870958,0.0,0.0,2.4369912309741917,2.4369912309741917,0.0,0.0
17031031300->17031030701,1.6147392213414924,1.6147392213414924,0.0,0.0,3.229478442682985,3.229478442682985,0.0,0.0
17031030604->17031030601,0.3241681290572228,0.3241681290572228,0.0,0.0,0.6483362581144456,0.6483362581144456,0.0,0.0
17031030604->17031030603,0.3870992430495565,0.3870992430495565,0.0,0.0,0.774198486099113,0.774198486099113,0.0,0.0
17031030604->17031030701,0.6454681668245025,0.6454681668245025,0.0,0.0,1.290936333649005,1.290936333649005,0.0,0.0
17031030604->17031030702,0.881233281595106,0.881233281595106,0.0,0.0,1.762466563190212,1.762466563190212,0.0,0.0
17031030603->17031030701,0.32309398746885004,0.32309398746885004,0.0,0.0,0.6461879749377001,0.6461879749377001,0.0,0.0
17031030603->17031030601,0.6188860275986918,0.6188860275986918,0.0,0.0,1.2377720551973836,1.2377720551973836,0.0,0.0
17031030603->17031030702,0.7290875351532029,0.7290875351532029,0.0,0.0,1.4581750703064058,1.4581750703064058,0.0,0.0
17031030701->17031030702,0.4808135351985675,0.4808135351985675,0.0,0.0,0.961627070397135,0.961627070397135,0.0,0.0
17031030701->17031030601,0.9253238147937107,0.9253238147937107,0.0,0.0,1.8506476295874215,1.8506476295874215,0.0,0.0
17031030702->17031030601,1.2046131780716893,1.2046131780716893,0.0,0.0,2.4092263561433787,2.4092263561433787,0.0,0.0
17031491000->17031491100,1.3180214663636425,1.3180214663636425,0.0,0.0,2.636042932727285,2.636042932727285,0.0,0.0
17031491000->17031491300,1.5471512744128466,1.5471512744128466,0.0,0.0,3.0943025488256932,3.0943025488256932,0.0,0.0
17031491000->17031490700,1.6936676094413559,1.6936676094413559,0.0,0.0,3.3873352188827117,3.3873352188827117,0.0,0.0
17031491000->17031490901,1.3449053402507989,1.3449053402507989,0.0,0.0,2.6898106805015978,2.6898106805015978,0.0,0.0
17031491000->17031490600,2.8128375490870985,2.8128375490870985,0.0,0.0,5.625675098174197,5.625675098174197,0.0,0.0
17031691100->17031690400,1.309132496192753,1.309132496192753,0.0,0.0,2.618264992385506,2.618264992385506,0.0,0.0
17031691100->17031681300,1.3088647572658356,1.3088647572658356,0.0,0.0,2.6177295145316712,2.6177295145316712,0.0,0.0
17031691100->17031842500,2.0620425727682843,2.0620425727682843,0.0,0.0,4.124085145536569,4.124085145536569,0.0,0.0
17031691100->17031690500,2.106167315142281,2.106167315142281,0.0,0.0,4.212334630284562,4.212334630284562,0.0,0.0
17031381500->17031380700,0.42762964879238613,0.42762964879238613,0.0,0.0,0.8552592975847723,0.8552592975847723,0.0,0.0
17031381500->17031381800,0.7714904504076333,0.7714904504076333,0.0,0.0,1.5429809008152666,1.5429809008152666,0.0,0.0
17031381500->17031381700,0.8399212018220484,0.8399212018220484,0.0,0.0,1.6798424036440969,1.6798424036440969,0.0,0.0
17031381500->17031381200,1.3181762307972251,1.3181762307972251,0.0,0.0,2.6363524615944502,2.6363524615944502,0.0,0.0
17031381500->17031835900,1.7698580875871162,1.7698580875871162,0.0,0.0,3.5397161751742323,3.5397161751742323,0.0,0.0
17031381500->17031381900,1.5923580310354606,1.5923580310354606,0.0,0.0,3.184716062070921,3.184716062070921,0.0,0.0
17031381500->17031610800,1.830855421732471,1.830855421732471,0.0,0.0,3.661710843464942,3.661710843464942,0.0,0.0
17031835900->17031380200,0.5332187002641745,0.5332187002641745,0.0,0.0,1.066437400528349,1.066437400528349,0.0,0.0
17031835900->17031380700,1.3546462740527152,1.3546462740527152,0.0,0.0,2.7092925481054304,2.7092925481054304,0.0,0.0
17031835900->17031351500,1.6082744871418866,1.6082744871418866,0.0,0.0,3.216548974283773,3.216548974283773,0.0,0.0
17031340500->17031840100,0.7361944412646663,0.7361944412646663,0.0,0.0,1.4723888825293325,1.4723888825293325,0.0,0.0
17031340500->17031340300,1.0020023586738287,1.0020023586738287,0.0,0.0,2.0040047173476574,2.0040047173476574,0.0,0.0
17031340500->17031351500,1.2797240006919688,1.2797240006919688,0.0,0.0,2.5594480013839376,2.5594480013839376,0.0,0.0
17031351500->17031840100,2.005043232746871,2.005043232746871,0.0,0.0,4.010086465493742,4.010086465493742,0.0,0.0
17031340300->17031840100,0.383490144873793,0.383490144873793,0.0,0.0,0.766980289747586,0.766980289747586,0.0,0.0
17031080202->17031080201,0.6317902104590082,0.6317902104590082,0.0,0.0,1.2635804209180164,1.2635804209180164,0.0,0.0
17031421200->17031690500,0.5634894542587301,0.5634894542587301,0.0,0.0,1.1269789085174602,1.1269789085174602,0.0,0.0
17031421200->17031690900,1.1282768566729697,1.1282768566729697,0.0,0.0,2.2565537133459395,2.2565537133459395,0.0,0.0
17031421200->17031690400,1.4920606047835385,1.4920606047835385,0.0,0.0,2.984121209567077,2.984121209567077,0.0,0.0
17031420600->17031400400,1.0583097102138808,1.0583097102138808,0.0,0.0,2.1166194204277615,2.1166194204277615,0.0,0.0
17031420600->17031842500,1.5692513687336775,1.5692513687336775,0.0,0.0,3.138502737467355,3.138502737467355,0.0,0.0
17031390400->17031390500,0.4658348382187068,0.4658348382187068,0.0,0.0,0.9316696764374136,0.9316696764374136,0.0,0.0
17031390400->17031836300,0.714791169375164,0.714791169375164,0.0,0.0,1.429582338750328,1.429582338750328,0.0,0.0
17031390400->17031836000,1.3334035033894458,1.3334035033894458,0.0,0.0,2.6668070067788916,2.6668070067788916,0.0,0.0
17031390400->17031381200,1.3001409195412235,1.3001409195412235,0.0,0.0,2.600281839082447,2.600281839082447,0.0,0.0
17031390400->17031381900,1.3692566108258983,1.3692566108258983,0.0,0.0,2.7385132216517967,2.7385132216517967,0.0,0.0
17031390500->17031836300,0.6235560163697357,0.6235560163697357,0.0,0.0,1.2471120327394714,1.2471120327394714,0.0,0.0
17031381200->17031836000,0.4705858728204504,0.4705858728204504,0.0,0.0,0.9411717456409009,0.9411717456409009,0.0,0.0
17031381200->17031381900,1.1430216237743873,1.1430216237743873,0.0,0.0,2.2860432475487746,2.2860432475487746,0.0,0.0
17031381200->17031380200,1.436084574106252,1.436084574106252,0.0,0.0,2.872169148212504,2.872169148212504,0.0,0.0
17031381200->17031381800,1.3759336814026253,1.3759336814026253,0.0,0.0,2.7518673628052506,2.7518673628052506,0.0,0.0
17031381200->17031380700,1.3454182114959785,1.3454182114959785,0.0,0.0,2.690836422991957,2.690836422991957,0.0,0.0
17031380200->17031836000,1.2014103332781074,1.2014103332781074,0.0,0.0,2.402820666556215,2.402820666556215,0.0,0.0
17031380200->17031380700,1.3546320610883886,1.3546320610883886,0.0,0.0,2.7092641221767773,2.7092641221767773,0.0,0.0
17031470100->17031480300,0.8529498123250446,0.8529498123250446,0.0,0.0,1.7058996246500893,1.7058996246500893,0.0,0.0
17031470100->17031440800,1.018059152999287,1.018059152999287,0.0,0.0,2.036118305998574,2.036118305998574,0.0,0.0
17031470100->17031440700,1.728766801438889,1.728766801438889,0.0,0.0,3.457533602877778,3.457533602877778,0.0,0.0
17031470100->17031440900,1.7405718220629398,1.7405718220629398,0.0,0.0,3.4811436441258796,3.4811436441258796,0.0,0.0
17031470100->17031490400,2.248279049262236,2.248279049262236,0.0,0.0,4.496558098524472,4.496558098524472,0.0,0.0
17031470100->17031480400,2.497527999506844,2.497527999506844,0.0,0.0,4.995055999013688,4.995055999013688,0.0,0.0
17031470100->17031500100,3.33724711656323,3.33724711656323,0.0,0.0,6.67449423312646,6.67449423312646,0.0,0.0
17031460500->17031431200,1.0239152456460212,1.0239152456460212,0.0,0.0,2.0478304912920424,2.0478304912920424,0.0,0.0
17031460500->17031430800,1.7670908739522684,1.7670908739522684,0.0,0.0,3.5341817479045368,3.5341817479045368,0.0,0.0
17031460500->17031431301,1.9797815234925853,1.9797815234925853,0.0,0.0,3.95956304698517,3.95956304698517,0.0,0.0
17031430300->17031430101,2.1444969359975645,2.1444969359975645,0.0,0.0,4.288993871995129,4.288993871995129,0.0,0.0
17031430101->17031430800,1.9431692440843158,1.9431692440843158,0.0,0.0,3.8863384881686316,3.8863384881686316,0.0,0.0
17031430101->17031430700,1.8228931800021486,1.8228931800021486,0.0,0.0,3.6457863600042972,3.6457863600042972,0.0,0.0
17031430101->17031431200,2.787880709076221,2.787880709076221,0.0,0.0,5.575761418152442,5.575761418152442,0.0,0.0
17031430700->17031431400,0.619803629306883,0.619803629306883,0.0,0.0,1.239607258613766,1.239607258613766,0.0,0.0
17031430700->17031430800,1.2909747533007379,1.2909747533007379,0.0,0.0,2.5819495066014757,2.5819495066014757,0.0,0.0
17031430700->17031431301,1.8028216798336398,1.8028216798336398,0.0,0.0,3.6056433596672797,3.6056433596672797,0.0,0.0
17031430700->17031431200,1.8684056637506692,1.8684056637506692,0.0,0.0,3.7368113275013384,3.7368113275013384,0.0,0.0
17031431400->17031431301,1.3922060702447847,1.3922060702447847,0.0,0.0,2.7844121404895694,2.7844121404895694,0.0,0.0
17031431400->17031430800,1.573470816048343,1.573470816048343,0.0,0.0,3.146941632096686,3.146941632096686,0.0,0.0
17031431400->17031431200,1.8888161285797722,1.8888161285797722,0.0,0.0,3.7776322571595444,3.7776322571595444,0.0,0.0
17031221200->17031222700,1.1947099352967319,1.1947099352967319,0.0,0.0,2.3894198705934637,2.3894198705934637,0.0,0.0
17031691500->17031440101,1.0206607951060693,1.0206607951060693,0.0,0.0,2.0413215902121387,2.0413215902121387,0.0,0.0
17031691500->17031440201,1.5758551307001294,1.5758551307001294,0.0,0.0,3.151710261400259,3.151710261400259,0.0,0.0
17031691500->17031690900,1.6246446808287758,1.6246446808287758,0.0,0.0,3.2492893616575516,3.2492893616575516,0.0,0.0
17031671400->17031660600,0.8434505948428875,0.8434505948428875,0.0,0.0,1.686901189685775,1.686901189685775,0.0,0.0
17031671400->17031670600,0.8679457141865358,0.8679457141865358,0.0,0.0,1.7358914283730715,1.7358914283730715,0.0,0.0
17031671400->17031671300,1.0212183124436478,1.0212183124436478,0.0,0.0,2.0424366248872956,2.0424366248872956,0.0,0.0
17031671400->17031670500,1.1721333501550995,1.1721333501550995,0.0,0.0,2.344266700310199,2.344266700310199,0.0,0.0
17031671400->17031670700,1.3313462821899473,1.3313462821899473,0.0,0.0,2.6626925643798947,2.6626925643798947,0.0,0.0
17031671400->17031660900,2.339972150687118,2.339972150687118,0.0,0.0,4.679944301374236,4.679944301374236,0.0,0.0
17031051000->17031051100,0.5686421276603404,0.5686421276603404,0.0,0.0,1.1372842553206808,1.1372842553206808,0.0,0.0
17031051000->17031050800,0.6936640152416369,0.6936640152416369,0.0,0.0,1.3873280304832738,1.3873280304832738,0.0,0.0
17031051000->17031051200,1.3845103323865389,1.3845103323865389,0.0,0.0,2.7690206647730777,2.7690206647730777,0.0,0.0
17031530501->17031530502,1.6126829201243595,1.6126829201243595,0.0,0.0,3.225365840248719,3.225365840248719,0.0,0.0
17031530501->17031530300,1.673809368853061,1.673809368853061,0.0,0.0,3.347618737706122,3.347618737706122,0.0,0.0
17031530501->17031821402,2.2478773873302207,2.2478773873302207,0.0,0.0,4.495754774660441,4.495754774660441,0.0,0.0
17031530501->17031491300,3.1752980135619158,3.1752980135619158,0.0,0.0,6.3505960271238315,6.3505960271238315,0.0,0.0
17031530501->17031540102,3.808096422331615,3.808096422331615,0.0,0.0,7.616192844663231,7.616192844663231,0.0,0.0
17031530300->17031821402,2.62404100515161,2.62404100515161,0.0,0.0,5.24808201030322,5.24808201030322,0.0,0.0
17031530300->17031491100,3.456060605237008,3.456060605237008,0.0,0.0,6.912121210474016,6.912121210474016,0.0,0.0
17031530300->17031530502,3.2843871500588673,3.2843871500588673,0.0,0.0,6.5687743001177346,6.5687743001177346,0.0,0.0
17031530300->17031821200,3.249878069184995,3.249878069184995,0.0,0.0,6.49975613836999,6.49975613836999,0.0,0.0
17031836000->17031381900,1.57280964342434,1.57280964342434,0.0,0.0,3.14561928684868,3.14561928684868,0.0,0.0
17031480400->17031480500,1.4287212108274412,1.4287212108274412,0.0,0.0,2.8574424216548824,2.8574424216548824,0.0,0.0
17031480400->17031480300,1.6470538497197547,1.6470538497197547,0.0,0.0,3.2941076994395093,3.2941076994395093,0.0,0.0
17031480400->17031460600,2.219145856968772,2.219145856968772,0.0,0.0,4.438291713937544,4.438291713937544,0.0,0.0
17031480400->17031500100,3.0087649103084053,3.0087649103084053,0.0,0.0,6.017529820616811,6.017529820616811,0.0,0.0
17031843300->17031291600,0.5951699685645827,0.5951699685645827,0.0,0.0,1.1903399371291654,1.1903399371291654,0.0,0.0
17031843300->17031271800,1.678779019226963,1.678779019226963,0.0,0.0,3.357558038453926,3.357558038453926,0.0,0.0
17031843300->17031300900,1.822840855389926,1.822840855389926,0.0,0.0,3.645681710779852,3.645681710779852,0.0,0.0
17031310700->17031310500,1.247244083518897,1.247244083518897,0.0,0.0,2.494488167037794,2.494488167037794,0.0,0.0
17031310700->17031310400,1.6304916542457724,1.6304916542457724,0.0,0.0,3.2609833084915447,3.2609833084915447,0.0,0.0
17031190701->17031190702,0.8788672278003273,0.8788672278003273,0.0,0.0,1.7577344556006547,1.7577344556006547,0.0,0.0
17031190701->17031191200,1.9798800719513914,1.9798800719513914,0.0,0.0,3.959760143902783,3.959760143902783,0.0,0.0
17031190701->17031151200,2.0571557559562827,2.0571557559562827,0.0,0.0,4.1143115119125655,4.1143115119125655,0.0,0.0
17031190701->17031190800,1.6550419615445051,1.6550419615445051,0.0,0.0,3.3100839230890102,3.3100839230890102,0.0,0.0
17031190701->17031151001,2.15317238589112,2.15317238589112,0.0,0.0,4.30634477178224,4.30634477178224,0.0,0.0
17031590600->17031590700,0.43650847142215193,0.43650847142215193,0.0,0.0,0.8730169428443039,0.8730169428443039,0.0,0.0
17031590600->17031610400,2.233419496336548,2.233419496336548,0.0,0.0,4.466838992673096,4.466838992673096,0.0,0.0
17031590600->17031580700,2.0059713619768904,2.0059713619768904,0.0,0.0,4.011942723953781,4.011942723953781,0.0,0.0
17031292500->17031813801,1.400210858918319,1.400210858918319,0.0,0.0,2.800421717836638,2.800421717836638,0.0,0.0
17031292500->17031813702,1.5086654835923938,1.5086654835923938,0.0,0.0,3.0173309671847877,3.0173309671847877,0.0,0.0
17031292500->17031813302,1.6714882851910633,1.6714882851910633,0.0,0.0,3.3429765703821266,3.3429765703821266,0.0,0.0
17031140602->17031140301,1.2938057797364038,1.2938057797364038,0.0,0.0,2.5876115594728075,2.5876115594728075,0.0,0.0
17031140602->17031160502,1.1777872501798907,1.1777872501798907,0.0,0.0,2.3555745003597814,2.3555745003597814,0.0,0.0
17031251800->17031260400,0.8909882707959078,0.8909882707959078,0.0,0.0,1.7819765415918156,1.7819765415918156,0.0,0.0
17031251800->17031251700,1.2313884915166295,1.2313884915166295,0.0,0.0,2.462776983033259,2.462776983033259,0.0,0.0
17031251800->17031260500,1.2860869200942102,1.2860869200942102,0.0,0.0,2.5721738401884204,2.5721738401884204,0.0,0.0
17031251800->17031260300,1.4591471510481184,1.4591471510481184,0.0,0.0,2.918294302096237,2.918294302096237,0.0,0.0
17031251800->17031260600,1.7799883871935887,1.7799883871935887,0.0,0.0,3.5599767743871773,3.5599767743871773,0.0,0.0
17031500100->17031480300,2.953482252142941,2.953482252142941,0.0,0.0,5.906964504285882,5.906964504285882,0.0,0.0
17031500100->17031490400,3.1320203794231483,3.1320203794231483,0.0,0.0,6.2640407588462965,6.2640407588462965,0.0,0.0
17031500100->17031440800,3.656394925210954,3.656394925210954,0.0,0.0,7.312789850421908,7.312789850421908,0.0,0.0
17031151200->17031150700,1.7401321815426165,1.7401321815426165,0.0,0.0,3.480264363085233,3.480264363085233,0.0,0.0
17031151200->17031170200,1.689394909497082,1.689394909497082,0.0,0.0,3.378789818994164,3.378789818994164,0.0,0.0
17031151200->17031151001,1.7081730726404685,1.7081730726404685,0.0,0.0,3.416346145280937,3.416346145280937,0.0,0.0
17031660900->17031660800,0.7115163721012274,0.7115163721012274,0.0,0.0,1.4230327442024548,1.4230327442024548,0.0,0.0
17031660900->17031660600,1.7389737984557108,1.7389737984557108,0.0,0.0,3.4779475969114215,3.4779475969114215,0.0,0.0
17031660900->17031660301,1.8305946531428587,1.8305946531428587,0.0,0.0,3.6611893062857175,3.6611893062857175,0.0,0.0
17031660900->17031661100,1.801255441836452,1.801255441836452,0.0,0.0,3.602510883672904,3.602510883672904,0.0,0.0
17031491300->17031490901,1.4170887591230337,1.4170887591230337,0.0,0.0,2.8341775182460673,2.8341775182460673,0.0,0.0
17031491300->17031491100,2.0899089577659953,2.0899089577659953,0.0,0.0,4.179817915531991,4.179817915531991,0.0,0.0
17031491300->17031530502,4.0101291453252355,4.0101291453252355,0.0,0.0,8.020258290650471,8.020258290650471,0.0,0.0
17031491300->17031540102,4.2192198464477,4.2192198464477,0.0,0.0,8.4384396928954,8.4384396928954,0.0,0.0
17031381900->17031381800,1.0287109710256472,1.0287109710256472,0.0,0.0,2.0574219420512945,2.0574219420512945,0.0,0.0
17031381900->17031400400,1.90761665850653,1.90761665850653,0.0,0.0,3.81523331701306,3.81523331701306,0.0,0.0
17031650200->17031650302,1.8615932110480835,1.8615932110480835,0.0,0.0,3.723186422096167,3.723186422096167,0.0,0.0
17031650200->17031570500,2.2548644450686486,2.2548644450686486,0.0,0.0,4.509728890137297,4.509728890137297,0.0,0.0
17031650200->17031620400,2.049674001504344,2.049674001504344,0.0,0.0,4.099348003008688,4.099348003008688,0.0,0.0
17031650200->17031570400,3.0471442383540164,3.0471442383540164,0.0,0.0,6.094288476708033,6.094288476708033,0.0,0.0
17031191200->17031190702,1.1404257818785986,1.1404257818785986,0.0,0.0,2.280851563757197,2.280851563757197,0.0,0.0
17031191200->17031190800,1.678508386865573,1.678508386865573,0.0,0.0,3.357016773731146,3.357016773731146,0.0,0.0
17031150700->17031151001,1.682362872798175,1.682362872798175,0.0,0.0,3.36472574559635,3.36472574559635,0.0,0.0
17031120400->17031110501,0.9379041071208648,0.9379041071208648,0.0,0.0,1.8758082142417296,1.8758082142417296,0.0,0.0
17031120400->17031807900,4.779436726236052,4.779436726236052,0.0,0.0,9.558873452472104,9.558873452472104,0.0,0.0
17031100700->17031810600,1.0865531899430374,1.0865531899430374,0.0,0.0,2.173106379886075,2.173106379886075,0.0,0.0
17031100700->17031810502,2.390681351737856,2.390681351737856,0.0,0.0,4.781362703475712,4.781362703475712,0.0,0.0
17031100700->17031770901,2.307402253598523,2.307402253598523,0.0,0.0,4.614804507197046,4.614804507197046,0.0,0.0
17031620400->17031660400,1.7797909472615752,1.7797909472615752,0.0,0.0,3.5595818945231503,3.5595818945231503,0.0,0.0
17031620400->17031570400,1.8977144458367583,1.8977144458367583,0.0,0.0,3.795428891673516,3.795428891673516,0.0,0.0
17031620400->17031630400,1.772126770326941,1.772126770326941,0.0,0.0,3.544253540653882,3.544253540653882,0.0,0.0
17031620400->17031650302,2.830376857112487,2.830376857112487,0.0,0.0,5.660753714224974,5.660753714224974,0.0,0.0
17031630400->17031630200,1.4955294225234548,1.4955294225234548,0.0,0.0,2.9910588450469096,2.9910588450469096,0.0,0.0
17031630400->17031630500,1.2691582820061957,1.2691582820061957,0.0,0.0,2.5383165640123915,2.5383165640123915,0.0,0.0
17031630400->17031660301,2.152432989055404,2.152432989055404,0.0,0.0,4.304865978110808,4.304865978110808,0.0,0.0
17031630400->17031660400,2.0555772968712063,2.0555772968712063,0.0,0.0,4.1111545937424125,4.1111545937424125,0.0,0.0
17031980000->17031806600,3.6248432940460313,3.6248432940460313,0.0,0.0,7.249686588092063,7.249686588092063,0.0,0.0
17031980000->17031770602,3.744159713737229,3.744159713737229,0.0,0.0,7.488319427474458,7.488319427474458,0.0,0.0
17031980000->17031806501,4.79407247222786,4.79407247222786,0.0,0.0,9.58814494445572,9.58814494445572,0.0,0.0
17031980000->17031770800,4.529650493092871,4.529650493092871,0.0,0.0,9.059300986185741,9.059300986185741,0.0,0.0
17031980000->17031806502,5.169373495291126,5.169373495291126,0.0,0.0,10.338746990582251,10.338746990582251,0.0,0.0
17031980000->17031805801,6.258386337183103,6.258386337183103,0.0,0.0,12.516772674366207,12.516772674366207,0.0,0.0
17031980000->17031805701,5.557958441551188,5.557958441551188,0.0,0.0,11.115916883102376,11.115916883102376,0.0,0.0
17031980000->17031805702,5.404993723331042,5.404993723331042,0.0,0.0,10.809987446662085,10.809987446662085,0.0,0.0
17031570400->17031570500,1.4639060603613723,1.4639060603613723,0.0,0.0,2.9278121207227445,2.9278121207227445,0.0,0.0
17031100400->17031090300,1.5342912231346357,1.5342912231346357,0.0,0.0,3.0685824462692715,3.0685824462692715,0.0,0.0
17031100400->17031805600,1.764869094251138,1.764869094251138,0.0,0.0,3.529738188502276,3.529738188502276,0.0,0.0
17031100400->17031805502,3.641283932041866,3.641283932041866,0.0,0.0,7.282567864083732,7.282567864083732,0.0,0.0
17031100400->17031770901,3.6514317335148165,3.6514317335148165,0.0,0.0,7.302863467029633,7.302863467029633,0.0,0.0
17031100400->17031805501,4.449997229982488,4.449997229982488,0.0,0.0,8.899994459964976,8.899994459964976,0.0,0.0
17031100400->17031805702,2.9966463538648247,2.9966463538648247,0.0,0.0,5.993292707729649,5.993292707729649,0.0,0.0
17031100400->17031805802,4.424907752339124,4.424907752339124,0.0,0.0,8.849815504678247,8.849815504678247,0.0,0.0
17031271500->17031837300,0.6382471813497766,0.6382471813497766,0.0,0.0,1.2764943626995533,1.2764943626995533,0.0,0.0
17031271500->17031841500,1.7614807868474907,1.7614807868474907,0.0,0.0,3.5229615736949813,3.5229615736949813,0.0,0.0
17031300900->17031841600,0.8865502090223527,0.8865502090223527,0.0,0.0,1.7731004180447054,1.7731004180447054,0.0,0.0
17031300900->17031300700,1.2807321690025584,1.2807321690025584,0.0,0.0,2.5614643380051167,2.5614643380051167,0.0,0.0
17031300900->17031841500,1.7397179216769763,1.7397179216769763,0.0,0.0,3.4794358433539525,3.4794358433539525,0.0,0.0
17031300900->17031291600,1.5332659929958274,1.5332659929958274,0.0,0.0,3.066531985991655,3.066531985991655,0.0,0.0
17031051200->17031051100,0.8195799110163533,0.8195799110163533,0.0,0.0,1.6391598220327066,1.6391598220327066,0.0,0.0
17031051200->17031050800,0.8459305211354946,0.8459305211354946,0.0,0.0,1.6918610422709892,1.6918610422709892,0.0,0.0
17031530502->17031540102,2.6689642398595836,2.6689642398595836,0.0,0.0,5.337928479719167,5.337928479719167,0.0,0.0
17031530502->17031821402,2.840872935796015,2.840872935796015,0.0,0.0,5.68174587159203,5.68174587159203,0.0,0.0
17031380700->17031381800,1.1854322239005481,1.1854322239005481,0.0,0.0,2.3708644478010963,2.3708644478010963,0.0,0.0
17031380700->17031381700,1.2402721568203345,1.2402721568203345,0.0,0.0,2.480544313640669,2.480544313640669,0.0,0.0
17031380700->17031610800,1.847753032807953,1.847753032807953,0.0,0.0,3.695506065615906,3.695506065615906,0.0,0.0
17031381800->17031381700,0.5979619844757904,0.5979619844757904,0.0,0.0,1.1959239689515808,1.1959239689515808,0.0,0.0
17031381800->17031400400,2.259686691489072,2.259686691489072,0.0,0.0,4.519373382978144,4.519373382978144,0.0,0.0
17031520500->17031520600,1.385724908041549,1.385724908041549,0.0,0.0,2.771449816083098,2.771449816083098,0.0,0.0
17031590700->17031610400,2.283806023923164,2.283806023923164,0.0,0.0,4.567612047846328,4.567612047846328,0.0,0.0
17031310400->17031310500,0.5148699130851301,0.5148699130851301,0.0,0.0,1.0297398261702602,1.0297398261702602,0.0,0.0
17031051100->17031050800,0.2877363149499255,0.2877363149499255,0.0,0.0,0.575472629899851,0.575472629899851,0.0,0.0
17031841400->17031292200,0.5001523112380879,0.5001523112380879,0.0,0.0,1.0003046224761758,1.0003046224761758,0.0,0.0
17031841400->17031300600,0.5961223176723028,0.5961223176723028,0.0,0.0,1.1922446353446057,1.1922446353446057,0.0,0.0
17031841400->17031841600,0.8736978185887242,0.8736978185887242,0.0,0.0,1.7473956371774484,1.7473956371774484,0.0,0.0
17031841400->17031300700,0.8876561192768182,0.8876561192768182,0.0,0.0,1.7753122385536364,1.7753122385536364,0.0,0.0
17031841400->17031841500,1.4855611389954642,1.4855611389954642,0.0,0.0,2.9711222779909283,2.9711222779909283,0.0,0.0
17031300600->17031292200,0.9097052093567983,0.9097052093567983,0.0,0.0,1.8194104187135967,1.8194104187135967,0.0,0.0
17031300600->17031300700,0.8983881079115357,0.8983881079115357,0.0,0.0,1.7967762158230713,1.7967762158230713,0.0,0.0
17031300600->17031301702,1.9248126939666903,1.9248126939666903,0.0,0.0,3.84962538793338,3.84962538793338,0.0,0.0
17031300600->17031841600,1.454939335560381,1.454939335560381,0.0,0.0,2.909878671120762,2.909878671120762,0.0,0.0
17031611200->17031611100,0.6669927144780228,0.6669927144780228,0.0,0.0,1.3339854289560455,1.3339854289560455,0.0,0.0
17031611200->17031610400,1.0895421666862475,1.0895421666862475,0.0,0.0,2.179084333372495,2.179084333372495,0.0,0.0
17031611200->17031611800,1.497281995556217,1.497281995556217,0.0,0.0,2.994563991112434,2.994563991112434,0.0,0.0
17031611200->17031612000,1.5387888260843867,1.5387888260843867,0.0,0.0,3.0775776521687734,3.0775776521687734,0.0,0.0
17031611200->17031612100,1.920155769267618,1.920155769267618,0.0,0.0,3.8403115385352358,3.8403115385352358,0.0,0.0
17031301702->17031300700,1.765513448594839,1.765513448594839,0.0,0.0,3.531026897189678,3.531026897189678,0.0,0.0
17031610800->17031843800,1.3584184237822865,1.3584184237822865,0.0,0.0,2.716836847564573,2.716836847564573,0.0,0.0
17031610800->17031381700,1.7222112618360907,1.7222112618360907,0.0,0.0,3.4444225236721815,3.4444225236721815,0.0,0.0
17031843800->17031612100,1.0701610323720105,1.0701610323720105,0.0,0.0,2.140322064744021,2.140322064744021,0.0,0.0
17031843800->17031612000,1.4100477699580705,1.4100477699580705,0.0,0.0,2.820095539916141,2.820095539916141,0.0,0.0
17031843800->17031611100,1.4929386951430283,1.4929386951430283,0.0,0.0,2.9858773902860567,2.9858773902860567,0.0,0.0
17031843800->17031381700,1.9225563559015846,1.9225563559015846,0.0,0.0,3.8451127118031696,3.8451127118031696,0.0,0.0
17031611100->17031612000,1.6411965571394782,1.6411965571394782,0.0,0.0,3.2823931142789564,3.2823931142789564,0.0,0.0
17031611100->17031610400,1.4304579961157575,1.4304579961157575,0.0,0.0,2.860915992231515,2.860915992231515,0.0,0.0
17031611100->17031612100,1.8362499547617048,1.8362499547617048,0.0,0.0,3.6724999095234097,3.6724999095234097,0.0,0.0
17031611100->17031611800,2.1191587854359475,2.1191587854359475,0.0,0.0,4.238317570871895,4.238317570871895,0.0,0.0
17031580700->17031580800,1.6948629153373493,1.6948629153373493,0.0,0.0,3.3897258306746987,3.3897258306746987,0.0,0.0
17031580700->17031580502,1.5311935183401302,1.5311935183401302,0.0,0.0,3.0623870366802604,3.0623870366802604,0.0,0.0
17031580700->17031580200,1.60590588266722,1.60590588266722,0.0,0.0,3.21181176533444,3.21181176533444,0.0,0.0
17031580200->17031580300,1.1522941710892907,1.1522941710892907,0.0,0.0,2.3045883421785813,2.3045883421785813,0.0,0.0
17031580200->17031580502,2.0457504039555214,2.0457504039555214,0.0,0.0,4.091500807911043,4.091500807911043,0.0,0.0
17031260500->17031260600,0.5323576675291914,0.5323576675291914,0.0,0.0,1.064715335058383,1.064715335058383,0.0,0.0
17031260500->17031260400,0.9591941968399248,0.9591941968399248,0.0,0.0,1.9183883936798496,1.9183883936798496,0.0,0.0
17031260500->17031260300,1.080616996695265,1.080616996695265,0.0,0.0,2.16123399339053,2.16123399339053,0.0,0.0
17031260500->17031261000,1.2112550259716992,1.2112550259716992,0.0,0.0,2.4225100519433984,2.4225100519433984,0.0,0.0
17031260500->17031260200,1.2202379765981959,1.2202379765981959,0.0,0.0,2.4404759531963918,2.4404759531963918,0.0,0.0
17031260500->17031251700,2.232540790639121,2.232540790639121,0.0,0.0,4.465081581278242,4.465081581278242,0.0,0.0
17031837300->17031841500,1.5719231699455631,1.5719231699455631,0.0,0.0,3.1438463398911263,3.1438463398911263,0.0,0.0
17031837300->17031271800,1.1828564525243799,1.1828564525243799,0.0,0.0,2.3657129050487598,2.3657129050487598,0.0,0.0
17031808100->17031807900,3.721525122514432,3.721525122514432,0.0,0.0,7.443050245028864,7.443050245028864,0.0,0.0
17031808100->17031090300,4.196248340972293,4.196248340972293,0.0,0.0,8.392496681944586,8.392496681944586,0.0,0.0
17031090300->17031805600,2.787617192456485,2.787617192456485,0.0,0.0,5.57523438491297,5.57523438491297,0.0,0.0
17031090300->17031805502,3.7053233766251203,3.7053233766251203,0.0,0.0,7.410646753250241,7.410646753250241,0.0,0.0
17031090300->17031805501,4.97296914709263,4.97296914709263,0.0,0.0,9.94593829418526,9.94593829418526,0.0,0.0
17031770602->17031806501,2.0779352820241344,2.0779352820241344,0.0,0.0,4.155870564048269,4.155870564048269,0.0,0.0
17031770602->17031806502,3.4021230150510604,3.4021230150510604,0.0,0.0,6.804246030102121,6.804246030102121,0.0,0.0
17031770602->17031806600,3.7814918427210102,3.7814918427210102,0.0,0.0,7.5629836854420205,7.5629836854420205,0.0,0.0
17031770602->17031805801,5.145303753901998,5.145303753901998,0.0,0.0,10.290607507803996,10.290607507803996,0.0,0.0
17031770602->17031805701,6.271457303218974,6.271457303218974,0.0,0.0,12.542914606437948,12.542914606437948,0.0,0.0
17031770602->17031805802,6.798098593040656,6.798098593040656,0.0,0.0,13.596197186081312,13.596197186081312,0.0,0.0
17031770602->17031770800,8.156681699834238,8.156681699834238,0.0,0.0,16.313363399668475,16.313363399668475,0.0,0.0
17031770602->17031805702,7.12883597554934,7.12883597554934,0.0,0.0,14.25767195109868,14.25767195109868,0.0,0.0
17031660600->17031660800,1.3246113763349832,1.3246113763349832,0.0,0.0,2.6492227526699663,2.6492227526699663,0.0,0.0
17031660600->17031670500,1.521588342388637,1.521588342388637,0.0,0.0,3.043176684777274,3.043176684777274,0.0,0.0
17031660600->17031670600,1.6025750084222201,1.6025750084222201,0.0,0.0,3.2051500168444402,3.2051500168444402,0.0,0.0
17031660600->17031671300,1.6512690272438064,1.6512690272438064,0.0,0.0,3.302538054487613,3.302538054487613,0.0,0.0
17031660600->17031660301,1.670136034929879,1.670136034929879,0.0,0.0,3.340272069859758,3.340272069859758,0.0,0.0
17031670900->17031680600,0.3270545284347413,0.3270545284347413,0.0,0.0,0.6541090568694826,0.6541090568694826,0.0,0.0
17031670900->17031670800,0.8125757482039965,0.8125757482039965,0.0,0.0,1.625151496407993,1.625151496407993,0.0,0.0
17031670900->17031670100,1.2211315458206025,1.2211315458206025,0.0,0.0,2.442263091641205,2.442263091641205,0.0,0.0
17031670900->17031670200,1.444291472856353,1.444291472856353,0.0,0.0,2.888582945712706,2.888582945712706,0.0,0.0
17031440700->17031440800,0.8935477169023658,0.8935477169023658,0.0,0.0,1.7870954338047316,1.7870954338047316,0.0,0.0
17031440700->17031440900,1.197527300446334,1.197527300446334,0.0,0.0,2.395054600892668,2.395054600892668,0.0,0.0
17031440700->17031440201,1.868135464148403,1.868135464148403,0.0,0.0,3.736270928296806,3.736270928296806,0.0,0.0
17031440700->17031490400,2.0058845776728798,2.0058845776728798,0.0,0.0,4.0117691553457595,4.0117691553457595,0.0,0.0
17031440700->17031440101,2.0525173979233777,2.0525173979233777,0.0,0.0,4.1050347958467555,4.1050347958467555,0.0,0.0
17031440700->17031480300,2.581713277230369,2.581713277230369,0.0,0.0,5.163426554460738,5.163426554460738,0.0,0.0
17031460600->17031480500,0.7923604397543174,0.7923604397543174,0.0,0.0,1.5847208795086347,1.5847208795086347,0.0,0.0
17031260200->17031260300,0.748913564495005,0.748913564495005,0.0,0.0,1.49782712899001,1.49782712899001,0.0,0.0
17031260200->17031260600,0.8905142265550479,0.8905142265550479,0.0,0.0,1.7810284531100957,1.7810284531100957,0.0,0.0
17031260200->17031260400,1.2549384741539291,1.2549384741539291,0.0,0.0,2.5098769483078582,2.5098769483078582,0.0,0.0
17031260200->17031261000,1.6485175062613822,1.6485175062613822,0.0,0.0,3.2970350125227643,3.2970350125227643,0.0,0.0
17031251700->17031260400,1.3443005811283077,1.3443005811283077,0.0,0.0,2.6886011622566155,2.6886011622566155,0.0,0.0
17031251700->17031260300,1.7224046420835175,1.7224046420835175,0.0,0.0,3.444809284167035,3.444809284167035,0.0,0.0
17031260400->17031260300,0.5701049484595306,0.5701049484595306,0.0,0.0,1.1402098969190613,1.1402098969190613,0.0,0.0
17031260400->17031260600,1.2474482963036382,1.2474482963036382,0.0,0.0,2.4948965926072764,2.4948965926072764,0.0,0.0
17031260400->17031261000,2.117645925040905,2.117645925040905,0.0,0.0,4.23529185008181,4.23529185008181,0.0,0.0
17031842500->17031690400,1.23893869208317,1.23893869208317,0.0,0.0,2.47787738416634,2.47787738416634,0.0,0.0
17031842500->17031690500,1.872591698430628,1.872591698430628,0.0,0.0,3.745183396861256,3.745183396861256,0.0,0.0
17031842500->17031400400,2.281183302810763,2.281183302810763,0.0,0.0,4.562366605621526,4.562366605621526,0.0,0.0
17031805501->17031805802,1.3110778935180611,1.3110778935180611,0.0,0.0,2.6221557870361223,2.6221557870361223,0.0,0.0
17031805501->17031805502,1.6492858612750159,1.6492858612750159,0.0,0.0,3.2985717225500317,3.2985717225500317,0.0,0.0
17031805501->17031805600,2.7741503700381323,2.7741503700381323,0.0,0.0,5.5483007400762645,5.5483007400762645,0.0,0.0
17031805501->17031805701,3.0038883812906105,3.0038883812906105,0.0,0.0,6.007776762581221,6.007776762581221,0.0,0.0
17031805501->17031805801,2.949760566131794,2.949760566131794,0.0,0.0,5.899521132263588,5.899521132263588,0.0,0.0
17031805501->17031805702,4.4100962919338835,4.4100962919338835,0.0,0.0,8.820192583867767,8.820192583867767,0.0,0.0
17031805501->17031806501,6.19939411895493,6.19939411895493,0.0,0.0,12.39878823790986,12.39878823790986,0.0,0.0
17031805501->17031806502,4.708367079752954,4.708367079752954,0.0,0.0,9.416734159505909,9.416734159505909,0.0,0.0
17031807900->17031808001,1.6139438637231454,1.6139438637231454,0.0,0.0,3.2278877274462907,3.2278877274462907,0.0,0.0
17031807900->17031808002,3.4080033725997776,3.4080033725997776,0.0,0.0,6.816006745199555,6.816006745199555,0.0,0.0
17031807900->17031110501,4.494002035880053,4.494002035880053,0.0,0.0,8.988004071760106,8.988004071760106,0.0,0.0
17031807900->17031807600,4.064515421428362,4.064515421428362,0.0,0.0,8.129030842856723,8.129030842856723,0.0,0.0
17031810800->17031810701,1.1273229864183396,1.1273229864183396,0.0,0.0,2.2546459728366792,2.2546459728366792,0.0,0.0
17031810800->17031170700,1.43883007960971,1.43883007960971,0.0,0.0,2.87766015921942,2.87766015921942,0.0,0.0
17031810800->17031810702,1.235902808237412,1.235902808237412,0.0,0.0,2.471805616474824,2.471805616474824,0.0,0.0
17031810800->17031810900,2.7577613905782696,2.7577613905782696,0.0,0.0,5.515522781156539,5.515522781156539,0.0,0.0
17031812100->17031812500,1.7353813922970847,1.7353813922970847,0.0,0.0,3.4707627845941693,3.4707627845941693,0.0,0.0
17031812100->17031812400,1.6746790592957708,1.6746790592957708,0.0,0.0,3.3493581185915415,3.3493581185915415,0.0,0.0
17031812100->17031812200,1.781615627756691,1.781615627756691,0.0,0.0,3.563231255513382,3.563231255513382,0.0,0.0
17031812100->17031812600,2.951006317331768,2.951006317331768,0.0,0.0,5.902012634663536,5.902012634663536,0.0,0.0
17031813500->17031813400,1.1482971125134238,1.1482971125134238,0.0,0.0,2.2965942250268476,2.2965942250268476,0.0,0.0
17031813500->17031813600,1.4203062442124215,1.4203062442124215,0.0,0.0,2.840612488424843,2.840612488424843,0.0,0.0
17031813500->17031814000,1.988760801212612,1.988760801212612,0.0,0.0,3.977521602425224,3.977521602425224,0.0,0.0
17031813500->17031813900,2.0045183530585304,2.0045183530585304,0.0,0.0,4.009036706117061,4.009036706117061,0.0,0.0
17031813500->17031814100,2.8799145355561,2.8799145355561,0.0,0.0,5.7598290711122,5.7598290711122,0.0,0.0
17031813500->17031815200,3.233838303407555,3.233838303407555,0.0,0.0,6.46767660681511,6.46767660681511,0.0,0.0
17031813500->17031813301,2.5590836103913577,2.5590836103913577,0.0,0.0,5.118167220782715,5.118167220782715,0.0,0.0
17031813500->17031813701,2.559287810126938,2.559287810126938,0.0,0.0,5.118575620253876,5.118575620253876,0.0,0.0
17031820902->17031821102,1.7748110493181042,1.7748110493181042,0.0,0.0,3.5496220986362084,3.5496220986362084,0.0,0.0
17031820902->17031820901,2.863160034293882,2.863160034293882,0.0,0.0,5.726320068587764,5.726320068587764,0.0,0.0
17031560200->17031570500,2.666149019741349,2.666149019741349,0.0,0.0,5.332298039482698,5.332298039482698,0.0,0.0
17031560200->17031814400,3.1338342053991544,3.1338342053991544,0.0,0.0,6.267668410798309,6.267668410798309,0.0,0.0
17031560200->17031814200,3.79401379990032,3.79401379990032,0.0,0.0,7.588027599800641,7.588027599800641,0.0,0.0
17031560200->17031820700,3.1212768752028976,3.1212768752028976,0.0,0.0,6.242553750405795,6.242553750405795,0.0,0.0
17031580300->17031580502,1.9988149137854618,1.9988149137854618,0.0,0.0,3.997629827570924,3.997629827570924,0.0,0.0
17031611600->17031611700,0.5541434786627544,0.5541434786627544,0.0,0.0,1.1082869573255087,1.1082869573255087,0.0,0.0
17031611600->17031630100,0.6304368959513467,0.6304368959513467,0.0,0.0,1.2608737919026933,1.2608737919026933,0.0,0.0
17031611600->17031611800,1.1200272121930086,1.1200272121930086,0.0,0.0,2.240054424386017,2.240054424386017,0.0,0.0
17031611600->17031670500,1.7148607987414575,1.7148607987414575,0.0,0.0,3.429721597482915,3.429721597482915,0.0,0.0
17031611600->17031630500,1.4292281423113713,1.4292281423113713,0.0,0.0,2.8584562846227426,2.8584562846227426,0.0,0.0
17031660301->17031660800,1.1425072231133728,1.1425072231133728,0.0,0.0,2.2850144462267457,2.2850144462267457,0.0,0.0
17031660301->17031660400,1.2033407603013002,1.2033407603013002,0.0,0.0,2.4066815206026004,2.4066815206026004,0.0,0.0
17031660301->17031661100,3.022502851394591,3.022502851394591,0.0,0.0,6.045005702789182,6.045005702789182,0.0,0.0
17031690500->17031690400,0.9598125911881459,0.9598125911881459,0.0,0.0,1.9196251823762918,1.9196251823762918,0.0,0.0
17031690500->17031690900,0.9608288872688507,0.9608288872688507,0.0,0.0,1.9216577745377015,1.9216577745377015,0.0,0.0
17031200200->17031200300,0.70299792485213,0.70299792485213,0.0,0.0,1.40599584970426,1.40599584970426,0.0,0.0
17031200200->17031200401,1.265941005054803,1.265941005054803,0.0,0.0,2.531882010109606,2.531882010109606,0.0,0.0
17031200200->17031210400,1.374187754126418,1.374187754126418,0.0,0.0,2.748375508252836,2.748375508252836,0.0,0.0
17031440201->17031440101,1.0068680236454188,1.0068680236454188,0.0,0.0,2.0137360472908377,2.0137360472908377,0.0,0.0
17031440201->17031690900,2.15715124894553,2.15715124894553,0.0,0.0,4.31430249789106,4.31430249789106,0.0,0.0
17031440201->17031440900,3.0455771706584955,3.0455771706584955,0.0,0.0,6.091154341316991,6.091154341316991,0.0,0.0
17031490700->17031490600,1.125693927517038,1.125693927517038,0.0,0.0,2.251387855034076,2.251387855034076,0.0,0.0
17031490700->17031491100,2.0262566861048747,2.0262566861048747,0.0,0.0,4.0525133722097495,4.0525133722097495,0.0,0.0
17031490700->17031730100,2.5373608569806496,2.5373608569806496,0.0,0.0,5.074721713961299,5.074721713961299,0.0,0.0
17031490700->17031490901,2.6991169455571407,2.6991169455571407,0.0,0.0,5.398233891114281,5.398233891114281,0.0,0.0
17031431200->17031430800,0.847320107060614,0.847320107060614,0.0,0.0,1.694640214121228,1.694640214121228,0.0,0.0
17031431200->17031431301,1.3093823018259951,1.3093823018259951,0.0,0.0,2.6187646036519903,2.6187646036519903,0.0,0.0
17031730100->17031711500,1.126873995591348,1.126873995591348,0.0,0.0,2.253747991182696,2.253747991182696,0.0,0.0
17031730100->17031490600,1.6267451706485299,1.6267451706485299,0.0,0.0,3.2534903412970597,3.2534903412970597,0.0,0.0
17031730100->17031711000,2.5382944012656137,2.5382944012656137,0.0,0.0,5.076588802531227,5.076588802531227,0.0,0.0
17031805702->17031805701,1.7693996300024308,1.7693996300024308,0.0,0.0,3.5387992600048617,3.5387992600048617,0.0,0.0
17031805702->17031805600,2.462081656996854,2.462081656996854,0.0,0.0,4.924163313993708,4.924163313993708,0.0,0.0
17031805702->17031805802,3.5250050816037293,3.5250050816037293,0.0,0.0,7.0500101632074585,7.0500101632074585,0.0,0.0
17031805702->17031770902,3.6450368941044897,3.6450368941044897,0.0,0.0,7.290073788208979,7.290073788208979,0.0,0.0
17031805702->17031806501,6.323345672549137,6.323345672549137,0.0,0.0,12.646691345098274,12.646691345098274,0.0,0.0
17031805702->17031805801,4.583452594540912,4.583452594540912,0.0,0.0,9.166905189081824,9.166905189081824,0.0,0.0
17031805702->17031806600,3.454876003507991,3.454876003507991,0.0,0.0,6.909752007015982,6.909752007015982,0.0,0.0
17031805702->17031805502,4.719239503604936,4.719239503604936,0.0,0.0,9.438479007209873,9.438479007209873,0.0,0.0
17031805702->17031806502,5.266898118669979,5.266898118669979,0.0,0.0,10.533796237339958,10.533796237339958,0.0,0.0
17031805702->17031770800,5.010244879927941,5.010244879927941,0.0,0.0,10.020489759855883,10.020489759855883,0.0,0.0
17031190702->17031190800,1.1497221619679423,1.1497221619679423,0.0,0.0,2.2994443239358846,2.2994443239358846,0.0,0.0
17031200401->17031200300,0.6964170585703123,0.6964170585703123,0.0,0.0,1.3928341171406247,1.3928341171406247,0.0,0.0
17031810702->17031810701,1.0242392519328603,1.0242392519328603,0.0,0.0,2.0484785038657205,2.0484785038657205,0.0,0.0
17031810702->17031810900,1.521891695624875,1.521891695624875,0.0,0.0,3.04378339124975,3.04378339124975,0.0,0.0
17031810702->17031170700,2.6247054968026813,2.6247054968026813,0.0,0.0,5.249410993605363,5.249410993605363,0.0,0.0
17031813301->17031813701,1.131770558768316,1.131770558768316,0.0,0.0,2.263541117536632,2.263541117536632,0.0,0.0
17031813301->17031813302,1.132956456945089,1.132956456945089,0.0,0.0,2.265912913890178,2.265912913890178,0.0,0.0
17031813301->17031813702,1.4238726999008584,1.4238726999008584,0.0,0.0,2.847745399801717,2.847745399801717,0.0,0.0
17031813301->17031813400,1.4328970688856606,1.4328970688856606,0.0,0.0,2.865794137771321,2.865794137771321,0.0,0.0
17031813301->17031813600,1.7495357854981035,1.7495357854981035,0.0,0.0,3.499071570996207,3.499071570996207,0.0,0.0
17031813301->17031813802,2.205492383302009,2.205492383302009,0.0,0.0,4.410984766604018,4.410984766604018,0.0,0.0
17031813301->17031813801,2.233083657248011,2.233083657248011,0.0,0.0,4.466167314496022,4.466167314496022,0.0,0.0
17031815500->17031814500,1.7265228457713035,1.7265228457713035,0.0,0.0,3.453045691542607,3.453045691542607,0.0,0.0
17031815500->17031815200,2.091283916666085,2.091283916666085,0.0,0.0,4.18256783333217,4.18256783333217,0.0,0.0
17031815500->17031820700,2.020567425587618,2.020567425587618,0.0,0.0,4.041134851175236,4.041134851175236,0.0,0.0
17031815500->17031820800,3.2103887217694833,3.2103887217694833,0.0,0.0,6.420777443538967,6.420777443538967,0.0,0.0
17031815500->17031814000,3.4571232475805473,3.4571232475805473,0.0,0.0,6.914246495161095,6.914246495161095,0.0,0.0
17031815500->17031814400,2.8425903927322214,2.8425903927322214,0.0,0.0,5.685180785464443,5.685180785464443,0.0,0.0
17031815500->17031813900,4.001946561983027,4.001946561983027,0.0,0.0,8.003893123966053,8.003893123966053,0.0,0.0
17031815500->17031814100,3.921669078760718,3.921669078760718,0.0,0.0,7.843338157521437,7.843338157521437,0.0,0.0
17031815500->17031814300,3.709177802012041,3.709177802012041,0.0,0.0,7.418355604024082,7.418355604024082,0.0,0.0
17031611700->17031611800,0.5659023364435518,0.5659023364435518,0.0,0.0,1.1318046728871036,1.1318046728871036,0.0,0.0
17031611700->17031630100,1.1567028036071736,1.1567028036071736,0.0,0.0,2.313405607214347,2.313405607214347,0.0,0.0
17031611700->17031670500,1.7907820995005261,1.7907820995005261,0.0,0.0,3.5815641990010523,3.5815641990010523,0.0,0.0
17031611700->17031670200,1.6048927593012972,1.6048927593012972,0.0,0.0,3.2097855186025943,3.2097855186025943,0.0,0.0
17031611700->17031610400,2.05830573655153,2.05830573655153,0.0,0.0,4.11661147310306,4.11661147310306,0.0,0.0
17031630200->17031630500,1.0118108660224703,1.0118108660224703,0.0,0.0,2.0236217320449406,2.0236217320449406,0.0,0.0
17031630200->17031580800,1.447798623723815,1.447798623723815,0.0,0.0,2.89559724744763,2.89559724744763,0.0,0.0
17031630200->17031630100,1.538337007432426,1.538337007432426,0.0,0.0,3.076674014864852,3.076674014864852,0.0,0.0
17031630200->17031580502,1.9376707357549245,1.9376707357549245,0.0,0.0,3.8753414715098495,3.8753414715098495,0.0,0.0
17031300700->17031841600,1.2659944755057058,1.2659944755057058,0.0,0.0,2.5319889510114115,2.5319889510114115,0.0,0.0
17031300700->17031292200,1.3872649313746417,1.3872649313746417,0.0,0.0,2.7745298627492834,2.7745298627492834,0.0,0.0
17031841600->17031841500,0.9753706078232232,0.9753706078232232,0.0,0.0,1.9507412156464463,1.9507412156464463,0.0,0.0
17031841600->17031292200,0.9662627462492754,0.9662627462492754,0.0,0.0,1.9325254924985509,1.9325254924985509,0.0,0.0
17031670200->17031670100,0.5649341945192559,0.5649341945192559,0.0,0.0,1.1298683890385117,1.1298683890385117,0.0,0.0
17031670200->17031670800,1.1323570569602182,1.1323570569602182,0.0,0.0,2.2647141139204363,2.2647141139204363,0.0,0.0
17031670200->17031670700,1.2659507687841391,1.2659507687841391,0.0,0.0,2.5319015375682783,2.5319015375682783,0.0,0.0
17031670200->17031611800,1.267771125763484,1.267771125763484,0.0,0.0,2.535542251526968,2.535542251526968,0.0,0.0
17031670200->17031670600,1.5991047296145224,1.5991047296145224,0.0,0.0,3.198209459229045,3.198209459229045,0.0,0.0
17031670200->17031680600,1.600014868818688,1.600014868818688,0.0,0.0,3.200029737637376,3.200029737637376,0.0,0.0
17031670200->17031612000,1.6002503600718871,1.6002503600718871,0.0,0.0,3.2005007201437743,3.2005007201437743,0.0,0.0
17031681300->17031681400,1.0863431540806978,1.0863431540806978,0.0,0.0,2.1726863081613956,2.1726863081613956,0.0,0.0
17031681300->17031681100,1.6151116330303912,1.6151116330303912,0.0,0.0,3.2302232660607824,3.2302232660607824,0.0,0.0
17031681300->17031671800,1.932609536972356,1.932609536972356,0.0,0.0,3.8652190739447114,3.8652190739447114,0.0,0.0
17031808001->17031808002,1.8783675741848205,1.8783675741848205,0.0,0.0,3.7567351483696414,3.7567351483696414,0.0,0.0
17031808001->17031807600,2.6965484570437273,2.6965484570437273,0.0,0.0,5.3930969140874545,5.3930969140874545,0.0,0.0
17031805600->17031805502,2.4139811378434315,2.4139811378434315,0.0,0.0,4.827962275686863,4.827962275686863,0.0,0.0
17031805600->17031805701,2.335047455156905,2.335047455156905,0.0,0.0,4.67009491031381,4.67009491031381,0.0,0.0
17031805600->17031805802,2.6632901635794743,2.6632901635794743,0.0,0.0,5.326580327158949,5.326580327158949,0.0,0.0
17031805600->17031805801,4.529139548719512,4.529139548719512,0.0,0.0,9.058279097439025,9.058279097439025,0.0,0.0
17031261000->17031260600,0.9096540842644181,0.9096540842644181,0.0,0.0,1.8193081685288361,1.8193081685288361,0.0,0.0
17031261000->17031260300,2.0126573036546693,2.0126573036546693,0.0,0.0,4.025314607309339,4.025314607309339,0.0,0.0
17031261000->17031813302,2.040968263238647,2.040968263238647,0.0,0.0,4.081936526477294,4.081936526477294,0.0,0.0
17031431301->17031430800,1.7125845898548107,1.7125845898548107,0.0,0.0,3.4251691797096213,3.4251691797096213,0.0,0.0
17031480300->17031440800,1.8325710149251504,1.8325710149251504,0.0,0.0,3.665142029850301,3.665142029850301,0.0,0.0
17031480300->17031440900,2.454676018343214,2.454676018343214,0.0,0.0,4.909352036686428,4.909352036686428,0.0,0.0
17031670800->17031670700,0.5648635591321775,0.5648635591321775,0.0,0.0,1.129727118264355,1.129727118264355,0.0,0.0
17031670800->17031670100,1.2659599936768438,1.2659599936768438,0.0,0.0,2.5319199873536875,2.5319199873536875,0.0,0.0
17031670800->17031670600,1.1289395168689067,1.1289395168689067,0.0,0.0,2.2578790337378134,2.2578790337378134,0.0,0.0
17031670800->17031680600,1.1308712502887375,1.1308712502887375,0.0,0.0,2.261742500577475,2.261742500577475,0.0,0.0
17031671300->17031670600,1.415549262865336,1.415549262865336,0.0,0.0,2.831098525730672,2.831098525730672,0.0,0.0
17031671300->17031670700,1.5233570494788293,1.5233570494788293,0.0,0.0,3.0467140989576587,3.0467140989576587,0.0,0.0
17031671300->17031672000,1.9751556819795417,1.9751556819795417,0.0,0.0,3.9503113639590834,3.9503113639590834,0.0,0.0
17031200300->17031210400,1.9557683886890076,1.9557683886890076,0.0,0.0,3.911536777378015,3.911536777378015,0.0,0.0
17031806501->17031806502,1.4915449041959201,1.4915449041959201,0.0,0.0,2.9830898083918402,2.9830898083918402,0.0,0.0
17031806501->17031806600,2.910590245459141,2.910590245459141,0.0,0.0,5.821180490918282,5.821180490918282,0.0,0.0
17031806501->17031805801,3.258245283198002,3.258245283198002,0.0,0.0,6.516490566396004,6.516490566396004,0.0,0.0
17031806501->17031805701,5.052300239400299,5.052300239400299,0.0,0.0,10.104600478800599,10.104600478800599,0.0,0.0
17031806501->17031805802,5.106315387426524,5.106315387426524,0.0,0.0,10.212630774853048,10.212630774853048,0.0,0.0
17031808002->17031807600,2.5702350271191423,2.5702350271191423,0.0,0.0,5.140470054238285,5.140470054238285,0.0,0.0
17031812500->17031812600,1.2241863478366022,1.2241863478366022,0.0,0.0,2.4483726956732044,2.4483726956732044,0.0,0.0
17031812500->17031812400,1.3899198129252104,1.3899198129252104,0.0,0.0,2.7798396258504208,2.7798396258504208,0.0,0.0
17031812500->17031812200,2.7208079916539796,2.7208079916539796,0.0,0.0,5.441615983307959,5.441615983307959,0.0,0.0
17031821402->17031821200,2.5294939530478215,2.5294939530478215,0.0,0.0,5.058987906095643,5.058987906095643,0.0,0.0
17031822802->17031822702,1.3035227307705597,1.3035227307705597,0.0,0.0,2.6070454615411194,2.6070454615411194,0.0,0.0
17031822802->17031822701,2.322262549990057,2.322262549990057,0.0,0.0,4.644525099980114,4.644525099980114,0.0,0.0
17031822802->17031822102,3.755318006824298,3.755318006824298,0.0,0.0,7.510636013648596,7.510636013648596,0.0,0.0
17031822802->17031821700,3.9581529948909955,3.9581529948909955,0.0,0.0,7.916305989781992,7.916305989781992,0.0,0.0
17031822802->17031823304,3.851952219952387,3.851952219952387,0.0,0.0,7.703904439904774,7.703904439904774,0.0,0.0
17031822802->17031822000,5.252274127148574,5.252274127148574,0.0,0.0,10.504548254297148,10.504548254297148,0.0,0.0
17031841500->17031292200,1.1921730963162784,1.1921730963162784,0.0,0.0,2.384346192632557,2.384346192632557,0.0,0.0
17031260300->17031260600,1.1048761396764684,1.1048761396764684,0.0,0.0,2.2097522793529367,2.2097522793529367,0.0,0.0
17031670100->17031612000,1.2657740783939788,1.2657740783939788,0.0,0.0,2.5315481567879576,2.5315481567879576,0.0,0.0
17031670100->17031680600,1.2659914363098224,1.2659914363098224,0.0,0.0,2.5319828726196447,2.5319828726196447,0.0,0.0
17031670100->17031612100,1.5999047743768564,1.5999047743768564,0.0,0.0,3.199809548753713,3.199809548753713,0.0,0.0
17031670100->17031611800,1.6016278443907421,1.6016278443907421,0.0,0.0,3.2032556887814843,3.2032556887814843,0.0,0.0
17031813801->17031813702,0.8267934158849115,0.8267934158849115,0.0,0.0,1.653586831769823,1.653586831769823,0.0,0.0
17031813801->17031813802,1.2799699122781474,1.2799699122781474,0.0,0.0,2.5599398245562948,2.5599398245562948,0.0,0.0
17031813801->17031813701,1.4323847018016314,1.4323847018016314,0.0,0.0,2.8647694036032627,2.8647694036032627,0.0,0.0
17031813801->17031813302,1.8557666829258126,1.8557666829258126,0.0,0.0,3.711533365851625,3.711533365851625,0.0,0.0
17031813801->17031814200,2.3003671379753325,2.3003671379753325,0.0,0.0,4.600734275950665,4.600734275950665,0.0,0.0
17031813400->17031813600,1.0966878193436609,1.0966878193436609,0.0,0.0,2.1933756386873218,2.1933756386873218,0.0,0.0
17031813400->17031813701,1.7297972219383682,1.7297972219383682,0.0,0.0,3.4595944438767363,3.4595944438767363,0.0,0.0
17031813400->17031813900,2.266394407524725,2.266394407524725,0.0,0.0,4.53278881504945,4.53278881504945,0.0,0.0
17031813400->17031814000,2.6328869006103637,2.6328869006103637,0.0,0.0,5.265773801220727,5.265773801220727,0.0,0.0
17031813400->17031813802,2.4995512410512606,2.4995512410512606,0.0,0.0,4.999102482102521,4.999102482102521,0.0,0.0
17031813400->17031814100,2.938053691083985,2.938053691083985,0.0,0.0,5.87610738216797,5.87610738216797,0.0,0.0
17031821102->17031822000,2.787256438693838,2.787256438693838,0.0,0.0,5.574512877387676,5.574512877387676,0.0,0.0
17031821102->17031822102,3.9150902302419115,3.9150902302419115,0.0,0.0,7.830180460483823,7.830180460483823,0.0,0.0
17031821102->17031820901,4.278645345630153,4.278645345630153,0.0,0.0,8.557290691260306,8.557290691260306,0.0,0.0
17031190800->17031151001,2.2911100606282644,2.2911100606282644,0.0,0.0,4.582220121256529,4.582220121256529,0.0,0.0
17031490600->17031711500,2.5542548239083036,2.5542548239083036,0.0,0.0,5.108509647816607,5.108509647816607,0.0,0.0
17031490600->17031490400,2.2337901227095234,2.2337901227095234,0.0,0.0,4.467580245419047,4.467580245419047,0.0,0.0
17031491100->17031490901,2.581042322686782,2.581042322686782,0.0,0.0,5.162084645373564,5.162084645373564,0.0,0.0
17031580502->17031580800,1.617068542191881,1.617068542191881,0.0,0.0,3.234137084383762,3.234137084383762,0.0,0.0
17031610400->17031611800,1.982696733238509,1.982696733238509,0.0,0.0,3.965393466477018,3.965393466477018,0.0,0.0
17031650302->17031660400,1.6166921547649813,1.6166921547649813,0.0,0.0,3.2333843095299626,3.2333843095299626,0.0,0.0
17031650302->17031661100,2.8301546170527985,2.8301546170527985,0.0,0.0,5.660309234105597,5.660309234105597,0.0,0.0
17031670600->17031670700,0.56407639751215,0.56407639751215,0.0,0.0,1.1281527950243,1.1281527950243,0.0,0.0
17031670600->17031670500,0.787852377039248,0.787852377039248,0.0,0.0,1.575704754078496,1.575704754078496,0.0,0.0
17031805801->17031806502,1.7740285310645034,1.7740285310645034,0.0,0.0,3.548057062129007,3.548057062129007,0.0,0.0
17031805801->17031805802,1.986534350098751,1.986534350098751,0.0,0.0,3.9730687001975022,3.9730687001975022,0.0,0.0
17031805801->17031806600,2.687896801155203,2.687896801155203,0.0,0.0,5.375793602310406,5.375793602310406,0.0,0.0
17031805801->17031805701,2.845773977436971,2.845773977436971,0.0,0.0,5.691547954873942,5.691547954873942,0.0,0.0
17031805801->17031805502,4.56025982861674,4.56025982861674,0.0,0.0,9.12051965723348,9.12051965723348,0.0,0.0
17031672000->17031671800,1.7086670928966825,1.7086670928966825,0.0,0.0,3.417334185793365,3.417334185793365,0.0,0.0
17031681400->17031671800,0.8473677370509101,0.8473677370509101,0.0,0.0,1.6947354741018201,1.6947354741018201,0.0,0.0
17031681400->17031681100,1.1264143279283552,1.1264143279283552,0.0,0.0,2.2528286558567103,2.2528286558567103,0.0,0.0
17031720500->17031821900,1.7265341907307605,1.7265341907307605,0.0,0.0,3.453068381461521,3.453068381461521,0.0,0.0
17031720500->17031821800,2.9070568603358784,2.9070568603358784,0.0,0.0,5.814113720671757,5.814113720671757,0.0,0.0
17031720500->17031823304,3.6897353168025058,3.6897353168025058,0.0,0.0,7.3794706336050115,7.3794706336050115,0.0,0.0
17031822702->17031822701,1.04009456618472,1.04009456618472,0.0,0.0,2.08018913236944,2.08018913236944,0.0,0.0
17031822702->17031822102,2.4689600332549184,2.4689600332549184,0.0,0.0,4.937920066509837,4.937920066509837,0.0,0.0
17031822702->17031821700,2.995254468173519,2.995254468173519,0.0,0.0,5.990508936347038,5.990508936347038,0.0,0.0
17031822702->17031822000,3.9743742683807373,3.9743742683807373,0.0,0.0,7.948748536761475,7.948748536761475,0.0,0.0
17031822702->17031821800,4.11730899113389,4.11730899113389,0.0,0.0,8.23461798226778,8.23461798226778,0.0,0.0
17031810501->17031810502,1.8029819433992387,1.8029819433992387,0.0,0.0,3.6059638867984773,3.6059638867984773,0.0,0.0
17031810501->17031770901,1.9171989072999296,1.9171989072999296,0.0,0.0,3.834397814599859,3.834397814599859,0.0,0.0
17031810501->17031770902,1.9178311666997336,1.9178311666997336,0.0,0.0,3.8356623333994673,3.8356623333994673,0.0,0.0
17031810501->17031170700,2.9560718267654544,2.9560718267654544,0.0,0.0,5.912143653530909,5.912143653530909,0.0,0.0
17031810701->17031810900,2.2359021422916276,2.2359021422916276,0.0,0.0,4.471804284583255,4.471804284583255,0.0,0.0
17031810701->17031170700,2.0661688096338544,2.0661688096338544,0.0,0.0,4.132337619267709,4.132337619267709,0.0,0.0
17031813702->17031813701,0.8951408805937943,0.8951408805937943,0.0,0.0,1.7902817611875885,1.7902817611875885,0.0,0.0
17031813702->17031813302,1.1237131478065945,1.1237131478065945,0.0,0.0,2.247426295613189,2.247426295613189,0.0,0.0
17031813702->17031813802,1.4171210411280017,1.4171210411280017,0.0,0.0,2.8342420822560035,2.8342420822560035,0.0,0.0
17031813702->17031813600,2.140305025811406,2.140305025811406,0.0,0.0,4.280610051622812,4.280610051622812,0.0,0.0
17031813702->17031814200,3.035877888546844,3.035877888546844,0.0,0.0,6.071755777093688,6.071755777093688,0.0,0.0
17031814300->17031814400,1.1851467396612512,1.1851467396612512,0.0,0.0,2.3702934793225023,2.3702934793225023,0.0,0.0
17031814300->17031814100,1.3752876297466705,1.3752876297466705,0.0,0.0,2.750575259493341,2.750575259493341,0.0,0.0
17031814300->17031814200,1.4889400813625524,1.4889400813625524,0.0,0.0,2.977880162725105,2.977880162725105,0.0,0.0
17031814300->17031813802,2.2008732891724088,2.2008732891724088,0.0,0.0,4.4017465783448175,4.4017465783448175,0.0,0.0
17031814300->17031813900,2.2512774754849953,2.2512774754849953,0.0,0.0,4.502554950969991,4.502554950969991,0.0,0.0
17031814300->17031814500,1.994162872962287,1.994162872962287,0.0,0.0,3.988325745924574,3.988325745924574,0.0,0.0
17031814300->17031814000,2.6478570431703257,2.6478570431703257,0.0,0.0,5.295714086340651,5.295714086340651,0.0,0.0
17031814300->17031813600,3.1834191633157687,3.1834191633157687,0.0,0.0,6.366838326631537,6.366838326631537,0.0,0.0
17031814300->17031813701,3.2524155723304626,3.2524155723304626,0.0,0.0,6.504831144660925,6.504831144660925,0.0,0.0
17031814300->17031820700,3.004712999744837,3.004712999744837,0.0,0.0,6.009425999489674,6.009425999489674,0.0,0.0
17031814300->17031815200,3.068373446614774,3.068373446614774,0.0,0.0,6.136746893229548,6.136746893229548,0.0,0.0
17031823304->17031821900,4.83674364016758,4.83674364016758,0.0,0.0,9.67348728033516,9.67348728033516,0.0,0.0
17031823304->17031821200,4.090875513521053,4.090875513521053,0.0,0.0,8.181751027042106,8.181751027042106,0.0,0.0
17031440101->17031690900,2.3468429430819753,2.3468429430819753,0.0,0.0,4.6936858861639505,4.6936858861639505,0.0,0.0
17031440800->17031440900,0.8208335516423001,0.8208335516423001,0.0,0.0,1.6416671032846002,1.6416671032846002,0.0,0.0
17031440800->17031490400,1.5347111465055085,1.5347111465055085,0.0,0.0,3.069422293011017,3.069422293011017,0.0,0.0
17031820800->17031820700,1.8600939263124088,1.8600939263124088,0.0,0.0,3.7201878526248175,3.7201878526248175,0.0,0.0
17031820800->17031814500,3.6831747100012757,3.6831747100012757,0.0,0.0,7.366349420002551,7.366349420002551,0.0,0.0
17031820800->17031814400,3.582611980353182,3.582611980353182,0.0,0.0,7.165223960706364,7.165223960706364,0.0,0.0
17031820800->17031640300,3.919042224362032,3.919042224362032,0.0,0.0,7.838084448724064,7.838084448724064,0.0,0.0
17031821600->17031821800,1.6420856260122034,1.6420856260122034,0.0,0.0,3.284171252024407,3.284171252024407,0.0,0.0
17031821600->17031700502,1.8440332394293975,1.8440332394293975,0.0,0.0,3.688066478858795,3.688066478858795,0.0,0.0
17031821600->17031821900,2.7790098744515825,2.7790098744515825,0.0,0.0,5.558019748903165,5.558019748903165,0.0,0.0
17031821600->17031821700,2.317656947187756,2.317656947187756,0.0,0.0,4.635313894375512,4.635313894375512,0.0,0.0
17031821800->17031821900,1.1975998467951912,1.1975998467951912,0.0,0.0,2.3951996935903823,2.3951996935903823,0.0,0.0
17031821800->17031821700,1.7640807705151678,1.7640807705151678,0.0,0.0,3.5281615410303355,3.5281615410303355,0.0,0.0
17031821800->17031822701,3.6562594523520846,3.6562594523520846,0.0,0.0,7.312518904704169,7.312518904704169,0.0,0.0
17031821800->17031700502,3.302864545140936,3.302864545140936,0.0,0.0,6.605729090281872,6.605729090281872,0.0,0.0
17031822102->17031822701,1.4334144467010788,1.4334144467010788,0.0,0.0,2.8668288934021575,2.8668288934021575,0.0,0.0
17031822102->17031822000,1.5079672812108438,1.5079672812108438,0.0,0.0,3.0159345624216876,3.0159345624216876,0.0,0.0
17031822102->17031821700,1.8782815391746146,1.8782815391746146,0.0,0.0,3.756563078349229,3.756563078349229,0.0,0.0
17031980100->17031640300,2.5109148223854088,2.5109148223854088,0.0,0.0,5.0218296447708175,5.0218296447708175,0.0,0.0
17031980100->17031820901,4.522259737634252,4.522259737634252,0.0,0.0,9.044519475268505,9.044519475268505,0.0,0.0
17031806600->17031806502,2.1875792955151585,2.1875792955151585,0.0,0.0,4.375158591030317,4.375158591030317,0.0,0.0
17031806600->17031805701,2.51130383273478,2.51130383273478,0.0,0.0,5.02260766546956,5.02260766546956,0.0,0.0
17031806600->17031805802,3.4820151405972375,3.4820151405972375,0.0,0.0,6.964030281194475,6.964030281194475,0.0,0.0
17031822701->17031821700,2.2197177055512443,2.2197177055512443,0.0,0.0,4.4394354111024885,4.4394354111024885,0.0,0.0
17031822701->17031822000,2.935594982629494,2.935594982629494,0.0,0.0,5.871189965258988,5.871189965258988,0.0,0.0
17031813600->17031813701,1.245917385324839,1.245917385324839,0.0,0.0,2.491834770649678,2.491834770649678,0.0,0.0
17031813600->17031813900,1.2529292276004718,1.2529292276004718,0.0,0.0,2.5058584552009435,2.5058584552009435,0.0,0.0
17031813600->17031814100,1.8432645675127222,1.8432645675127222,0.0,0.0,3.6865291350254443,3.6865291350254443,0.0,0.0
17031813600->17031813802,1.57679052058154,1.57679052058154,0.0,0.0,3.15358104116308,3.15358104116308,0.0,0.0
17031813600->17031814000,1.825273993847001,1.825273993847001,0.0,0.0,3.650547987694002,3.650547987694002,0.0,0.0
17031813600->17031814500,3.8756743845032355,3.8756743845032355,0.0,0.0,7.751348769006471,7.751348769006471,0.0,0.0
17031813600->17031815200,3.313632772288683,3.313632772288683,0.0,0.0,6.627265544577366,6.627265544577366,0.0,0.0
17031813701->17031813802,1.0737221587129755,1.0737221587129755,0.0,0.0,2.147444317425951,2.147444317425951,0.0,0.0
17031813701->17031813302,1.5947630916569508,1.5947630916569508,0.0,0.0,3.1895261833139017,3.1895261833139017,0.0,0.0
17031813701->17031814100,2.2118273103617754,2.2118273103617754,0.0,0.0,4.423654620723551,4.423654620723551,0.0,0.0
17031813701->17031813900,2.115449358101681,2.115449358101681,0.0,0.0,4.230898716203362,4.230898716203362,0.0,0.0
17031813701->17031814200,3.152381382744339,3.152381382744339,0.0,0.0,6.304762765488678,6.304762765488678,0.0,0.0
17031813900->17031814000,0.8229391010136418,0.8229391010136418,0.0,0.0,1.6458782020272835,1.6458782020272835,0.0,0.0
17031813900->17031814100,0.9111787038607947,0.9111787038607947,0.0,0.0,1.8223574077215894,1.8223574077215894,0.0,0.0
17031813900->17031813802,1.7020535444134384,1.7020535444134384,0.0,0.0,3.4041070888268767,3.4041070888268767,0.0,0.0
17031813900->17031814500,2.62500871560315,2.62500871560315,0.0,0.0,5.2500174312063,5.2500174312063,0.0,0.0
17031813900->17031815200,2.2101157016916715,2.2101157016916715,0.0,0.0,4.420231403383343,4.420231403383343,0.0,0.0
17031813900->17031814400,2.977607348690564,2.977607348690564,0.0,0.0,5.955214697381128,5.955214697381128,0.0,0.0
17031814200->17031813802,2.1507361373605867,2.1507361373605867,0.0,0.0,4.301472274721173,4.301472274721173,0.0,0.0
17031814200->17031814100,2.272647541873892,2.272647541873892,0.0,0.0,4.545295083747784,4.545295083747784,0.0,0.0
17031814200->17031814400,2.429162606543569,2.429162606543569,0.0,0.0,4.858325213087138,4.858325213087138,0.0,0.0
17031814500->17031814400,1.3373963086255685,1.3373963086255685,0.0,0.0,2.674792617251137,2.674792617251137,0.0,0.0
17031814500->17031820700,1.8582219445276,1.8582219445276,0.0,0.0,3.7164438890552,3.7164438890552,0.0,0.0
17031814500->17031815200,1.6754053449737465,1.6754053449737465,0.0,0.0,3.350810689947493,3.350810689947493,0.0,0.0
17031814500->17031814000,2.3600734804641763,2.3600734804641763,0.0,0.0,4.720146960928353,4.720146960928353,0.0,0.0
17031814500->17031814100,2.3070355705212813,2.3070355705212813,0.0,0.0,4.6140711410425626,4.6140711410425626,0.0,0.0
17031812400->17031812200,1.5528138118454031,1.5528138118454031,0.0,0.0,3.1056276236908062,3.1056276236908062,0.0,0.0
17031812400->17031812600,2.3217932772722234,2.3217932772722234,0.0,0.0,4.643586554544447,4.643586554544447,0.0,0.0
17031815200->17031814000,1.4883610238280964,1.4883610238280964,0.0,0.0,2.976722047656193,2.976722047656193,0.0,0.0
17031815200->17031814100,2.522919673234394,2.522919673234394,0.0,0.0,5.045839346468788,5.045839346468788,0.0,0.0
17031815200->17031820700,3.364496120287997,3.364496120287997,0.0,0.0,6.728992240575994,6.728992240575994,0.0,0.0
17031815200->17031814400,2.9000814897146383,2.9000814897146383,0.0,0.0,5.800162979429277,5.800162979429277,0.0,0.0
17031690400->17031690900,1.5958389567911404,1.5958389567911404,0.0,0.0,3.191677913582281,3.191677913582281,0.0,0.0
17031805701->17031805802,1.8820565828632752,1.8820565828632752,0.0,0.0,3.7641131657265507,3.7641131657265507,0.0,0.0
17031805701->17031806502,3.7908497709790825,3.7908497709790825,0.0,0.0,7.581699541958164,7.581699541958164,0.0,0.0
17031805701->17031805502,3.834267801990496,3.834267801990496,0.0,0.0,7.668535603980992,7.668535603980992,0.0,0.0
17031820700->17031814400,1.822971813105317,1.822971813105317,0.0,0.0,3.645943626210634,3.645943626210634,0.0,0.0
17031820700->17031814100,3.902619714040928,3.902619714040928,0.0,0.0,7.805239428081856,7.805239428081856,0.0,0.0
17031820901->17031640300,2.9173407966620246,2.9173407966620246,0.0,0.0,5.834681593324049,5.834681593324049,0.0,0.0
17031821700->17031822000,2.404613797487324,2.404613797487324,0.0,0.0,4.809227594974648,4.809227594974648,0.0,0.0
17031821700->17031821900,2.559894667717498,2.559894667717498,0.0,0.0,5.119789335434996,5.119789335434996,0.0,0.0
17031812200->17031810900,2.485730841956609,2.485730841956609,0.0,0.0,4.971461683913218,4.971461683913218,0.0,0.0
17031770902->17031770901,2.242814282029794,2.242814282029794,0.0,0.0,4.485628564059588,4.485628564059588,0.0,0.0
17031770902->17031770800,3.657015418349491,3.657015418349491,0.0,0.0,7.314030836698982,7.314030836698982,0.0,0.0
17031710600->17031671800,2.2003380535532964,2.2003380535532964,0.0,0.0,4.400676107106593,4.400676107106593,0.0,0.0
17031710600->17031711300,2.321914958486203,2.321914958486203,0.0,0.0,4.643829916972406,4.643829916972406,0.0,0.0
17031710600->17031711000,1.904522849715599,1.904522849715599,0.0,0.0,3.8090456994311976,3.8090456994311976,0.0,0.0
17031711300->17031700502,2.6339114992889177,2.6339114992889177,0.0,0.0,5.267822998577835,5.267822998577835,0.0,0.0
17031660800->17031661100,2.2787262898307077,2.2787262898307077,0.0,0.0,4.557452579661415,4.557452579661415,0.0,0.0
17031680600->17031612100,2.334319615459,2.334319615459,0.0,0.0,4.668639230918,4.668639230918,0.0,0.0
17031810600->17031810502,1.816069312595868,1.816069312595868,0.0,0.0,3.632138625191736,3.632138625191736,0.0,0.0
17031810600->17031170200,2.8697695511282295,2.8697695511282295,0.0,0.0,5.739539102256459,5.739539102256459,0.0,0.0
17031810600->17031770901,2.5997038615449743,2.5997038615449743,0.0,0.0,5.199407723089949,5.199407723089949,0.0,0.0
17031170700->17031810502,3.1199102142556754,3.1199102142556754,0.0,0.0,6.239820428511351,6.239820428511351,0.0,0.0
17031810502->17031770901,1.8648326146635628,1.8648326146635628,0.0,0.0,3.7296652293271255,3.7296652293271255,0.0,0.0
17031805502->17031805802,2.7005237506699253,2.7005237506699253,0.0,0.0,5.401047501339851,5.401047501339851,0.0,0.0
17031813302->17031813802,2.471660153479629,2.471660153479629,0.0,0.0,4.943320306959258,4.943320306959258,0.0,0.0
17031814100->17031813802,1.3731305105364908,1.3731305105364908,0.0,0.0,2.7462610210729816,2.7462610210729816,0.0,0.0
17031814100->17031814000,1.5199458721357588,1.5199458721357588,0.0,0.0,3.0398917442715176,3.0398917442715176,0.0,0.0
17031814100->17031814400,2.2709881295012417,2.2709881295012417,0.0,0.0,4.5419762590024835,4.5419762590024835,0.0,0.0
17031490400->17031440900,0.8131738585578541,0.8131738585578541,0.0,0.0,1.6263477171157081,1.6263477171157081,0.0,0.0
17031490901->17031540102,4.623373769784891,4.623373769784891,0.0,0.0,9.246747539569782,9.246747539569782,0.0,0.0
17031630100->17031630500,0.9048595049956141,0.9048595049956141,0.0,0.0,1.8097190099912281,1.8097190099912281,0.0,0.0
17031630100->17031580800,1.7944637222583237,1.7944637222583237,0.0,0.0,3.5889274445166475,3.5889274445166475,0.0,0.0
17031630100->17031670500,2.0718833457129837,2.0718833457129837,0.0,0.0,4.143766691425967,4.143766691425967,0.0,0.0
17031681100->17031671800,1.4114159823302934,1.4114159823302934,0.0,0.0,2.822831964660587,2.822831964660587,0.0,0.0
17031814000->17031814400,3.0772273936818495,3.0772273936818495,0.0,0.0,6.154454787363699,6.154454787363699,0.0,0.0
17031814000->17031813802,2.5235985998289436,2.5235985998289436,0.0,0.0,5.047197199657887,5.047197199657887,0.0,0.0
17031580800->17031630500,2.0076219240110893,2.0076219240110893,0.0,0.0,4.015243848022179,4.015243848022179,0.0,0.0
17031612000->17031612100,0.5650443995607598,0.5650443995607598,0.0,0.0,1.1300887991215196,1.1300887991215196,0.0,0.0
17031670500->17031670700,1.2488215176056943,1.2488215176056943,0.0,0.0,2.4976430352113885,2.4976430352113885,0.0,0.0
17031805802->17031806502,3.626531707527394,3.626531707527394,0.0,0.0,7.253063415054788,7.253063415054788,0.0,0.0
17031814400->17031813802,3.3463310398894572,3.3463310398894572,0.0,0.0,6.6926620797789145,6.6926620797789145,0.0,0.0
17031711000->17031711500,1.6058107604425265,1.6058107604425265,0.0,0.0,3.211621520885053,3.211621520885053,0.0,0.0
