{
"type": "FeatureCollection",
"crs": { "type": "name", "properties": { "name": "urn:ogc:def:crs:EPSG::4269" } },
"features": [
{ "type": "Feature", "properties": { "@id": "way/238243150", "amenity": null, "building": "house", "name": null, "shop": null, "GEOID": "39049001600" }, "geometry": { "type": "Polygon", "coordinates": [ [ [ -82.9996526, 39.9911042 ], [ -82.9995077, 39.9910979 ], [ -82.9995141, 39.9910106 ], [ -82.9996591, 39.9910169 ], [ -82.9996526, 39.9911042 ] ] ] } },
{ "type": "Feature", "properties": { "@id": "way/249304259", "amenity": null, "building": "house", "name": null, "shop": null, "GEOID": "39049001000" }, "geometry": { "type": "Polygon", "coordinates": [ [ [ -83.0069828, 40.0080948 ], [ -83.0070922, 40.0080987 ], [ -83.0070985, 40.007995 ], [ -83.0069891, 40.0079911 ], [ -83.0069828, 40.0080948 ] ] ] } },
{ "type": "Feature", "properties": { "@id": "way/249304260", "amenity": null, "building": "house", "name": null, "shop": null, "GEOID": "39049001000" }, "geometry": { "type": "Polygon", "coordinates": [ [ [ -83.0071151, 40.0081022 ], [ -83.0071198, 40.0080087 ], [ -83.0072417, 40.0080123 ], [ -83.007237, 40.0081058 ], [ -83.0071151, 40.0081022 ] ] ] } },
{ "type": "Feature", "properties": { "@id": "way/249304261", "amenity": null, "building": "house", "name": null, "shop": null, "GEOID": "39049001000" }, "geometry": { "type": "Polygon", "coordinates": [ [ [ -83.0069419, 40.008091 ], [ -83.0069481, 40.0079883 ], [ -83.0068349, 40.0079843 ], [ -83.0068287, 40.008087 ], [ -83.0069419, 40.008091 ] ] ] } },
{ "type": "Feature", "properties": { "@id": "way/249304262", "amenity": null, "building": "house", "name": null, "shop": null, "GEOID": "39049001000" }, "geometry": { "type": "Polygon", "coordinates": [ [ [ -83.0067715, 40.0080799 ], [ -83.0067773, 40.0079664 ], [ -83.0066781, 40.0079634 ], [ -83.0066722, 40.0080769 ], [ -83.0067715, 40.0080799 ] ] ] } },
{ "type": "Feature", "properties": { "@id": "way/249304263", "amenity": null, "building": "house", "name": null, "shop": null, "GEOID": "39049001000" }, "geometry": { "type": "Polygon", "coordinates": [ [ [ -83.006618, 40.0080771 ], [ -83.0066255, 40.0079817 ], [ -83.006526, 40.0079772 ], [ -83.0065186, 40.0080725 ], [ -83.006618, 40.0080771 ] ] ] } },
{ "type": "Feature", "properties": { "@id": "way/249304264", "amenity": null, "building": "house", "name": null, "shop": null, "GEOID": "39049001000" }, "geometry": { "type": "Polygon", "coordinates": [ [ [ -83.0060714, 40.0080477 ], [ -83.0060765, 40.0079718 ], [ -83.0061994, 40.0079766 ], [ -83.0061943, 40.0080526 ], [ -83.0060714, 40.0080477 ] ] ] } },
{ "type": "Feature", "properties": { "@id": "way/249304265", "amenity": null, "building": "house", "name": null, "shop": null, "GEOID": "39049001000" }, "geometry": { "type": "Polygon", "coordinates": [ [ [ -83.0060317, 40.0080459 ], [ -83.0060389, 40.0079521 ], [ -83.0060029, 40.0079505 ], [ -83.0060045, 40.0079294 ], [ -83.0059348, 40.0079263 ], [ -83.005926, 40.0080412 ], [ -83.0060317, 40.0080459 ] ] ] } },
{ "type": "Feature", "properties": { "@id": "way/249304266", "amenity": null, "building": "house", "name": null, "shop": null, "GEOID": "39049001000" }, "geometry": { "type": "Polygon", "coordinates": [ [ [ -83.0064115, 40.008414 ], [ -83.0062955, 40.0084119 ], [ -83.0062988, 40.008303 ], [ -83.0064149, 40.0083051 ], [ -83.0064115, 40.008414 ] ] ] } },
{ "type": "Feature", "properties": { "@id": "way/249304267", "amenity": null, "building": "house", "name": null, "shop": null, "GEOID": "39049001000" }, "geometry": { "type": "Polygon", "coordinates": [ [ [ -83.0066332, 40.0084317 ], [ -83.0067352, 40.008436 ], [ -83.0067423, 40.0083368 ], [ -83.0066403, 40.0083325 ], [ -83.0066332, 40.0084317 ] ] ] } },
{ "type": "Feature", "properties": { "@id": "way/249304268", "amenity": null, "building": "house", "name": null, "shop": null, "GEOID": "39049001000" }, "geometry": { "type": "Polygon", "coordinates": [ [ [ -83.0067522, 40.008441 ], [ -83.0067619, 40.0083288 ], [ -83.0068787, 40.0083347 ], [ -83.0068691, 40.0084469 ], [ -83.0067522, 40.008441 ] ] ] } },
{ "type": "Feature", "properties": { "@id": "way/249304269", "amenity": null, "building": "house", "name": null, "shop": null, "GEOID": "39049001000" }, "geometry": { "type": "Polygon", "coordinates": [ [ [ -83.0068954, 40.0084657 ], [ -83.0069903, 40.0084704 ], [ -83.0070015, 40.0083376 ], [ -83.0069067, 40.0083329 ], [ -83.0068954, 40.0084657 ] ] ] } },
{ "type": "Feature", "properties": { "@id": "way/249304270", "amenity": null, "building": "house", "name": null, "shop": null, "GEOID": "39049001000" }, "geometry": { "type": "Polygon", "coordinates": [ [ [ -83.0070548, 40.0084586 ], [ -83.0071541, 40.0084627 ], [ -83.0071648, 40.0083487 ], [ -83.0070642, 40.0083436 ], [ -83.0070548, 40.0084586 ] ] ] } },
{ "type": "Feature", "properties": { "@id": "way/249304271", "amenity": null, "building": "house", "name": null, "shop": null, "GEOID": "39049001000" }, "geometry": { "type": "Polygon", "coordinates": [ [ [ -83.0071746, 40.0084642 ], [ -83.0072847, 40.0084684 ], [ -83.0072912, 40.0083679 ], [ -83.0071812, 40.0083637 ], [ -83.0071746, 40.0084642 ] ] ] } },
{ "type": "Feature", "properties": { "@id": "way/249304272", "amenity": null, "building": "house", "name": null, "shop": null, "GEOID": "39049001000" }, "geometry": { "type": "Polygon", "coordinates": [ [ [ -83.0073169, 40.0085009 ], [ -83.0074183, 40.0085038 ], [ -83.0074246, 40.0083724 ], [ -83.0073232, 40.0083696 ], [ -83.0073169, 40.0085009 ] ] ] } },
{ "type": "Feature", "properties": { "@id": "way/249304273", "amenity": null, "building": "house", "name": null, "shop": null, "GEOID": "39049001000" }, "geometry": { "type": "Polygon", "coordinates": [ [ [ -83.0074511, 40.0084825 ], [ -83.007562, 40.0084875 ], [ -83.0075698, 40.008386 ], [ -83.0074588, 40.0083811 ], [ -83.0074511, 40.0084825 ] ] ] } },
{ "type": "Feature", "properties": { "@id": "way/249304274", "amenity": null, "building": "house", "name": null, "shop": null, "GEOID": "39049001000" }, "geometry": { "type": "Polygon", "coordinates": [ [ [ -83.0075913, 40.008486 ], [ -83.0076904, 40.0084903 ], [ -83.0076993, 40.008369 ], [ -83.0076002, 40.0083648 ], [ -83.0075913, 40.008486 ] ] ] } },
{ "type": "Feature", "properties": { "@id": "way/249304275", "amenity": null, "building": "house", "name": null, "shop": null, "GEOID": "39049001000" }, "geometry": { "type": "Polygon", "coordinates": [ [ [ -83.0062589, 40.0088307 ], [ -83.0063558, 40.0088356 ], [ -83.006368, 40.0086918 ], [ -83.0062712, 40.0086869 ], [ -83.0062589, 40.0088307 ] ] ] } },
{ "type": "Feature", "properties": { "@id": "way/249304276", "amenity": null, "building": "house", "name": null, "shop": null, "GEOID": "39049001000" }, "geometry": { "type": "Polygon", "coordinates": [ [ [ -83.0061346, 40.0088097 ], [ -83.0062304, 40.0088136 ], [ -83.006238, 40.0087047 ], [ -83.0061422, 40.0087008 ], [ -83.0061346, 40.0088097 ] ] ] } },
{ "type": "Feature", "properties": { "@id": "way/249304277", "amenity": null, "building": "house", "name": null, "shop": null, "GEOID": "39049001000" }, "geometry": { "type": "Polygon", "coordinates": [ [ [ -83.0062204, 40.0091638 ], [ -83.0063314, 40.0091696 ], [ -83.0063399, 40.0090731 ], [ -83.0063278, 40.0090724 ], [ -83.0063293, 40.0090556 ], [ -83.0062404, 40.009051 ], [ -83.0062388, 40.0090692 ], [ -83.0062285, 40.0090719 ], [ -83.0062204, 40.0091638 ] ] ] } },
{ "type": "Feature", "properties": { "@id": "way/249304278", "amenity": null, "building": "house", "name": null, "shop": null, "GEOID": "39049001000" }, "geometry": { "type": "Polygon", "coordinates": [ [ [ -83.0065549, 40.0091854 ], [ -83.0066684, 40.0091923 ], [ -83.0066798, 40.0090816 ], [ -83.0065663, 40.0090747 ], [ -83.0065549, 40.0091854 ] ] ] } },
{ "type": "Feature", "properties": { "@id": "way/249304281", "amenity": null, "building": "house", "name": null, "shop": null, "GEOID": "39049001000" }, "geometry": { "type": "Polygon", "coordinates": [ [ [ -83.0054491, 40.009653 ], [ -83.0055923, 40.0096582 ], [ -83.0056036, 40.0094768 ], [ -83.0054604, 40.0094716 ], [ -83.0054491, 40.009653 ] ] ] } },
{ "type": "Feature", "properties": { "@id": "way/249304286", "amenity": null, "building": "house", "name": null, "shop": null, "GEOID": "39049001000" }, "geometry": { "type": "Polygon", "coordinates": [ [ [ -83.0051713, 40.0099929 ], [ -83.0051791, 40.0098947 ], [ -83.0050921, 40.0098906 ], [ -83.0050843, 40.0099889 ], [ -83.0051713, 40.0099929 ] ] ] } },
{ "type": "Feature", "properties": { "@id": "way/249304287", "amenity": null, "building": "house", "name": null, "shop": null, "GEOID": "39049001000" }, "geometry": { "type": "Polygon", "coordinates": [ [ [ -83.0050602, 40.0100418 ], [ -83.0049529, 40.0100376 ], [ -83.004963, 40.0098878 ], [ -83.0050702, 40.009892 ], [ -83.0050602, 40.0100418 ] ] ] } },
{ "type": "Feature", "properties": { "@id": "way/249304288", "amenity": null, "building": "house", "name": null, "shop": null, "GEOID": "39049001000" }, "geometry": { "type": "Polygon", "coordinates": [ [ [ -83.0049366, 40.0100391 ], [ -83.004947, 40.0098888 ], [ -83.0048421, 40.0098846 ], [ -83.0048317, 40.0100349 ], [ -83.0049366, 40.0100391 ] ] ] } },
{ "type": "Feature", "properties": { "@id": "way/249304289", "amenity": null, "building": "house", "name": null, "shop": null, "GEOID": "39049001000" }, "geometry": { "type": "Polygon", "coordinates": [ [ [ -83.0047949, 40.0100061 ], [ -83.0048053, 40.0098827 ], [ -83.0047171, 40.0098783 ], [ -83.0047067, 40.0100018 ], [ -83.0047949, 40.0100061 ] ] ] } },
{ "type": "Feature", "properties": { "@id": "way/249304290", "amenity": null, "building": "house", "name": null, "shop": null, "GEOID": "39049001000" }, "geometry": { "type": "Polygon", "coordinates": [ [ [ -83.0046721, 40.009972 ], [ -83.0046781, 40.0098807 ], [ -83.0045827, 40.009877 ], [ -83.0045768, 40.0099683 ], [ -83.0046721, 40.009972 ] ] ] } },
{ "type": "Feature", "properties": { "@id": "way/249304291", "amenity": null, "building": "house", "name": null, "shop": null, "GEOID": "39049001000" }, "geometry": { "type": "Polygon", "coordinates": [ [ [ -83.0045484, 40.0099662 ], [ -83.0045569, 40.0098708 ], [ -83.0044677, 40.0098662 ], [ -83.0044592, 40.0099615 ], [ -83.0045484, 40.0099662 ] ] ] } },
{ "type": "Feature", "properties": { "@id": "way/249304292", "amenity": null, "building": "house", "name": null, "shop": null, "GEOID": "39049001000" }, "geometry": { "type": "Polygon", "coordinates": [ [ [ -83.0044547, 40.0099517 ], [ -83.0044597, 40.0098471 ], [ -83.0043777, 40.0098448 ], [ -83.0043727, 40.0099494 ], [ -83.0044547, 40.0099517 ] ] ] } },
{ "type": "Feature", "properties": { "@id": "way/249304293", "amenity": null, "building": "house", "name": null, "shop": null, "GEOID": "39049001000" }, "geometry": { "type": "Polygon", "coordinates": [ [ [ -83.0043486, 40.0099516 ], [ -83.0043579, 40.0098408 ], [ -83.0042619, 40.0098361 ], [ -83.0042526, 40.0099469 ], [ -83.0043486, 40.0099516 ] ] ] } },
{ "type": "Feature", "properties": { "@id": "way/249304294", "amenity": null, "building": "house", "name": null, "shop": null, "GEOID": "39049001000" }, "geometry": { "type": "Polygon", "coordinates": [ [ [ -83.0042311, 40.0100146 ], [ -83.0042408, 40.0098308 ], [ -83.0041355, 40.0098275 ], [ -83.0041257, 40.0100113 ], [ -83.0042311, 40.0100146 ] ] ] } },
{ "type": "Feature", "properties": { "@id": "way/249304295", "amenity": null, "building": "house", "name": null, "shop": null, "GEOID": "39049001000" }, "geometry": { "type": "Polygon", "coordinates": [ [ [ -83.0041065, 40.0099351 ], [ -83.0041172, 40.009828 ], [ -83.0040294, 40.0098228 ], [ -83.0040187, 40.00993 ], [ -83.0041065, 40.0099351 ] ] ] } },
{ "type": "Feature", "properties": { "@id": "way/249304296", "amenity": null, "building": "house", "name": null, "shop": null, "GEOID": "39049001000" }, "geometry": { "type": "Polygon", "coordinates": [ [ [ -83.004003, 40.0099274 ], [ -83.0040062, 40.0098253 ], [ -83.0039159, 40.0098237 ], [ -83.0039128, 40.0099257 ], [ -83.004003, 40.0099274 ] ] ] } },
{ "type": "Feature", "properties": { "@id": "way/249304297", "amenity": null, "building": "house", "name": null, "shop": null, "GEOID": "39049001000" }, "geometry": { "type": "Polygon", "coordinates": [ [ [ -83.0038899, 40.0099269 ], [ -83.0038978, 40.009815 ], [ -83.0038072, 40.0098113 ], [ -83.0037993, 40.0099232 ], [ -83.0038899, 40.0099269 ] ] ] } },
{ "type": "Feature", "properties": { "@id": "way/249304298", "amenity": null, "building": "house", "name": null, "shop": null, "GEOID": "39049001000" }, "geometry": { "type": "Polygon", "coordinates": [ [ [ -83.0037803, 40.0099224 ], [ -83.0037879, 40.0098117 ], [ -83.003701, 40.0098082 ], [ -83.0036935, 40.0099189 ], [ -83.0037803, 40.0099224 ] ] ] } },
{ "type": "Feature", "properties": { "@id": "way/249304299", "amenity": null, "building": "house", "name": null, "shop": null, "GEOID": "39049001000" }, "geometry": { "type": "Polygon", "coordinates": [ [ [ -83.0036686, 40.0099106 ], [ -83.0035709, 40.0099082 ], [ -83.0035751, 40.009807 ], [ -83.0036729, 40.0098094 ], [ -83.0036686, 40.0099106 ] ] ] } },
{ "type": "Feature", "properties": { "@id": "way/249304300", "amenity": null, "building": "house", "name": null, "shop": null, "GEOID": "39049001000" }, "geometry": { "type": "Polygon", "coordinates": [ [ [ -83.0035534, 40.0099055 ], [ -83.0034654, 40.0099007 ], [ -83.0034752, 40.0097955 ], [ -83.0035632, 40.0098004 ], [ -83.0035534, 40.0099055 ] ] ] } },
{ "type": "Feature", "properties": { "@id": "way/249304301", "amenity": null, "building": "house", "name": null, "shop": null, "GEOID": "39049001000" }, "geometry": { "type": "Polygon", "coordinates": [ [ [ -83.0034321, 40.0099177 ], [ -83.0034418, 40.0098009 ], [ -83.0033525, 40.0097965 ], [ -83.0033428, 40.0099133 ], [ -83.0034321, 40.0099177 ] ] ] } },
{ "type": "Feature", "properties": { "@id": "way/249304302", "amenity": null, "building": "house", "name": null, "shop": null, "GEOID": "39049001000" }, "geometry": { "type": "Polygon", "coordinates": [ [ [ -83.0032088, 40.0099469 ], [ -83.003317, 40.0099494 ], [ -83.0033232, 40.0097904 ], [ -83.003215, 40.009788 ], [ -83.0032088, 40.0099469 ] ] ] } },
{ "type": "Feature", "properties": { "@id": "way/249304303", "amenity": null, "building": "house", "name": null, "shop": null, "GEOID": "39049001000" }, "geometry": { "type": "Polygon", "coordinates": [ [ [ -83.0027761, 40.0095626 ], [ -83.002968, 40.0095699 ], [ -83.0029739, 40.0094781 ], [ -83.002782, 40.0094708 ], [ -83.0027761, 40.0095626 ] ] ] } },
{ "type": "Feature", "properties": { "@id": "way/249304304", "amenity": null, "building": "house", "name": null, "shop": null, "GEOID": "39049001000" }, "geometry": { "type": "Polygon", "coordinates": [ [ [ -83.0032679, 40.009556 ], [ -83.0033422, 40.0095587 ], [ -83.0033488, 40.0094488 ], [ -83.0032745, 40.0094462 ], [ -83.0032679, 40.009556 ] ] ] } },
{ "type": "Feature", "properties": { "@id": "way/249304305", "amenity": null, "building": "house", "name": null, "shop": null, "GEOID": "39049001000" }, "geometry": { "type": "Polygon", "coordinates": [ [ [ -83.0033633, 40.0095627 ], [ -83.0034458, 40.0095641 ], [ -83.0034481, 40.0094804 ], [ -83.0033656, 40.009479 ], [ -83.0033633, 40.0095627 ] ] ] } },
{ "type": "Feature", "properties": { "@id": "way/249304306", "amenity": null, "building": "house", "name": null, "shop": null, "GEOID": "39049001000" }, "geometry": { "type": "Polygon", "coordinates": [ [ [ -83.0034556, 40.0095871 ], [ -83.0035642, 40.0095917 ], [ -83.0035741, 40.0094569 ], [ -83.0034655, 40.0094523 ], [ -83.0034556, 40.0095871 ] ] ] } },
{ "type": "Feature", "properties": { "@id": "way/249304307", "amenity": null, "building": "house", "name": null, "shop": null, "GEOID": "39049001000" }, "geometry": { "type": "Polygon", "coordinates": [ [ [ -83.0035952, 40.0095729 ], [ -83.0036789, 40.0095765 ], [ -83.0036864, 40.009475 ], [ -83.0036027, 40.0094714 ], [ -83.0035952, 40.0095729 ] ] ] } },
{ "type": "Feature", "properties": { "@id": "way/249304308", "amenity": null, "building": "house", "name": null, "shop": null, "GEOID": "39049001000" }, "geometry": { "type": "Polygon", "coordinates": [ [ [ -83.0037102, 40.0095747 ], [ -83.0037925, 40.0095769 ], [ -83.003797, 40.0094783 ], [ -83.0037147, 40.0094761 ], [ -83.0037102, 40.0095747 ] ] ] } },
{ "type": "Feature", "properties": { "@id": "way/249304309", "amenity": null, "building": "house", "name": null, "shop": null, "GEOID": "39049001000" }, "geometry": { "type": "Polygon", "coordinates": [ [ [ -83.0038074, 40.0095854 ], [ -83.0039066, 40.0095892 ], [ -83.003913, 40.0094901 ], [ -83.0038139, 40.0094863 ], [ -83.0038074, 40.0095854 ] ] ] } },
{ "type": "Feature", "properties": { "@id": "way/249304310", "amenity": null, "building": "house", "name": null, "shop": null, "GEOID": "39049001000" }, "geometry": { "type": "Polygon", "coordinates": [ [ [ -83.0039318, 40.0095799 ], [ -83.004055, 40.0095853 ], [ -83.0040631, 40.0094761 ], [ -83.00394, 40.0094707 ], [ -83.0039318, 40.0095799 ] ] ] } },
{ "type": "Feature", "properties": { "@id": "way/249304311", "amenity": null, "building": "house", "name": null, "shop": null, "GEOID": "39049001000" }, "geometry": { "type": "Polygon", "coordinates": [ [ [ -83.0041322, 40.0096469 ], [ -83.0042434, 40.0096515 ], [ -83.0042534, 40.0095072 ], [ -83.0041422, 40.0095026 ], [ -83.0041322, 40.0096469 ] ] ] } },
{ "type": "Feature", "properties": { "@id": "way/249304312", "amenity": null, "building": "house", "name": null, "shop": null, "GEOID": "39049001000" }, "geometry": { "type": "Polygon", "coordinates": [ [ [ -83.0048023, 40.0096516 ], [ -83.0048077, 40.0095586 ], [ -83.0047144, 40.0095555 ], [ -83.0047091, 40.0096484 ], [ -83.0048023, 40.0096516 ] ] ] } },
{ "type": "Feature", "properties": { "@id": "way/249304313", "amenity": null, "building": "house", "name": null, "shop": null, "GEOID": "39049001000" }, "geometry": { "type": "Polygon", "coordinates": [ [ [ -83.0046938, 40.0096496 ], [ -83.004701, 40.0095151 ], [ -83.0045972, 40.0095119 ], [ -83.00459, 40.0096464 ], [ -83.0046938, 40.0096496 ] ] ] } },
{ "type": "Feature", "properties": { "@id": "way/249304314", "amenity": null, "building": "house", "name": null, "shop": null, "GEOID": "39049001000" }, "geometry": { "type": "Polygon", "coordinates": [ [ [ -83.0045845, 40.0096591 ], [ -83.0045914, 40.0095221 ], [ -83.0044975, 40.0095194 ], [ -83.0044907, 40.0096564 ], [ -83.0045845, 40.0096591 ] ] ] } },
{ "type": "Feature", "properties": { "@id": "way/249304315", "amenity": null, "building": "house", "name": null, "shop": null, "GEOID": "39049001000" }, "geometry": { "type": "Polygon", "coordinates": [ [ [ -83.0044651, 40.009647 ], [ -83.0044735, 40.0095418 ], [ -83.004381, 40.0095375 ], [ -83.0043726, 40.0096426 ], [ -83.0044651, 40.009647 ] ] ] } },
{ "type": "Feature", "properties": { "@id": "way/249304316", "amenity": null, "building": "house", "name": null, "shop": null, "GEOID": "39049001000" }, "geometry": { "type": "Polygon", "coordinates": [ [ [ -83.0043543, 40.0096532 ], [ -83.0043633, 40.00954 ], [ -83.0042862, 40.0095364 ], [ -83.0042772, 40.0096496 ], [ -83.0043543, 40.0096532 ] ] ] } },
{ "type": "Feature", "properties": { "@id": "way/249304317", "amenity": null, "building": "house", "name": null, "shop": null, "GEOID": "39049001000" }, "geometry": { "type": "Polygon", "coordinates": [ [ [ -83.0061729, 40.0091528 ], [ -83.0061772, 40.0090714 ], [ -83.0061697, 40.0090712 ], [ -83.0061708, 40.0090493 ], [ -83.0060931, 40.0090469 ], [ -83.0060922, 40.0090645 ], [ -83.0060818, 40.0090642 ], [ -83.0060773, 40.0091498 ], [ -83.0061729, 40.0091528 ] ] ] } },
{ "type": "Feature", "properties": { "@id": "way/249304318", "amenity": null, "building": "house", "name": null, "shop": null, "GEOID": "39049001000" }, "geometry": { "type": "Polygon", "coordinates": [ [ [ -83.0060326, 40.0091766 ], [ -83.0059325, 40.0091728 ], [ -83.0059402, 40.009053 ], [ -83.0060403, 40.0090568 ], [ -83.0060326, 40.0091766 ] ] ] } },
{ "type": "Feature", "properties": { "@id": "way/249304319", "amenity": null, "building": "house", "name": null, "shop": null, "GEOID": "39049001000" }, "geometry": { "type": "Polygon", "coordinates": [ [ [ -83.0059061, 40.0091347 ], [ -83.0058817, 40.0091335 ], [ -83.0058797, 40.0091579 ], [ -83.0058042, 40.0091542 ], [ -83.005806, 40.009133 ], [ -83.0057894, 40.0091322 ], [ -83.0057967, 40.0090452 ], [ -83.005808, 40.0090458 ], [ -83.0058096, 40.0090259 ], [ -83.0059056, 40.0090306 ], [ -83.0059038, 40.0090518 ], [ -83.005913, 40.0090522 ], [ -83.0059061, 40.0091347 ] ] ] } },
{ "type": "Feature", "properties": { "@id": "way/249304320", "amenity": null, "building": "house", "name": null, "shop": null, "GEOID": "39049001000" }, "geometry": { "type": "Polygon", "coordinates": [ [ [ -83.0057386, 40.0091357 ], [ -83.0057406, 40.0091071 ], [ -83.0057498, 40.0091075 ], [ -83.0057517, 40.00908 ], [ -83.0057462, 40.0090773 ], [ -83.0057481, 40.0090504 ], [ -83.0057364, 40.0090499 ], [ -83.0057377, 40.0090318 ], [ -83.0056564, 40.0090285 ], [ -83.0056551, 40.0090472 ], [ -83.0056439, 40.0090467 ], [ -83.005638, 40.0091316 ], [ -83.0057386, 40.0091357 ] ] ] } },
{ "type": "Feature", "properties": { "@id": "way/249307611", "amenity": null, "building": "house", "name": null, "shop": null, "GEOID": "39049001000" }, "geometry": { "type": "Polygon", "coordinates": [ [ [ -83.007844, 40.0084977 ], [ -83.0078509, 40.008387 ], [ -83.0077344, 40.0083827 ], [ -83.0077275, 40.0084934 ], [ -83.007844, 40.0084977 ] ] ] } },
{ "type": "Feature", "properties": { "@id": "way/249307612", "amenity": null, "building": "house", "name": null, "shop": null, "GEOID": "39049001000" }, "geometry": { "type": "Polygon", "coordinates": [ [ [ -83.007875, 40.0084946 ], [ -83.0079905, 40.0085002 ], [ -83.0079986, 40.0084022 ], [ -83.0078831, 40.0083966 ], [ -83.007875, 40.0084946 ] ] ] } },
{ "type": "Feature", "properties": { "@id": "way/249307613", "amenity": null, "building": "house", "name": null, "shop": null, "GEOID": "39049001000" }, "geometry": { "type": "Polygon", "coordinates": [ [ [ -83.0080214, 40.0084825 ], [ -83.0081554, 40.0084869 ], [ -83.0081602, 40.0084018 ], [ -83.0080263, 40.0083973 ], [ -83.0080214, 40.0084825 ] ] ] } },
{ "type": "Feature", "properties": { "@id": "way/249307614", "amenity": null, "building": "house", "name": null, "shop": null, "GEOID": "39049001000" }, "geometry": { "type": "Polygon", "coordinates": [ [ [ -83.0081762, 40.008524 ], [ -83.008301, 40.0085262 ], [ -83.0083049, 40.0083969 ], [ -83.00818, 40.0083947 ], [ -83.0081762, 40.008524 ] ] ] } },
{ "type": "Feature", "properties": { "@id": "way/249307615", "amenity": null, "building": "house", "name": null, "shop": null, "GEOID": "39049001000" }, "geometry": { "type": "Polygon", "coordinates": [ [ [ -83.0083295, 40.0085253 ], [ -83.0083385, 40.0084035 ], [ -83.0084409, 40.0084079 ], [ -83.008432, 40.0085297 ], [ -83.0083295, 40.0085253 ] ] ] } },
{ "type": "Feature", "properties": { "@id": "way/249307616", "amenity": null, "building": "house", "name": null, "shop": null, "GEOID": "39049001000" }, "geometry": { "type": "Polygon", "coordinates": [ [ [ -83.0084605, 40.0085219 ], [ -83.0084997, 40.0085226 ], [ -83.0084983, 40.0085647 ], [ -83.0085732, 40.0085661 ], [ -83.0085773, 40.0084376 ], [ -83.0084633, 40.0084355 ], [ -83.0084605, 40.0085219 ] ] ] } },
{ "type": "Feature", "properties": { "@id": "way/249307617", "amenity": null, "building": "house", "name": null, "shop": null, "GEOID": "39049001000" }, "geometry": { "type": "Polygon", "coordinates": [ [ [ -83.0085977, 40.0085502 ], [ -83.0087037, 40.0085527 ], [ -83.0087083, 40.0084366 ], [ -83.0086023, 40.0084341 ], [ -83.0085977, 40.0085502 ] ] ] } },
{ "type": "Feature", "properties": { "@id": "way/249307618", "amenity": null, "building": "house", "name": null, "shop": null, "GEOID": "39049001000" }, "geometry": { "type": "Polygon", "coordinates": [ [ [ -83.0087443, 40.0085507 ], [ -83.0088556, 40.0085531 ], [ -83.0088597, 40.0084427 ], [ -83.0087485, 40.0084404 ], [ -83.0087443, 40.0085507 ] ] ] } },
{ "type": "Feature", "properties": { "@id": "way/249307619", "amenity": null, "building": "house", "name": null, "shop": null, "GEOID": "39049001000" }, "geometry": { "type": "Polygon", "coordinates": [ [ [ -83.008878, 40.0085483 ], [ -83.008986, 40.0085506 ], [ -83.0089897, 40.0084516 ], [ -83.0088816, 40.0084493 ], [ -83.008878, 40.0085483 ] ] ] } },
{ "type": "Feature", "properties": { "@id": "way/249307620", "amenity": null, "building": "house", "name": null, "shop": null, "GEOID": "39049001000" }, "geometry": { "type": "Polygon", "coordinates": [ [ [ -83.0092989, 40.0082376 ], [ -83.0091976, 40.0082342 ], [ -83.009204, 40.0081228 ], [ -83.0093054, 40.0081263 ], [ -83.0092989, 40.0082376 ] ] ] } },
{ "type": "Feature", "properties": { "@id": "way/249307622", "amenity": null, "building": "house", "name": null, "shop": null, "GEOID": "39049001000" }, "geometry": { "type": "Polygon", "coordinates": [ [ [ -83.008936, 40.0081918 ], [ -83.0088765, 40.0081874 ], [ -83.008817, 40.0081829 ], [ -83.0088302, 40.0080794 ], [ -83.0089492, 40.0080883 ], [ -83.008936, 40.0081918 ] ] ] } },
{ "type": "Feature", "properties": { "@id": "way/249307623", "amenity": null, "building": "house", "name": null, "shop": null, "GEOID": "39049001000" }, "geometry": { "type": "Polygon", "coordinates": [ [ [ -83.0087774, 40.0081798 ], [ -83.0086665, 40.0081734 ], [ -83.008677, 40.0080663 ], [ -83.0087879, 40.0080727 ], [ -83.0087774, 40.0081798 ] ] ] } },
{ "type": "Feature", "properties": { "@id": "way/249307624", "amenity": null, "building": "house", "name": null, "shop": null, "GEOID": "39049001000" }, "geometry": { "type": "Polygon", "coordinates": [ [ [ -83.0086284, 40.0081737 ], [ -83.0085157, 40.0081682 ], [ -83.0085239, 40.0080691 ], [ -83.0086366, 40.0080746 ], [ -83.0086284, 40.0081737 ] ] ] } },
{ "type": "Feature", "properties": { "@id": "way/249307625", "amenity": null, "building": "house", "name": null, "shop": null, "GEOID": "39049001000" }, "geometry": { "type": "Polygon", "coordinates": [ [ [ -83.0083283, 40.0081595 ], [ -83.0083366, 40.0080344 ], [ -83.0082217, 40.0080299 ], [ -83.0082134, 40.008155 ], [ -83.0083283, 40.0081595 ] ] ] } },
{ "type": "Feature", "properties": { "@id": "way/249307626", "amenity": null, "building": "house", "name": null, "shop": null, "GEOID": "39049001000" }, "geometry": { "type": "Polygon", "coordinates": [ [ [ -83.0081766, 40.0081559 ], [ -83.0080693, 40.0081514 ], [ -83.008077, 40.0080443 ], [ -83.0081843, 40.0080488 ], [ -83.0081766, 40.0081559 ] ] ] } },
{ "type": "Feature", "properties": { "@id": "way/249307627", "amenity": null, "building": "house", "name": null, "shop": null, "GEOID": "39049001000" }, "geometry": { "type": "Polygon", "coordinates": [ [ [ -83.0080334, 40.0081378 ], [ -83.0079306, 40.0081352 ], [ -83.0079349, 40.0080362 ], [ -83.0080377, 40.0080388 ], [ -83.0080334, 40.0081378 ] ] ] } },
{ "type": "Feature", "properties": { "@id": "way/249307628", "amenity": null, "building": "house", "name": null, "shop": null, "GEOID": "39049001000" }, "geometry": { "type": "Polygon", "coordinates": [ [ [ -83.0078964, 40.0081371 ], [ -83.0077883, 40.0081316 ], [ -83.0077971, 40.0080306 ], [ -83.0079052, 40.0080361 ], [ -83.0078964, 40.0081371 ] ] ] } },
{ "type": "Feature", "properties": { "@id": "way/249307629", "amenity": null, "building": "house", "name": null, "shop": null, "GEOID": "39049001000" }, "geometry": { "type": "Polygon", "coordinates": [ [ [ -83.007768, 40.00813 ], [ -83.0076552, 40.0081275 ], [ -83.0076587, 40.0080351 ], [ -83.0077714, 40.0080376 ], [ -83.007768, 40.00813 ] ] ] } },
{ "type": "Feature", "properties": { "@id": "way/249307630", "amenity": null, "building": "house", "name": null, "shop": null, "GEOID": "39049001000" }, "geometry": { "type": "Polygon", "coordinates": [ [ [ -83.007622, 40.0081263 ], [ -83.0075114, 40.0081199 ], [ -83.0075212, 40.0080211 ], [ -83.0076318, 40.0080276 ], [ -83.007622, 40.0081263 ] ] ] } },
{ "type": "Feature", "properties": { "@id": "way/249307631", "amenity": null, "building": "house", "name": null, "shop": null, "GEOID": "39049001000" }, "geometry": { "type": "Polygon", "coordinates": [ [ [ -83.0074732, 40.0081184 ], [ -83.0074791, 40.0080145 ], [ -83.0073747, 40.008011 ], [ -83.0073688, 40.0081149 ], [ -83.0074732, 40.0081184 ] ] ] } },
{ "type": "Feature", "properties": { "@id": "way/303844525", "amenity": null, "building": "house", "name": null, "shop": null, "GEOID": "39049001000" }, "geometry": { "type": "Polygon", "coordinates": [ [ [ -83.0083653, 40.0081631 ], [ -83.0084832, 40.0081667 ], [ -83.00849, 40.0080382 ], [ -83.0084116, 40.0080358 ], [ -83.0084099, 40.0080687 ], [ -83.0083703, 40.0080675 ], [ -83.0083653, 40.0081631 ] ] ] } },
{ "type": "Feature", "properties": { "@id": "way/376560988", "amenity": null, "building": "house", "name": null, "shop": null, "GEOID": "39049002510" }, "geometry": { "type": "Polygon", "coordinates": [ [ [ -82.9400515, 39.9894032 ], [ -82.9399825, 39.9893596 ], [ -82.94, 39.9893433 ], [ -82.9399754, 39.9893278 ], [ -82.9399599, 39.989318 ], [ -82.9400677, 39.9892179 ], [ -82.9401152, 39.989248 ], [ -82.9401768, 39.9892869 ], [ -82.9400515, 39.9894032 ] ] ] } },
{ "type": "Feature", "properties": { "@id": "way/376561262", "amenity": null, "building": "house", "name": null, "shop": null, "GEOID": "39049002510" }, "geometry": { "type": "Polygon", "coordinates": [ [ [ -82.9396764, 39.9895469 ], [ -82.9395693, 39.9895773 ], [ -82.9395168, 39.9894688 ], [ -82.9396239, 39.9894384 ], [ -82.9396764, 39.9895469 ] ] ] } },
{ "type": "Feature", "properties": { "@id": "way/376561570", "amenity": null, "building": "house", "name": null, "shop": null, "GEOID": "39049002510" }, "geometry": { "type": "Polygon", "coordinates": [ [ [ -82.9395013, 39.9896372 ], [ -82.9394499, 39.9896558 ], [ -82.9394378, 39.9896363 ], [ -82.939392, 39.9896529 ], [ -82.9393266, 39.9895475 ], [ -82.9394238, 39.9895122 ], [ -82.9395013, 39.9896372 ] ] ] } },
{ "type": "Feature", "properties": { "@id": "way/376561778", "amenity": null, "building": "house", "name": null, "shop": null, "GEOID": "39049002510" }, "geometry": { "type": "Polygon", "coordinates": [ [ [ -82.9392778, 39.9889679 ], [ -82.9393563, 39.9889651 ], [ -82.939355, 39.9889436 ], [ -82.9393983, 39.9889421 ], [ -82.9393937, 39.9888653 ], [ -82.9392448, 39.9888704 ], [ -82.9392439, 39.9888548 ], [ -82.9391779, 39.9888571 ], [ -82.9391863, 39.9889984 ], [ -82.9392794, 39.9889952 ], [ -82.9392778, 39.9889679 ] ] ] } },
{ "type": "Feature", "properties": { "@id": "way/408929770", "amenity": null, "building": "house", "name": null, "shop": null, "GEOID": "39049001000" }, "geometry": { "type": "Polygon", "coordinates": [ [ [ -83.0062522, 40.0083064 ], [ -83.0062469, 40.0084117 ], [ -83.0061425, 40.0084087 ], [ -83.0061478, 40.0083033 ], [ -83.0062522, 40.0083064 ] ] ] } },
{ "type": "Feature", "properties": { "@id": "way/408929771", "amenity": null, "building": "house", "name": null, "shop": null, "GEOID": "39049001000" }, "geometry": { "type": "Polygon", "coordinates": [ [ [ -83.0060039, 40.0082939 ], [ -83.0061129, 40.0082979 ], [ -83.0061076, 40.0084079 ], [ -83.0059999, 40.0084018 ], [ -83.0060039, 40.0082939 ] ] ] } },
{ "type": "Feature", "properties": { "@id": "way/408929772", "amenity": null, "building": "house", "name": null, "shop": null, "GEOID": "39049001000" }, "geometry": { "type": "Polygon", "coordinates": [ [ [ -83.0059517, 40.0083073 ], [ -83.0059442, 40.0083938 ], [ -83.0058339, 40.0083883 ], [ -83.0058413, 40.0083018 ], [ -83.0059517, 40.0083073 ] ] ] } },
{ "type": "Feature", "properties": { "@id": "way/448166752", "amenity": null, "building": "house", "name": null, "shop": null, "GEOID": "39049002510" }, "geometry": { "type": "Polygon", "coordinates": [ [ [ -82.9503347, 39.9958556 ], [ -82.9503384, 39.9957862 ], [ -82.9502163, 39.9957777 ], [ -82.9502126, 39.99585 ], [ -82.9503347, 39.9958556 ] ] ] } },
{ "type": "Feature", "properties": { "@id": "way/448167282", "amenity": null, "building": "house", "name": null, "shop": null, "GEOID": "39049002510" }, "geometry": { "type": "Polygon", "coordinates": [ [ [ -82.9505012, 39.9957919 ], [ -82.9504105, 39.9957862 ], [ -82.9504253, 39.9956303 ], [ -82.950516, 39.995636 ], [ -82.9505012, 39.9957919 ] ] ] } },
{ "type": "Feature", "properties": { "@id": "way/448167522", "amenity": null, "building": "house", "name": null, "shop": null, "GEOID": "39049002510" }, "geometry": { "type": "Polygon", "coordinates": [ [ [ -82.9501035, 39.9958542 ], [ -82.9501146, 39.9957749 ], [ -82.9499999, 39.9957664 ], [ -82.9499888, 39.9958457 ], [ -82.9501035, 39.9958542 ] ] ] } },
{ "type": "Feature", "properties": { "@id": "way/448586204", "amenity": null, "building": "house", "name": null, "shop": null, "GEOID": "39049001121" }, "geometry": { "type": "Polygon", "coordinates": [ [ [ -83.0087271, 39.9945511 ], [ -83.0088376, 39.9945551 ], [ -83.0088477, 39.9943924 ], [ -83.0088621, 39.9943929 ], [ -83.0088682, 39.9942949 ], [ -83.0088039, 39.9942925 ], [ -83.0088033, 39.9943018 ], [ -83.0087495, 39.9942999 ], [ -83.0087463, 39.9943518 ], [ -83.008737, 39.9943514 ], [ -83.0087342, 39.9943967 ], [ -83.0087501, 39.9943973 ], [ -83.0087484, 39.9944249 ], [ -83.008735, 39.9944244 ], [ -83.0087271, 39.9945511 ] ] ] } },
{ "type": "Feature", "properties": { "@id": "way/448586205", "amenity": null, "building": "house", "name": null, "shop": null, "GEOID": "39049001121" }, "geometry": { "type": "Polygon", "coordinates": [ [ [ -83.0087172, 39.9944214 ], [ -83.0085858, 39.9944157 ], [ -83.0085951, 39.9942901 ], [ -83.0086194, 39.9942911 ], [ -83.0086208, 39.9942726 ], [ -83.00871, 39.9942764 ], [ -83.0087087, 39.9942938 ], [ -83.0087265, 39.9942945 ], [ -83.0087172, 39.9944214 ] ] ] } },
{ "type": "Feature", "properties": { "@id": "way/448586206", "amenity": null, "building": "house", "name": null, "shop": null, "GEOID": "39049001810" }, "geometry": { "type": "Polygon", "coordinates": [ [ [ -83.0085754, 39.9944289 ], [ -83.0084545, 39.9944243 ], [ -83.0084641, 39.994276 ], [ -83.0084733, 39.9942763 ], [ -83.0084742, 39.9942621 ], [ -83.008576, 39.9942659 ], [ -83.0085748, 39.9942838 ], [ -83.0085847, 39.9942842 ], [ -83.0085754, 39.9944289 ] ] ] } },
{ "type": "Feature", "properties": { "@id": "way/448586206", "amenity": null, "building": "house", "name": null, "shop": null, "GEOID": "39049001121" }, "geometry": { "type": "Polygon", "coordinates": [ [ [ -83.0085754, 39.9944289 ], [ -83.0084545, 39.9944243 ], [ -83.0084641, 39.994276 ], [ -83.0084733, 39.9942763 ], [ -83.0084742, 39.9942621 ], [ -83.008576, 39.9942659 ], [ -83.0085748, 39.9942838 ], [ -83.0085847, 39.9942842 ], [ -83.0085754, 39.9944289 ] ] ] } },
{ "type": "Feature", "properties": { "@id": "way/448586207", "amenity": null, "building": "house", "name": null, "shop": null, "GEOID": "39049001810" }, "geometry": { "type": "Polygon", "coordinates": [ [ [ -83.0083211, 39.9944954 ], [ -83.0083343, 39.9942787 ], [ -83.0084552, 39.994283 ], [ -83.0084419, 39.9944997 ], [ -83.0083211, 39.9944954 ] ] ] } },
{ "type": "Feature", "properties": { "@id": "way/448586208", "amenity": null, "building": "house", "name": null, "shop": null, "GEOID": "39049001810" }, "geometry": { "type": "Polygon", "coordinates": [ [ [ -83.0082832, 39.9945288 ], [ -83.0081784, 39.9945248 ], [ -83.0081804, 39.9944932 ], [ -83.0081634, 39.9944925 ], [ -83.0081659, 39.9944535 ], [ -83.0081846, 39.9944543 ], [ -83.008187, 39.9944168 ], [ -83.0081801, 39.9944166 ], [ -83.0081832, 39.9943698 ], [ -83.0081916, 39.9943702 ], [ -83.0081977, 39.9942766 ], [ -83.0083112, 39.9942809 ], [ -83.008304, 39.9943914 ], [ -83.0082922, 39.994391 ], [ -83.0082832, 39.9945288 ] ] ] } },
{ "type": "Feature", "properties": { "@id": "way/448586209", "amenity": null, "building": "house", "name": null, "shop": null, "GEOID": "39049001810" }, "geometry": { "type": "Polygon", "coordinates": [ [ [ -83.0077375, 39.9943951 ], [ -83.0076315, 39.994391 ], [ -83.0076418, 39.9942345 ], [ -83.0077478, 39.9942386 ], [ -83.0077375, 39.9943951 ] ] ] } },
{ "type": "Feature", "properties": { "@id": "way/448586210", "amenity": null, "building": "house", "name": null, "shop": null, "GEOID": "39049001810" }, "geometry": { "type": "Polygon", "coordinates": [ [ [ -83.0078754, 39.9944131 ], [ -83.0078901, 39.9942507 ], [ -83.0077756, 39.9942446 ], [ -83.0077573, 39.9944456 ], [ -83.0078647, 39.9944513 ], [ -83.0078682, 39.9944127 ], [ -83.0078754, 39.9944131 ] ] ] } },
{ "type": "Feature", "properties": { "@id": "way/448586211", "amenity": null, "building": "house", "name": null, "shop": null, "GEOID": "39049001121" }, "geometry": { "type": "Polygon", "coordinates": [ [ [ -83.0091284, 39.9945373 ], [ -83.0090015, 39.9945339 ], [ -83.0090117, 39.9943045 ], [ -83.0090252, 39.9943048 ], [ -83.0090261, 39.9942847 ], [ -83.0091395, 39.9942877 ], [ -83.0091284, 39.9945373 ] ] ] } },
{ "type": "Feature", "properties": { "@id": "way/448586214", "amenity": null, "building": "house", "name": null, "shop": null, "GEOID": "39049001810" }, "geometry": { "type": "Polygon", "coordinates": [ [ [ -83.0081371, 39.9951211 ], [ -83.0079421, 39.9951447 ], [ -83.0078846, 39.9948657 ], [ -83.0080796, 39.9948421 ], [ -83.0081371, 39.9951211 ] ] ] } },
{ "type": "Feature", "properties": { "@id": "way/448586215", "amenity": null, "building": "house", "name": null, "shop": null, "GEOID": "39049001810" }, "geometry": { "type": "Polygon", "coordinates": [ [ [ -83.0081997, 39.9951753 ], [ -83.0081757, 39.9950409 ], [ -83.0082841, 39.9950295 ], [ -83.0083081, 39.995164 ], [ -83.0081997, 39.9951753 ] ] ] } },
{ "type": "Feature", "properties": { "@id": "way/448586215", "amenity": null, "building": "house", "name": null, "shop": null, "GEOID": "39049001121" }, "geometry": { "type": "Polygon", "coordinates": [ [ [ -83.0081997, 39.9951753 ], [ -83.0081757, 39.9950409 ], [ -83.0082841, 39.9950295 ], [ -83.0083081, 39.995164 ], [ -83.0081997, 39.9951753 ] ] ] } },
{ "type": "Feature", "properties": { "@id": "way/448586216", "amenity": null, "building": "house", "name": null, "shop": null, "GEOID": "39049001121" }, "geometry": { "type": "Polygon", "coordinates": [ [ [ -83.0087821, 39.9952065 ], [ -83.0087923, 39.9950666 ], [ -83.0087, 39.9950626 ], [ -83.0086974, 39.9950973 ], [ -83.0086605, 39.9950957 ], [ -83.0086568, 39.9951466 ], [ -83.0086749, 39.9951474 ], [ -83.008671, 39.9952017 ], [ -83.0087821, 39.9952065 ] ] ] } },
{ "type": "Feature", "properties": { "@id": "way/448586217", "amenity": null, "building": "house", "name": null, "shop": null, "GEOID": "39049001121" }, "geometry": { "type": "Polygon", "coordinates": [ [ [ -83.0086472, 39.995062 ], [ -83.0085542, 39.9950564 ], [ -83.0085503, 39.9950934 ], [ -83.0085267, 39.995092 ], [ -83.0085169, 39.9951878 ], [ -83.0086335, 39.9951949 ], [ -83.0086472, 39.995062 ] ] ] } },
{ "type": "Feature", "properties": { "@id": "way/448586218", "amenity": null, "building": "house", "name": null, "shop": null, "GEOID": "39049001121" }, "geometry": { "type": "Polygon", "coordinates": [ [ [ -83.0110663, 39.9953004 ], [ -83.0110752, 39.9951717 ], [ -83.0112012, 39.9951768 ], [ -83.0111923, 39.9953055 ], [ -83.0110663, 39.9953004 ] ] ] } },
{ "type": "Feature", "properties": { "@id": "way/468504778", "amenity": null, "building": "house", "name": "PaperStreet", "shop": null, "GEOID": "39049001000" }, "geometry": { "type": "Polygon", "coordinates": [ [ [ -83.0008118, 40.0106103 ], [ -83.0008148, 40.0105488 ], [ -83.0008428, 40.0105496 ], [ -83.0008442, 40.0105221 ], [ -83.0006556, 40.0105167 ], [ -83.0006553, 40.0105228 ], [ -83.0006304, 40.0105221 ], [ -83.0006267, 40.010598 ], [ -83.0006496, 40.0105987 ], [ -83.0006514, 40.0106057 ], [ -83.0008118, 40.0106103 ] ] ] } },
{ "type": "Feature", "properties": { "@id": "way/527179487", "amenity": null, "building": "house", "name": null, "shop": null, "GEOID": "39049001200" }, "geometry": { "type": "Polygon", "coordinates": [ [ [ -83.0075371, 40.0024645 ], [ -83.0074676, 40.0021132 ], [ -83.0075825, 40.0020999 ], [ -83.0076521, 40.0024512 ], [ -83.0075371, 40.0024645 ] ] ] } },
{ "type": "Feature", "properties": { "@id": "way/527179488", "amenity": null, "building": "house", "name": null, "shop": null, "GEOID": "39049001200" }, "geometry": { "type": "Polygon", "coordinates": [ [ [ -83.0073434, 40.0022282 ], [ -83.0073258, 40.002132 ], [ -83.0074449, 40.0021192 ], [ -83.0074625, 40.0022154 ], [ -83.0073434, 40.0022282 ] ] ] } },
{ "type": "Feature", "properties": { "@id": "way/527179489", "amenity": null, "building": "house", "name": null, "shop": null, "GEOID": "39049001200" }, "geometry": { "type": "Polygon", "coordinates": [ [ [ -83.0073551, 40.0023766 ], [ -83.0072243, 40.0023932 ], [ -83.0071706, 40.0021456 ], [ -83.0073014, 40.002129 ], [ -83.0073551, 40.0023766 ] ] ] } },
{ "type": "Feature", "properties": { "@id": "way/527179490", "amenity": null, "building": "house", "name": null, "shop": null, "GEOID": "39049001200" }, "geometry": { "type": "Polygon", "coordinates": [ [ [ -83.0071981, 40.0023541 ], [ -83.0071604, 40.0021508 ], [ -83.0071348, 40.0021536 ], [ -83.0071301, 40.0021281 ], [ -83.0070565, 40.0021361 ], [ -83.0070612, 40.0021611 ], [ -83.0070362, 40.0021639 ], [ -83.007074, 40.0023676 ], [ -83.0071981, 40.0023541 ] ] ] } },
{ "type": "Feature", "properties": { "@id": "way/527179491", "amenity": null, "building": "house", "name": null, "shop": null, "GEOID": "39049001200" }, "geometry": { "type": "Polygon", "coordinates": [ [ [ -83.0070436, 40.0022787 ], [ -83.006997, 40.0022845 ], [ -83.0069941, 40.0022705 ], [ -83.0069184, 40.0022798 ], [ -83.006898, 40.0021828 ], [ -83.0069159, 40.0021805 ], [ -83.0069121, 40.0021626 ], [ -83.0070164, 40.0021497 ], [ -83.0070436, 40.0022787 ] ] ] } },
{ "type": "Feature", "properties": { "@id": "way/527179492", "amenity": null, "building": "house", "name": null, "shop": null, "GEOID": "39049001200" }, "geometry": { "type": "Polygon", "coordinates": [ [ [ -83.006919, 40.0023822 ], [ -83.0069026, 40.0023842 ], [ -83.0069062, 40.0024026 ], [ -83.0068283, 40.0024117 ], [ -83.006825, 40.0023953 ], [ -83.0067928, 40.0023991 ], [ -83.0067531, 40.0022004 ], [ -83.0067722, 40.0021982 ], [ -83.0067653, 40.0021634 ], [ -83.0068147, 40.0021576 ], [ -83.0068165, 40.0021665 ], [ -83.0068552, 40.0021619 ], [ -83.00686, 40.0021864 ], [ -83.0068794, 40.0021841 ], [ -83.006919, 40.0023822 ] ] ] } },
{ "type": "Feature", "properties": { "@id": "way/527179493", "amenity": null, "building": "house", "name": null, "shop": null, "GEOID": "39049001200" }, "geometry": { "type": "Polygon", "coordinates": [ [ [ -83.0066483, 40.0023931 ], [ -83.0066082, 40.0021925 ], [ -83.0067242, 40.0021788 ], [ -83.0067643, 40.0023795 ], [ -83.0066483, 40.0023931 ] ] ] } },
{ "type": "Feature", "properties": { "@id": "way/527179494", "amenity": null, "building": "house", "name": null, "shop": null, "GEOID": "39049001200" }, "geometry": { "type": "Polygon", "coordinates": [ [ [ -83.0066035, 40.0023286 ], [ -83.0065837, 40.0021949 ], [ -83.006455, 40.0022061 ], [ -83.0064747, 40.0023398 ], [ -83.0066035, 40.0023286 ] ] ] } },
{ "type": "Feature", "properties": { "@id": "way/527179495", "amenity": null, "building": "house", "name": "Sigma Phi Epsilon Fraternity House", "shop": null, "GEOID": "39049001200" }, "geometry": { "type": "Polygon", "coordinates": [ [ [ -83.0065009, 40.0024525 ], [ -83.0064377, 40.0025429 ], [ -83.006219, 40.0024532 ], [ -83.0062763, 40.0023711 ], [ -83.0062653, 40.0023666 ], [ -83.0063419, 40.0022571 ], [ -83.0064153, 40.0022872 ], [ -83.0064066, 40.0022997 ], [ -83.006464, 40.0023233 ], [ -83.006402, 40.0024119 ], [ -83.0065009, 40.0024525 ] ] ] } },
{ "type": "Feature", "properties": { "@id": "way/527179496", "amenity": null, "building": "house", "name": null, "shop": null, "GEOID": "39049001200" }, "geometry": { "type": "Polygon", "coordinates": [ [ [ -83.0079854, 40.0039632 ], [ -83.0079983, 40.0038382 ], [ -83.0079278, 40.0038339 ], [ -83.0079262, 40.0038493 ], [ -83.0079012, 40.0038477 ], [ -83.0078898, 40.0039573 ], [ -83.0079854, 40.0039632 ] ] ] } },
{ "type": "Feature", "properties": { "@id": "way/527179497", "amenity": null, "building": "house", "name": null, "shop": null, "GEOID": "39049001200" }, "geometry": { "type": "Polygon", "coordinates": [ [ [ -83.007862, 40.0039541 ], [ -83.0078752, 40.0038083 ], [ -83.007766, 40.0038025 ], [ -83.0077528, 40.0039483 ], [ -83.007862, 40.0039541 ] ] ] } },
{ "type": "Feature", "properties": { "@id": "way/527179498", "amenity": null, "building": "house", "name": null, "shop": null, "GEOID": "39049001200" }, "geometry": { "type": "Polygon", "coordinates": [ [ [ -83.0076139, 40.0039528 ], [ -83.0076255, 40.003795 ], [ -83.0077059, 40.0037985 ], [ -83.0076943, 40.0039563 ], [ -83.0076139, 40.0039528 ] ] ] } },
{ "type": "Feature", "properties": { "@id": "way/527179499", "amenity": null, "building": "house", "name": null, "shop": null, "GEOID": "39049001200" }, "geometry": { "type": "Polygon", "coordinates": [ [ [ -83.0076037, 40.0039552 ], [ -83.0075071, 40.0039507 ], [ -83.0075204, 40.0037828 ], [ -83.0076169, 40.0037873 ], [ -83.0076037, 40.0039552 ] ] ] } },
{ "type": "Feature", "properties": { "@id": "way/527179500", "amenity": null, "building": "house", "name": null, "shop": null, "GEOID": "39049001200" }, "geometry": { "type": "Polygon", "coordinates": [ [ [ -83.0075089, 40.0038246 ], [ -83.0074063, 40.0038183 ], [ -83.0073961, 40.0039148 ], [ -83.0074037, 40.0039153 ], [ -83.0074018, 40.0039336 ], [ -83.0074863, 40.0039388 ], [ -83.0074883, 40.0039198 ], [ -83.0074988, 40.0039205 ], [ -83.0075089, 40.0038246 ] ] ] } },
{ "type": "Feature", "properties": { "@id": "way/527179501", "amenity": null, "building": "house", "name": null, "shop": null, "GEOID": "39049001200" }, "geometry": { "type": "Polygon", "coordinates": [ [ [ -83.0073843, 40.0039311 ], [ -83.007275, 40.0039258 ], [ -83.0072874, 40.0037765 ], [ -83.0073967, 40.0037818 ], [ -83.0073843, 40.0039311 ] ] ] } },
{ "type": "Feature", "properties": { "@id": "way/527179502", "amenity": null, "building": "house", "name": null, "shop": null, "GEOID": "39049001200" }, "geometry": { "type": "Polygon", "coordinates": [ [ [ -83.0071457, 40.0039199 ], [ -83.0071577, 40.0037553 ], [ -83.0072654, 40.0037599 ], [ -83.0072534, 40.0039244 ], [ -83.0071457, 40.0039199 ] ] ] } },
{ "type": "Feature", "properties": { "@id": "way/527179503", "amenity": null, "building": "house", "name": null, "shop": null, "GEOID": "39049001200" }, "geometry": { "type": "Polygon", "coordinates": [ [ [ -83.0070932, 40.0039014 ], [ -83.0069804, 40.0038958 ], [ -83.0069927, 40.0037496 ], [ -83.0071056, 40.0037552 ], [ -83.0070932, 40.0039014 ] ] ] } },
{ "type": "Feature", "properties": { "@id": "way/527179504", "amenity": null, "building": "house", "name": null, "shop": null, "GEOID": "39049001200" }, "geometry": { "type": "Polygon", "coordinates": [ [ [ -83.0068505, 40.003869 ], [ -83.0068622, 40.0037372 ], [ -83.0069679, 40.0037427 ], [ -83.0069561, 40.0038745 ], [ -83.0068505, 40.003869 ] ] ] } },
{ "type": "Feature", "properties": { "@id": "way/527179505", "amenity": null, "building": "house", "name": null, "shop": null, "GEOID": "39049001200" }, "geometry": { "type": "Polygon", "coordinates": [ [ [ -83.0067159, 40.003868 ], [ -83.0067291, 40.0037129 ], [ -83.0068456, 40.0037187 ], [ -83.0068323, 40.0038738 ], [ -83.0067159, 40.003868 ] ] ] } },
{ "type": "Feature", "properties": { "@id": "way/527179506", "amenity": null, "building": "house", "name": null, "shop": null, "GEOID": "39049001200" }, "geometry": { "type": "Polygon", "coordinates": [ [ [ -83.0065871, 40.00386 ], [ -83.0066003, 40.0037049 ], [ -83.0067168, 40.0037108 ], [ -83.0067036, 40.0038659 ], [ -83.0065871, 40.00386 ] ] ] } },
{ "type": "Feature", "properties": { "@id": "way/527179507", "amenity": null, "building": "house", "name": null, "shop": null, "GEOID": "39049001200" }, "geometry": { "type": "Polygon", "coordinates": [ [ [ -83.006461, 40.0038524 ], [ -83.0064727, 40.0037207 ], [ -83.0065784, 40.0037262 ], [ -83.0065666, 40.003858 ], [ -83.006461, 40.0038524 ] ] ] } },
{ "type": "Feature", "properties": { "@id": "way/527179508", "amenity": null, "building": "house", "name": null, "shop": null, "GEOID": "39049001200" }, "geometry": { "type": "Polygon", "coordinates": [ [ [ -83.0063285, 40.0038465 ], [ -83.0063416, 40.0037252 ], [ -83.0064477, 40.0037319 ], [ -83.0064346, 40.0038532 ], [ -83.0063285, 40.0038465 ] ] ] } },
{ "type": "Feature", "properties": { "@id": "way/527179509", "amenity": null, "building": "house", "name": null, "shop": null, "GEOID": "39049001200" }, "geometry": { "type": "Polygon", "coordinates": [ [ [ -83.0061956, 40.0038422 ], [ -83.0062081, 40.0037089 ], [ -83.0063238, 40.0037152 ], [ -83.0063113, 40.0038486 ], [ -83.0061956, 40.0038422 ] ] ] } },
{ "type": "Feature", "properties": { "@id": "way/527179510", "amenity": null, "building": "house", "name": null, "shop": null, "GEOID": "39049001200" }, "geometry": { "type": "Polygon", "coordinates": [ [ [ -83.0060651, 40.003835 ], [ -83.0060752, 40.0037037 ], [ -83.0061957, 40.0037092 ], [ -83.0061856, 40.0038404 ], [ -83.0060651, 40.003835 ] ] ] } },
{ "type": "Feature", "properties": { "@id": "way/527179511", "amenity": null, "building": "house", "name": null, "shop": null, "GEOID": "39049001200" }, "geometry": { "type": "Polygon", "coordinates": [ [ [ -83.0059363, 40.0038259 ], [ -83.0059464, 40.0036947 ], [ -83.0060669, 40.0037001 ], [ -83.0060568, 40.0038314 ], [ -83.0059363, 40.0038259 ] ] ] } },
{ "type": "Feature", "properties": { "@id": "way/527179512", "amenity": null, "building": "house", "name": null, "shop": null, "GEOID": "39049001200" }, "geometry": { "type": "Polygon", "coordinates": [ [ [ -83.0058013, 40.00382 ], [ -83.0058127, 40.0036868 ], [ -83.0059338, 40.0036929 ], [ -83.0059227, 40.0038231 ], [ -83.0059121, 40.0038225 ], [ -83.0059102, 40.0038443 ], [ -83.0058131, 40.0038394 ], [ -83.0058147, 40.0038207 ], [ -83.0058013, 40.00382 ] ] ] } },
{ "type": "Feature", "properties": { "@id": "way/527179513", "amenity": null, "building": "house", "name": null, "shop": null, "GEOID": "39049001200" }, "geometry": { "type": "Polygon", "coordinates": [ [ [ -83.0057836, 40.003839 ], [ -83.0057972, 40.0036694 ], [ -83.0056915, 40.0036645 ], [ -83.0056779, 40.003834 ], [ -83.0057836, 40.003839 ] ] ] } },
{ "type": "Feature", "properties": { "@id": "way/527179514", "amenity": null, "building": "house", "name": null, "shop": null, "GEOID": "39049001200" }, "geometry": { "type": "Polygon", "coordinates": [ [ [ -83.005663, 40.0038386 ], [ -83.0055577, 40.0038359 ], [ -83.0055644, 40.0036823 ], [ -83.0056697, 40.003685 ], [ -83.005663, 40.0038386 ] ] ] } },
{ "type": "Feature", "properties": { "@id": "way/527179515", "amenity": null, "building": "house", "name": null, "shop": null, "GEOID": "39049001200" }, "geometry": { "type": "Polygon", "coordinates": [ [ [ -83.0077862, 40.0035055 ], [ -83.0078855, 40.0035093 ], [ -83.0078998, 40.0032904 ], [ -83.0078005, 40.0032866 ], [ -83.0077862, 40.0035055 ] ] ] } },
{ "type": "Feature", "properties": { "@id": "way/527179516", "amenity": null, "building": "house", "name": null, "shop": null, "GEOID": "39049001200" }, "geometry": { "type": "Polygon", "coordinates": [ [ [ -83.0076652, 40.0034094 ], [ -83.0077448, 40.0034143 ], [ -83.0077612, 40.0032578 ], [ -83.0076815, 40.0032529 ], [ -83.007679, 40.0032765 ], [ -83.0076652, 40.0034094 ] ] ] } },
{ "type": "Feature", "properties": { "@id": "way/527179517", "amenity": null, "building": "house", "name": null, "shop": null, "GEOID": "39049001200" }, "geometry": { "type": "Polygon", "coordinates": [ [ [ -83.0076652, 40.0034094 ], [ -83.0076603, 40.003484 ], [ -83.0075424, 40.0034778 ], [ -83.007561, 40.0032702 ], [ -83.007679, 40.0032765 ], [ -83.0076652, 40.0034094 ] ] ] } },
{ "type": "Feature", "properties": { "@id": "way/527179518", "amenity": null, "building": "house", "name": null, "shop": null, "GEOID": "39049001200" }, "geometry": { "type": "Polygon", "coordinates": [ [ [ -83.0074296, 40.0034228 ], [ -83.0074391, 40.0032775 ], [ -83.0074489, 40.0032779 ], [ -83.0074503, 40.0032566 ], [ -83.0075241, 40.0032594 ], [ -83.007523, 40.0032766 ], [ -83.0075479, 40.0032775 ], [ -83.0075392, 40.0034109 ], [ -83.0075105, 40.0034098 ], [ -83.0075094, 40.0034259 ], [ -83.0074296, 40.0034228 ] ] ] } },
{ "type": "Feature", "properties": { "@id": "way/527179519", "amenity": null, "building": "house", "name": null, "shop": null, "GEOID": "39049001200" }, "geometry": { "type": "Polygon", "coordinates": [ [ [ -83.0073013, 40.0034279 ], [ -83.0073159, 40.0032504 ], [ -83.0074234, 40.0032556 ], [ -83.0074088, 40.0034331 ], [ -83.0073013, 40.0034279 ] ] ] } },
{ "type": "Feature", "properties": { "@id": "way/527179520", "amenity": null, "building": "house", "name": null, "shop": null, "GEOID": "39049001200" }, "geometry": { "type": "Polygon", "coordinates": [ [ [ -83.0071647, 40.0034413 ], [ -83.0071798, 40.0032408 ], [ -83.0072887, 40.0032456 ], [ -83.0072737, 40.0034461 ], [ -83.0071647, 40.0034413 ] ] ] } },
{ "type": "Feature", "properties": { "@id": "way/527179521", "amenity": null, "building": "house", "name": null, "shop": null, "GEOID": "39049001200" }, "geometry": { "type": "Polygon", "coordinates": [ [ [ -83.0071414, 40.0033589 ], [ -83.0070259, 40.0033529 ], [ -83.0070364, 40.0032345 ], [ -83.0071519, 40.0032405 ], [ -83.0071414, 40.0033589 ] ] ] } },
{ "type": "Feature", "properties": { "@id": "way/527179522", "amenity": null, "building": "house", "name": null, "shop": null, "GEOID": "39049001200" }, "geometry": { "type": "Polygon", "coordinates": [ [ [ -83.0069738, 40.0034159 ], [ -83.006979, 40.0033573 ], [ -83.0069936, 40.0033581 ], [ -83.0070033, 40.0032493 ], [ -83.0069947, 40.0032489 ], [ -83.0069967, 40.0032259 ], [ -83.0068685, 40.0032192 ], [ -83.0068566, 40.0033531 ], [ -83.0068735, 40.0033539 ], [ -83.0068684, 40.0034104 ], [ -83.0069738, 40.0034159 ] ] ] } },
{ "type": "Feature", "properties": { "@id": "way/527179523", "amenity": null, "building": "house", "name": null, "shop": null, "GEOID": "39049001200" }, "geometry": { "type": "Polygon", "coordinates": [ [ [ -83.0067155, 40.0033696 ], [ -83.0067244, 40.0032194 ], [ -83.0068528, 40.0032238 ], [ -83.0068453, 40.0033519 ], [ -83.0067894, 40.00335 ], [ -83.0067881, 40.0033721 ], [ -83.0067155, 40.0033696 ] ] ] } },
{ "type": "Feature", "properties": { "@id": "way/527179524", "amenity": null, "building": "house", "name": null, "shop": null, "GEOID": "39049001200" }, "geometry": { "type": "Polygon", "coordinates": [ [ [ -83.0066919, 40.0033529 ], [ -83.0065854, 40.0033482 ], [ -83.0065957, 40.0032107 ], [ -83.0067022, 40.0032153 ], [ -83.0066919, 40.0033529 ] ] ] } },
{ "type": "Feature", "properties": { "@id": "way/527179525", "amenity": null, "building": "house", "name": null, "shop": null, "GEOID": "39049001200" }, "geometry": { "type": "Polygon", "coordinates": [ [ [ -83.0064402, 40.0033473 ], [ -83.0064525, 40.0032036 ], [ -83.0065629, 40.0032091 ], [ -83.0065523, 40.0033328 ], [ -83.0065173, 40.003331 ], [ -83.0065156, 40.0033511 ], [ -83.0064402, 40.0033473 ] ] ] } },
{ "type": "Feature", "properties": { "@id": "way/527179526", "amenity": null, "building": "house", "name": null, "shop": null, "GEOID": "39049001200" }, "geometry": { "type": "Polygon", "coordinates": [ [ [ -83.006278, 40.0033216 ], [ -83.0062845, 40.0032171 ], [ -83.0063141, 40.0032182 ], [ -83.0063152, 40.0031997 ], [ -83.0063976, 40.0032027 ], [ -83.0063965, 40.0032206 ], [ -83.0064234, 40.0032215 ], [ -83.0064169, 40.0033266 ], [ -83.006278, 40.0033216 ] ] ] } },
{ "type": "Feature", "properties": { "@id": "way/527179527", "amenity": null, "building": "house", "name": null, "shop": null, "GEOID": "39049001200" }, "geometry": { "type": "Polygon", "coordinates": [ [ [ -83.0062461, 40.0033449 ], [ -83.0062593, 40.0032101 ], [ -83.0061549, 40.0032041 ], [ -83.0061417, 40.0033389 ], [ -83.0062461, 40.0033449 ] ] ] } },
{ "type": "Feature", "properties": { "@id": "way/527179528", "amenity": null, "building": "house", "name": null, "shop": null, "GEOID": "39049001200" }, "geometry": { "type": "Polygon", "coordinates": [ [ [ -83.0061184, 40.0033813 ], [ -83.0059337, 40.0033713 ], [ -83.0059497, 40.0031959 ], [ -83.0061345, 40.0032058 ], [ -83.0061184, 40.0033813 ] ] ] } },
{ "type": "Feature", "properties": { "@id": "way/527179529", "amenity": null, "building": "house", "name": null, "shop": null, "GEOID": "39049001200" }, "geometry": { "type": "Polygon", "coordinates": [ [ [ -83.0058312, 40.0033034 ], [ -83.0058371, 40.0031921 ], [ -83.0059378, 40.0031952 ], [ -83.0059327, 40.0032924 ], [ -83.0058746, 40.0032906 ], [ -83.0058739, 40.0033047 ], [ -83.0058312, 40.0033034 ] ] ] } },
{ "type": "Feature", "properties": { "@id": "way/527179530", "amenity": null, "building": "house", "name": null, "shop": null, "GEOID": "39049001200" }, "geometry": { "type": "Polygon", "coordinates": [ [ [ -83.0055995, 40.0033095 ], [ -83.0056665, 40.0033136 ], [ -83.0056685, 40.0032949 ], [ -83.0057031, 40.003297 ], [ -83.0057051, 40.0032775 ], [ -83.0057526, 40.0032804 ], [ -83.0057548, 40.0032584 ], [ -83.0057811, 40.00326 ], [ -83.0057847, 40.0032249 ], [ -83.0057583, 40.0032233 ], [ -83.0057644, 40.0031641 ], [ -83.005709, 40.0031607 ], [ -83.0057059, 40.0031912 ], [ -83.0056868, 40.0031901 ], [ -83.0056539, 40.0032065 ], [ -83.0056511, 40.0032333 ], [ -83.0056078, 40.0032306 ], [ -83.0055995, 40.0033095 ] ] ] } },
{ "type": "Feature", "properties": { "@id": "way/527179531", "amenity": null, "building": "house", "name": null, "shop": null, "GEOID": "39049001200" }, "geometry": { "type": "Polygon", "coordinates": [ [ [ -83.0055613, 40.0034639 ], [ -83.0055698, 40.0033694 ], [ -83.005742, 40.0033785 ], [ -83.0057335, 40.003473 ], [ -83.0055613, 40.0034639 ] ] ] } },
{ "type": "Feature", "properties": { "@id": "way/527179533", "amenity": null, "building": "house", "name": null, "shop": null, "GEOID": "39049001200" }, "geometry": { "type": "Polygon", "coordinates": [ [ [ -83.0049914, 40.0038084 ], [ -83.0051347, 40.0038143 ], [ -83.005136, 40.0037963 ], [ -83.0052871, 40.0038026 ], [ -83.0052949, 40.0036919 ], [ -83.0051441, 40.0036856 ], [ -83.0051428, 40.0037045 ], [ -83.0049992, 40.0036985 ], [ -83.0049914, 40.0038084 ] ] ] } },
{ "type": "Feature", "properties": { "@id": "way/536191942", "amenity": null, "building": "house", "name": null, "shop": null, "GEOID": "39049001810" }, "geometry": { "type": "Polygon", "coordinates": [ [ [ -83.007488, 39.9939431 ], [ -83.0076042, 39.993947 ], [ -83.007618, 39.993711 ], [ -83.0075018, 39.993707 ], [ -83.007488, 39.9939431 ] ] ] } },
{ "type": "Feature", "properties": { "@id": "way/536191943", "amenity": null, "building": "house", "name": null, "shop": null, "GEOID": "39049001810" }, "geometry": { "type": "Polygon", "coordinates": [ [ [ -83.0076133, 39.9939776 ], [ -83.0077247, 39.9939817 ], [ -83.0077367, 39.9937903 ], [ -83.0076253, 39.9937862 ], [ -83.0076133, 39.9939776 ] ] ] } },
{ "type": "Feature", "properties": { "@id": "way/536191944", "amenity": null, "building": "house", "name": null, "shop": null, "GEOID": "39049001810" }, "geometry": { "type": "Polygon", "coordinates": [ [ [ -83.0078633, 39.9939895 ], [ -83.0078687, 39.993882 ], [ -83.0078231, 39.9938806 ], [ -83.0078256, 39.9938305 ], [ -83.0077615, 39.9938286 ], [ -83.0077534, 39.9939884 ], [ -83.007762, 39.9939886 ], [ -83.0077609, 39.9940092 ], [ -83.0078529, 39.9940119 ], [ -83.007854, 39.9939892 ], [ -83.0078633, 39.9939895 ] ] ] } },
{ "type": "Feature", "properties": { "@id": "way/536191945", "amenity": null, "building": "house", "name": null, "shop": null, "GEOID": "39049001810" }, "geometry": { "type": "Polygon", "coordinates": [ [ [ -83.0078861, 39.9940144 ], [ -83.0079944, 39.9940192 ], [ -83.0079963, 39.9939936 ], [ -83.0080066, 39.993994 ], [ -83.0080188, 39.9938312 ], [ -83.007892, 39.9938256 ], [ -83.0078795, 39.993992 ], [ -83.0078878, 39.9939924 ], [ -83.0078861, 39.9940144 ] ] ] } },
{ "type": "Feature", "properties": { "@id": "way/536191946", "amenity": null, "building": "house", "name": null, "shop": null, "GEOID": "39049001810" }, "geometry": { "type": "Polygon", "coordinates": [ [ [ -83.0080413, 39.9939979 ], [ -83.0080545, 39.9937895 ], [ -83.0081484, 39.993793 ], [ -83.0081352, 39.9940014 ], [ -83.0080413, 39.9939979 ] ] ] } },
{ "type": "Feature", "properties": { "@id": "way/536191947", "amenity": null, "building": "house", "name": null, "shop": null, "GEOID": "39049001810" }, "geometry": { "type": "Polygon", "coordinates": [ [ [ -83.0081724, 39.9940285 ], [ -83.0082706, 39.9940312 ], [ -83.0082717, 39.9940069 ], [ -83.0082898, 39.9940074 ], [ -83.0082961, 39.9938721 ], [ -83.0082728, 39.9938715 ], [ -83.0082765, 39.9937928 ], [ -83.0081837, 39.9937903 ], [ -83.0081802, 39.9938663 ], [ -83.0081652, 39.9938659 ], [ -83.0081588, 39.9940043 ], [ -83.0081735, 39.9940047 ], [ -83.0081724, 39.9940285 ] ] ] } },
{ "type": "Feature", "properties": { "@id": "way/536191948", "amenity": null, "building": "house", "name": null, "shop": null, "GEOID": "39049001810" }, "geometry": { "type": "Polygon", "coordinates": [ [ [ -83.0084329, 39.994026 ], [ -83.0084467, 39.9938513 ], [ -83.0083716, 39.9938478 ], [ -83.0083677, 39.9938963 ], [ -83.0083079, 39.9938936 ], [ -83.0083042, 39.9939403 ], [ -83.0083239, 39.9939576 ], [ -83.0083209, 39.9939956 ], [ -83.008385, 39.9939986 ], [ -83.008383, 39.9940237 ], [ -83.0084329, 39.994026 ] ] ] } },
{ "type": "Feature", "properties": { "@id": "way/536191949", "amenity": null, "building": "house", "name": null, "shop": null, "GEOID": "39049001810" }, "geometry": { "type": "Polygon", "coordinates": [ [ [ -83.0085795, 39.9940227 ], [ -83.0084652, 39.9940204 ], [ -83.0084691, 39.993904 ], [ -83.0084916, 39.9939044 ], [ -83.0084924, 39.993881 ], [ -83.0085842, 39.9938829 ], [ -83.0085795, 39.9940227 ] ] ] } },
{ "type": "Feature", "properties": { "@id": "way/536191950", "amenity": null, "building": "house", "name": null, "shop": null, "GEOID": "39049001810" }, "geometry": { "type": "Polygon", "coordinates": [ [ [ -83.0087191, 39.9940441 ], [ -83.0086026, 39.9940409 ], [ -83.0086091, 39.9939053 ], [ -83.0087256, 39.9939086 ], [ -83.0087191, 39.9940441 ] ] ] } },
{ "type": "Feature", "properties": { "@id": "way/536191951", "amenity": null, "building": "house", "name": null, "shop": null, "GEOID": "39049001810" }, "geometry": { "type": "Polygon", "coordinates": [ [ [ -83.0088536, 39.9939732 ], [ -83.008866, 39.9937596 ], [ -83.0087521, 39.9937557 ], [ -83.0087397, 39.9939694 ], [ -83.0088536, 39.9939732 ] ] ] } },
{ "type": "Feature", "properties": { "@id": "way/536191952", "amenity": null, "building": "house", "name": null, "shop": null, "GEOID": "39049001810" }, "geometry": { "type": "Polygon", "coordinates": [ [ [ -83.0089016, 39.994026 ], [ -83.0089977, 39.994029 ], [ -83.009009, 39.9938181 ], [ -83.0089129, 39.9938151 ], [ -83.0089016, 39.994026 ] ] ] } },
{ "type": "Feature", "properties": { "@id": "way/536191953", "amenity": null, "building": "house", "name": null, "shop": null, "GEOID": "39049001810" }, "geometry": { "type": "Polygon", "coordinates": [ [ [ -83.0091381, 39.9940494 ], [ -83.0092632, 39.9940537 ], [ -83.0092808, 39.9937583 ], [ -83.0091557, 39.993754 ], [ -83.0091381, 39.9940494 ] ] ] } },
{ "type": "Feature", "properties": { "@id": "way/536191954", "amenity": null, "building": "house", "name": null, "shop": null, "GEOID": "39049001810" }, "geometry": { "type": "Polygon", "coordinates": [ [ [ -83.0094335, 39.993996 ], [ -83.0094375, 39.9939281 ], [ -83.0094259, 39.9939277 ], [ -83.009431, 39.9938405 ], [ -83.0095387, 39.9938442 ], [ -83.0095434, 39.9937625 ], [ -83.0092968, 39.9937541 ], [ -83.0092851, 39.993955 ], [ -83.0093019, 39.9939556 ], [ -83.0092998, 39.9939914 ], [ -83.0094335, 39.993996 ] ] ] } },
{ "type": "Feature", "properties": { "@id": "way/536191955", "amenity": null, "building": "house", "name": null, "shop": null, "GEOID": "39049001810" }, "geometry": { "type": "Polygon", "coordinates": [ [ [ -83.0094552, 39.9940779 ], [ -83.0094623, 39.9939263 ], [ -83.0095602, 39.993929 ], [ -83.009553, 39.9940806 ], [ -83.0094552, 39.9940779 ] ] ] } },
{ "type": "Feature", "properties": { "@id": "way/536191957", "amenity": null, "building": "house", "name": null, "shop": null, "GEOID": "39049001810" }, "geometry": { "type": "Polygon", "coordinates": [ [ [ -83.0098971, 39.9939346 ], [ -83.0098939, 39.9940879 ], [ -83.009769, 39.9940864 ], [ -83.0097722, 39.9939331 ], [ -83.0098971, 39.9939346 ] ] ] } },
{ "type": "Feature", "properties": { "@id": "way/536191958", "amenity": null, "building": "house", "name": null, "shop": null, "GEOID": "39049001810" }, "geometry": { "type": "Polygon", "coordinates": [ [ [ -83.0099153, 39.9940702 ], [ -83.0099216, 39.9939638 ], [ -83.0100434, 39.9939681 ], [ -83.010037, 39.9940744 ], [ -83.0099153, 39.9940702 ] ] ] } },
{ "type": "Feature", "properties": { "@id": "way/536191959", "amenity": null, "building": "house", "name": null, "shop": null, "GEOID": "39049001810" }, "geometry": { "type": "Polygon", "coordinates": [ [ [ -83.0100466, 39.9940734 ], [ -83.0100529, 39.9939671 ], [ -83.0101747, 39.9939713 ], [ -83.0101684, 39.9940777 ], [ -83.0100466, 39.9940734 ] ] ] } },
{ "type": "Feature", "properties": { "@id": "way/536191960", "amenity": null, "building": "house", "name": null, "shop": null, "GEOID": "39049001810" }, "geometry": { "type": "Polygon", "coordinates": [ [ [ -83.0101806, 39.9940746 ], [ -83.0102895, 39.9940788 ], [ -83.0103027, 39.9938752 ], [ -83.0101938, 39.9938711 ], [ -83.0101806, 39.9940746 ] ] ] } },
{ "type": "Feature", "properties": { "@id": "way/536191961", "amenity": null, "building": "house", "name": null, "shop": null, "GEOID": "39049001810" }, "geometry": { "type": "Polygon", "coordinates": [ [ [ -83.0103169, 39.9940834 ], [ -83.0104258, 39.9940875 ], [ -83.010439, 39.9938839 ], [ -83.0103301, 39.9938798 ], [ -83.0103169, 39.9940834 ] ] ] } },
{ "type": "Feature", "properties": { "@id": "way/536191962", "amenity": null, "building": "house", "name": null, "shop": null, "GEOID": "39049001810" }, "geometry": { "type": "Polygon", "coordinates": [ [ [ -83.0105537, 39.9941131 ], [ -83.0104594, 39.9941104 ], [ -83.0104603, 39.9940914 ], [ -83.0104475, 39.994091 ], [ -83.0104556, 39.9939228 ], [ -83.0105775, 39.9939263 ], [ -83.0105692, 39.9940987 ], [ -83.0105544, 39.9940983 ], [ -83.0105537, 39.9941131 ] ] ] } },
{ "type": "Feature", "properties": { "@id": "way/536191963", "amenity": null, "building": "house", "name": null, "shop": null, "GEOID": "39049001810" }, "geometry": { "type": "Polygon", "coordinates": [ [ [ -83.0106109, 39.994127 ], [ -83.0106223, 39.993942 ], [ -83.0107072, 39.9939451 ], [ -83.0106978, 39.9940981 ], [ -83.0106838, 39.9940976 ], [ -83.0106819, 39.9941295 ], [ -83.0106109, 39.994127 ] ] ] } },
{ "type": "Feature", "properties": { "@id": "way/536191965", "amenity": null, "building": "house", "name": null, "shop": null, "GEOID": "39049001810" }, "geometry": { "type": "Polygon", "coordinates": [ [ [ -83.0107194, 39.99391 ], [ -83.0108517, 39.9939149 ], [ -83.0108555, 39.9938552 ], [ -83.0107232, 39.9938502 ], [ -83.0107194, 39.99391 ] ] ] } },
{ "type": "Feature", "properties": { "@id": "way/536191966", "amenity": null, "building": "house", "name": null, "shop": null, "GEOID": "39049001810" }, "geometry": { "type": "Polygon", "coordinates": [ [ [ -83.0107277, 39.9937658 ], [ -83.0108559, 39.9937727 ], [ -83.0108613, 39.9937128 ], [ -83.0107331, 39.9937059 ], [ -83.0107277, 39.9937658 ] ] ] } },
{ "type": "Feature", "properties": { "@id": "way/536191967", "amenity": null, "building": "house", "name": null, "shop": null, "GEOID": "39049001810" }, "geometry": { "type": "Polygon", "coordinates": [ [ [ -83.0105954, 39.9937711 ], [ -83.0105977, 39.9936984 ], [ -83.0106931, 39.9937001 ], [ -83.0106908, 39.9937729 ], [ -83.0105954, 39.9937711 ] ] ] } },
{ "type": "Feature", "properties": { "@id": "way/536191968", "amenity": null, "building": "house", "name": null, "shop": null, "GEOID": "39049001810" }, "geometry": { "type": "Polygon", "coordinates": [ [ [ -83.0105905, 39.9936998 ], [ -83.0104613, 39.9936958 ], [ -83.0104571, 39.993775 ], [ -83.0105864, 39.993779 ], [ -83.0105905, 39.9936998 ] ] ] } },
{ "type": "Feature", "properties": { "@id": "way/536191969", "amenity": null, "building": "house", "name": null, "shop": null, "GEOID": "39049001810" }, "geometry": { "type": "Polygon", "coordinates": [ [ [ -83.010187, 39.9938601 ], [ -83.010056, 39.9938551 ], [ -83.0100671, 39.9936846 ], [ -83.0101982, 39.9936896 ], [ -83.010187, 39.9938601 ] ] ] } },
{ "type": "Feature", "properties": { "@id": "way/536191970", "amenity": null, "building": "house", "name": null, "shop": null, "GEOID": "39049001810" }, "geometry": { "type": "Polygon", "coordinates": [ [ [ -83.0099966, 39.9937782 ], [ -83.0100018, 39.9936833 ], [ -83.009806, 39.9936771 ], [ -83.0098008, 39.993772 ], [ -83.0099966, 39.9937782 ] ] ] } },
{ "type": "Feature", "properties": { "@id": "way/536192001", "amenity": null, "building": "house", "name": null, "shop": null, "GEOID": "39049001810" }, "geometry": { "type": "Polygon", "coordinates": [ [ [ -83.01149, 39.9935265 ], [ -83.0115047, 39.9932959 ], [ -83.0113967, 39.9932919 ], [ -83.011382, 39.9935225 ], [ -83.01149, 39.9935265 ] ] ] } },
{ "type": "Feature", "properties": { "@id": "way/536192002", "amenity": null, "building": "house", "name": null, "shop": null, "GEOID": "39049001810" }, "geometry": { "type": "Polygon", "coordinates": [ [ [ -83.0113751, 39.9932896 ], [ -83.0112711, 39.9932844 ], [ -83.0112518, 39.9935133 ], [ -83.0113558, 39.9935184 ], [ -83.0113751, 39.9932896 ] ] ] } },
{ "type": "Feature", "properties": { "@id": "way/536192003", "amenity": null, "building": "house", "name": null, "shop": null, "GEOID": "39049001810" }, "geometry": { "type": "Polygon", "coordinates": [ [ [ -83.0112378, 39.9936674 ], [ -83.0112449, 39.993576 ], [ -83.0110824, 39.9935685 ], [ -83.0110752, 39.99366 ], [ -83.0112378, 39.9936674 ] ] ] } },
{ "type": "Feature", "properties": { "@id": "way/536192004", "amenity": null, "building": "house", "name": null, "shop": null, "GEOID": "39049001810" }, "geometry": { "type": "Polygon", "coordinates": [ [ [ -83.0112296, 39.9932637 ], [ -83.0112165, 39.9934197 ], [ -83.0110993, 39.9934139 ], [ -83.0111124, 39.993258 ], [ -83.0112296, 39.9932637 ] ] ] } },
{ "type": "Feature", "properties": { "@id": "way/536192005", "amenity": null, "building": "house", "name": null, "shop": null, "GEOID": "39049001810" }, "geometry": { "type": "Polygon", "coordinates": [ [ [ -83.0108594, 39.9936505 ], [ -83.0108691, 39.9934941 ], [ -83.0107583, 39.9934901 ], [ -83.0107486, 39.9936465 ], [ -83.0108594, 39.9936505 ] ] ] } },
{ "type": "Feature", "properties": { "@id": "way/536192006", "amenity": null, "building": "house", "name": null, "shop": null, "GEOID": "39049001810" }, "geometry": { "type": "Polygon", "coordinates": [ [ [ -83.0107593, 39.9934422 ], [ -83.0107679, 39.9932687 ], [ -83.0108327, 39.9932706 ], [ -83.0108319, 39.9932868 ], [ -83.0108773, 39.9932881 ], [ -83.0108695, 39.9934454 ], [ -83.0107593, 39.9934422 ] ] ] } },
{ "type": "Feature", "properties": { "@id": "way/536192007", "amenity": null, "building": "house", "name": null, "shop": null, "GEOID": "39049001810" }, "geometry": { "type": "Polygon", "coordinates": [ [ [ -83.0107474, 39.9934168 ], [ -83.0106526, 39.9934123 ], [ -83.0106642, 39.9932673 ], [ -83.010759, 39.9932718 ], [ -83.0107474, 39.9934168 ] ] ] } },
{ "type": "Feature", "properties": { "@id": "way/536192008", "amenity": null, "building": "house", "name": null, "shop": null, "GEOID": "39049001810" }, "geometry": { "type": "Polygon", "coordinates": [ [ [ -83.0106093, 39.9933355 ], [ -83.0105925, 39.9935532 ], [ -83.01048, 39.9935481 ], [ -83.0104968, 39.9933304 ], [ -83.0106093, 39.9933355 ] ] ] } },
{ "type": "Feature", "properties": { "@id": "way/536192009", "amenity": null, "building": "house", "name": null, "shop": null, "GEOID": "39049001810" }, "geometry": { "type": "Polygon", "coordinates": [ [ [ -83.0103565, 39.993492 ], [ -83.0103697, 39.9932668 ], [ -83.0104793, 39.9932706 ], [ -83.0104661, 39.9934957 ], [ -83.0103565, 39.993492 ] ] ] } },
{ "type": "Feature", "properties": { "@id": "way/536192011", "amenity": null, "building": "house", "name": null, "shop": null, "GEOID": "39049001810" }, "geometry": { "type": "Polygon", "coordinates": [ [ [ -83.0102232, 39.9934599 ], [ -83.0102349, 39.993255 ], [ -83.0103466, 39.9932587 ], [ -83.0103349, 39.9934637 ], [ -83.0102232, 39.9934599 ] ] ] } },
{ "type": "Feature", "properties": { "@id": "way/536192012", "amenity": null, "building": "house", "name": null, "shop": null, "GEOID": "39049001810" }, "geometry": { "type": "Polygon", "coordinates": [ [ [ -83.0102, 39.9934703 ], [ -83.0100951, 39.9934657 ], [ -83.0101126, 39.9932307 ], [ -83.0102175, 39.9932352 ], [ -83.0102, 39.9934703 ] ] ] } },
{ "type": "Feature", "properties": { "@id": "way/536192014", "amenity": null, "building": "house", "name": null, "shop": null, "GEOID": "39049001810" }, "geometry": { "type": "Polygon", "coordinates": [ [ [ -83.0098444, 39.9934021 ], [ -83.0098528, 39.9932407 ], [ -83.0099497, 39.9932437 ], [ -83.0099428, 39.9933764 ], [ -83.0099203, 39.9933758 ], [ -83.0099188, 39.9934044 ], [ -83.0098444, 39.9934021 ] ] ] } },
{ "type": "Feature", "properties": { "@id": "way/536192015", "amenity": null, "building": "house", "name": null, "shop": null, "GEOID": "39049001810" }, "geometry": { "type": "Polygon", "coordinates": [ [ [ -83.0095791, 39.9936385 ], [ -83.0095837, 39.9935557 ], [ -83.0094076, 39.99355 ], [ -83.009403, 39.9936327 ], [ -83.0095791, 39.9936385 ] ] ] } },
{ "type": "Feature", "properties": { "@id": "way/536192018", "amenity": null, "building": "house", "name": null, "shop": null, "GEOID": "39049001810" }, "geometry": { "type": "Polygon", "coordinates": [ [ [ -83.0091202, 39.9934924 ], [ -83.0091389, 39.993219 ], [ -83.0092486, 39.9932234 ], [ -83.00923, 39.9934968 ], [ -83.0091202, 39.9934924 ] ] ] } },
{ "type": "Feature", "properties": { "@id": "way/536192022", "amenity": null, "building": "house", "name": null, "shop": null, "GEOID": "39049001810" }, "geometry": { "type": "Polygon", "coordinates": [ [ [ -83.0085726, 39.9935725 ], [ -83.0085789, 39.993492 ], [ -83.008652, 39.9934953 ], [ -83.0086457, 39.9935759 ], [ -83.0085726, 39.9935725 ] ] ] } },
{ "type": "Feature", "properties": { "@id": "way/536192023", "amenity": null, "building": "house", "name": null, "shop": null, "GEOID": "39049001810" }, "geometry": { "type": "Polygon", "coordinates": [ [ [ -83.0084285, 39.9935915 ], [ -83.0084349, 39.9935116 ], [ -83.008306, 39.9935055 ], [ -83.0082996, 39.9935855 ], [ -83.0084285, 39.9935915 ] ] ] } },
{ "type": "Feature", "properties": { "@id": "way/536192025", "amenity": null, "building": "house", "name": null, "shop": null, "GEOID": "39049001810" }, "geometry": { "type": "Polygon", "coordinates": [ [ [ -83.0087012, 39.9933619 ], [ -83.0087089, 39.9931985 ], [ -83.008624, 39.9931962 ], [ -83.0086163, 39.9933595 ], [ -83.0087012, 39.9933619 ] ] ] } },
{ "type": "Feature", "properties": { "@id": "way/537575904", "amenity": null, "building": "house", "name": null, "shop": null, "GEOID": "39049001110" }, "geometry": { "type": "Polygon", "coordinates": [ [ [ -83.0163508, 40.0066524 ], [ -83.016344, 40.0067604 ], [ -83.0163203, 40.0067595 ], [ -83.0163193, 40.0067748 ], [ -83.0162441, 40.0067721 ], [ -83.016252, 40.006669 ], [ -83.0162688, 40.0066702 ], [ -83.0162701, 40.0066494 ], [ -83.0162809, 40.0066498 ], [ -83.0163472, 40.0066522 ], [ -83.0163508, 40.0066524 ] ] ] } },
{ "type": "Feature", "properties": { "@id": "way/537575905", "amenity": null, "building": "house", "name": null, "shop": null, "GEOID": "39049001110" }, "geometry": { "type": "Polygon", "coordinates": [ [ [ -83.0163222, 40.0065766 ], [ -83.0163231, 40.0065642 ], [ -83.0163542, 40.0065655 ], [ -83.0163612, 40.0064596 ], [ -83.0162665, 40.0064559 ], [ -83.0162587, 40.0065741 ], [ -83.0162858, 40.0065751 ], [ -83.0163222, 40.0065766 ] ] ] } },
{ "type": "Feature", "properties": { "@id": "way/537575911", "amenity": null, "building": "house", "name": null, "shop": null, "GEOID": "39049001110" }, "geometry": { "type": "Polygon", "coordinates": [ [ [ -83.014348, 40.0070911 ], [ -83.0143528, 40.0070048 ], [ -83.0145679, 40.0070119 ], [ -83.0145628, 40.0070982 ], [ -83.014348, 40.0070911 ] ] ] } },
{ "type": "Feature", "properties": { "@id": "way/537575912", "amenity": null, "building": "house", "name": null, "shop": null, "GEOID": "39049001110" }, "geometry": { "type": "Polygon", "coordinates": [ [ [ -83.0143531, 40.0069859 ], [ -83.0143589, 40.0068971 ], [ -83.0145639, 40.0069049 ], [ -83.0145582, 40.0069937 ], [ -83.0143531, 40.0069859 ] ] ] } },
{ "type": "Feature", "properties": { "@id": "way/537575913", "amenity": null, "building": "house", "name": null, "shop": null, "GEOID": "39049001110" }, "geometry": { "type": "Polygon", "coordinates": [ [ [ -83.014375, 40.0068827 ], [ -83.0143799, 40.0068067 ], [ -83.0145902, 40.0068148 ], [ -83.0145853, 40.0068908 ], [ -83.014375, 40.0068827 ] ] ] } },
{ "type": "Feature", "properties": { "@id": "way/537575920", "amenity": null, "building": "house", "name": null, "shop": null, "GEOID": "39049001110" }, "geometry": { "type": "Polygon", "coordinates": [ [ [ -83.0165939, 40.0072953 ], [ -83.0166019, 40.007174 ], [ -83.0166897, 40.0071774 ], [ -83.0166823, 40.0072985 ], [ -83.0165939, 40.0072953 ] ] ] } },
{ "type": "Feature", "properties": { "@id": "way/539545961", "amenity": null, "building": "house", "name": null, "shop": null, "GEOID": "39049001810" }, "geometry": { "type": "Polygon", "coordinates": [ [ [ -83.0139674, 39.9930048 ], [ -83.0139498, 39.9929133 ], [ -83.0137015, 39.992941 ], [ -83.0137183, 39.9930345 ], [ -83.0139674, 39.9930048 ] ] ] } },
{ "type": "Feature", "properties": { "@id": "way/539545963", "amenity": null, "building": "house", "name": null, "shop": null, "GEOID": "39049001810" }, "geometry": { "type": "Polygon", "coordinates": [ [ [ -83.0139489, 39.9929024 ], [ -83.0139307, 39.9927992 ], [ -83.0136656, 39.9928266 ], [ -83.0136838, 39.9929298 ], [ -83.0139489, 39.9929024 ] ] ] } },
{ "type": "Feature", "properties": { "@id": "way/539545965", "amenity": null, "building": "house", "name": null, "shop": null, "GEOID": "39049001810" }, "geometry": { "type": "Polygon", "coordinates": [ [ [ -83.0139578, 39.9927818 ], [ -83.013676, 39.9928181 ], [ -83.0136573, 39.9927327 ], [ -83.0139391, 39.9926965 ], [ -83.0139578, 39.9927818 ] ] ] } },
{ "type": "Feature", "properties": { "@id": "way/539545967", "amenity": null, "building": "house", "name": null, "shop": null, "GEOID": "39049001810" }, "geometry": { "type": "Polygon", "coordinates": [ [ [ -83.0139028, 39.9926836 ], [ -83.0138825, 39.9925869 ], [ -83.0137462, 39.9926036 ], [ -83.0137664, 39.9927003 ], [ -83.0139028, 39.9926836 ] ] ] } },
{ "type": "Feature", "properties": { "@id": "way/539545969", "amenity": null, "building": "house", "name": null, "shop": null, "GEOID": "39049001810" }, "geometry": { "type": "Polygon", "coordinates": [ [ [ -83.0138759, 39.9925787 ], [ -83.0135389, 39.9926166 ], [ -83.0135201, 39.9925189 ], [ -83.0138572, 39.992481 ], [ -83.0138759, 39.9925787 ] ] ] } },
{ "type": "Feature", "properties": { "@id": "way/539545970", "amenity": null, "building": "house", "name": null, "shop": null, "GEOID": "39049001810" }, "geometry": { "type": "Polygon", "coordinates": [ [ [ -83.0138858, 39.9924662 ], [ -83.0138687, 39.9923843 ], [ -83.0136544, 39.9924105 ], [ -83.0136715, 39.9924924 ], [ -83.0138858, 39.9924662 ] ] ] } },
{ "type": "Feature", "properties": { "@id": "way/539545972", "amenity": null, "building": "house", "name": null, "shop": null, "GEOID": "39049001810" }, "geometry": { "type": "Polygon", "coordinates": [ [ [ -83.013864, 39.9923574 ], [ -83.0138409, 39.9922578 ], [ -83.0136394, 39.9922851 ], [ -83.0136624, 39.9923847 ], [ -83.013864, 39.9923574 ] ] ] } },
{ "type": "Feature", "properties": { "@id": "way/539716550", "amenity": null, "building": "house", "name": null, "shop": null, "GEOID": "39049001810" }, "geometry": { "type": "Polygon", "coordinates": [ [ [ -83.0120697, 39.9930763 ], [ -83.012079, 39.9929393 ], [ -83.012188, 39.9929436 ], [ -83.0121807, 39.993051 ], [ -83.0121254, 39.9930488 ], [ -83.0121233, 39.9930784 ], [ -83.0120697, 39.9930763 ] ] ] } },
{ "type": "Feature", "properties": { "@id": "way/545068219", "amenity": null, "building": "house", "name": null, "shop": null, "GEOID": "39049001000" }, "geometry": { "type": "Polygon", "coordinates": [ [ [ -83.0058808, 40.012908 ], [ -83.0057728, 40.0129247 ], [ -83.0057365, 40.0127866 ], [ -83.0057443, 40.0127854 ], [ -83.0057401, 40.0127696 ], [ -83.0057842, 40.0127628 ], [ -83.0057871, 40.012774 ], [ -83.0058433, 40.0127654 ], [ -83.0058808, 40.012908 ] ] ] } },
{ "type": "Feature", "properties": { "@id": "way/545068220", "amenity": null, "building": "house", "name": null, "shop": null, "GEOID": "39049001000" }, "geometry": { "type": "Polygon", "coordinates": [ [ [ -83.0058706, 40.0127684 ], [ -83.0059037, 40.0129064 ], [ -83.006015, 40.0128907 ], [ -83.0059819, 40.0127527 ], [ -83.0058706, 40.0127684 ] ] ] } },
{ "type": "Feature", "properties": { "@id": "way/545068221", "amenity": null, "building": "house", "name": null, "shop": null, "GEOID": "39049001000" }, "geometry": { "type": "Polygon", "coordinates": [ [ [ -83.0057067, 40.0129205 ], [ -83.0056398, 40.0129303 ], [ -83.0056351, 40.0129115 ], [ -83.0056017, 40.0129164 ], [ -83.0055837, 40.0128444 ], [ -83.005684, 40.0128297 ], [ -83.0057067, 40.0129205 ] ] ] } },
{ "type": "Feature", "properties": { "@id": "way/545068223", "amenity": null, "building": "house", "name": null, "shop": null, "GEOID": "39049001000" }, "geometry": { "type": "Polygon", "coordinates": [ [ [ -83.0059984, 40.012751 ], [ -83.006033, 40.0128845 ], [ -83.00614, 40.0128682 ], [ -83.0061054, 40.0127347 ], [ -83.0059984, 40.012751 ] ] ] } },
{ "type": "Feature", "properties": { "@id": "way/545325233", "amenity": null, "building": "house", "name": null, "shop": null, "GEOID": "39049001000" }, "geometry": { "type": "Polygon", "coordinates": [ [ [ -83.0062705, 40.0128535 ], [ -83.0062089, 40.0128649 ], [ -83.0061586, 40.0127047 ], [ -83.0062638, 40.0126853 ], [ -83.0062825, 40.0127447 ], [ -83.0063057, 40.0127404 ], [ -83.0063207, 40.0127883 ], [ -83.0062972, 40.0127926 ], [ -83.0063058, 40.0128198 ], [ -83.0062624, 40.0128278 ], [ -83.0062705, 40.0128535 ] ] ] } },
{ "type": "Feature", "properties": { "@id": "way/545325234", "amenity": null, "building": "house", "name": null, "shop": null, "GEOID": "39049001000" }, "geometry": { "type": "Polygon", "coordinates": [ [ [ -83.0062726, 40.0126145 ], [ -83.0060858, 40.0126402 ], [ -83.0060653, 40.0125526 ], [ -83.006252, 40.0125269 ], [ -83.0062726, 40.0126145 ] ] ] } },
{ "type": "Feature", "properties": { "@id": "way/545325235", "amenity": null, "building": "house", "name": null, "shop": null, "GEOID": "39049001000" }, "geometry": { "type": "Polygon", "coordinates": [ [ [ -83.0060353, 40.0124613 ], [ -83.006057, 40.012545 ], [ -83.0062449, 40.0125163 ], [ -83.0062232, 40.0124327 ], [ -83.0060353, 40.0124613 ] ] ] } },
{ "type": "Feature", "properties": { "@id": "way/545325238", "amenity": null, "building": "house", "name": null, "shop": null, "GEOID": "39049001000" }, "geometry": { "type": "Polygon", "coordinates": [ [ [ -83.0055883, 40.0129375 ], [ -83.0055773, 40.0129394 ], [ -83.0055823, 40.0129569 ], [ -83.0055122, 40.0129686 ], [ -83.0055079, 40.0129535 ], [ -83.0054989, 40.012955 ], [ -83.0054754, 40.0128723 ], [ -83.0055654, 40.0128572 ], [ -83.0055883, 40.0129375 ] ] ] } },
{ "type": "Feature", "properties": { "@id": "way/545325239", "amenity": null, "building": "house", "name": null, "shop": null, "GEOID": "39049001000" }, "geometry": { "type": "Polygon", "coordinates": [ [ [ -83.0054931, 40.0129774 ], [ -83.0054636, 40.0128736 ], [ -83.0053722, 40.0128888 ], [ -83.0054017, 40.0129926 ], [ -83.0054931, 40.0129774 ] ] ] } },
{ "type": "Feature", "properties": { "@id": "way/545326096", "amenity": null, "building": "house", "name": null, "shop": null, "GEOID": "39049001000" }, "geometry": { "type": "Polygon", "coordinates": [ [ [ -83.0053772, 40.0129736 ], [ -83.0052713, 40.0129907 ], [ -83.0052366, 40.012865 ], [ -83.0053425, 40.0128479 ], [ -83.0053772, 40.0129736 ] ] ] } },
{ "type": "Feature", "properties": { "@id": "way/545326098", "amenity": null, "building": "house", "name": null, "shop": null, "GEOID": "39049001000" }, "geometry": { "type": "Polygon", "coordinates": [ [ [ -83.0052655, 40.0129916 ], [ -83.0051483, 40.01301 ], [ -83.0051167, 40.0128919 ], [ -83.0052339, 40.0128734 ], [ -83.0052655, 40.0129916 ] ] ] } },
{ "type": "Feature", "properties": { "@id": "way/545326099", "amenity": null, "building": "house", "name": null, "shop": null, "GEOID": "39049001000" }, "geometry": { "type": "Polygon", "coordinates": [ [ [ -83.0051411, 40.0130102 ], [ -83.0050365, 40.0130262 ], [ -83.0050055, 40.0129075 ], [ -83.0051101, 40.0128915 ], [ -83.0051411, 40.0130102 ] ] ] } },
{ "type": "Feature", "properties": { "@id": "way/545326100", "amenity": null, "building": "house", "name": null, "shop": null, "GEOID": "39049001000" }, "geometry": { "type": "Polygon", "coordinates": [ [ [ -83.0050315, 40.0130271 ], [ -83.0049185, 40.0130452 ], [ -83.0048869, 40.0129292 ], [ -83.0049998, 40.0129112 ], [ -83.0050315, 40.0130271 ] ] ] } },
{ "type": "Feature", "properties": { "@id": "way/545326102", "amenity": null, "building": "house", "name": null, "shop": null, "GEOID": "39049001000" }, "geometry": { "type": "Polygon", "coordinates": [ [ [ -83.0049078, 40.0130461 ], [ -83.0048046, 40.0130627 ], [ -83.004771, 40.0129401 ], [ -83.0048742, 40.0129235 ], [ -83.0049078, 40.0130461 ] ] ] } },
{ "type": "Feature", "properties": { "@id": "way/545326103", "amenity": null, "building": "house", "name": null, "shop": null, "GEOID": "39049001000" }, "geometry": { "type": "Polygon", "coordinates": [ [ [ -83.0049795, 40.0128037 ], [ -83.0048108, 40.0128342 ], [ -83.0047853, 40.0127516 ], [ -83.004954, 40.0127211 ], [ -83.0049795, 40.0128037 ] ] ] } },
{ "type": "Feature", "properties": { "@id": "way/545326105", "amenity": null, "building": "house", "name": null, "shop": null, "GEOID": "39049001000" }, "geometry": { "type": "Polygon", "coordinates": [ [ [ -83.0049523, 40.0127146 ], [ -83.0047751, 40.0127463 ], [ -83.0047511, 40.0126677 ], [ -83.0049283, 40.012636 ], [ -83.0049523, 40.0127146 ] ] ] } },
{ "type": "Feature", "properties": { "@id": "way/545326106", "amenity": null, "building": "house", "name": null, "shop": null, "GEOID": "39049001000" }, "geometry": { "type": "Polygon", "coordinates": [ [ [ -83.0058158, 40.0124324 ], [ -83.0056655, 40.0124573 ], [ -83.0056442, 40.0123819 ], [ -83.0057946, 40.0123571 ], [ -83.0058158, 40.0124324 ] ] ] } },
{ "type": "Feature", "properties": { "@id": "way/545326108", "amenity": null, "building": "house", "name": null, "shop": null, "GEOID": "39049001000" }, "geometry": { "type": "Polygon", "coordinates": [ [ [ -83.0056182, 40.0122523 ], [ -83.0056373, 40.0123259 ], [ -83.0057759, 40.0123049 ], [ -83.0057568, 40.0122312 ], [ -83.0056182, 40.0122523 ] ] ] } },
{ "type": "Feature", "properties": { "@id": "way/545326109", "amenity": null, "building": "house", "name": null, "shop": null, "GEOID": "39049001000" }, "geometry": { "type": "Polygon", "coordinates": [ [ [ -83.0055801, 40.0121613 ], [ -83.0055985, 40.0122304 ], [ -83.0056868, 40.0122167 ], [ -83.0056919, 40.0122359 ], [ -83.0057238, 40.0122309 ], [ -83.0057192, 40.0122137 ], [ -83.0057425, 40.0122101 ], [ -83.0057337, 40.012177 ], [ -83.0057137, 40.0121801 ], [ -83.0057036, 40.012142 ], [ -83.0055801, 40.0121613 ] ] ] } },
{ "type": "Feature", "properties": { "@id": "way/545326110", "amenity": null, "building": "house", "name": null, "shop": null, "GEOID": "39049001000" }, "geometry": { "type": "Polygon", "coordinates": [ [ [ -83.0055564, 40.0120627 ], [ -83.0055748, 40.0121318 ], [ -83.005663, 40.012118 ], [ -83.0056681, 40.0121372 ], [ -83.0057001, 40.0121322 ], [ -83.0056955, 40.0121151 ], [ -83.0057188, 40.0121115 ], [ -83.00571, 40.0120784 ], [ -83.00569, 40.0120815 ], [ -83.0056799, 40.0120434 ], [ -83.0055564, 40.0120627 ] ] ] } },
{ "type": "Feature", "properties": { "@id": "way/545326111", "amenity": null, "building": "house", "name": null, "shop": null, "GEOID": "39049001000" }, "geometry": { "type": "Polygon", "coordinates": [ [ [ -83.0054783, 40.0122507 ], [ -83.0053036, 40.0122756 ], [ -83.0052863, 40.0122044 ], [ -83.005461, 40.0121795 ], [ -83.0054783, 40.0122507 ] ] ] } },
{ "type": "Feature", "properties": { "@id": "way/545326112", "amenity": null, "building": "house", "name": null, "shop": null, "GEOID": "39049001000" }, "geometry": { "type": "Polygon", "coordinates": [ [ [ -83.0054539, 40.0121735 ], [ -83.0052792, 40.0121984 ], [ -83.0052619, 40.0121272 ], [ -83.0054366, 40.0121023 ], [ -83.0054539, 40.0121735 ] ] ] } },
{ "type": "Feature", "properties": { "@id": "way/545326113", "amenity": null, "building": "house", "name": null, "shop": null, "GEOID": "39049001000" }, "geometry": { "type": "Polygon", "coordinates": [ [ [ -83.0054263, 40.0120953 ], [ -83.0052516, 40.0121202 ], [ -83.0052343, 40.012049 ], [ -83.005409, 40.0120241 ], [ -83.0054263, 40.0120953 ] ] ] } },
{ "type": "Feature", "properties": { "@id": "way/545326114", "amenity": null, "building": "house", "name": null, "shop": null, "GEOID": "39049001000" }, "geometry": { "type": "Polygon", "coordinates": [ [ [ -83.004917, 40.0125653 ], [ -83.0047423, 40.0125902 ], [ -83.0047222, 40.0125096 ], [ -83.0048988, 40.0124847 ], [ -83.004917, 40.0125653 ] ] ] } },
{ "type": "Feature", "properties": { "@id": "way/545326115", "amenity": null, "building": "house", "name": null, "shop": null, "GEOID": "39049001000" }, "geometry": { "type": "Polygon", "coordinates": [ [ [ -83.0047728, 40.0121932 ], [ -83.0046596, 40.0122107 ], [ -83.0046412, 40.012141 ], [ -83.0047543, 40.0121235 ], [ -83.0047728, 40.0121932 ] ] ] } },
{ "type": "Feature", "properties": { "@id": "way/545326117", "amenity": null, "building": "house", "name": null, "shop": null, "GEOID": "39049001000" }, "geometry": { "type": "Polygon", "coordinates": [ [ [ -83.0054894, 40.0124552 ], [ -83.0052684, 40.0124895 ], [ -83.0052494, 40.0124174 ], [ -83.0054704, 40.0123831 ], [ -83.0054894, 40.0124552 ] ] ] } },
{ "type": "Feature", "properties": { "@id": "way/545326119", "amenity": null, "building": "house", "name": null, "shop": null, "GEOID": "39049001000" }, "geometry": { "type": "Polygon", "coordinates": [ [ [ -83.006205, 40.0123684 ], [ -83.0060469, 40.0123932 ], [ -83.0060429, 40.0123784 ], [ -83.0060014, 40.0123849 ], [ -83.0059824, 40.012314 ], [ -83.0061821, 40.0122827 ], [ -83.006205, 40.0123684 ] ] ] } },
{ "type": "Feature", "properties": { "@id": "way/545326120", "amenity": null, "building": "house", "name": null, "shop": null, "GEOID": "39049001000" }, "geometry": { "type": "Polygon", "coordinates": [ [ [ -83.0061687, 40.0122575 ], [ -83.0059955, 40.0122834 ], [ -83.0059746, 40.0122012 ], [ -83.0061478, 40.0121754 ], [ -83.0061687, 40.0122575 ] ] ] } },
{ "type": "Feature", "properties": { "@id": "way/545326121", "amenity": null, "building": "house", "name": null, "shop": null, "GEOID": "39049001000" }, "geometry": { "type": "Polygon", "coordinates": [ [ [ -83.0061446, 40.0121611 ], [ -83.0059714, 40.0121847 ], [ -83.0059511, 40.0120974 ], [ -83.0061244, 40.0120738 ], [ -83.0061446, 40.0121611 ] ] ] } },
{ "type": "Feature", "properties": { "@id": "way/545327033", "amenity": null, "building": "house", "name": null, "shop": null, "GEOID": "39049001000" }, "geometry": { "type": "Polygon", "coordinates": [ [ [ -83.0073895, 40.0126542 ], [ -83.0073937, 40.0126697 ], [ -83.0073181, 40.0126819 ], [ -83.0073132, 40.0126642 ], [ -83.0073009, 40.0126662 ], [ -83.0072776, 40.0125818 ], [ -83.0073726, 40.0125664 ], [ -83.0073965, 40.0126531 ], [ -83.0073895, 40.0126542 ] ] ] } },
{ "type": "Feature", "properties": { "@id": "way/545327034", "amenity": null, "building": "house", "name": null, "shop": null, "GEOID": "39049001000" }, "geometry": { "type": "Polygon", "coordinates": [ [ [ -83.0072739, 40.0126759 ], [ -83.0072782, 40.0126913 ], [ -83.0072026, 40.0127036 ], [ -83.0071977, 40.0126859 ], [ -83.0071854, 40.0126879 ], [ -83.0071621, 40.0126034 ], [ -83.0072571, 40.0125881 ], [ -83.007281, 40.0126748 ], [ -83.0072739, 40.0126759 ] ] ] } },
{ "type": "Feature", "properties": { "@id": "way/545327035", "amenity": null, "building": "house", "name": null, "shop": null, "GEOID": "39049001000" }, "geometry": { "type": "Polygon", "coordinates": [ [ [ -83.0075037, 40.0126379 ], [ -83.0075079, 40.0126534 ], [ -83.0074323, 40.0126656 ], [ -83.0074275, 40.0126479 ], [ -83.0074151, 40.0126499 ], [ -83.0073919, 40.0125655 ], [ -83.0074868, 40.0125501 ], [ -83.0075108, 40.0126368 ], [ -83.0075037, 40.0126379 ] ] ] } },
{ "type": "Feature", "properties": { "@id": "way/545327036", "amenity": null, "building": "house", "name": null, "shop": null, "GEOID": "39049001000" }, "geometry": { "type": "Polygon", "coordinates": [ [ [ -83.0076183, 40.0126189 ], [ -83.0076226, 40.0126344 ], [ -83.007547, 40.0126466 ], [ -83.0075421, 40.0126289 ], [ -83.0075298, 40.0126309 ], [ -83.0075065, 40.0125464 ], [ -83.0076015, 40.0125311 ], [ -83.0076254, 40.0126178 ], [ -83.0076183, 40.0126189 ] ] ] } },
{ "type": "Feature", "properties": { "@id": "way/545327037", "amenity": null, "building": "house", "name": null, "shop": null, "GEOID": "39049001000" }, "geometry": { "type": "Polygon", "coordinates": [ [ [ -83.0077364, 40.012601 ], [ -83.0077406, 40.0126164 ], [ -83.007665, 40.0126286 ], [ -83.0076601, 40.0126109 ], [ -83.0076478, 40.0126129 ], [ -83.0076245, 40.0125285 ], [ -83.0077195, 40.0125131 ], [ -83.0077434, 40.0125998 ], [ -83.0077364, 40.012601 ] ] ] } },
{ "type": "Feature", "properties": { "@id": "way/545327044", "amenity": null, "building": "house", "name": null, "shop": null, "GEOID": "39049001000" }, "geometry": { "type": "Polygon", "coordinates": [ [ [ -83.0065655, 40.0126645 ], [ -83.0065974, 40.0127974 ], [ -83.0066783, 40.012786 ], [ -83.0066549, 40.0126884 ], [ -83.0066261, 40.0126925 ], [ -83.0066176, 40.0126572 ], [ -83.0065655, 40.0126645 ] ] ] } },
{ "type": "Feature", "properties": { "@id": "way/545327045", "amenity": null, "building": "house", "name": null, "shop": null, "GEOID": "39049001000" }, "geometry": { "type": "Polygon", "coordinates": [ [ [ -83.0068052, 40.0127282 ], [ -83.006763, 40.0127341 ], [ -83.0067674, 40.0127526 ], [ -83.0066964, 40.0127624 ], [ -83.0066778, 40.0126838 ], [ -83.0067106, 40.0126793 ], [ -83.0067071, 40.0126643 ], [ -83.0067874, 40.0126531 ], [ -83.0068052, 40.0127282 ] ] ] } },
{ "type": "Feature", "properties": { "@id": "way/545327046", "amenity": null, "building": "house", "name": null, "shop": null, "GEOID": "39049001000" }, "geometry": { "type": "Polygon", "coordinates": [ [ [ -83.0068213, 40.0126359 ], [ -83.0068579, 40.0127563 ], [ -83.0069542, 40.0127392 ], [ -83.0069176, 40.0126188 ], [ -83.0068213, 40.0126359 ] ] ] } },
{ "type": "Feature", "properties": { "@id": "way/545327047", "amenity": null, "building": "house", "name": null, "shop": null, "GEOID": "39049001000" }, "geometry": { "type": "Polygon", "coordinates": [ [ [ -83.0069518, 40.0126139 ], [ -83.0069884, 40.0127343 ], [ -83.0070847, 40.0127172 ], [ -83.0070482, 40.0125968 ], [ -83.0069518, 40.0126139 ] ] ] } },
{ "type": "Feature", "properties": { "@id": "way/545327048", "amenity": null, "building": "house", "name": null, "shop": null, "GEOID": "39049001000" }, "geometry": { "type": "Polygon", "coordinates": [ [ [ -83.0064789, 40.0124194 ], [ -83.006503, 40.0125088 ], [ -83.0066849, 40.01248 ], [ -83.0066608, 40.0123906 ], [ -83.0064789, 40.0124194 ] ] ] } },
{ "type": "Feature", "properties": { "@id": "way/545327049", "amenity": null, "building": "house", "name": null, "shop": null, "GEOID": "39049001000" }, "geometry": { "type": "Polygon", "coordinates": [ [ [ -83.0068225, 40.0124486 ], [ -83.0068015, 40.0123715 ], [ -83.0069322, 40.0123506 ], [ -83.0069532, 40.0124277 ], [ -83.0068225, 40.0124486 ] ] ] } },
{ "type": "Feature", "properties": { "@id": "way/545327050", "amenity": null, "building": "house", "name": null, "shop": null, "GEOID": "39049001000" }, "geometry": { "type": "Polygon", "coordinates": [ [ [ -83.0052703, 40.0126689 ], [ -83.0051941, 40.0126776 ], [ -83.0051812, 40.0126111 ], [ -83.0052574, 40.0126024 ], [ -83.0052703, 40.0126689 ] ] ] } },
{ "type": "Feature", "properties": { "@id": "way/545327051", "amenity": null, "building": "house", "name": null, "shop": null, "GEOID": "39049001000" }, "geometry": { "type": "Polygon", "coordinates": [ [ [ -83.0052895, 40.0125792 ], [ -83.005311, 40.0126604 ], [ -83.005403, 40.0126461 ], [ -83.0053815, 40.0125648 ], [ -83.0052895, 40.0125792 ] ] ] } },
{ "type": "Feature", "properties": { "@id": "way/545327052", "amenity": null, "building": "house", "name": null, "shop": null, "GEOID": "39049001000" }, "geometry": { "type": "Polygon", "coordinates": [ [ [ -83.0065036, 40.0122236 ], [ -83.006419, 40.0122201 ], [ -83.0064268, 40.0121087 ], [ -83.0065114, 40.0121122 ], [ -83.0065036, 40.0122236 ] ] ] } },
{ "type": "Feature", "properties": { "@id": "way/545327053", "amenity": null, "building": "house", "name": null, "shop": null, "GEOID": "39049001000" }, "geometry": { "type": "Polygon", "coordinates": [ [ [ -83.0068736, 40.0119399 ], [ -83.0067571, 40.0119339 ], [ -83.00677, 40.0117874 ], [ -83.0068865, 40.0117934 ], [ -83.0068736, 40.0119399 ] ] ] } },
{ "type": "Feature", "properties": { "@id": "way/545327054", "amenity": null, "building": "house", "name": null, "shop": null, "GEOID": "39049001000" }, "geometry": { "type": "Polygon", "coordinates": [ [ [ -83.0067487, 40.0119335 ], [ -83.0066321, 40.0119275 ], [ -83.006645, 40.011781 ], [ -83.0067616, 40.0117871 ], [ -83.0067487, 40.0119335 ] ] ] } },
{ "type": "Feature", "properties": { "@id": "way/545327055", "amenity": null, "building": "house", "name": null, "shop": null, "GEOID": "39049001000" }, "geometry": { "type": "Polygon", "coordinates": [ [ [ -83.0066246, 40.0119263 ], [ -83.0065081, 40.0119203 ], [ -83.006521, 40.0117738 ], [ -83.0066375, 40.0117799 ], [ -83.0066246, 40.0119263 ] ] ] } },
{ "type": "Feature", "properties": { "@id": "way/545327056", "amenity": null, "building": "house", "name": null, "shop": null, "GEOID": "39049001000" }, "geometry": { "type": "Polygon", "coordinates": [ [ [ -83.0064943, 40.0119201 ], [ -83.0064197, 40.0119176 ], [ -83.0064209, 40.0118963 ], [ -83.0063841, 40.011895 ], [ -83.0063862, 40.0118584 ], [ -83.0063675, 40.0118578 ], [ -83.0063698, 40.0118195 ], [ -83.0063939, 40.0118203 ], [ -83.0063969, 40.0117691 ], [ -83.0065029, 40.0117727 ], [ -83.0064943, 40.0119201 ] ] ] } },
{ "type": "Feature", "properties": { "@id": "way/545348476", "amenity": null, "building": "house", "name": null, "shop": null, "GEOID": "39049001000" }, "geometry": { "type": "Polygon", "coordinates": [ [ [ -83.0030838, 40.0064177 ], [ -83.0029854, 40.0064144 ], [ -83.002991, 40.0063176 ], [ -83.0030894, 40.0063209 ], [ -83.0030838, 40.0064177 ] ] ] } },
{ "type": "Feature", "properties": { "@id": "way/545348478", "amenity": null, "building": "house", "name": null, "shop": null, "GEOID": "39049001000" }, "geometry": { "type": "Polygon", "coordinates": [ [ [ -83.0026244, 40.0059068 ], [ -83.0026162, 40.0060409 ], [ -83.0027203, 40.0060446 ], [ -83.0027285, 40.0059105 ], [ -83.0026244, 40.0059068 ] ] ] } },
{ "type": "Feature", "properties": { "@id": "way/545348479", "amenity": null, "building": "house", "name": null, "shop": null, "GEOID": "39049001000" }, "geometry": { "type": "Polygon", "coordinates": [ [ [ -83.0024839, 40.0060029 ], [ -83.0026115, 40.0060082 ], [ -83.0026186, 40.0059071 ], [ -83.0024911, 40.0059019 ], [ -83.0024839, 40.0060029 ] ] ] } },
{ "type": "Feature", "properties": { "@id": "way/545348480", "amenity": null, "building": "house", "name": null, "shop": null, "GEOID": "39049001000" }, "geometry": { "type": "Polygon", "coordinates": [ [ [ -83.0024711, 40.0060131 ], [ -83.0024143, 40.0060116 ], [ -83.0024136, 40.0060265 ], [ -83.0023498, 40.0060248 ], [ -83.0023549, 40.0059141 ], [ -83.0023637, 40.0059143 ], [ -83.0023646, 40.0058939 ], [ -83.0024275, 40.0058956 ], [ -83.0024267, 40.0059138 ], [ -83.0024755, 40.0059151 ], [ -83.0024711, 40.0060131 ] ] ] } },
{ "type": "Feature", "properties": { "@id": "way/545348481", "amenity": null, "building": "house", "name": null, "shop": null, "GEOID": "39049001000" }, "geometry": { "type": "Polygon", "coordinates": [ [ [ -83.0019364, 40.006028 ], [ -83.0019408, 40.0058975 ], [ -83.0019506, 40.0058977 ], [ -83.0019512, 40.0058813 ], [ -83.002041, 40.0058831 ], [ -83.0020404, 40.0058991 ], [ -83.0020495, 40.0059021 ], [ -83.0020447, 40.0060301 ], [ -83.0019364, 40.006028 ] ] ] } },
{ "type": "Feature", "properties": { "@id": "way/545348489", "amenity": null, "building": "house", "name": null, "shop": null, "GEOID": "39049001300" }, "geometry": { "type": "Polygon", "coordinates": [ [ [ -82.9995648, 39.9962147 ], [ -82.9992346, 39.996197 ], [ -82.999237, 39.9961709 ], [ -82.9992042, 39.9961692 ], [ -82.9992105, 39.9961001 ], [ -82.9992507, 39.9961023 ], [ -82.9992531, 39.9960761 ], [ -82.9995758, 39.9960934 ], [ -82.9995648, 39.9962147 ] ] ] } },
{ "type": "Feature", "properties": { "@id": "way/545348490", "amenity": null, "building": "house", "name": null, "shop": null, "GEOID": "39049001300" }, "geometry": { "type": "Polygon", "coordinates": [ [ [ -82.9995728, 39.9960681 ], [ -82.9992426, 39.9960504 ], [ -82.999245, 39.9960244 ], [ -82.9992122, 39.9960226 ], [ -82.9992185, 39.9959535 ], [ -82.9992587, 39.9959557 ], [ -82.9992611, 39.9959296 ], [ -82.9995838, 39.9959469 ], [ -82.9995728, 39.9960681 ] ] ] } },
{ "type": "Feature", "properties": { "@id": "way/545348494", "amenity": null, "building": "house", "name": null, "shop": null, "GEOID": "39049001300" }, "geometry": { "type": "Polygon", "coordinates": [ [ [ -82.9993655, 39.9959045 ], [ -82.9992567, 39.9959004 ], [ -82.9992575, 39.9958889 ], [ -82.999234, 39.995888 ], [ -82.9992382, 39.9958234 ], [ -82.9992562, 39.995824 ], [ -82.9992569, 39.9958139 ], [ -82.9994049, 39.9958195 ], [ -82.9994013, 39.9958752 ], [ -82.9993675, 39.9958739 ], [ -82.9993655, 39.9959045 ] ] ] } },
{ "type": "Feature", "properties": { "@id": "way/545348495", "amenity": null, "building": "house", "name": null, "shop": null, "GEOID": "39049001300" }, "geometry": { "type": "Polygon", "coordinates": [ [ [ -82.9992545, 39.9957093 ], [ -82.9992476, 39.995793 ], [ -82.9994535, 39.9958028 ], [ -82.9994606, 39.9957167 ], [ -82.9993908, 39.9957133 ], [ -82.9993794, 39.9957213 ], [ -82.9992805, 39.9957161 ], [ -82.999281, 39.9957107 ], [ -82.9992545, 39.9957093 ] ] ] } },
{ "type": "Feature", "properties": { "@id": "way/545348496", "amenity": null, "building": "house", "name": null, "shop": null, "GEOID": "39049001300" }, "geometry": { "type": "Polygon", "coordinates": [ [ [ -82.9992578, 39.9956027 ], [ -82.9992516, 39.9956851 ], [ -82.9994904, 39.9956957 ], [ -82.9994967, 39.9956132 ], [ -82.9992578, 39.9956027 ] ] ] } },
{ "type": "Feature", "properties": { "@id": "way/545348503", "amenity": null, "building": "house", "name": null, "shop": null, "GEOID": "39049001600" }, "geometry": { "type": "Polygon", "coordinates": [ [ [ -82.9986291, 39.9952379 ], [ -82.9985032, 39.9952318 ], [ -82.9985194, 39.9950365 ], [ -82.9986453, 39.9950426 ], [ -82.9986291, 39.9952379 ] ] ] } },
{ "type": "Feature", "properties": { "@id": "way/545348504", "amenity": null, "building": "house", "name": null, "shop": null, "GEOID": "39049001600" }, "geometry": { "type": "Polygon", "coordinates": [ [ [ -82.9984781, 39.9952332 ], [ -82.9983574, 39.995228 ], [ -82.9983688, 39.9950714 ], [ -82.9984895, 39.9950765 ], [ -82.9984781, 39.9952332 ] ] ] } },
{ "type": "Feature", "properties": { "@id": "way/545348505", "amenity": null, "building": "house", "name": null, "shop": null, "GEOID": "39049001600" }, "geometry": { "type": "Polygon", "coordinates": [ [ [ -82.9983385, 39.9952256 ], [ -82.9982193, 39.9952215 ], [ -82.9982285, 39.9950674 ], [ -82.9982573, 39.9950685 ], [ -82.9982585, 39.995048 ], [ -82.9983069, 39.9950497 ], [ -82.9983056, 39.9950711 ], [ -82.9983477, 39.9950726 ], [ -82.9983385, 39.9952256 ] ] ] } },
{ "type": "Feature", "properties": { "@id": "way/545348506", "amenity": null, "building": "house", "name": null, "shop": null, "GEOID": "39049001600" }, "geometry": { "type": "Polygon", "coordinates": [ [ [ -82.9981963, 39.9952123 ], [ -82.9980756, 39.9952072 ], [ -82.998087, 39.9950506 ], [ -82.9982077, 39.9950557 ], [ -82.9981963, 39.9952123 ] ] ] } },
{ "type": "Feature", "properties": { "@id": "way/545348507", "amenity": null, "building": "house", "name": null, "shop": null, "GEOID": "39049001600" }, "geometry": { "type": "Polygon", "coordinates": [ [ [ -82.9980568, 39.9952041 ], [ -82.9979362, 39.995199 ], [ -82.9979475, 39.9950423 ], [ -82.9980682, 39.9950475 ], [ -82.9980568, 39.9952041 ] ] ] } },
{ "type": "Feature", "properties": { "@id": "way/545348508", "amenity": null, "building": "house", "name": null, "shop": null, "GEOID": "39049001600" }, "geometry": { "type": "Polygon", "coordinates": [ [ [ -82.9979147, 39.9951918 ], [ -82.997794, 39.9951866 ], [ -82.9978054, 39.99503 ], [ -82.9979261, 39.9950352 ], [ -82.9979147, 39.9951918 ] ] ] } },
{ "type": "Feature", "properties": { "@id": "way/545348509", "amenity": null, "building": "house", "name": null, "shop": null, "GEOID": "39049001600" }, "geometry": { "type": "Polygon", "coordinates": [ [ [ -82.9977762, 39.9951998 ], [ -82.9976418, 39.9951959 ], [ -82.9976521, 39.9949851 ], [ -82.9977866, 39.994989 ], [ -82.9977762, 39.9951998 ] ] ] } },
{ "type": "Feature", "properties": { "@id": "way/545348510", "amenity": null, "building": "house", "name": null, "shop": null, "GEOID": "39049001600" }, "geometry": { "type": "Polygon", "coordinates": [ [ [ -82.9976167, 39.9951925 ], [ -82.9974995, 39.9951874 ], [ -82.9975126, 39.995009 ], [ -82.9976299, 39.9950141 ], [ -82.9976167, 39.9951925 ] ] ] } },
{ "type": "Feature", "properties": { "@id": "way/545348511", "amenity": null, "building": "house", "name": null, "shop": null, "GEOID": "39049001600" }, "geometry": { "type": "Polygon", "coordinates": [ [ [ -82.9974909, 39.9951825 ], [ -82.9973702, 39.9951774 ], [ -82.9973816, 39.9950208 ], [ -82.9975023, 39.9950259 ], [ -82.9974909, 39.9951825 ] ] ] } },
{ "type": "Feature", "properties": { "@id": "way/545349135", "amenity": null, "building": "house", "name": null, "shop": null, "GEOID": "39049001600" }, "geometry": { "type": "Polygon", "coordinates": [ [ [ -82.9979276, 39.9949466 ], [ -82.9978097, 39.994941 ], [ -82.9978152, 39.9948731 ], [ -82.9979331, 39.9948787 ], [ -82.9979276, 39.9949466 ] ] ] } },
{ "type": "Feature", "properties": { "@id": "way/545349136", "amenity": null, "building": "house", "name": null, "shop": null, "GEOID": "39049001600" }, "geometry": { "type": "Polygon", "coordinates": [ [ [ -82.9982182, 39.9948266 ], [ -82.9981078, 39.9948215 ], [ -82.9981135, 39.9947506 ], [ -82.9982239, 39.9947558 ], [ -82.9982182, 39.9948266 ] ] ] } },
{ "type": "Feature", "properties": { "@id": "way/545349137", "amenity": null, "building": "house", "name": null, "shop": null, "GEOID": "39049001600" }, "geometry": { "type": "Polygon", "coordinates": [ [ [ -82.9996583, 39.9953003 ], [ -82.999572, 39.9952957 ], [ -82.9995814, 39.9951935 ], [ -82.9996677, 39.9951981 ], [ -82.9996583, 39.9953003 ] ] ] } },
{ "type": "Feature", "properties": { "@id": "way/545349138", "amenity": null, "building": "house", "name": null, "shop": null, "GEOID": "39049001600" }, "geometry": { "type": "Polygon", "coordinates": [ [ [ -82.9996857, 39.9951961 ], [ -82.9996815, 39.9952514 ], [ -82.99967, 39.9952509 ], [ -82.9996674, 39.9952854 ], [ -82.999789, 39.9952907 ], [ -82.9997957, 39.9952009 ], [ -82.9996857, 39.9951961 ] ] ] } },
{ "type": "Feature", "properties": { "@id": "way/545349139", "amenity": null, "building": "house", "name": null, "shop": null, "GEOID": "39049001600" }, "geometry": { "type": "Polygon", "coordinates": [ [ [ -82.9997345, 39.9949669 ], [ -82.9997288, 39.9950399 ], [ -82.9998044, 39.9950433 ], [ -82.9998101, 39.9949703 ], [ -82.9997345, 39.9949669 ] ] ] } },
{ "type": "Feature", "properties": { "@id": "way/545349142", "amenity": null, "building": "house", "name": null, "shop": null, "GEOID": "39049001300" }, "geometry": { "type": "Polygon", "coordinates": [ [ [ -82.998264, 39.9955873 ], [ -82.9981579, 39.9955812 ], [ -82.9981672, 39.995485 ], [ -82.9982733, 39.9954911 ], [ -82.998264, 39.9955873 ] ] ] } },
{ "type": "Feature", "properties": { "@id": "way/545349143", "amenity": null, "building": "house", "name": null, "shop": null, "GEOID": "39049001300" }, "geometry": { "type": "Polygon", "coordinates": [ [ [ -82.9981143, 39.9955813 ], [ -82.9980082, 39.9955753 ], [ -82.9980175, 39.9954791 ], [ -82.9980335, 39.9954668 ], [ -82.9981109, 39.9954708 ], [ -82.9981236, 39.9954851 ], [ -82.9981143, 39.9955813 ] ] ] } },
{ "type": "Feature", "properties": { "@id": "way/545349144", "amenity": null, "building": "house", "name": null, "shop": null, "GEOID": "39049001300" }, "geometry": { "type": "Polygon", "coordinates": [ [ [ -82.99797, 39.995596 ], [ -82.9978611, 39.9955901 ], [ -82.9978731, 39.9954596 ], [ -82.9979821, 39.9954655 ], [ -82.99797, 39.995596 ] ] ] } },
{ "type": "Feature", "properties": { "@id": "way/545349145", "amenity": null, "building": "house", "name": null, "shop": null, "GEOID": "39049001300" }, "geometry": { "type": "Polygon", "coordinates": [ [ [ -82.9978321, 39.9955641 ], [ -82.9977857, 39.9955626 ], [ -82.9977845, 39.9955829 ], [ -82.9977253, 39.9955809 ], [ -82.9977318, 39.9954669 ], [ -82.9977453, 39.9954673 ], [ -82.997746, 39.9954546 ], [ -82.9978294, 39.9954574 ], [ -82.9978284, 39.9954743 ], [ -82.9978372, 39.9954746 ], [ -82.9978321, 39.9955641 ] ] ] } },
{ "type": "Feature", "properties": { "@id": "way/545349146", "amenity": null, "building": "house", "name": null, "shop": null, "GEOID": "39049001300" }, "geometry": { "type": "Polygon", "coordinates": [ [ [ -82.9976817, 39.9955913 ], [ -82.9975963, 39.9955879 ], [ -82.9975979, 39.9955631 ], [ -82.9975778, 39.9955623 ], [ -82.9975843, 39.9954661 ], [ -82.9976977, 39.9954706 ], [ -82.9976911, 39.9955683 ], [ -82.9976833, 39.995568 ], [ -82.9976817, 39.9955913 ] ] ] } },
{ "type": "Feature", "properties": { "@id": "way/545349147", "amenity": null, "building": "house", "name": null, "shop": null, "GEOID": "39049001300" }, "geometry": { "type": "Polygon", "coordinates": [ [ [ -82.997406, 39.9955524 ], [ -82.9972959, 39.9955489 ], [ -82.9973011, 39.9954525 ], [ -82.9974112, 39.995456 ], [ -82.997406, 39.9955524 ] ] ] } },
{ "type": "Feature", "properties": { "@id": "way/545349148", "amenity": null, "building": "house", "name": null, "shop": null, "GEOID": "39049001300" }, "geometry": { "type": "Polygon", "coordinates": [ [ [ -82.9955665, 39.9954642 ], [ -82.9955709, 39.9953307 ], [ -82.9956853, 39.995333 ], [ -82.9956809, 39.9954664 ], [ -82.9955665, 39.9954642 ] ] ] } },
{ "type": "Feature", "properties": { "@id": "way/545350509", "amenity": null, "building": "house", "name": null, "shop": null, "GEOID": "39049001000" }, "geometry": { "type": "Polygon", "coordinates": [ [ [ -83.0083103, 40.0128575 ], [ -83.0081153, 40.0128873 ], [ -83.0080911, 40.0127942 ], [ -83.0082861, 40.0127645 ], [ -83.0083103, 40.0128575 ] ] ] } },
{ "type": "Feature", "properties": { "@id": "way/545498664", "amenity": null, "building": "house", "name": null, "shop": null, "GEOID": "39049001000" }, "geometry": { "type": "Polygon", "coordinates": [ [ [ -83.0044198, 40.0131321 ], [ -83.0043041, 40.0131274 ], [ -83.0043147, 40.0129748 ], [ -83.0044304, 40.0129795 ], [ -83.0044198, 40.0131321 ] ] ] } },
{ "type": "Feature", "properties": { "@id": "way/545498665", "amenity": null, "building": "house", "name": null, "shop": null, "GEOID": "39049001000" }, "geometry": { "type": "Polygon", "coordinates": [ [ [ -83.0045495, 40.0131391 ], [ -83.0044338, 40.0131344 ], [ -83.0044444, 40.0129818 ], [ -83.0045601, 40.0129865 ], [ -83.0045495, 40.0131391 ] ] ] } },
{ "type": "Feature", "properties": { "@id": "way/545498666", "amenity": null, "building": "house", "name": null, "shop": null, "GEOID": "39049001000" }, "geometry": { "type": "Polygon", "coordinates": [ [ [ -83.0042815, 40.0131244 ], [ -83.0041659, 40.0131197 ], [ -83.0041764, 40.0129671 ], [ -83.0042921, 40.0129718 ], [ -83.0042815, 40.0131244 ] ] ] } },
{ "type": "Feature", "properties": { "@id": "way/545498667", "amenity": null, "building": "house", "name": null, "shop": null, "GEOID": "39049001000" }, "geometry": { "type": "Polygon", "coordinates": [ [ [ -83.0041492, 40.0131195 ], [ -83.0040335, 40.0131148 ], [ -83.0040441, 40.0129622 ], [ -83.0041598, 40.0129669 ], [ -83.0041492, 40.0131195 ] ] ] } },
{ "type": "Feature", "properties": { "@id": "way/545499976", "amenity": null, "building": "house", "name": null, "shop": null, "GEOID": "39049001000" }, "geometry": { "type": "Polygon", "coordinates": [ [ [ -83.004655, 40.0120019 ], [ -83.0046505, 40.0120561 ], [ -83.004791, 40.012063 ], [ -83.0047955, 40.0120088 ], [ -83.004655, 40.0120019 ] ] ] } },
{ "type": "Feature", "properties": { "@id": "way/545499977", "amenity": null, "building": "house", "name": null, "shop": null, "GEOID": "39049001000" }, "geometry": { "type": "Polygon", "coordinates": [ [ [ -83.0043319, 40.01216 ], [ -83.0042168, 40.0121574 ], [ -83.0042146, 40.0120598 ], [ -83.0043183, 40.0120676 ], [ -83.0043319, 40.01216 ] ] ] } },
{ "type": "Feature", "properties": { "@id": "way/545499978", "amenity": null, "building": "house", "name": null, "shop": null, "GEOID": "39049001000" }, "geometry": { "type": "Polygon", "coordinates": [ [ [ -83.0043335, 40.0121798 ], [ -83.0041761, 40.0121703 ], [ -83.0041666, 40.0122618 ], [ -83.004324, 40.0122713 ], [ -83.0043335, 40.0121798 ] ] ] } },
{ "type": "Feature", "properties": { "@id": "way/545499979", "amenity": null, "building": "house", "name": null, "shop": null, "GEOID": "39049001000" }, "geometry": { "type": "Polygon", "coordinates": [ [ [ -83.0041913, 40.012064 ], [ -83.0041895, 40.0121504 ], [ -83.0041112, 40.0121494 ], [ -83.0041121, 40.0121032 ], [ -83.0041304, 40.0121034 ], [ -83.0041312, 40.0120633 ], [ -83.0041913, 40.012064 ] ] ] } },
{ "type": "Feature", "properties": { "@id": "way/545499980", "amenity": null, "building": "house", "name": null, "shop": null, "GEOID": "39049001000" }, "geometry": { "type": "Polygon", "coordinates": [ [ [ -83.0040507, 40.0120654 ], [ -83.0040468, 40.0121215 ], [ -83.003969, 40.0121184 ], [ -83.0039728, 40.0120623 ], [ -83.0040507, 40.0120654 ] ] ] } },
{ "type": "Feature", "properties": { "@id": "way/545499981", "amenity": null, "building": "house", "name": null, "shop": null, "GEOID": "39049001000" }, "geometry": { "type": "Polygon", "coordinates": [ [ [ -83.0038518, 40.0121361 ], [ -83.0037243, 40.0121305 ], [ -83.0037299, 40.0120558 ], [ -83.0038574, 40.0120615 ], [ -83.0038518, 40.0121361 ] ] ] } },
{ "type": "Feature", "properties": { "@id": "way/545499982", "amenity": null, "building": "house", "name": null, "shop": null, "GEOID": "39049001000" }, "geometry": { "type": "Polygon", "coordinates": [ [ [ -83.0038377, 40.0123238 ], [ -83.0037108, 40.0123195 ], [ -83.0037153, 40.0122414 ], [ -83.0038422, 40.0122457 ], [ -83.0038377, 40.0123238 ] ] ] } },
{ "type": "Feature", "properties": { "@id": "way/545499983", "amenity": null, "building": "house", "name": null, "shop": null, "GEOID": "39049001000" }, "geometry": { "type": "Polygon", "coordinates": [ [ [ -83.0038472, 40.0122315 ], [ -83.0037203, 40.0122272 ], [ -83.0037248, 40.0121491 ], [ -83.0038518, 40.0121534 ], [ -83.0038472, 40.0122315 ] ] ] } },
{ "type": "Feature", "properties": { "@id": "way/545499984", "amenity": null, "building": "house", "name": null, "shop": null, "GEOID": "39049001000" }, "geometry": { "type": "Polygon", "coordinates": [ [ [ -83.0038247, 40.0125087 ], [ -83.0036978, 40.0125044 ], [ -83.0037023, 40.0124263 ], [ -83.0038292, 40.0124306 ], [ -83.0038247, 40.0125087 ] ] ] } },
{ "type": "Feature", "properties": { "@id": "way/545499985", "amenity": null, "building": "house", "name": null, "shop": null, "GEOID": "39049001000" }, "geometry": { "type": "Polygon", "coordinates": [ [ [ -83.0038303, 40.0124215 ], [ -83.0037034, 40.0124172 ], [ -83.0037079, 40.0123391 ], [ -83.0038349, 40.0123434 ], [ -83.0038303, 40.0124215 ] ] ] } },
{ "type": "Feature", "properties": { "@id": "way/545499986", "amenity": null, "building": "house", "name": null, "shop": null, "GEOID": "39049001000" }, "geometry": { "type": "Polygon", "coordinates": [ [ [ -83.0038179, 40.0126089 ], [ -83.003691, 40.0126046 ], [ -83.0036955, 40.0125265 ], [ -83.0038224, 40.0125308 ], [ -83.0038179, 40.0126089 ] ] ] } },
{ "type": "Feature", "properties": { "@id": "way/545499987", "amenity": null, "building": "house", "name": null, "shop": null, "GEOID": "39049001000" }, "geometry": { "type": "Polygon", "coordinates": [ [ [ -83.0033883, 40.012494 ], [ -83.0032613, 40.0124897 ], [ -83.0032659, 40.0124116 ], [ -83.0033928, 40.0124159 ], [ -83.0033883, 40.012494 ] ] ] } },
{ "type": "Feature", "properties": { "@id": "way/545499988", "amenity": null, "building": "house", "name": null, "shop": null, "GEOID": "39049001000" }, "geometry": { "type": "Polygon", "coordinates": [ [ [ -83.0034458, 40.0121097 ], [ -83.0033189, 40.0121054 ], [ -83.0033234, 40.0120273 ], [ -83.0034503, 40.0120316 ], [ -83.0034458, 40.0121097 ] ] ] } },
{ "type": "Feature", "properties": { "@id": "way/545499989", "amenity": null, "building": "house", "name": null, "shop": null, "GEOID": "39049001000" }, "geometry": { "type": "Polygon", "coordinates": [ [ [ -83.0038065, 40.0128379 ], [ -83.0036795, 40.0128336 ], [ -83.0036841, 40.0127555 ], [ -83.003811, 40.0127598 ], [ -83.0038065, 40.0128379 ] ] ] } },
{ "type": "Feature", "properties": { "@id": "way/545499990", "amenity": null, "building": "house", "name": null, "shop": null, "GEOID": "39049001000" }, "geometry": { "type": "Polygon", "coordinates": [ [ [ -83.0038665, 40.0127466 ], [ -83.0036857, 40.0127387 ], [ -83.0036909, 40.0126689 ], [ -83.0038717, 40.0126768 ], [ -83.0038665, 40.0127466 ] ] ] } },
{ "type": "Feature", "properties": { "@id": "way/545499991", "amenity": null, "building": "house", "name": null, "shop": null, "GEOID": "39049001000" }, "geometry": { "type": "Polygon", "coordinates": [ [ [ -83.0026588, 40.0127641 ], [ -83.0025319, 40.0127597 ], [ -83.0025364, 40.0126816 ], [ -83.0026634, 40.0126859 ], [ -83.0026588, 40.0127641 ] ] ] } },
{ "type": "Feature", "properties": { "@id": "way/545499992", "amenity": null, "building": "house", "name": null, "shop": null, "GEOID": "39049001000" }, "geometry": { "type": "Polygon", "coordinates": [ [ [ -83.0026764, 40.0126737 ], [ -83.0025495, 40.0126694 ], [ -83.002554, 40.0125912 ], [ -83.0026809, 40.0125956 ], [ -83.0026764, 40.0126737 ] ] ] } },
{ "type": "Feature", "properties": { "@id": "way/545499993", "amenity": null, "building": "house", "name": null, "shop": null, "GEOID": "39049001000" }, "geometry": { "type": "Polygon", "coordinates": [ [ [ -83.0022266, 40.0123475 ], [ -83.0020997, 40.0123432 ], [ -83.0021042, 40.0122651 ], [ -83.0022312, 40.0122694 ], [ -83.0022266, 40.0123475 ] ] ] } },
{ "type": "Feature", "properties": { "@id": "way/545499996", "amenity": null, "building": "house", "name": null, "shop": null, "GEOID": "39049001000" }, "geometry": { "type": "Polygon", "coordinates": [ [ [ -83.0029101, 40.0130746 ], [ -83.0028395, 40.0130725 ], [ -83.002842, 40.0130237 ], [ -83.0027249, 40.0130202 ], [ -83.0027278, 40.0129653 ], [ -83.0029155, 40.012971 ], [ -83.0029101, 40.0130746 ] ] ] } },
{ "type": "Feature", "properties": { "@id": "way/545499997", "amenity": null, "building": "house", "name": null, "shop": null, "GEOID": "39049001000" }, "geometry": { "type": "Polygon", "coordinates": [ [ [ -83.0026773, 40.0130497 ], [ -83.0025114, 40.0130443 ], [ -83.0025166, 40.0129513 ], [ -83.0026824, 40.0129567 ], [ -83.0026773, 40.0130497 ] ] ] } },
{ "type": "Feature", "properties": { "@id": "way/545499998", "amenity": null, "building": "house", "name": null, "shop": null, "GEOID": "39049001000" }, "geometry": { "type": "Polygon", "coordinates": [ [ [ -83.002233, 40.0129304 ], [ -83.0020671, 40.0129251 ], [ -83.0020723, 40.0128321 ], [ -83.0022381, 40.0128374 ], [ -83.002233, 40.0129304 ] ] ] } },
{ "type": "Feature", "properties": { "@id": "way/545499999", "amenity": null, "building": "house", "name": null, "shop": null, "GEOID": "39049001000" }, "geometry": { "type": "Polygon", "coordinates": [ [ [ -83.0026882, 40.012868 ], [ -83.0025223, 40.0128626 ], [ -83.0025275, 40.0127696 ], [ -83.0026933, 40.012775 ], [ -83.0026882, 40.012868 ] ] ] } },
{ "type": "Feature", "properties": { "@id": "way/545500000", "amenity": null, "building": "house", "name": null, "shop": null, "GEOID": "39049001000" }, "geometry": { "type": "Polygon", "coordinates": [ [ [ -83.0033766, 40.012605 ], [ -83.0032108, 40.0125997 ], [ -83.0032159, 40.0125067 ], [ -83.0033818, 40.012512 ], [ -83.0033766, 40.012605 ] ] ] } },
{ "type": "Feature", "properties": { "@id": "way/545500001", "amenity": null, "building": "house", "name": null, "shop": null, "GEOID": "39049001000" }, "geometry": { "type": "Polygon", "coordinates": [ [ [ -83.0033672, 40.0127038 ], [ -83.0032013, 40.0126985 ], [ -83.0032064, 40.0126055 ], [ -83.0033723, 40.0126108 ], [ -83.0033672, 40.0127038 ] ] ] } },
{ "type": "Feature", "properties": { "@id": "way/545500002", "amenity": null, "building": "house", "name": null, "shop": null, "GEOID": "39049001000" }, "geometry": { "type": "Polygon", "coordinates": [ [ [ -83.0011812, 40.0126272 ], [ -83.0010211, 40.0126221 ], [ -83.0010259, 40.0125333 ], [ -83.0011884, 40.0125385 ], [ -83.001188, 40.0125463 ], [ -83.0012089, 40.012547 ], [ -83.0012049, 40.0126201 ], [ -83.0011817, 40.0126194 ], [ -83.0011812, 40.0126272 ] ] ] } },
{ "type": "Feature", "properties": { "@id": "way/545500003", "amenity": null, "building": "house", "name": null, "shop": null, "GEOID": "39049001000" }, "geometry": { "type": "Polygon", "coordinates": [ [ [ -83.001188, 40.012533 ], [ -83.0010294, 40.0125267 ], [ -83.0010352, 40.0124413 ], [ -83.0012173, 40.0124486 ], [ -83.001212, 40.0125278 ], [ -83.0011884, 40.0125269 ], [ -83.001188, 40.012533 ] ] ] } },
{ "type": "Feature", "properties": { "@id": "way/545500004", "amenity": null, "building": "house", "name": null, "shop": null, "GEOID": "39049001000" }, "geometry": { "type": "Polygon", "coordinates": [ [ [ -83.001734, 40.0116092 ], [ -83.0015681, 40.0116039 ], [ -83.0015733, 40.0115109 ], [ -83.0017391, 40.0115162 ], [ -83.001734, 40.0116092 ] ] ] } },
{ "type": "Feature", "properties": { "@id": "way/545502758", "amenity": null, "building": "house", "name": null, "shop": null, "GEOID": "39049001000" }, "geometry": { "type": "Polygon", "coordinates": [ [ [ -83.0067681, 40.0122108 ], [ -83.00665, 40.0122068 ], [ -83.0066559, 40.0121043 ], [ -83.006774, 40.0121083 ], [ -83.0067681, 40.0122108 ] ] ] } },
{ "type": "Feature", "properties": { "@id": "way/545502759", "amenity": null, "building": "house", "name": null, "shop": null, "GEOID": "39049001000" }, "geometry": { "type": "Polygon", "coordinates": [ [ [ -83.006638, 40.0122121 ], [ -83.0065199, 40.0122081 ], [ -83.0065258, 40.0121056 ], [ -83.0066439, 40.0121096 ], [ -83.006638, 40.0122121 ] ] ] } },
{ "type": "Feature", "properties": { "@id": "way/545502760", "amenity": null, "building": "house", "name": null, "shop": null, "GEOID": "39049001000" }, "geometry": { "type": "Polygon", "coordinates": [ [ [ -83.0068964, 40.0122194 ], [ -83.0067783, 40.0122154 ], [ -83.0067842, 40.0121129 ], [ -83.0069023, 40.0121169 ], [ -83.0068964, 40.0122194 ] ] ] } },
{ "type": "Feature", "properties": { "@id": "way/545502761", "amenity": null, "building": "house", "name": null, "shop": null, "GEOID": "39049001000" }, "geometry": { "type": "Polygon", "coordinates": [ [ [ -83.0077072, 40.0124336 ], [ -83.0076031, 40.0124504 ], [ -83.0075795, 40.0123645 ], [ -83.0076836, 40.0123477 ], [ -83.0077072, 40.0124336 ] ] ] } },
{ "type": "Feature", "properties": { "@id": "way/545502762", "amenity": null, "building": "house", "name": null, "shop": null, "GEOID": "39049001000" }, "geometry": { "type": "Polygon", "coordinates": [ [ [ -83.007266, 40.012135 ], [ -83.0071683, 40.0121543 ], [ -83.0072124, 40.0122852 ], [ -83.0073101, 40.0122659 ], [ -83.007266, 40.012135 ] ] ] } },
{ "type": "Feature", "properties": { "@id": "way/545502763", "amenity": null, "building": "house", "name": null, "shop": null, "GEOID": "39049001000" }, "geometry": { "type": "Polygon", "coordinates": [ [ [ -83.0076304, 40.0121539 ], [ -83.007542, 40.0121681 ], [ -83.0075721, 40.0122781 ], [ -83.0076605, 40.012264 ], [ -83.0076304, 40.0121539 ] ] ] } },
{ "type": "Feature", "properties": { "@id": "way/545502764", "amenity": null, "building": "house", "name": null, "shop": null, "GEOID": "39049001000" }, "geometry": { "type": "Polygon", "coordinates": [ [ [ -83.0073862, 40.0121284 ], [ -83.0072979, 40.0121426 ], [ -83.007328, 40.0122526 ], [ -83.0074163, 40.0122384 ], [ -83.0073862, 40.0121284 ] ] ] } },
{ "type": "Feature", "properties": { "@id": "way/545502765", "amenity": null, "building": "house", "name": null, "shop": null, "GEOID": "39049001000" }, "geometry": { "type": "Polygon", "coordinates": [ [ [ -83.0075099, 40.0121435 ], [ -83.0074122, 40.0121628 ], [ -83.0074563, 40.0122937 ], [ -83.007554, 40.0122744 ], [ -83.0075099, 40.0121435 ] ] ] } },
{ "type": "Feature", "properties": { "@id": "way/545502766", "amenity": null, "building": "house", "name": null, "shop": null, "GEOID": "39049001000" }, "geometry": { "type": "Polygon", "coordinates": [ [ [ -83.0071734, 40.0122976 ], [ -83.0070832, 40.0123155 ], [ -83.0070518, 40.0122224 ], [ -83.007142, 40.0122045 ], [ -83.0071734, 40.0122976 ] ] ] } },
{ "type": "Feature", "properties": { "@id": "way/545502767", "amenity": null, "building": "house", "name": null, "shop": null, "GEOID": "39049001000" }, "geometry": { "type": "Polygon", "coordinates": [ [ [ -83.0076593, 40.0119325 ], [ -83.0075428, 40.0119265 ], [ -83.0075557, 40.01178 ], [ -83.0076722, 40.011786 ], [ -83.0076593, 40.0119325 ] ] ] } },
{ "type": "Feature", "properties": { "@id": "way/545502768", "amenity": null, "building": "house", "name": null, "shop": null, "GEOID": "39049001000" }, "geometry": { "type": "Polygon", "coordinates": [ [ [ -83.0075341, 40.0119274 ], [ -83.0074176, 40.0119214 ], [ -83.0074305, 40.0117749 ], [ -83.007547, 40.0117809 ], [ -83.0075341, 40.0119274 ] ] ] } },
{ "type": "Feature", "properties": { "@id": "way/545502769", "amenity": null, "building": "house", "name": null, "shop": null, "GEOID": "39049001000" }, "geometry": { "type": "Polygon", "coordinates": [ [ [ -83.0074011, 40.0119196 ], [ -83.0072846, 40.0119136 ], [ -83.0072975, 40.0117671 ], [ -83.007414, 40.0117731 ], [ -83.0074011, 40.0119196 ] ] ] } },
{ "type": "Feature", "properties": { "@id": "way/545502770", "amenity": null, "building": "house", "name": null, "shop": null, "GEOID": "39049001000" }, "geometry": { "type": "Polygon", "coordinates": [ [ [ -83.0072691, 40.0119153 ], [ -83.0071526, 40.0119093 ], [ -83.0071655, 40.0117628 ], [ -83.007282, 40.0117688 ], [ -83.0072691, 40.0119153 ] ] ] } },
{ "type": "Feature", "properties": { "@id": "way/545502771", "amenity": null, "building": "house", "name": null, "shop": null, "GEOID": "39049001000" }, "geometry": { "type": "Polygon", "coordinates": [ [ [ -83.0071362, 40.0119059 ], [ -83.0070326, 40.0119009 ], [ -83.0070424, 40.0117805 ], [ -83.0071461, 40.0117855 ], [ -83.0071362, 40.0119059 ] ] ] } },
{ "type": "Feature", "properties": { "@id": "way/545502772", "amenity": null, "building": "house", "name": null, "shop": null, "GEOID": "39049001000" }, "geometry": { "type": "Polygon", "coordinates": [ [ [ -83.0070034, 40.0118858 ], [ -83.0069186, 40.0118833 ], [ -83.0069208, 40.0118395 ], [ -83.0069067, 40.0118391 ], [ -83.0069093, 40.0117871 ], [ -83.0069538, 40.0117884 ], [ -83.0069546, 40.0117724 ], [ -83.0070091, 40.011774 ], [ -83.0070034, 40.0118858 ] ] ] } },
{ "type": "Feature", "properties": { "@id": "way/545502773", "amenity": null, "building": "house", "name": null, "shop": null, "GEOID": "39049001000" }, "geometry": { "type": "Polygon", "coordinates": [ [ [ -83.0076636, 40.0116367 ], [ -83.0075424, 40.0116334 ], [ -83.0075465, 40.0115453 ], [ -83.0076677, 40.0115486 ], [ -83.0076636, 40.0116367 ] ] ] } },
{ "type": "Feature", "properties": { "@id": "way/545502774", "amenity": null, "building": "house", "name": null, "shop": null, "GEOID": "39049001000" }, "geometry": { "type": "Polygon", "coordinates": [ [ [ -83.0076784, 40.011719 ], [ -83.0074852, 40.0117073 ], [ -83.007492, 40.011641 ], [ -83.0076852, 40.0116526 ], [ -83.0076784, 40.011719 ] ] ] } },
{ "type": "Feature", "properties": { "@id": "way/545502775", "amenity": null, "building": "house", "name": null, "shop": null, "GEOID": "39049001000" }, "geometry": { "type": "Polygon", "coordinates": [ [ [ -83.0064007, 40.0115655 ], [ -83.0064069, 40.011476 ], [ -83.0066058, 40.0114842 ], [ -83.0065996, 40.0115737 ], [ -83.0064007, 40.0115655 ] ] ] } },
{ "type": "Feature", "properties": { "@id": "way/545502776", "amenity": null, "building": "house", "name": null, "shop": null, "GEOID": "39049001000" }, "geometry": { "type": "Polygon", "coordinates": [ [ [ -83.0063931, 40.0116656 ], [ -83.0063993, 40.0115762 ], [ -83.0065982, 40.0115843 ], [ -83.006592, 40.0116738 ], [ -83.0063931, 40.0116656 ] ] ] } },
{ "type": "Feature", "properties": { "@id": "way/545502779", "amenity": null, "building": "house", "name": null, "shop": null, "GEOID": "39049001000" }, "geometry": { "type": "Polygon", "coordinates": [ [ [ -83.0048907, 40.0124575 ], [ -83.004716, 40.0124824 ], [ -83.0046959, 40.0124018 ], [ -83.0048725, 40.0123769 ], [ -83.0048907, 40.0124575 ] ] ] } },
{ "type": "Feature", "properties": { "@id": "way/545502780", "amenity": null, "building": "house", "name": null, "shop": null, "GEOID": "39049001000" }, "geometry": { "type": "Polygon", "coordinates": [ [ [ -83.0048108, 40.0123407 ], [ -83.0046976, 40.0123582 ], [ -83.0046792, 40.0122885 ], [ -83.0047923, 40.012271 ], [ -83.0048108, 40.0123407 ] ] ] } },
{ "type": "Feature", "properties": { "@id": "way/545502781", "amenity": null, "building": "house", "name": null, "shop": null, "GEOID": "39049001000" }, "geometry": { "type": "Polygon", "coordinates": [ [ [ -83.0050776, 40.0120157 ], [ -83.0050749, 40.0120732 ], [ -83.0049998, 40.0120711 ], [ -83.0050024, 40.0120136 ], [ -83.0050776, 40.0120157 ] ] ] } },
{ "type": "Feature", "properties": { "@id": "way/545502782", "amenity": null, "building": "house", "name": null, "shop": null, "GEOID": "39049001000" }, "geometry": { "type": "Polygon", "coordinates": [ [ [ -83.0048722, 40.0121713 ], [ -83.0048891, 40.0122317 ], [ -83.0049571, 40.0122205 ], [ -83.0049402, 40.0121602 ], [ -83.0048722, 40.0121713 ] ] ] } },
{ "type": "Feature", "properties": { "@id": "way/545502783", "amenity": null, "building": "house", "name": null, "shop": null, "GEOID": "39049001000" }, "geometry": { "type": "Polygon", "coordinates": [ [ [ -83.0042204, 40.0122874 ], [ -83.0042146, 40.0123468 ], [ -83.0043165, 40.0123527 ], [ -83.0043223, 40.0122932 ], [ -83.0042204, 40.0122874 ] ] ] } },
{ "type": "Feature", "properties": { "@id": "way/545502784", "amenity": null, "building": "house", "name": null, "shop": null, "GEOID": "39049001000" }, "geometry": { "type": "Polygon", "coordinates": [ [ [ -83.0043637, 40.012613 ], [ -83.0043648, 40.0125982 ], [ -83.004409, 40.0126001 ], [ -83.0044124, 40.0125527 ], [ -83.0042725, 40.0125468 ], [ -83.0042681, 40.012609 ], [ -83.0043637, 40.012613 ] ] ] } },
{ "type": "Feature", "properties": { "@id": "way/545502785", "amenity": null, "building": "house", "name": null, "shop": null, "GEOID": "39049001000" }, "geometry": { "type": "Polygon", "coordinates": [ [ [ -83.0043709, 40.012513 ], [ -83.0042142, 40.0125046 ], [ -83.0042213, 40.0124268 ], [ -83.004378, 40.0124352 ], [ -83.0043709, 40.012513 ] ] ] } },
{ "type": "Feature", "properties": { "@id": "way/545502786", "amenity": null, "building": "house", "name": null, "shop": null, "GEOID": "39049001000" }, "geometry": { "type": "Polygon", "coordinates": [ [ [ -83.0040199, 40.0121961 ], [ -83.0040143, 40.0122371 ], [ -83.0039366, 40.0122309 ], [ -83.0039422, 40.0121898 ], [ -83.0040199, 40.0121961 ] ] ] } },
{ "type": "Feature", "properties": { "@id": "way/545502787", "amenity": null, "building": "house", "name": null, "shop": null, "GEOID": "39049001000" }, "geometry": { "type": "Polygon", "coordinates": [ [ [ -83.0040166, 40.0123437 ], [ -83.0040109, 40.0123989 ], [ -83.0039512, 40.0123952 ], [ -83.0039569, 40.0123401 ], [ -83.0040166, 40.0123437 ] ] ] } },
{ "type": "Feature", "properties": { "@id": "way/545502788", "amenity": null, "building": "house", "name": null, "shop": null, "GEOID": "39049001000" }, "geometry": { "type": "Polygon", "coordinates": [ [ [ -83.0044442, 40.0127747 ], [ -83.0042642, 40.0127658 ], [ -83.004271, 40.0126845 ], [ -83.004451, 40.0126934 ], [ -83.0044442, 40.0127747 ] ] ] } },
{ "type": "Feature", "properties": { "@id": "way/545502789", "amenity": null, "building": "house", "name": null, "shop": null, "GEOID": "39049001000" }, "geometry": { "type": "Polygon", "coordinates": [ [ [ -83.0044595, 40.0128701 ], [ -83.0042794, 40.0128613 ], [ -83.0042862, 40.01278 ], [ -83.0044663, 40.0127888 ], [ -83.0044595, 40.0128701 ] ] ] } },
{ "type": "Feature", "properties": { "@id": "way/545502790", "amenity": null, "building": "house", "name": null, "shop": null, "GEOID": "39049001000" }, "geometry": { "type": "Polygon", "coordinates": [ [ [ -83.004493, 40.0129654 ], [ -83.0043129, 40.0129566 ], [ -83.0043197, 40.0128753 ], [ -83.0044998, 40.0128841 ], [ -83.004493, 40.0129654 ] ] ] } },
{ "type": "Feature", "properties": { "@id": "way/545502791", "amenity": null, "building": "house", "name": null, "shop": null, "GEOID": "39049001000" }, "geometry": { "type": "Polygon", "coordinates": [ [ [ -83.0038487, 40.0129341 ], [ -83.0037045, 40.0129303 ], [ -83.0037075, 40.0128625 ], [ -83.0038517, 40.0128663 ], [ -83.0038487, 40.0129341 ] ] ] } },
{ "type": "Feature", "properties": { "@id": "way/545502792", "amenity": null, "building": "house", "name": null, "shop": null, "GEOID": "39049001000" }, "geometry": { "type": "Polygon", "coordinates": [ [ [ -83.00381, 40.0130194 ], [ -83.0036712, 40.0130132 ], [ -83.0036759, 40.0129509 ], [ -83.0038147, 40.0129571 ], [ -83.00381, 40.0130194 ] ] ] } },
{ "type": "Feature", "properties": { "@id": "way/545502793", "amenity": null, "building": "house", "name": null, "shop": null, "GEOID": "39049001000" }, "geometry": { "type": "Polygon", "coordinates": [ [ [ -83.0037934, 40.0131141 ], [ -83.0036513, 40.0131066 ], [ -83.0036591, 40.0130211 ], [ -83.0038011, 40.0130287 ], [ -83.0037934, 40.0131141 ] ] ] } },
{ "type": "Feature", "properties": { "@id": "way/545529907", "amenity": null, "building": "house", "name": null, "shop": null, "GEOID": "39049001000" }, "geometry": { "type": "Polygon", "coordinates": [ [ [ -83.0086286, 40.0128427 ], [ -83.0085052, 40.0128613 ], [ -83.0084665, 40.0127106 ], [ -83.0085899, 40.012692 ], [ -83.0086286, 40.0128427 ] ] ] } },
{ "type": "Feature", "properties": { "@id": "way/545568112", "amenity": null, "building": "house", "name": null, "shop": null, "GEOID": "39049001000" }, "geometry": { "type": "Polygon", "coordinates": [ [ [ -83.0032735, 40.0119238 ], [ -83.0032646, 40.0120098 ], [ -83.0034424, 40.0120205 ], [ -83.0034513, 40.0119346 ], [ -83.0032735, 40.0119238 ] ] ] } },
{ "type": "Feature", "properties": { "@id": "way/545568113", "amenity": null, "building": "house", "name": null, "shop": null, "GEOID": "39049001000" }, "geometry": { "type": "Polygon", "coordinates": [ [ [ -83.0032355, 40.0122182 ], [ -83.0032298, 40.0123043 ], [ -83.0034079, 40.0123113 ], [ -83.0034137, 40.0122251 ], [ -83.0032355, 40.0122182 ] ] ] } },
{ "type": "Feature", "properties": { "@id": "way/545568114", "amenity": null, "building": "house", "name": null, "shop": null, "GEOID": "39049001000" }, "geometry": { "type": "Polygon", "coordinates": [ [ [ -83.0034021, 40.0122184 ], [ -83.0032496, 40.0122136 ], [ -83.0032534, 40.0121425 ], [ -83.0034059, 40.0121473 ], [ -83.0034021, 40.0122184 ] ] ] } },
{ "type": "Feature", "properties": { "@id": "way/545568115", "amenity": null, "building": "house", "name": null, "shop": null, "GEOID": "39049001000" }, "geometry": { "type": "Polygon", "coordinates": [ [ [ -83.003153, 40.0122901 ], [ -83.0030678, 40.0122865 ], [ -83.0030726, 40.0122208 ], [ -83.0031577, 40.0122244 ], [ -83.003153, 40.0122901 ] ] ] } },
{ "type": "Feature", "properties": { "@id": "way/545568116", "amenity": null, "building": "house", "name": null, "shop": null, "GEOID": "39049001000" }, "geometry": { "type": "Polygon", "coordinates": [ [ [ -83.0031082, 40.0123868 ], [ -83.0030359, 40.0123841 ], [ -83.0030403, 40.0123152 ], [ -83.0031127, 40.012318 ], [ -83.0031082, 40.0123868 ] ] ] } },
{ "type": "Feature", "properties": { "@id": "way/545568117", "amenity": null, "building": "house", "name": null, "shop": null, "GEOID": "39049001000" }, "geometry": { "type": "Polygon", "coordinates": [ [ [ -83.0031114, 40.0124961 ], [ -83.0030249, 40.0124926 ], [ -83.0030283, 40.0124448 ], [ -83.0031148, 40.0124484 ], [ -83.0031114, 40.0124961 ] ] ] } },
{ "type": "Feature", "properties": { "@id": "way/545568118", "amenity": null, "building": "house", "name": null, "shop": null, "GEOID": "39049001000" }, "geometry": { "type": "Polygon", "coordinates": [ [ [ -83.0033604, 40.0127224 ], [ -83.0032629, 40.0127188 ], [ -83.0032614, 40.0127418 ], [ -83.0032255, 40.0127405 ], [ -83.0032231, 40.0127783 ], [ -83.0033565, 40.0127833 ], [ -83.0033604, 40.0127224 ] ] ] } },
{ "type": "Feature", "properties": { "@id": "way/545568119", "amenity": null, "building": "house", "name": null, "shop": null, "GEOID": "39049001000" }, "geometry": { "type": "Polygon", "coordinates": [ [ [ -83.0033525, 40.0128881 ], [ -83.0032461, 40.0128855 ], [ -83.0032465, 40.0128749 ], [ -83.0032167, 40.0128741 ], [ -83.0032191, 40.0128163 ], [ -83.0033553, 40.0128197 ], [ -83.0033525, 40.0128881 ] ] ] } },
{ "type": "Feature", "properties": { "@id": "way/545568120", "amenity": null, "building": "house", "name": null, "shop": null, "GEOID": "39049001000" }, "geometry": { "type": "Polygon", "coordinates": [ [ [ -83.0033519, 40.0129922 ], [ -83.0031681, 40.0129868 ], [ -83.0031696, 40.0129571 ], [ -83.0031913, 40.0129577 ], [ -83.0031927, 40.01293 ], [ -83.0031726, 40.0129294 ], [ -83.0031739, 40.0129019 ], [ -83.0033561, 40.0129072 ], [ -83.0033519, 40.0129922 ] ] ] } },
{ "type": "Feature", "properties": { "@id": "way/545568121", "amenity": null, "building": "house", "name": null, "shop": null, "GEOID": "39049001000" }, "geometry": { "type": "Polygon", "coordinates": [ [ [ -83.0033853, 40.0130914 ], [ -83.0031861, 40.0130849 ], [ -83.0031911, 40.0129951 ], [ -83.0033903, 40.0130016 ], [ -83.0033853, 40.0130914 ] ] ] } },
{ "type": "Feature", "properties": { "@id": "way/545568122", "amenity": null, "building": "house", "name": null, "shop": null, "GEOID": "39049001000" }, "geometry": { "type": "Polygon", "coordinates": [ [ [ -83.0031345, 40.0130837 ], [ -83.0030272, 40.0130804 ], [ -83.0030322, 40.0129854 ], [ -83.0031395, 40.0129887 ], [ -83.0031345, 40.0130837 ] ] ] } },
{ "type": "Feature", "properties": { "@id": "way/545568123", "amenity": null, "building": "house", "name": null, "shop": null, "GEOID": "39049001000" }, "geometry": { "type": "Polygon", "coordinates": [ [ [ -83.0030627, 40.012963 ], [ -83.0029943, 40.0129592 ], [ -83.0029997, 40.012901 ], [ -83.0030682, 40.0129048 ], [ -83.0030627, 40.012963 ] ] ] } },
{ "type": "Feature", "properties": { "@id": "way/545568124", "amenity": null, "building": "house", "name": null, "shop": null, "GEOID": "39049001000" }, "geometry": { "type": "Polygon", "coordinates": [ [ [ -83.0029325, 40.0126364 ], [ -83.0028427, 40.0126321 ], [ -83.0028458, 40.0125926 ], [ -83.0029357, 40.0125969 ], [ -83.0029325, 40.0126364 ] ] ] } },
{ "type": "Feature", "properties": { "@id": "way/545568125", "amenity": null, "building": "house", "name": null, "shop": null, "GEOID": "39049001000" }, "geometry": { "type": "Polygon", "coordinates": [ [ [ -83.0027295, 40.0125706 ], [ -83.0025433, 40.012564 ], [ -83.0025482, 40.0124832 ], [ -83.0027343, 40.0124897 ], [ -83.0027295, 40.0125706 ] ] ] } },
{ "type": "Feature", "properties": { "@id": "way/545568126", "amenity": null, "building": "house", "name": null, "shop": null, "GEOID": "39049001000" }, "geometry": { "type": "Polygon", "coordinates": [ [ [ -83.0026969, 40.0124728 ], [ -83.0025477, 40.0124703 ], [ -83.0025497, 40.0123997 ], [ -83.002699, 40.0124022 ], [ -83.0026969, 40.0124728 ] ] ] } },
{ "type": "Feature", "properties": { "@id": "way/545568127", "amenity": null, "building": "house", "name": null, "shop": null, "GEOID": "39049001000" }, "geometry": { "type": "Polygon", "coordinates": [ [ [ -83.0025511, 40.0122983 ], [ -83.0025483, 40.0123718 ], [ -83.0027132, 40.0123754 ], [ -83.0027145, 40.0123399 ], [ -83.0026963, 40.0123395 ], [ -83.0026977, 40.0123015 ], [ -83.0025511, 40.0122983 ] ] ] } },
{ "type": "Feature", "properties": { "@id": "way/545568128", "amenity": null, "building": "house", "name": null, "shop": null, "GEOID": "39049001000" }, "geometry": { "type": "Polygon", "coordinates": [ [ [ -83.002557, 40.0121982 ], [ -83.0025543, 40.0122717 ], [ -83.0027192, 40.0122753 ], [ -83.0027205, 40.0122398 ], [ -83.0027023, 40.0122394 ], [ -83.0027037, 40.0122014 ], [ -83.002557, 40.0121982 ] ] ] } },
{ "type": "Feature", "properties": { "@id": "way/545568129", "amenity": null, "building": "house", "name": null, "shop": null, "GEOID": "39049001000" }, "geometry": { "type": "Polygon", "coordinates": [ [ [ -83.0025651, 40.0121057 ], [ -83.0025623, 40.0121792 ], [ -83.0027272, 40.0121828 ], [ -83.0027286, 40.0121474 ], [ -83.0027103, 40.012147 ], [ -83.0027118, 40.0121089 ], [ -83.0025651, 40.0121057 ] ] ] } },
{ "type": "Feature", "properties": { "@id": "way/545568130", "amenity": null, "building": "house", "name": null, "shop": null, "GEOID": "39049001000" }, "geometry": { "type": "Polygon", "coordinates": [ [ [ -83.002751, 40.0120808 ], [ -83.0026033, 40.012077 ], [ -83.0026083, 40.0119617 ], [ -83.0027113, 40.0119643 ], [ -83.0027105, 40.0119845 ], [ -83.0027662, 40.011986 ], [ -83.0027638, 40.0120418 ], [ -83.0027527, 40.0120416 ], [ -83.002751, 40.0120808 ] ] ] } },
{ "type": "Feature", "properties": { "@id": "way/545568131", "amenity": null, "building": "house", "name": null, "shop": null, "GEOID": "39049001000" }, "geometry": { "type": "Polygon", "coordinates": [ [ [ -83.0029721, 40.0121053 ], [ -83.0028869, 40.0121017 ], [ -83.0028913, 40.012041 ], [ -83.0029765, 40.0120446 ], [ -83.0029721, 40.0121053 ] ] ] } },
{ "type": "Feature", "properties": { "@id": "way/545568132", "amenity": null, "building": "house", "name": null, "shop": null, "GEOID": "39049001000" }, "geometry": { "type": "Polygon", "coordinates": [ [ [ -83.0027642, 40.0118259 ], [ -83.0027606, 40.0118709 ], [ -83.0027342, 40.0118697 ], [ -83.002732, 40.0118969 ], [ -83.002599, 40.0118907 ], [ -83.0026046, 40.0118186 ], [ -83.0027642, 40.0118259 ] ] ] } },
{ "type": "Feature", "properties": { "@id": "way/545568133", "amenity": null, "building": "house", "name": null, "shop": null, "GEOID": "39049001000" }, "geometry": { "type": "Polygon", "coordinates": [ [ [ -83.0027346, 40.0118002 ], [ -83.0025972, 40.0117944 ], [ -83.002602, 40.0117269 ], [ -83.0027395, 40.0117327 ], [ -83.0027346, 40.0118002 ] ] ] } },
{ "type": "Feature", "properties": { "@id": "way/545568134", "amenity": null, "building": "house", "name": null, "shop": null, "GEOID": "39049001000" }, "geometry": { "type": "Polygon", "coordinates": [ [ [ -83.002978, 40.0119096 ], [ -83.0029011, 40.0119068 ], [ -83.0029052, 40.0118407 ], [ -83.0029821, 40.0118435 ], [ -83.002978, 40.0119096 ] ] ] } },
{ "type": "Feature", "properties": { "@id": "way/545568135", "amenity": null, "building": "house", "name": null, "shop": null, "GEOID": "39049001000" }, "geometry": { "type": "Polygon", "coordinates": [ [ [ -83.0029883, 40.011715 ], [ -83.0029114, 40.0117122 ], [ -83.0029155, 40.0116461 ], [ -83.0029924, 40.0116488 ], [ -83.0029883, 40.011715 ] ] ] } },
{ "type": "Feature", "properties": { "@id": "way/545568136", "amenity": null, "building": "house", "name": null, "shop": null, "GEOID": "39049001000" }, "geometry": { "type": "Polygon", "coordinates": [ [ [ -83.0026299, 40.0116187 ], [ -83.0026241, 40.0116994 ], [ -83.00276, 40.0117052 ], [ -83.0027658, 40.0116244 ], [ -83.0026299, 40.0116187 ] ] ] } },
{ "type": "Feature", "properties": { "@id": "way/545568137", "amenity": null, "building": "house", "name": null, "shop": null, "GEOID": "39049001000" }, "geometry": { "type": "Polygon", "coordinates": [ [ [ -83.0026361, 40.0115316 ], [ -83.0026322, 40.0115973 ], [ -83.00283, 40.0116041 ], [ -83.0028339, 40.0115384 ], [ -83.0026361, 40.0115316 ] ] ] } },
{ "type": "Feature", "properties": { "@id": "way/545568138", "amenity": null, "building": "house", "name": null, "shop": null, "GEOID": "39049001000" }, "geometry": { "type": "Polygon", "coordinates": [ [ [ -83.0020543, 40.0124859 ], [ -83.0020486, 40.0125662 ], [ -83.0022474, 40.0125745 ], [ -83.0022531, 40.0124942 ], [ -83.0020543, 40.0124859 ] ] ] } },
{ "type": "Feature", "properties": { "@id": "way/545568139", "amenity": null, "building": "house", "name": null, "shop": null, "GEOID": "39049001000" }, "geometry": { "type": "Polygon", "coordinates": [ [ [ -83.0020495, 40.0125777 ], [ -83.0020438, 40.012658 ], [ -83.0022427, 40.0126662 ], [ -83.0022483, 40.012586 ], [ -83.0020495, 40.0125777 ] ] ] } },
{ "type": "Feature", "properties": { "@id": "way/545568140", "amenity": null, "building": "house", "name": null, "shop": null, "GEOID": "39049001000" }, "geometry": { "type": "Polygon", "coordinates": [ [ [ -83.0020473, 40.0126727 ], [ -83.0020416, 40.012753 ], [ -83.0022404, 40.0127612 ], [ -83.0022461, 40.012681 ], [ -83.0020473, 40.0126727 ] ] ] } },
{ "type": "Feature", "properties": { "@id": "way/545568141", "amenity": null, "building": "house", "name": "The Wayfaring Buckeye Hostel", "shop": null, "GEOID": "39049001000" }, "geometry": { "type": "Polygon", "coordinates": [ [ [ -83.001489, 40.0125431 ], [ -83.0014834, 40.0126234 ], [ -83.0016822, 40.0126317 ], [ -83.0016863, 40.0125735 ], [ -83.0016879, 40.0125514 ], [ -83.001489, 40.0125431 ] ] ] } },
{ "type": "Feature", "properties": { "@id": "way/545568142", "amenity": null, "building": "house", "name": null, "shop": null, "GEOID": "39049001000" }, "geometry": { "type": "Polygon", "coordinates": [ [ [ -83.0014755, 40.0126451 ], [ -83.0014698, 40.0127253 ], [ -83.0016686, 40.0127336 ], [ -83.0016743, 40.0126533 ], [ -83.0014755, 40.0126451 ] ] ] } },
{ "type": "Feature", "properties": { "@id": "way/545568143", "amenity": null, "building": "house", "name": null, "shop": null, "GEOID": "39049001000" }, "geometry": { "type": "Polygon", "coordinates": [ [ [ -83.0014947, 40.012455 ], [ -83.001489, 40.0125353 ], [ -83.0016878, 40.0125436 ], [ -83.0016935, 40.0124633 ], [ -83.0014947, 40.012455 ] ] ] } },
{ "type": "Feature", "properties": { "@id": "way/545568145", "amenity": null, "building": "house", "name": null, "shop": null, "GEOID": "39049001000" }, "geometry": { "type": "Polygon", "coordinates": [ [ [ -83.0020269, 40.0123737 ], [ -83.0020212, 40.012454 ], [ -83.00222, 40.0124622 ], [ -83.0022257, 40.012382 ], [ -83.0020269, 40.0123737 ] ] ] } },
{ "type": "Feature", "properties": { "@id": "way/545568149", "amenity": null, "building": "house", "name": null, "shop": null, "GEOID": "39049001000" }, "geometry": { "type": "Polygon", "coordinates": [ [ [ -83.0021629, 40.0115354 ], [ -83.0021595, 40.0116079 ], [ -83.0022888, 40.0116115 ], [ -83.0022922, 40.011539 ], [ -83.0021629, 40.0115354 ] ] ] } },
{ "type": "Feature", "properties": { "@id": "way/545568151", "amenity": null, "building": "house", "name": null, "shop": null, "GEOID": "39049001000" }, "geometry": { "type": "Polygon", "coordinates": [ [ [ -83.0021602, 40.0116258 ], [ -83.0021568, 40.0116983 ], [ -83.0022861, 40.0117019 ], [ -83.0022895, 40.0116294 ], [ -83.0021602, 40.0116258 ] ] ] } },
{ "type": "Feature", "properties": { "@id": "way/545568152", "amenity": null, "building": "house", "name": null, "shop": null, "GEOID": "39049001000" }, "geometry": { "type": "Polygon", "coordinates": [ [ [ -83.0021508, 40.0117152 ], [ -83.0021474, 40.0117877 ], [ -83.0022767, 40.0117912 ], [ -83.0022801, 40.0117187 ], [ -83.0021508, 40.0117152 ] ] ] } },
{ "type": "Feature", "properties": { "@id": "way/545568153", "amenity": null, "building": "house", "name": null, "shop": null, "GEOID": "39049001000" }, "geometry": { "type": "Polygon", "coordinates": [ [ [ -83.0015205, 40.0118713 ], [ -83.0015171, 40.0119438 ], [ -83.0016464, 40.0119473 ], [ -83.0016498, 40.0118749 ], [ -83.0015205, 40.0118713 ] ] ] } },
{ "type": "Feature", "properties": { "@id": "way/545568154", "amenity": null, "building": "house", "name": null, "shop": null, "GEOID": "39049001000" }, "geometry": { "type": "Polygon", "coordinates": [ [ [ -83.0015191, 40.0119699 ], [ -83.0015157, 40.0120424 ], [ -83.001645, 40.012046 ], [ -83.0016484, 40.0119735 ], [ -83.0015191, 40.0119699 ] ] ] } },
{ "type": "Feature", "properties": { "@id": "way/545568155", "amenity": null, "building": "house", "name": null, "shop": null, "GEOID": "39049001000" }, "geometry": { "type": "Polygon", "coordinates": [ [ [ -83.0015272, 40.0117809 ], [ -83.0015238, 40.0118534 ], [ -83.0016531, 40.011857 ], [ -83.0016565, 40.0117845 ], [ -83.0015272, 40.0117809 ] ] ] } },
{ "type": "Feature", "properties": { "@id": "way/545568156", "amenity": null, "building": "house", "name": null, "shop": null, "GEOID": "39049001000" }, "geometry": { "type": "Polygon", "coordinates": [ [ [ -83.0016391, 40.0120772 ], [ -83.0015445, 40.0120738 ], [ -83.0015385, 40.0121728 ], [ -83.0016331, 40.0121762 ], [ -83.0016391, 40.0120772 ] ] ] } },
{ "type": "Feature", "properties": { "@id": "way/545568157", "amenity": null, "building": "house", "name": null, "shop": null, "GEOID": "39049001000" }, "geometry": { "type": "Polygon", "coordinates": [ [ [ -83.0021159, 40.0121322 ], [ -83.0021125, 40.0122047 ], [ -83.0022418, 40.0122082 ], [ -83.0022452, 40.0121358 ], [ -83.0021159, 40.0121322 ] ] ] } },
{ "type": "Feature", "properties": { "@id": "way/545568158", "amenity": null, "building": "house", "name": null, "shop": null, "GEOID": "39049001000" }, "geometry": { "type": "Polygon", "coordinates": [ [ [ -83.0021213, 40.0120398 ], [ -83.0021179, 40.0121122 ], [ -83.0022472, 40.0121158 ], [ -83.0022506, 40.0120433 ], [ -83.0021213, 40.0120398 ] ] ] } },
{ "type": "Feature", "properties": { "@id": "way/545568159", "amenity": null, "building": "house", "name": null, "shop": null, "GEOID": "39049001000" }, "geometry": { "type": "Polygon", "coordinates": [ [ [ -83.0011128, 40.0120872 ], [ -83.0011084, 40.0121582 ], [ -83.00125, 40.0121634 ], [ -83.0012538, 40.0121029 ], [ -83.0012367, 40.0121023 ], [ -83.0012374, 40.0120918 ], [ -83.0011128, 40.0120872 ] ] ] } },
{ "type": "Feature", "properties": { "@id": "way/545568160", "amenity": null, "building": "house", "name": null, "shop": null, "GEOID": "39049001000" }, "geometry": { "type": "Polygon", "coordinates": [ [ [ -83.0014735, 40.0128235 ], [ -83.0014701, 40.012896 ], [ -83.0015994, 40.0128995 ], [ -83.0016028, 40.012827 ], [ -83.0014735, 40.0128235 ] ] ] } },
{ "type": "Feature", "properties": { "@id": "way/545568161", "amenity": null, "building": "house", "name": null, "shop": null, "GEOID": "39049001000" }, "geometry": { "type": "Polygon", "coordinates": [ [ [ -83.0014842, 40.0127372 ], [ -83.0014808, 40.0128097 ], [ -83.0016102, 40.0128132 ], [ -83.0016136, 40.0127408 ], [ -83.0014842, 40.0127372 ] ] ] } },
{ "type": "Feature", "properties": { "@id": "way/545568162", "amenity": null, "building": "house", "name": null, "shop": null, "GEOID": "39049001000" }, "geometry": { "type": "Polygon", "coordinates": [ [ [ -83.0014793, 40.0129186 ], [ -83.0014751, 40.0129911 ], [ -83.0016044, 40.0129954 ], [ -83.0016085, 40.0129229 ], [ -83.0014793, 40.0129186 ] ] ] } },
{ "type": "Feature", "properties": { "@id": "way/545568163", "amenity": null, "building": "house", "name": null, "shop": null, "GEOID": "39049001000" }, "geometry": { "type": "Polygon", "coordinates": [ [ [ -83.0015365, 40.0117643 ], [ -83.0015392, 40.011703 ], [ -83.0017157, 40.0117075 ], [ -83.001713, 40.0117688 ], [ -83.0015365, 40.0117643 ] ] ] } },
{ "type": "Feature", "properties": { "@id": "way/545568164", "amenity": null, "building": "house", "name": null, "shop": null, "GEOID": "39049001000" }, "geometry": { "type": "Polygon", "coordinates": [ [ [ -83.0019421, 40.0113707 ], [ -83.0018418, 40.0113674 ], [ -83.0018482, 40.0112512 ], [ -83.0019485, 40.0112545 ], [ -83.0019421, 40.0113707 ] ] ] } },
{ "type": "Feature", "properties": { "@id": "way/545568165", "amenity": null, "building": "house", "name": null, "shop": null, "GEOID": "39049001000" }, "geometry": { "type": "Polygon", "coordinates": [ [ [ -83.0019323, 40.011573 ], [ -83.0018584, 40.0115714 ], [ -83.001862, 40.0114768 ], [ -83.0019358, 40.0114784 ], [ -83.0019323, 40.011573 ] ] ] } },
{ "type": "Feature", "properties": { "@id": "way/545568166", "amenity": null, "building": "house", "name": null, "shop": null, "GEOID": "39049001000" }, "geometry": { "type": "Polygon", "coordinates": [ [ [ -83.0015668, 40.0114046 ], [ -83.0015648, 40.0114731 ], [ -83.0016978, 40.0114755 ], [ -83.0016998, 40.0114069 ], [ -83.0015668, 40.0114046 ] ] ] } },
{ "type": "Feature", "properties": { "@id": "way/545568167", "amenity": null, "building": "house", "name": null, "shop": null, "GEOID": "39049001000" }, "geometry": { "type": "Polygon", "coordinates": [ [ [ -83.0015936, 40.0113621 ], [ -83.0015972, 40.0112836 ], [ -83.0017573, 40.0112878 ], [ -83.0017538, 40.0113663 ], [ -83.0015936, 40.0113621 ] ] ] } },
{ "type": "Feature", "properties": { "@id": "way/545568168", "amenity": null, "building": "house", "name": null, "shop": null, "GEOID": "39049001000" }, "geometry": { "type": "Polygon", "coordinates": [ [ [ -83.0022627, 40.0119281 ], [ -83.0021376, 40.0119251 ], [ -83.0021422, 40.0118098 ], [ -83.0022673, 40.0118127 ], [ -83.0022627, 40.0119281 ] ] ] } },
{ "type": "Feature", "properties": { "@id": "way/545568169", "amenity": null, "building": "house", "name": null, "shop": null, "GEOID": "39049001000" }, "geometry": { "type": "Polygon", "coordinates": [ [ [ -83.0022568, 40.012022 ], [ -83.0021385, 40.0120178 ], [ -83.0021431, 40.0119425 ], [ -83.0022614, 40.0119468 ], [ -83.0022568, 40.012022 ] ] ] } },
{ "type": "Feature", "properties": { "@id": "way/545568170", "amenity": null, "building": "house", "name": null, "shop": null, "GEOID": "39049001000" }, "geometry": { "type": "Polygon", "coordinates": [ [ [ -83.0014977, 40.0122227 ], [ -83.0014954, 40.0122896 ], [ -83.0016453, 40.0122926 ], [ -83.0016475, 40.0122257 ], [ -83.0014977, 40.0122227 ] ] ] } },
{ "type": "Feature", "properties": { "@id": "way/545568171", "amenity": null, "building": "house", "name": null, "shop": null, "GEOID": "39049001000" }, "geometry": { "type": "Polygon", "coordinates": [ [ [ -83.0017291, 40.0123914 ], [ -83.0016486, 40.0123884 ], [ -83.0016525, 40.0123275 ], [ -83.001733, 40.0123305 ], [ -83.0017291, 40.0123914 ] ] ] } },
{ "type": "Feature", "properties": { "@id": "way/545568172", "amenity": null, "building": "house", "name": null, "shop": null, "GEOID": "39049001000" }, "geometry": { "type": "Polygon", "coordinates": [ [ [ -83.001659, 40.0123989 ], [ -83.0016357, 40.0123987 ], [ -83.001636, 40.0123802 ], [ -83.0015695, 40.0123795 ], [ -83.0015694, 40.0123895 ], [ -83.0014855, 40.0123886 ], [ -83.0014846, 40.0124375 ], [ -83.0015237, 40.012438 ], [ -83.0015236, 40.0124476 ], [ -83.001637, 40.0124488 ], [ -83.0016373, 40.0124278 ], [ -83.0016585, 40.012428 ], [ -83.001659, 40.0123989 ] ] ] } },
{ "type": "Feature", "properties": { "@id": "way/545568173", "amenity": null, "building": "house", "name": null, "shop": null, "GEOID": "39049001000" }, "geometry": { "type": "Polygon", "coordinates": [ [ [ -83.0022385, 40.0127746 ], [ -83.0022354, 40.0128334 ], [ -83.0020831, 40.0128286 ], [ -83.0020863, 40.0127697 ], [ -83.0022385, 40.0127746 ] ] ] } },
{ "type": "Feature", "properties": { "@id": "way/545568174", "amenity": null, "building": "house", "name": null, "shop": null, "GEOID": "39049001000" }, "geometry": { "type": "Polygon", "coordinates": [ [ [ -83.0019566, 40.0130099 ], [ -83.0018326, 40.0130071 ], [ -83.0018374, 40.0128823 ], [ -83.0019614, 40.0128851 ], [ -83.0019566, 40.0130099 ] ] ] } },
{ "type": "Feature", "properties": { "@id": "way/545568175", "amenity": null, "building": "house", "name": null, "shop": null, "GEOID": "39049001000" }, "geometry": { "type": "Polygon", "coordinates": [ [ [ -83.0022378, 40.0129447 ], [ -83.0020595, 40.0129402 ], [ -83.0020561, 40.013022 ], [ -83.0022343, 40.0130264 ], [ -83.0022378, 40.0129447 ] ] ] } },
{ "type": "Feature", "properties": { "@id": "way/545568177", "amenity": null, "building": "house", "name": null, "shop": null, "GEOID": "39049001000" }, "geometry": { "type": "Polygon", "coordinates": [ [ [ -83.0008082, 40.012944 ], [ -83.0007244, 40.0129429 ], [ -83.0007257, 40.0128844 ], [ -83.0008095, 40.0128854 ], [ -83.0008082, 40.012944 ] ] ] } },
{ "type": "Feature", "properties": { "@id": "way/545568178", "amenity": null, "building": "house", "name": null, "shop": null, "GEOID": "39049001000" }, "geometry": { "type": "Polygon", "coordinates": [ [ [ -83.0004543, 40.0128747 ], [ -83.000451, 40.0129616 ], [ -83.0007075, 40.0129674 ], [ -83.0007087, 40.0129349 ], [ -83.0006827, 40.0129343 ], [ -83.0006848, 40.0128799 ], [ -83.0004543, 40.0128747 ] ] ] } },
{ "type": "Feature", "properties": { "@id": "way/545568179", "amenity": null, "building": "house", "name": null, "shop": null, "GEOID": "39049001000" }, "geometry": { "type": "Polygon", "coordinates": [ [ [ -83.0004688, 40.0127908 ], [ -83.0004654, 40.0128562 ], [ -83.0006215, 40.012861 ], [ -83.0006249, 40.0127955 ], [ -83.0004688, 40.0127908 ] ] ] } },
{ "type": "Feature", "properties": { "@id": "way/545568180", "amenity": null, "building": "house", "name": null, "shop": null, "GEOID": "39049001000" }, "geometry": { "type": "Polygon", "coordinates": [ [ [ -83.0004717, 40.0127024 ], [ -83.0004683, 40.0127679 ], [ -83.0006244, 40.0127726 ], [ -83.0006278, 40.0127072 ], [ -83.0004717, 40.0127024 ] ] ] } },
{ "type": "Feature", "properties": { "@id": "way/545568181", "amenity": null, "building": "house", "name": null, "shop": null, "GEOID": "39049001000" }, "geometry": { "type": "Polygon", "coordinates": [ [ [ -83.0004788, 40.012609 ], [ -83.0004754, 40.0126781 ], [ -83.0006582, 40.0126832 ], [ -83.0006602, 40.0126435 ], [ -83.0006304, 40.0126426 ], [ -83.0006318, 40.0126133 ], [ -83.0004788, 40.012609 ] ] ] } },
{ "type": "Feature", "properties": { "@id": "way/545568182", "amenity": null, "building": "house", "name": null, "shop": null, "GEOID": "39049001000" }, "geometry": { "type": "Polygon", "coordinates": [ [ [ -83.0004791, 40.0125119 ], [ -83.0004758, 40.012581 ], [ -83.0006586, 40.0125862 ], [ -83.0006605, 40.0125464 ], [ -83.0006308, 40.0125456 ], [ -83.0006322, 40.0125162 ], [ -83.0004791, 40.0125119 ] ] ] } },
{ "type": "Feature", "properties": { "@id": "way/545568183", "amenity": null, "building": "house", "name": null, "shop": null, "GEOID": "39049001000" }, "geometry": { "type": "Polygon", "coordinates": [ [ [ -83.0004865, 40.012421 ], [ -83.0004832, 40.0124901 ], [ -83.000666, 40.0124953 ], [ -83.0006679, 40.0124555 ], [ -83.0006381, 40.0124547 ], [ -83.0006395, 40.0124253 ], [ -83.0004865, 40.012421 ] ] ] } },
{ "type": "Feature", "properties": { "@id": "way/545568184", "amenity": null, "building": "house", "name": null, "shop": null, "GEOID": "39049001000" }, "geometry": { "type": "Polygon", "coordinates": [ [ [ -83.0004993, 40.0123771 ], [ -83.0007207, 40.0123834 ], [ -83.0007249, 40.0122956 ], [ -83.0005035, 40.0122893 ], [ -83.0004993, 40.0123771 ] ] ] } },
{ "type": "Feature", "properties": { "@id": "way/545568185", "amenity": null, "building": "house", "name": null, "shop": null, "GEOID": "39049001000" }, "geometry": { "type": "Polygon", "coordinates": [ [ [ -83.0007419, 40.0122612 ], [ -83.0005359, 40.0122548 ], [ -83.0005394, 40.012188 ], [ -83.0005142, 40.0121872 ], [ -83.0005163, 40.0121484 ], [ -83.0007475, 40.0121556 ], [ -83.0007419, 40.0122612 ] ] ] } },
{ "type": "Feature", "properties": { "@id": "way/545568186", "amenity": null, "building": "house", "name": null, "shop": null, "GEOID": "39049001000" }, "geometry": { "type": "Polygon", "coordinates": [ [ [ -83.0006595, 40.0121347 ], [ -83.0005274, 40.0121294 ], [ -83.0005335, 40.0120413 ], [ -83.0006656, 40.0120467 ], [ -83.0006595, 40.0121347 ] ] ] } },
{ "type": "Feature", "properties": { "@id": "way/545568187", "amenity": null, "building": "house", "name": null, "shop": null, "GEOID": "39049001000" }, "geometry": { "type": "Polygon", "coordinates": [ [ [ -83.0007278, 40.0119903 ], [ -83.0005226, 40.0119831 ], [ -83.0005287, 40.0118809 ], [ -83.0007339, 40.0118881 ], [ -83.0007278, 40.0119903 ] ] ] } },
{ "type": "Feature", "properties": { "@id": "way/545568188", "amenity": null, "building": "house", "name": null, "shop": null, "GEOID": "39049001000" }, "geometry": { "type": "Polygon", "coordinates": [ [ [ -83.0007521, 40.0117332 ], [ -83.000547, 40.0117256 ], [ -83.0005525, 40.011638 ], [ -83.0007576, 40.0116456 ], [ -83.0007521, 40.0117332 ] ] ] } },
{ "type": "Feature", "properties": { "@id": "way/545568189", "amenity": null, "building": "house", "name": null, "shop": null, "GEOID": "39049001000" }, "geometry": { "type": "Polygon", "coordinates": [ [ [ -83.0007296, 40.011858 ], [ -83.0005244, 40.0118504 ], [ -83.00053, 40.0117628 ], [ -83.0007351, 40.0117704 ], [ -83.0007296, 40.011858 ] ] ] } },
{ "type": "Feature", "properties": { "@id": "way/545568190", "amenity": null, "building": "house", "name": null, "shop": null, "GEOID": "39049001000" }, "geometry": { "type": "Polygon", "coordinates": [ [ [ -83.0007566, 40.0116377 ], [ -83.0005515, 40.0116302 ], [ -83.000557, 40.0115426 ], [ -83.0007622, 40.0115502 ], [ -83.0007566, 40.0116377 ] ] ] } },
{ "type": "Feature", "properties": { "@id": "way/545568191", "amenity": null, "building": "house", "name": null, "shop": null, "GEOID": "39049001000" }, "geometry": { "type": "Polygon", "coordinates": [ [ [ -83.0007566, 40.0115453 ], [ -83.0005515, 40.0115377 ], [ -83.000557, 40.0114502 ], [ -83.0007622, 40.0114578 ], [ -83.0007566, 40.0115453 ] ] ] } },
{ "type": "Feature", "properties": { "@id": "way/545568192", "amenity": null, "building": "house", "name": null, "shop": null, "GEOID": "39049001000" }, "geometry": { "type": "Polygon", "coordinates": [ [ [ -83.001302, 40.0117375 ], [ -83.0010969, 40.0117299 ], [ -83.0011024, 40.0116423 ], [ -83.0013075, 40.0116499 ], [ -83.001302, 40.0117375 ] ] ] } },
{ "type": "Feature", "properties": { "@id": "way/545568193", "amenity": null, "building": "house", "name": null, "shop": null, "GEOID": "39049001000" }, "geometry": { "type": "Polygon", "coordinates": [ [ [ -83.0011111, 40.0113731 ], [ -83.0011084, 40.0114322 ], [ -83.0013151, 40.0114378 ], [ -83.0013178, 40.0113786 ], [ -83.0011111, 40.0113731 ] ] ] } },
{ "type": "Feature", "properties": { "@id": "way/545568194", "amenity": null, "building": "house", "name": null, "shop": null, "GEOID": "39049001000" }, "geometry": { "type": "Polygon", "coordinates": [ [ [ -83.0011052, 40.0114637 ], [ -83.0011025, 40.0115229 ], [ -83.0013092, 40.0115284 ], [ -83.0013119, 40.0114692 ], [ -83.0011052, 40.0114637 ] ] ] } },
{ "type": "Feature", "properties": { "@id": "way/545568195", "amenity": null, "building": "house", "name": null, "shop": null, "GEOID": "39049001000" }, "geometry": { "type": "Polygon", "coordinates": [ [ [ -83.0011042, 40.0115538 ], [ -83.0011015, 40.0116129 ], [ -83.0013082, 40.0116185 ], [ -83.0013109, 40.0115593 ], [ -83.0011042, 40.0115538 ] ] ] } },
{ "type": "Feature", "properties": { "@id": "way/545568196", "amenity": null, "building": "house", "name": null, "shop": null, "GEOID": "39049001000" }, "geometry": { "type": "Polygon", "coordinates": [ [ [ -83.0013297, 40.0112816 ], [ -83.0011851, 40.0112772 ], [ -83.0011818, 40.0113426 ], [ -83.0013264, 40.0113469 ], [ -83.0013297, 40.0112816 ] ] ] } },
{ "type": "Feature", "properties": { "@id": "way/545568197", "amenity": null, "building": "house", "name": null, "shop": null, "GEOID": "39049001000" }, "geometry": { "type": "Polygon", "coordinates": [ [ [ -83.001155, 40.0113234 ], [ -83.0010975, 40.0113213 ], [ -83.0010964, 40.0113379 ], [ -83.0009469, 40.0113325 ], [ -83.000955, 40.0112015 ], [ -83.0011036, 40.0112069 ], [ -83.0011019, 40.0112353 ], [ -83.0011603, 40.0112374 ], [ -83.001155, 40.0113234 ] ] ] } },
{ "type": "Feature", "properties": { "@id": "way/545568198", "amenity": null, "building": "house", "name": null, "shop": null, "GEOID": "39049001000" }, "geometry": { "type": "Polygon", "coordinates": [ [ [ -83.0005816, 40.0111953 ], [ -83.0005755, 40.0112687 ], [ -83.0007499, 40.0112771 ], [ -83.0007559, 40.0112038 ], [ -83.0005816, 40.0111953 ] ] ] } },
{ "type": "Feature", "properties": { "@id": "way/545568199", "amenity": null, "building": "house", "name": null, "shop": null, "GEOID": "39049001000" }, "geometry": { "type": "Polygon", "coordinates": [ [ [ -83.0005752, 40.0112792 ], [ -83.0005705, 40.0113563 ], [ -83.0007135, 40.0113614 ], [ -83.0007182, 40.0112843 ], [ -83.0005752, 40.0112792 ] ] ] } },
{ "type": "Feature", "properties": { "@id": "way/545568200", "amenity": null, "building": "house", "name": null, "shop": null, "GEOID": "39049001000" }, "geometry": { "type": "Polygon", "coordinates": [ [ [ -83.0012836, 40.0118316 ], [ -83.0011139, 40.0118274 ], [ -83.0011162, 40.0117734 ], [ -83.0012859, 40.0117777 ], [ -83.0012836, 40.0118316 ] ] ] } },
{ "type": "Feature", "properties": { "@id": "way/545568201", "amenity": null, "building": "house", "name": null, "shop": null, "GEOID": "39049001000" }, "geometry": { "type": "Polygon", "coordinates": [ [ [ -83.0012537, 40.0119142 ], [ -83.0011455, 40.0119112 ], [ -83.0011489, 40.0118391 ], [ -83.0012571, 40.0118421 ], [ -83.0012537, 40.0119142 ] ] ] } },
{ "type": "Feature", "properties": { "@id": "way/545568202", "amenity": null, "building": "house", "name": null, "shop": null, "GEOID": "39049001000" }, "geometry": { "type": "Polygon", "coordinates": [ [ [ -83.0012629, 40.012007 ], [ -83.0011221, 40.0120031 ], [ -83.0011233, 40.0119768 ], [ -83.0010963, 40.011976 ], [ -83.0010985, 40.0119284 ], [ -83.0012664, 40.011933 ], [ -83.0012629, 40.012007 ] ] ] } },
{ "type": "Feature", "properties": { "@id": "way/545568203", "amenity": null, "building": "house", "name": null, "shop": null, "GEOID": "39049001000" }, "geometry": { "type": "Polygon", "coordinates": [ [ [ -83.0011139, 40.012009 ], [ -83.0011105, 40.0120831 ], [ -83.0012419, 40.0120867 ], [ -83.0012454, 40.0120126 ], [ -83.0011139, 40.012009 ] ] ] } },
{ "type": "Feature", "properties": { "@id": "way/545568204", "amenity": null, "building": "house", "name": null, "shop": null, "GEOID": "39049001000" }, "geometry": { "type": "Polygon", "coordinates": [ [ [ -83.0012218, 40.0122603 ], [ -83.0010301, 40.012253 ], [ -83.0010358, 40.0121645 ], [ -83.0012275, 40.0121718 ], [ -83.0012218, 40.0122603 ] ] ] } },
{ "type": "Feature", "properties": { "@id": "way/545568206", "amenity": null, "building": "house", "name": null, "shop": null, "GEOID": "39049001000" }, "geometry": { "type": "Polygon", "coordinates": [ [ [ -83.0012056, 40.0127967 ], [ -83.0010677, 40.012792 ], [ -83.0010625, 40.0127825 ], [ -83.001047, 40.0127819 ], [ -83.0010495, 40.0127398 ], [ -83.0010671, 40.0127404 ], [ -83.0010775, 40.0127249 ], [ -83.0011437, 40.0127279 ], [ -83.0011541, 40.0127377 ], [ -83.001209, 40.0127396 ], [ -83.0012056, 40.0127967 ] ] ] } },
{ "type": "Feature", "properties": { "@id": "way/545568207", "amenity": null, "building": "house", "name": null, "shop": null, "GEOID": "39049001000" }, "geometry": { "type": "Polygon", "coordinates": [ [ [ -83.0012192, 40.0127111 ], [ -83.0010879, 40.0127088 ], [ -83.0010887, 40.0126841 ], [ -83.0010646, 40.0126748 ], [ -83.0010657, 40.0126367 ], [ -83.0012214, 40.0126395 ], [ -83.0012192, 40.0127111 ] ] ] } },
{ "type": "Feature", "properties": { "@id": "way/545568208", "amenity": null, "building": "house", "name": null, "shop": null, "GEOID": "39049001000" }, "geometry": { "type": "Polygon", "coordinates": [ [ [ -83.0009592, 40.0106088 ], [ -83.0008797, 40.0106055 ], [ -83.000884, 40.0105451 ], [ -83.0009635, 40.0105484 ], [ -83.0009592, 40.0106088 ] ] ] } },
{ "type": "Feature", "properties": { "@id": "way/545568209", "amenity": null, "building": "house", "name": null, "shop": null, "GEOID": "39049001000" }, "geometry": { "type": "Polygon", "coordinates": [ [ [ -83.0010152, 40.0109905 ], [ -83.0009137, 40.0109869 ], [ -83.0009199, 40.010883 ], [ -83.0010213, 40.0108865 ], [ -83.0010152, 40.0109905 ] ] ] } },
{ "type": "Feature", "properties": { "@id": "way/545568210", "amenity": null, "building": "house", "name": null, "shop": null, "GEOID": "39049001000" }, "geometry": { "type": "Polygon", "coordinates": [ [ [ -83.0011343, 40.0109865 ], [ -83.0010328, 40.010983 ], [ -83.001039, 40.010879 ], [ -83.0011404, 40.0108825 ], [ -83.0011343, 40.0109865 ] ] ] } },
{ "type": "Feature", "properties": { "@id": "way/546128794", "amenity": null, "building": "house", "name": null, "shop": null, "GEOID": "39049001000" }, "geometry": { "type": "Polygon", "coordinates": [ [ [ -83.0091658, 40.0123475 ], [ -83.0090804, 40.012359 ], [ -83.0090528, 40.0122385 ], [ -83.0091381, 40.012227 ], [ -83.0091658, 40.0123475 ] ] ] } },
{ "type": "Feature", "properties": { "@id": "way/546128795", "amenity": null, "building": "house", "name": null, "shop": null, "GEOID": "39049001000" }, "geometry": { "type": "Polygon", "coordinates": [ [ [ -83.00902, 40.0123425 ], [ -83.0090144, 40.0123204 ], [ -83.0090618, 40.0123133 ], [ -83.0090429, 40.0122397 ], [ -83.0089951, 40.0122469 ], [ -83.0089906, 40.0122292 ], [ -83.0089262, 40.0122389 ], [ -83.0089552, 40.0123522 ], [ -83.00902, 40.0123425 ] ] ] } },
{ "type": "Feature", "properties": { "@id": "way/546128796", "amenity": null, "building": "house", "name": null, "shop": null, "GEOID": "39049001000" }, "geometry": { "type": "Polygon", "coordinates": [ [ [ -83.0089193, 40.0122273 ], [ -83.0089431, 40.012318 ], [ -83.0088528, 40.0123319 ], [ -83.0088289, 40.0122412 ], [ -83.0089193, 40.0122273 ] ] ] } },
{ "type": "Feature", "properties": { "@id": "way/546128797", "amenity": null, "building": "house", "name": null, "shop": null, "GEOID": "39049001000" }, "geometry": { "type": "Polygon", "coordinates": [ [ [ -83.0087155, 40.0122233 ], [ -83.0087497, 40.0123565 ], [ -83.008838, 40.0123432 ], [ -83.0088037, 40.01221 ], [ -83.0087155, 40.0122233 ] ] ] } },
{ "type": "Feature", "properties": { "@id": "way/546128798", "amenity": null, "building": "house", "name": null, "shop": null, "GEOID": "39049001000" }, "geometry": { "type": "Polygon", "coordinates": [ [ [ -83.008749, 40.0124094 ], [ -83.008626, 40.0124267 ], [ -83.0085856, 40.012259 ], [ -83.0087086, 40.0122417 ], [ -83.008749, 40.0124094 ] ] ] } },
{ "type": "Feature", "properties": { "@id": "way/546128799", "amenity": null, "building": "house", "name": null, "shop": null, "GEOID": "39049001000" }, "geometry": { "type": "Polygon", "coordinates": [ [ [ -83.0085816, 40.0123244 ], [ -83.00852, 40.0123335 ], [ -83.0084867, 40.0122013 ], [ -83.0085483, 40.0121922 ], [ -83.0085816, 40.0123244 ] ] ] } },
{ "type": "Feature", "properties": { "@id": "way/546128800", "amenity": null, "building": "house", "name": null, "shop": null, "GEOID": "39049001000" }, "geometry": { "type": "Polygon", "coordinates": [ [ [ -83.0084811, 40.0123375 ], [ -83.0083962, 40.0123499 ], [ -83.0083585, 40.012199 ], [ -83.0084434, 40.0121866 ], [ -83.0084811, 40.0123375 ] ] ] } },
{ "type": "Feature", "properties": { "@id": "way/546128801", "amenity": null, "building": "house", "name": null, "shop": null, "GEOID": "39049001000" }, "geometry": { "type": "Polygon", "coordinates": [ [ [ -83.0083264, 40.0121932 ], [ -83.0083581, 40.0123215 ], [ -83.0082742, 40.0123337 ], [ -83.0082425, 40.0122054 ], [ -83.0083264, 40.0121932 ] ] ] } },
{ "type": "Feature", "properties": { "@id": "way/546128802", "amenity": null, "building": "house", "name": null, "shop": null, "GEOID": "39049001000" }, "geometry": { "type": "Polygon", "coordinates": [ [ [ -83.0082413, 40.0122902 ], [ -83.0081463, 40.0123045 ], [ -83.0081205, 40.012204 ], [ -83.0082155, 40.0121896 ], [ -83.0082413, 40.0122902 ] ] ] } },
{ "type": "Feature", "properties": { "@id": "way/546128803", "amenity": null, "building": "house", "name": null, "shop": null, "GEOID": "39049001000" }, "geometry": { "type": "Polygon", "coordinates": [ [ [ -83.0081314, 40.0122863 ], [ -83.0080289, 40.0123009 ], [ -83.0080011, 40.0121868 ], [ -83.0081036, 40.0121722 ], [ -83.0081314, 40.0122863 ] ] ] } },
{ "type": "Feature", "properties": { "@id": "way/546128804", "amenity": null, "building": "house", "name": null, "shop": null, "GEOID": "39049001000" }, "geometry": { "type": "Polygon", "coordinates": [ [ [ -83.0080085, 40.0122824 ], [ -83.0079169, 40.0122954 ], [ -83.0078916, 40.0121904 ], [ -83.0079831, 40.0121775 ], [ -83.0080085, 40.0122824 ] ] ] } },
{ "type": "Feature", "properties": { "@id": "way/546128805", "amenity": null, "building": "house", "name": null, "shop": null, "GEOID": "39049001000" }, "geometry": { "type": "Polygon", "coordinates": [ [ [ -83.0080593, 40.0124739 ], [ -83.0079484, 40.012489 ], [ -83.0079302, 40.0124105 ], [ -83.0080412, 40.0123955 ], [ -83.0080593, 40.0124739 ] ] ] } },
{ "type": "Feature", "properties": { "@id": "way/546128806", "amenity": null, "building": "house", "name": null, "shop": null, "GEOID": "39049001000" }, "geometry": { "type": "Polygon", "coordinates": [ [ [ -83.0079872, 40.0125171 ], [ -83.0080089, 40.0125905 ], [ -83.0081487, 40.0125663 ], [ -83.008127, 40.0124929 ], [ -83.0079872, 40.0125171 ] ] ] } },
{ "type": "Feature", "properties": { "@id": "way/546128807", "amenity": null, "building": "house", "name": null, "shop": null, "GEOID": "39049001000" }, "geometry": { "type": "Polygon", "coordinates": [ [ [ -83.008483, 40.0125298 ], [ -83.0084337, 40.0125374 ], [ -83.0084236, 40.0124991 ], [ -83.0084728, 40.0124915 ], [ -83.008483, 40.0125298 ] ] ] } },
{ "type": "Feature", "properties": { "@id": "way/546128808", "amenity": null, "building": "house", "name": null, "shop": null, "GEOID": "39049001000" }, "geometry": { "type": "Polygon", "coordinates": [ [ [ -83.0086617, 40.0126192 ], [ -83.0085874, 40.0126313 ], [ -83.0085616, 40.0125388 ], [ -83.008636, 40.0125267 ], [ -83.0086617, 40.0126192 ] ] ] } },
{ "type": "Feature", "properties": { "@id": "way/546131774", "amenity": null, "building": "house", "name": null, "shop": null, "GEOID": "39049001000" }, "geometry": { "type": "Polygon", "coordinates": [ [ [ -83.0092588, 40.0129522 ], [ -83.0091115, 40.0129733 ], [ -83.0091059, 40.0129503 ], [ -83.0090879, 40.0129529 ], [ -83.0090765, 40.012906 ], [ -83.0092417, 40.0128824 ], [ -83.0092588, 40.0129522 ] ] ] } },
{ "type": "Feature", "properties": { "@id": "way/546131775", "amenity": null, "building": "house", "name": null, "shop": null, "GEOID": "39049001000" }, "geometry": { "type": "Polygon", "coordinates": [ [ [ -83.0092342, 40.012855 ], [ -83.0090927, 40.0128761 ], [ -83.0090763, 40.0128118 ], [ -83.0092178, 40.0127907 ], [ -83.0092342, 40.012855 ] ] ] } },
{ "type": "Feature", "properties": { "@id": "way/546131776", "amenity": null, "building": "house", "name": null, "shop": null, "GEOID": "39049001000" }, "geometry": { "type": "Polygon", "coordinates": [ [ [ -83.0092026, 40.0127626 ], [ -83.0090669, 40.0127832 ], [ -83.0090503, 40.0127191 ], [ -83.009186, 40.0126985 ], [ -83.0092026, 40.0127626 ] ] ] } },
{ "type": "Feature", "properties": { "@id": "way/546131777", "amenity": null, "building": "house", "name": null, "shop": null, "GEOID": "39049001000" }, "geometry": { "type": "Polygon", "coordinates": [ [ [ -83.0091709, 40.0126612 ], [ -83.0090382, 40.0126835 ], [ -83.0090304, 40.0126562 ], [ -83.0090066, 40.0126602 ], [ -83.0089967, 40.0126259 ], [ -83.0091532, 40.0125995 ], [ -83.0091709, 40.0126612 ] ] ] } },
{ "type": "Feature", "properties": { "@id": "way/546131779", "amenity": null, "building": "house", "name": null, "shop": null, "GEOID": "39049001000" }, "geometry": { "type": "Polygon", "coordinates": [ [ [ -83.0088358, 40.0129151 ], [ -83.008749, 40.012929 ], [ -83.008735, 40.0128777 ], [ -83.0088218, 40.0128638 ], [ -83.0088358, 40.0129151 ] ] ] } },
{ "type": "Feature", "properties": { "@id": "way/546131780", "amenity": null, "building": "house", "name": null, "shop": null, "GEOID": "39049001000" }, "geometry": { "type": "Polygon", "coordinates": [ [ [ -83.008804, 40.0128395 ], [ -83.0087222, 40.012851 ], [ -83.0087, 40.0127582 ], [ -83.0087818, 40.0127467 ], [ -83.008804, 40.0128395 ] ] ] } },
{ "type": "Feature", "properties": { "@id": "way/546131781", "amenity": null, "building": "house", "name": null, "shop": null, "GEOID": "39049001000" }, "geometry": { "type": "Polygon", "coordinates": [ [ [ -83.0087546, 40.0126586 ], [ -83.0087765, 40.0127414 ], [ -83.008701, 40.0127531 ], [ -83.0086791, 40.0126703 ], [ -83.0087546, 40.0126586 ] ] ] } },
{ "type": "Feature", "properties": { "@id": "way/546133466", "amenity": null, "building": "house", "name": null, "shop": null, "GEOID": "39049001000" }, "geometry": { "type": "Polygon", "coordinates": [ [ [ -83.0085571, 40.0119967 ], [ -83.0084789, 40.0119921 ], [ -83.0084904, 40.0118785 ], [ -83.0085685, 40.0118831 ], [ -83.0085571, 40.0119967 ] ] ] } },
{ "type": "Feature", "properties": { "@id": "way/546133467", "amenity": null, "building": "house", "name": null, "shop": null, "GEOID": "39049001000" }, "geometry": { "type": "Polygon", "coordinates": [ [ [ -83.0084231, 40.0119851 ], [ -83.0083449, 40.0119805 ], [ -83.0083564, 40.0118669 ], [ -83.0084346, 40.0118715 ], [ -83.0084231, 40.0119851 ] ] ] } },
{ "type": "Feature", "properties": { "@id": "way/546133469", "amenity": null, "building": "house", "name": null, "shop": null, "GEOID": "39049001000" }, "geometry": { "type": "Polygon", "coordinates": [ [ [ -83.0079565, 40.0119875 ], [ -83.0078529, 40.0119825 ], [ -83.0078627, 40.0118621 ], [ -83.0079664, 40.0118671 ], [ -83.0079565, 40.0119875 ] ] ] } },
{ "type": "Feature", "properties": { "@id": "way/546133470", "amenity": null, "building": "house", "name": null, "shop": null, "GEOID": "39049001000" }, "geometry": { "type": "Polygon", "coordinates": [ [ [ -83.0081256, 40.0119679 ], [ -83.008022, 40.0119629 ], [ -83.0080318, 40.0118425 ], [ -83.0081355, 40.0118475 ], [ -83.0081256, 40.0119679 ] ] ] } },
{ "type": "Feature", "properties": { "@id": "way/546133472", "amenity": null, "building": "house", "name": null, "shop": null, "GEOID": "39049001000" }, "geometry": { "type": "Polygon", "coordinates": [ [ [ -83.0082819, 40.0119887 ], [ -83.0081783, 40.0119837 ], [ -83.0081881, 40.0118633 ], [ -83.0082918, 40.0118683 ], [ -83.0082819, 40.0119887 ] ] ] } },
{ "type": "Feature", "properties": { "@id": "way/546133473", "amenity": null, "building": "house", "name": null, "shop": null, "GEOID": "39049001000" }, "geometry": { "type": "Polygon", "coordinates": [ [ [ -83.0083079, 40.0116412 ], [ -83.00823, 40.011638 ], [ -83.0082337, 40.0115841 ], [ -83.0083116, 40.0115873 ], [ -83.0083079, 40.0116412 ] ] ] } },
{ "type": "Feature", "properties": { "@id": "way/546133475", "amenity": null, "building": "house", "name": null, "shop": null, "GEOID": "39049001000" }, "geometry": { "type": "Polygon", "coordinates": [ [ [ -83.00843, 40.0116406 ], [ -83.0083521, 40.0116374 ], [ -83.0083559, 40.0115835 ], [ -83.0084338, 40.0115867 ], [ -83.00843, 40.0116406 ] ] ] } },
{ "type": "Feature", "properties": { "@id": "way/546133476", "amenity": null, "building": "house", "name": null, "shop": null, "GEOID": "39049001000" }, "geometry": { "type": "Polygon", "coordinates": [ [ [ -83.0080142, 40.01156 ], [ -83.0078772, 40.0115541 ], [ -83.0078729, 40.0116123 ], [ -83.00801, 40.0116181 ], [ -83.0080142, 40.01156 ] ] ] } },
{ "type": "Feature", "properties": { "@id": "way/546133477", "amenity": null, "building": "house", "name": null, "shop": null, "GEOID": "39049001000" }, "geometry": { "type": "Polygon", "coordinates": [ [ [ -83.0080018, 40.0117666 ], [ -83.0079223, 40.0117628 ], [ -83.0079291, 40.0116763 ], [ -83.0080087, 40.01168 ], [ -83.0080018, 40.0117666 ] ] ] } },
{ "type": "Feature", "properties": { "@id": "way/546133478", "amenity": null, "building": "house", "name": null, "shop": null, "GEOID": "39049001000" }, "geometry": { "type": "Polygon", "coordinates": [ [ [ -83.0061639, 40.0116929 ], [ -83.0059768, 40.0116858 ], [ -83.0059714, 40.0117684 ], [ -83.0061585, 40.0117755 ], [ -83.0061639, 40.0116929 ] ] ] } },
{ "type": "Feature", "properties": { "@id": "way/546133479", "amenity": null, "building": "house", "name": null, "shop": null, "GEOID": "39049001000" }, "geometry": { "type": "Polygon", "coordinates": [ [ [ -83.0061558, 40.011812 ], [ -83.0059687, 40.0118048 ], [ -83.0059633, 40.0118874 ], [ -83.0061504, 40.0118946 ], [ -83.0061558, 40.011812 ] ] ] } },
{ "type": "Feature", "properties": { "@id": "way/546133480", "amenity": null, "building": "house", "name": null, "shop": null, "GEOID": "39049001000" }, "geometry": { "type": "Polygon", "coordinates": [ [ [ -83.0061437, 40.0119321 ], [ -83.0059567, 40.011925 ], [ -83.0059513, 40.0120076 ], [ -83.0061383, 40.0120147 ], [ -83.0061437, 40.0119321 ] ] ] } },
{ "type": "Feature", "properties": { "@id": "way/546133481", "amenity": null, "building": "house", "name": null, "shop": null, "GEOID": "39049001000" }, "geometry": { "type": "Polygon", "coordinates": [ [ [ -83.005953, 40.0117002 ], [ -83.0058631, 40.0116982 ], [ -83.0058591, 40.0118019 ], [ -83.005949, 40.011804 ], [ -83.005953, 40.0117002 ] ] ] } },
{ "type": "Feature", "properties": { "@id": "way/546133482", "amenity": null, "building": "house", "name": null, "shop": null, "GEOID": "39049001000" }, "geometry": { "type": "Polygon", "coordinates": [ [ [ -83.0058198, 40.0116969 ], [ -83.00573, 40.0116948 ], [ -83.005726, 40.0117986 ], [ -83.0058158, 40.0118006 ], [ -83.0058198, 40.0116969 ] ] ] } },
{ "type": "Feature", "properties": { "@id": "way/546133483", "amenity": null, "building": "house", "name": null, "shop": null, "GEOID": "39049001000" }, "geometry": { "type": "Polygon", "coordinates": [ [ [ -83.0057217, 40.0116969 ], [ -83.0056319, 40.0116948 ], [ -83.0056279, 40.0117986 ], [ -83.0057177, 40.0118006 ], [ -83.0057217, 40.0116969 ] ] ] } },
{ "type": "Feature", "properties": { "@id": "way/546133484", "amenity": null, "building": "house", "name": null, "shop": null, "GEOID": "39049001000" }, "geometry": { "type": "Polygon", "coordinates": [ [ [ -83.0056032, 40.0116925 ], [ -83.0055288, 40.011691 ], [ -83.0055257, 40.0117817 ], [ -83.0056001, 40.0117831 ], [ -83.0056032, 40.0116925 ] ] ] } },
{ "type": "Feature", "properties": { "@id": "way/546133485", "amenity": null, "building": "house", "name": null, "shop": null, "GEOID": "39049001000" }, "geometry": { "type": "Polygon", "coordinates": [ [ [ -83.0055221, 40.0116891 ], [ -83.0054323, 40.011687 ], [ -83.0054283, 40.0117908 ], [ -83.0055181, 40.0117928 ], [ -83.0055221, 40.0116891 ] ] ] } },
{ "type": "Feature", "properties": { "@id": "way/546133486", "amenity": null, "building": "house", "name": null, "shop": null, "GEOID": "39049001000" }, "geometry": { "type": "Polygon", "coordinates": [ [ [ -83.0054139, 40.0116744 ], [ -83.005324, 40.0116724 ], [ -83.00532, 40.0117761 ], [ -83.0054098, 40.0117781 ], [ -83.0054139, 40.0116744 ] ] ] } },
{ "type": "Feature", "properties": { "@id": "way/546133487", "amenity": null, "building": "house", "name": null, "shop": null, "GEOID": "39049001000" }, "geometry": { "type": "Polygon", "coordinates": [ [ [ -83.0052866, 40.0117837 ], [ -83.0051817, 40.01178 ], [ -83.0051886, 40.0116647 ], [ -83.0052936, 40.0116684 ], [ -83.0052866, 40.0117837 ] ] ] } },
{ "type": "Feature", "properties": { "@id": "way/546133488", "amenity": null, "building": "house", "name": null, "shop": null, "GEOID": "39049001000" }, "geometry": { "type": "Polygon", "coordinates": [ [ [ -83.005165, 40.0117986 ], [ -83.0050533, 40.0117952 ], [ -83.0050607, 40.0116549 ], [ -83.0051724, 40.0116583 ], [ -83.005165, 40.0117986 ] ] ] } },
{ "type": "Feature", "properties": { "@id": "way/546133489", "amenity": null, "building": "house", "name": null, "shop": null, "GEOID": "39049001000" }, "geometry": { "type": "Polygon", "coordinates": [ [ [ -83.0050281, 40.0119479 ], [ -83.0049436, 40.0119492 ], [ -83.004942, 40.0118878 ], [ -83.0050264, 40.0118865 ], [ -83.0050281, 40.0119479 ] ] ] } },
{ "type": "Feature", "properties": { "@id": "way/546133490", "amenity": null, "building": "house", "name": null, "shop": null, "GEOID": "39049001000" }, "geometry": { "type": "Polygon", "coordinates": [ [ [ -83.005048, 40.0117913 ], [ -83.004986, 40.0117888 ], [ -83.004991, 40.0117189 ], [ -83.0049607, 40.0117177 ], [ -83.0049645, 40.0116644 ], [ -83.0050567, 40.0116682 ], [ -83.005048, 40.0117913 ] ] ] } },
{ "type": "Feature", "properties": { "@id": "way/546133491", "amenity": null, "building": "house", "name": null, "shop": null, "GEOID": "39049001000" }, "geometry": { "type": "Polygon", "coordinates": [ [ [ -83.0049367, 40.0117952 ], [ -83.0048253, 40.0117903 ], [ -83.0048363, 40.0116443 ], [ -83.0049478, 40.0116492 ], [ -83.0049367, 40.0117952 ] ] ] } },
{ "type": "Feature", "properties": { "@id": "way/546133492", "amenity": null, "building": "house", "name": null, "shop": null, "GEOID": "39049001000" }, "geometry": { "type": "Polygon", "coordinates": [ [ [ -83.00482, 40.0117898 ], [ -83.0048294, 40.0116691 ], [ -83.0047585, 40.0116659 ], [ -83.0047492, 40.0117866 ], [ -83.00482, 40.0117898 ] ] ] } },
{ "type": "Feature", "properties": { "@id": "way/546133493", "amenity": null, "building": "house", "name": null, "shop": null, "GEOID": "39049001000" }, "geometry": { "type": "Polygon", "coordinates": [ [ [ -83.0045701, 40.0117932 ], [ -83.0045749, 40.0117357 ], [ -83.004548, 40.0117344 ], [ -83.0045541, 40.0116616 ], [ -83.0044629, 40.0116571 ], [ -83.004452, 40.0117875 ], [ -83.0045701, 40.0117932 ] ] ] } },
{ "type": "Feature", "properties": { "@id": "way/546133494", "amenity": null, "building": "house", "name": null, "shop": null, "GEOID": "39049001000" }, "geometry": { "type": "Polygon", "coordinates": [ [ [ -83.0044401, 40.0116344 ], [ -83.0044294, 40.011766 ], [ -83.0043719, 40.0117633 ], [ -83.0043743, 40.0117339 ], [ -83.0043412, 40.0117323 ], [ -83.0043495, 40.0116301 ], [ -83.0044401, 40.0116344 ] ] ] } },
{ "type": "Feature", "properties": { "@id": "way/546133495", "amenity": null, "building": "house", "name": null, "shop": null, "GEOID": "39049001000" }, "geometry": { "type": "Polygon", "coordinates": [ [ [ -83.0043326, 40.0116454 ], [ -83.0043235, 40.0117605 ], [ -83.0042422, 40.0117568 ], [ -83.0042513, 40.0116416 ], [ -83.0043326, 40.0116454 ] ] ] } },
{ "type": "Feature", "properties": { "@id": "way/546133496", "amenity": null, "building": "house", "name": null, "shop": null, "GEOID": "39049001000" }, "geometry": { "type": "Polygon", "coordinates": [ [ [ -83.0043393, 40.0119485 ], [ -83.0042173, 40.0119443 ], [ -83.0042191, 40.0119132 ], [ -83.0043412, 40.0119174 ], [ -83.0043393, 40.0119485 ] ] ] } },
{ "type": "Feature", "properties": { "@id": "way/546133497", "amenity": null, "building": "house", "name": null, "shop": null, "GEOID": "39049001000" }, "geometry": { "type": "Polygon", "coordinates": [ [ [ -83.0044653, 40.0119246 ], [ -83.0044298, 40.0119239 ], [ -83.0044321, 40.0118576 ], [ -83.0044676, 40.0118583 ], [ -83.0044653, 40.0119246 ] ] ] } },
{ "type": "Feature", "properties": { "@id": "way/546133498", "amenity": null, "building": "house", "name": null, "shop": null, "GEOID": "39049001000" }, "geometry": { "type": "Polygon", "coordinates": [ [ [ -83.003987, 40.0117213 ], [ -83.0039556, 40.0117196 ], [ -83.0039538, 40.0117391 ], [ -83.00389, 40.0117355 ], [ -83.003903, 40.0115968 ], [ -83.0039982, 40.011602 ], [ -83.003987, 40.0117213 ] ] ] } },
{ "type": "Feature", "properties": { "@id": "way/546133499", "amenity": null, "building": "house", "name": null, "shop": null, "GEOID": "39049001000" }, "geometry": { "type": "Polygon", "coordinates": [ [ [ -83.0038694, 40.0116997 ], [ -83.0038274, 40.0116982 ], [ -83.0038261, 40.0117185 ], [ -83.0037806, 40.0117168 ], [ -83.0037885, 40.0115914 ], [ -83.003876, 40.0115947 ], [ -83.0038694, 40.0116997 ] ] ] } },
{ "type": "Feature", "properties": { "@id": "way/546133500", "amenity": null, "building": "house", "name": null, "shop": null, "GEOID": "39049001000" }, "geometry": { "type": "Polygon", "coordinates": [ [ [ -83.0037464, 40.0117023 ], [ -83.0037044, 40.0117007 ], [ -83.0037031, 40.011721 ], [ -83.0036576, 40.0117194 ], [ -83.0036655, 40.011594 ], [ -83.003753, 40.0115972 ], [ -83.0037464, 40.0117023 ] ] ] } },
{ "type": "Feature", "properties": { "@id": "way/546133501", "amenity": null, "building": "house", "name": null, "shop": null, "GEOID": "39049001000" }, "geometry": { "type": "Polygon", "coordinates": [ [ [ -83.0036378, 40.0115951 ], [ -83.0036338, 40.0117188 ], [ -83.0035507, 40.0117172 ], [ -83.0035547, 40.0115935 ], [ -83.0036378, 40.0115951 ] ] ] } },
{ "type": "Feature", "properties": { "@id": "way/546133502", "amenity": null, "building": "house", "name": null, "shop": null, "GEOID": "39049001000" }, "geometry": { "type": "Polygon", "coordinates": [ [ [ -83.0035341, 40.011605 ], [ -83.0035278, 40.0116932 ], [ -83.0034472, 40.0116898 ], [ -83.0034535, 40.0116016 ], [ -83.0035341, 40.011605 ] ] ] } },
{ "type": "Feature", "properties": { "@id": "way/546133503", "amenity": null, "building": "house", "name": null, "shop": null, "GEOID": "39049001000" }, "geometry": { "type": "Polygon", "coordinates": [ [ [ -83.0034017, 40.011723 ], [ -83.0033147, 40.0117204 ], [ -83.0033213, 40.0115915 ], [ -83.0034084, 40.0115941 ], [ -83.0034017, 40.011723 ] ] ] } },
{ "type": "Feature", "properties": { "@id": "way/546133504", "amenity": null, "building": "house", "name": null, "shop": null, "GEOID": "39049001000" }, "geometry": { "type": "Polygon", "coordinates": [ [ [ -83.003295, 40.0115732 ], [ -83.0032896, 40.0116934 ], [ -83.003195, 40.0116909 ], [ -83.0032004, 40.0115707 ], [ -83.003295, 40.0115732 ] ] ] } },
{ "type": "Feature", "properties": { "@id": "way/546133505", "amenity": null, "building": "house", "name": null, "shop": null, "GEOID": "39049001000" }, "geometry": { "type": "Polygon", "coordinates": [ [ [ -83.0031627, 40.0116793 ], [ -83.0030686, 40.0116747 ], [ -83.0030774, 40.0115691 ], [ -83.0031715, 40.0115737 ], [ -83.0031627, 40.0116793 ] ] ] } },
{ "type": "Feature", "properties": { "@id": "way/546133506", "amenity": null, "building": "house", "name": null, "shop": null, "GEOID": "39049001000" }, "geometry": { "type": "Polygon", "coordinates": [ [ [ -83.0031614, 40.0117803 ], [ -83.0031561, 40.0118491 ], [ -83.003075, 40.0118455 ], [ -83.0030803, 40.0117766 ], [ -83.0031614, 40.0117803 ] ] ] } },
{ "type": "Feature", "properties": { "@id": "way/546133507", "amenity": null, "building": "house", "name": null, "shop": null, "GEOID": "39049001000" }, "geometry": { "type": "Polygon", "coordinates": [ [ [ -83.0034389, 40.0117883 ], [ -83.0034379, 40.0118438 ], [ -83.0035083, 40.0118446 ], [ -83.0035094, 40.0117891 ], [ -83.0034389, 40.0117883 ] ] ] } },
{ "type": "Feature", "properties": { "@id": "way/546133508", "amenity": null, "building": "house", "name": null, "shop": null, "GEOID": "39049001000" }, "geometry": { "type": "Polygon", "coordinates": [ [ [ -83.0036074, 40.0118968 ], [ -83.0035146, 40.011895 ], [ -83.0035171, 40.0118176 ], [ -83.0036099, 40.0118193 ], [ -83.0036074, 40.0118968 ] ] ] } },
{ "type": "Feature", "properties": { "@id": "way/546133509", "amenity": null, "building": "house", "name": null, "shop": null, "GEOID": "39049001000" }, "geometry": { "type": "Polygon", "coordinates": [ [ [ -83.003747, 40.0118041 ], [ -83.0037425, 40.0118951 ], [ -83.0036753, 40.0118931 ], [ -83.0036798, 40.0118022 ], [ -83.003747, 40.0118041 ] ] ] } },
{ "type": "Feature", "properties": { "@id": "way/546136982", "amenity": null, "building": "house", "name": null, "shop": null, "GEOID": "39049001000" }, "geometry": { "type": "Polygon", "coordinates": [ [ [ -83.0056325, 40.0114607 ], [ -83.0055489, 40.0114573 ], [ -83.005558, 40.0113268 ], [ -83.0056416, 40.0113302 ], [ -83.0056325, 40.0114607 ] ] ] } },
{ "type": "Feature", "properties": { "@id": "way/546136983", "amenity": null, "building": "house", "name": null, "shop": null, "GEOID": "39049001000" }, "geometry": { "type": "Polygon", "coordinates": [ [ [ -83.0055303, 40.0114549 ], [ -83.0054467, 40.0114514 ], [ -83.0054558, 40.0113209 ], [ -83.0055394, 40.0113244 ], [ -83.0055303, 40.0114549 ] ] ] } },
{ "type": "Feature", "properties": { "@id": "way/546136984", "amenity": null, "building": "house", "name": null, "shop": null, "GEOID": "39049001000" }, "geometry": { "type": "Polygon", "coordinates": [ [ [ -83.0054139, 40.0114512 ], [ -83.0053303, 40.0114478 ], [ -83.0053394, 40.0113173 ], [ -83.005423, 40.0113207 ], [ -83.0054139, 40.0114512 ] ] ] } },
{ "type": "Feature", "properties": { "@id": "way/546136985", "amenity": null, "building": "house", "name": null, "shop": null, "GEOID": "39049001000" }, "geometry": { "type": "Polygon", "coordinates": [ [ [ -83.0053022, 40.0114463 ], [ -83.0052187, 40.0114429 ], [ -83.0052277, 40.0113124 ], [ -83.0053113, 40.0113158 ], [ -83.0053022, 40.0114463 ] ] ] } },
{ "type": "Feature", "properties": { "@id": "way/546136986", "amenity": null, "building": "house", "name": null, "shop": null, "GEOID": "39049001000" }, "geometry": { "type": "Polygon", "coordinates": [ [ [ -83.005189, 40.011439 ], [ -83.0051054, 40.0114356 ], [ -83.0051145, 40.0113051 ], [ -83.0051981, 40.0113085 ], [ -83.005189, 40.011439 ] ] ] } },
{ "type": "Feature", "properties": { "@id": "way/546136987", "amenity": null, "building": "house", "name": null, "shop": null, "GEOID": "39049001000" }, "geometry": { "type": "Polygon", "coordinates": [ [ [ -83.0045622, 40.0114207 ], [ -83.0044786, 40.0114172 ], [ -83.0044877, 40.0112867 ], [ -83.0045713, 40.0112902 ], [ -83.0045622, 40.0114207 ] ] ] } },
{ "type": "Feature", "properties": { "@id": "way/546136988", "amenity": null, "building": "house", "name": null, "shop": null, "GEOID": "39049001000" }, "geometry": { "type": "Polygon", "coordinates": [ [ [ -83.0035543, 40.0113877 ], [ -83.0034707, 40.0113843 ], [ -83.0034798, 40.0112538 ], [ -83.0035634, 40.0112572 ], [ -83.0035543, 40.0113877 ] ] ] } },
{ "type": "Feature", "properties": { "@id": "way/546136989", "amenity": null, "building": "house", "name": null, "shop": null, "GEOID": "39049001000" }, "geometry": { "type": "Polygon", "coordinates": [ [ [ -83.0060949, 40.0109879 ], [ -83.0060113, 40.0109845 ], [ -83.0060204, 40.010854 ], [ -83.0061039, 40.0108574 ], [ -83.0060949, 40.0109879 ] ] ] } },
{ "type": "Feature", "properties": { "@id": "way/546136990", "amenity": null, "building": "house", "name": null, "shop": null, "GEOID": "39049001000" }, "geometry": { "type": "Polygon", "coordinates": [ [ [ -83.0062028, 40.01135 ], [ -83.0060179, 40.0113442 ], [ -83.0060231, 40.0112474 ], [ -83.006208, 40.0112531 ], [ -83.0062028, 40.01135 ] ] ] } },
{ "type": "Feature", "properties": { "@id": "way/546136991", "amenity": null, "building": "house", "name": null, "shop": null, "GEOID": "39049001000" }, "geometry": { "type": "Polygon", "coordinates": [ [ [ -83.0061999, 40.0114897 ], [ -83.006015, 40.0114839 ], [ -83.0060202, 40.011387 ], [ -83.0062051, 40.0113928 ], [ -83.0061999, 40.0114897 ] ] ] } },
{ "type": "Feature", "properties": { "@id": "way/546136992", "amenity": null, "building": "house", "name": null, "shop": null, "GEOID": "39049001000" }, "geometry": { "type": "Polygon", "coordinates": [ [ [ -83.0059595, 40.0113605 ], [ -83.005953, 40.0114599 ], [ -83.0058334, 40.0114554 ], [ -83.0058371, 40.0113981 ], [ -83.0058724, 40.0113995 ], [ -83.0058751, 40.0113573 ], [ -83.0059595, 40.0113605 ] ] ] } },
{ "type": "Feature", "properties": { "@id": "way/546136993", "amenity": null, "building": "house", "name": null, "shop": null, "GEOID": "39049001000" }, "geometry": { "type": "Polygon", "coordinates": [ [ [ -83.0059811, 40.0112502 ], [ -83.0058934, 40.0112454 ], [ -83.005899, 40.0111853 ], [ -83.0059867, 40.0111901 ], [ -83.0059811, 40.0112502 ] ] ] } },
{ "type": "Feature", "properties": { "@id": "way/546136994", "amenity": null, "building": "house", "name": null, "shop": null, "GEOID": "39049001000" }, "geometry": { "type": "Polygon", "coordinates": [ [ [ -83.0056543, 40.0113313 ], [ -83.0056511, 40.0114366 ], [ -83.0056694, 40.0114369 ], [ -83.0056689, 40.0114553 ], [ -83.0057457, 40.0114566 ], [ -83.0057488, 40.011354 ], [ -83.0057089, 40.0113533 ], [ -83.0057095, 40.0113323 ], [ -83.0056543, 40.0113313 ] ] ] } },
{ "type": "Feature", "properties": { "@id": "way/546136995", "amenity": null, "building": "house", "name": null, "shop": null, "GEOID": "39049001000" }, "geometry": { "type": "Polygon", "coordinates": [ [ [ -83.0057568, 40.0114394 ], [ -83.0057612, 40.0113197 ], [ -83.0058312, 40.0113212 ], [ -83.0058268, 40.0114409 ], [ -83.0057568, 40.0114394 ] ] ] } },
{ "type": "Feature", "properties": { "@id": "way/546136996", "amenity": null, "building": "house", "name": null, "shop": null, "GEOID": "39049001000" }, "geometry": { "type": "Polygon", "coordinates": [ [ [ -83.0057151, 40.0111863 ], [ -83.0057093, 40.0112509 ], [ -83.0057706, 40.0112541 ], [ -83.0057764, 40.0111896 ], [ -83.0057151, 40.0111863 ] ] ] } },
{ "type": "Feature", "properties": { "@id": "way/546136997", "amenity": null, "building": "house", "name": null, "shop": null, "GEOID": "39049001000" }, "geometry": { "type": "Polygon", "coordinates": [ [ [ -83.0056616, 40.011237 ], [ -83.0056662, 40.0111793 ], [ -83.0057101, 40.0111813 ], [ -83.0057055, 40.0112391 ], [ -83.0056616, 40.011237 ] ] ] } },
{ "type": "Feature", "properties": { "@id": "way/546136998", "amenity": null, "building": "house", "name": null, "shop": null, "GEOID": "39049001000" }, "geometry": { "type": "Polygon", "coordinates": [ [ [ -83.005654, 40.0112449 ], [ -83.0056572, 40.0111889 ], [ -83.0055883, 40.0111866 ], [ -83.0055851, 40.0112426 ], [ -83.005654, 40.0112449 ] ] ] } },
{ "type": "Feature", "properties": { "@id": "way/546136999", "amenity": null, "building": "house", "name": null, "shop": null, "GEOID": "39049001000" }, "geometry": { "type": "Polygon", "coordinates": [ [ [ -83.0049709, 40.0112105 ], [ -83.0048799, 40.011207 ], [ -83.0048843, 40.0111391 ], [ -83.0049754, 40.0111426 ], [ -83.0049709, 40.0112105 ] ] ] } },
{ "type": "Feature", "properties": { "@id": "way/546137000", "amenity": null, "building": "house", "name": null, "shop": null, "GEOID": "39049001000" }, "geometry": { "type": "Polygon", "coordinates": [ [ [ -83.0050767, 40.0113229 ], [ -83.005045, 40.0113214 ], [ -83.005047, 40.0112968 ], [ -83.0049863, 40.011294 ], [ -83.0049774, 40.0114052 ], [ -83.0050698, 40.0114095 ], [ -83.0050767, 40.0113229 ] ] ] } },
{ "type": "Feature", "properties": { "@id": "way/546137002", "amenity": null, "building": "house", "name": null, "shop": null, "GEOID": "39049001000" }, "geometry": { "type": "Polygon", "coordinates": [ [ [ -83.0048457, 40.0114226 ], [ -83.0048482, 40.0113213 ], [ -83.0049402, 40.0113226 ], [ -83.0049377, 40.0114239 ], [ -83.0048457, 40.0114226 ] ] ] } },
{ "type": "Feature", "properties": { "@id": "way/546137004", "amenity": null, "building": "house", "name": null, "shop": null, "GEOID": "39049001000" }, "geometry": { "type": "Polygon", "coordinates": [ [ [ -83.0047482, 40.011421 ], [ -83.0047507, 40.0113197 ], [ -83.0048427, 40.011321 ], [ -83.0048402, 40.0114223 ], [ -83.0047482, 40.011421 ] ] ] } },
{ "type": "Feature", "properties": { "@id": "way/546137006", "amenity": null, "building": "house", "name": null, "shop": null, "GEOID": "39049001000" }, "geometry": { "type": "Polygon", "coordinates": [ [ [ -83.0046768, 40.0114282 ], [ -83.0045685, 40.0114252 ], [ -83.0045742, 40.0113064 ], [ -83.0046279, 40.0113079 ], [ -83.0046286, 40.0112934 ], [ -83.0046832, 40.0112949 ], [ -83.0046768, 40.0114282 ] ] ] } },
{ "type": "Feature", "properties": { "@id": "way/546137008", "amenity": null, "building": "house", "name": null, "shop": null, "GEOID": "39049001000" }, "geometry": { "type": "Polygon", "coordinates": [ [ [ -83.0045346, 40.0111833 ], [ -83.0044792, 40.0111815 ], [ -83.0044825, 40.0111237 ], [ -83.0045378, 40.0111256 ], [ -83.0045346, 40.0111833 ] ] ] } },
{ "type": "Feature", "properties": { "@id": "way/546137010", "amenity": null, "building": "house", "name": null, "shop": null, "GEOID": "39049001000" }, "geometry": { "type": "Polygon", "coordinates": [ [ [ -83.0044633, 40.0113923 ], [ -83.0043696, 40.0113891 ], [ -83.0043745, 40.0113037 ], [ -83.0044682, 40.0113069 ], [ -83.0044633, 40.0113923 ] ] ] } },
{ "type": "Feature", "properties": { "@id": "way/546137012", "amenity": null, "building": "house", "name": null, "shop": null, "GEOID": "39049001000" }, "geometry": { "type": "Polygon", "coordinates": [ [ [ -83.0043426, 40.0112711 ], [ -83.0042111, 40.0112681 ], [ -83.0042058, 40.0114062 ], [ -83.0043373, 40.0114091 ], [ -83.0043426, 40.0112711 ] ] ] } },
{ "type": "Feature", "properties": { "@id": "way/546137014", "amenity": null, "building": "house", "name": null, "shop": null, "GEOID": "39049001000" }, "geometry": { "type": "Polygon", "coordinates": [ [ [ -83.0041671, 40.0112673 ], [ -83.0040358, 40.0112628 ], [ -83.0040277, 40.0114008 ], [ -83.0041591, 40.0114053 ], [ -83.0041671, 40.0112673 ] ] ] } },
{ "type": "Feature", "properties": { "@id": "way/546137016", "amenity": null, "building": "house", "name": null, "shop": null, "GEOID": "39049001000" }, "geometry": { "type": "Polygon", "coordinates": [ [ [ -83.004013, 40.0112771 ], [ -83.0040086, 40.0114009 ], [ -83.0038948, 40.0113985 ], [ -83.0038998, 40.0112578 ], [ -83.0039332, 40.0112585 ], [ -83.0039326, 40.0112754 ], [ -83.004013, 40.0112771 ] ] ] } },
{ "type": "Feature", "properties": { "@id": "way/546137018", "amenity": null, "building": "house", "name": null, "shop": null, "GEOID": "39049001000" }, "geometry": { "type": "Polygon", "coordinates": [ [ [ -83.0038678, 40.0113749 ], [ -83.0037888, 40.0113722 ], [ -83.0037957, 40.011256 ], [ -83.0038747, 40.0112587 ], [ -83.0038678, 40.0113749 ] ] ] } },
{ "type": "Feature", "properties": { "@id": "way/546137020", "amenity": null, "building": "house", "name": null, "shop": null, "GEOID": "39049001000" }, "geometry": { "type": "Polygon", "coordinates": [ [ [ -83.0037748, 40.0113889 ], [ -83.0036942, 40.0113852 ], [ -83.0037031, 40.0112719 ], [ -83.0037414, 40.0112737 ], [ -83.0037403, 40.0112886 ], [ -83.0037826, 40.0112906 ], [ -83.0037748, 40.0113889 ] ] ] } },
{ "type": "Feature", "properties": { "@id": "way/546137022", "amenity": null, "building": "house", "name": null, "shop": null, "GEOID": "39049001000" }, "geometry": { "type": "Polygon", "coordinates": [ [ [ -83.0036719, 40.0112839 ], [ -83.0035873, 40.0112799 ], [ -83.0035791, 40.0113794 ], [ -83.0036638, 40.0113834 ], [ -83.0036719, 40.0112839 ] ] ] } },
{ "type": "Feature", "properties": { "@id": "way/546137024", "amenity": null, "building": "house", "name": null, "shop": null, "GEOID": "39049001000" }, "geometry": { "type": "Polygon", "coordinates": [ [ [ -83.0034346, 40.0113797 ], [ -83.0033275, 40.0113728 ], [ -83.0033428, 40.0112331 ], [ -83.0034, 40.0112368 ], [ -83.0033969, 40.011265 ], [ -83.003417, 40.0112663 ], [ -83.0034158, 40.0112771 ], [ -83.0034457, 40.011279 ], [ -83.0034346, 40.0113797 ] ] ] } },
{ "type": "Feature", "properties": { "@id": "way/546137026", "amenity": null, "building": "house", "name": null, "shop": null, "GEOID": "39049001000" }, "geometry": { "type": "Polygon", "coordinates": [ [ [ -83.0033199, 40.0113731 ], [ -83.0033338, 40.0112534 ], [ -83.0033042, 40.0112514 ], [ -83.0033065, 40.011231 ], [ -83.0032561, 40.0112276 ], [ -83.0032523, 40.0112607 ], [ -83.0032633, 40.0112615 ], [ -83.0032509, 40.0113685 ], [ -83.0033199, 40.0113731 ] ] ] } },
{ "type": "Feature", "properties": { "@id": "way/546137028", "amenity": null, "building": "house", "name": null, "shop": null, "GEOID": "39049001000" }, "geometry": { "type": "Polygon", "coordinates": [ [ [ -83.0032097, 40.0113639 ], [ -83.0032176, 40.0112314 ], [ -83.003208, 40.0112311 ], [ -83.0032104, 40.0111907 ], [ -83.0031471, 40.0111885 ], [ -83.0031445, 40.0112325 ], [ -83.0031591, 40.011233 ], [ -83.0031514, 40.0113619 ], [ -83.0032097, 40.0113639 ] ] ] } },
{ "type": "Feature", "properties": { "@id": "way/546137030", "amenity": null, "building": "house", "name": null, "shop": null, "GEOID": "39049001000" }, "geometry": { "type": "Polygon", "coordinates": [ [ [ -83.0034486, 40.0111501 ], [ -83.0033625, 40.0111462 ], [ -83.0033681, 40.0110734 ], [ -83.0034542, 40.0110773 ], [ -83.0034486, 40.0111501 ] ] ] } },
{ "type": "Feature", "properties": { "@id": "way/546137032", "amenity": null, "building": "house", "name": null, "shop": null, "GEOID": "39049001000" }, "geometry": { "type": "Polygon", "coordinates": [ [ [ -83.0032089, 40.0111338 ], [ -83.0031129, 40.0111297 ], [ -83.0031186, 40.0110519 ], [ -83.0032145, 40.0110561 ], [ -83.0032089, 40.0111338 ] ] ] } },
{ "type": "Feature", "properties": { "@id": "way/546137034", "amenity": null, "building": "house", "name": null, "shop": null, "GEOID": "39049001000" }, "geometry": { "type": "Polygon", "coordinates": [ [ [ -83.0030432, 40.0113546 ], [ -83.0029792, 40.0113521 ], [ -83.0029831, 40.0112932 ], [ -83.0030471, 40.0112957 ], [ -83.0030432, 40.0113546 ] ] ] } },
{ "type": "Feature", "properties": { "@id": "way/546137036", "amenity": null, "building": "house", "name": null, "shop": null, "GEOID": "39049001000" }, "geometry": { "type": "Polygon", "coordinates": [ [ [ -83.0030545, 40.0111758 ], [ -83.0029762, 40.0111736 ], [ -83.0029804, 40.0110887 ], [ -83.0030587, 40.0110909 ], [ -83.0030545, 40.0111758 ] ] ] } },
{ "type": "Feature", "properties": { "@id": "way/546137038", "amenity": null, "building": "house", "name": null, "shop": null, "GEOID": "39049001000" }, "geometry": { "type": "Polygon", "coordinates": [ [ [ -83.0030612, 40.0110669 ], [ -83.0029683, 40.0110664 ], [ -83.0029691, 40.0109934 ], [ -83.003062, 40.0109939 ], [ -83.0030612, 40.0110669 ] ] ] } },
{ "type": "Feature", "properties": { "@id": "way/546137040", "amenity": null, "building": "house", "name": null, "shop": null, "GEOID": "39049001000" }, "geometry": { "type": "Polygon", "coordinates": [ [ [ -83.0030252, 40.0108579 ], [ -83.0029547, 40.0108553 ], [ -83.0029584, 40.0107949 ], [ -83.003029, 40.0107975 ], [ -83.0030252, 40.0108579 ] ] ] } },
{ "type": "Feature", "properties": { "@id": "way/546137042", "amenity": null, "building": "house", "name": null, "shop": null, "GEOID": "39049001000" }, "geometry": { "type": "Polygon", "coordinates": [ [ [ -83.0030809, 40.0107188 ], [ -83.0030227, 40.0107169 ], [ -83.003026, 40.010655 ], [ -83.0030842, 40.0106568 ], [ -83.0030809, 40.0107188 ] ] ] } },
{ "type": "Feature", "properties": { "@id": "way/546137044", "amenity": null, "building": "house", "name": null, "shop": null, "GEOID": "39049001000" }, "geometry": { "type": "Polygon", "coordinates": [ [ [ -83.0028518, 40.0107487 ], [ -83.0026748, 40.010742 ], [ -83.0026802, 40.010658 ], [ -83.0028374, 40.0106639 ], [ -83.0028356, 40.0106923 ], [ -83.0028554, 40.0106931 ], [ -83.0028518, 40.0107487 ] ] ] } },
{ "type": "Feature", "properties": { "@id": "way/546137045", "amenity": null, "building": "house", "name": null, "shop": null, "GEOID": "39049001000" }, "geometry": { "type": "Polygon", "coordinates": [ [ [ -83.0028063, 40.0109546 ], [ -83.0026796, 40.010952 ], [ -83.0026822, 40.0108774 ], [ -83.0028047, 40.0108799 ], [ -83.0028052, 40.010865 ], [ -83.0028543, 40.010866 ], [ -83.0028531, 40.0109002 ], [ -83.0028083, 40.0108993 ], [ -83.0028063, 40.0109546 ] ] ] } },
{ "type": "Feature", "properties": { "@id": "way/546137046", "amenity": null, "building": "house", "name": null, "shop": null, "GEOID": "39049001000" }, "geometry": { "type": "Polygon", "coordinates": [ [ [ -83.002676, 40.0107637 ], [ -83.0026727, 40.0108448 ], [ -83.0028272, 40.0108485 ], [ -83.0028305, 40.0107674 ], [ -83.002676, 40.0107637 ] ] ] } },
{ "type": "Feature", "properties": { "@id": "way/546137047", "amenity": null, "building": "house", "name": null, "shop": null, "GEOID": "39049001000" }, "geometry": { "type": "Polygon", "coordinates": [ [ [ -83.0028439, 40.011174 ], [ -83.0026618, 40.0111688 ], [ -83.0026663, 40.0110752 ], [ -83.0027633, 40.0110779 ], [ -83.0027626, 40.0110923 ], [ -83.0027823, 40.0110929 ], [ -83.0027812, 40.0111168 ], [ -83.0028466, 40.0111186 ], [ -83.0028439, 40.011174 ] ] ] } },
{ "type": "Feature", "properties": { "@id": "way/546137048", "amenity": null, "building": "house", "name": null, "shop": null, "GEOID": "39049001000" }, "geometry": { "type": "Polygon", "coordinates": [ [ [ -83.002815, 40.0113482 ], [ -83.0026361, 40.0113403 ], [ -83.0026419, 40.0112624 ], [ -83.0028209, 40.0112703 ], [ -83.002815, 40.0113482 ] ] ] } },
{ "type": "Feature", "properties": { "@id": "way/546137049", "amenity": null, "building": "house", "name": null, "shop": null, "GEOID": "39049001000" }, "geometry": { "type": "Polygon", "coordinates": [ [ [ -83.0028102, 40.0112604 ], [ -83.0026732, 40.011256 ], [ -83.0026774, 40.011179 ], [ -83.0028144, 40.0111834 ], [ -83.0028102, 40.0112604 ] ] ] } },
{ "type": "Feature", "properties": { "@id": "way/546137050", "amenity": null, "building": "house", "name": null, "shop": null, "GEOID": "39049001000" }, "geometry": { "type": "Polygon", "coordinates": [ [ [ -83.0028353, 40.0110646 ], [ -83.0026508, 40.0110555 ], [ -83.0026565, 40.010988 ], [ -83.002841, 40.0109971 ], [ -83.0028353, 40.0110646 ] ] ] } },
{ "type": "Feature", "properties": { "@id": "way/546137051", "amenity": null, "building": "house", "name": null, "shop": null, "GEOID": "39049001000" }, "geometry": { "type": "Polygon", "coordinates": [ [ [ -83.00237, 40.0108996 ], [ -83.0021855, 40.0108932 ], [ -83.0021902, 40.0108125 ], [ -83.0023748, 40.0108189 ], [ -83.00237, 40.0108996 ] ] ] } },
{ "type": "Feature", "properties": { "@id": "way/546137052", "amenity": null, "building": "house", "name": null, "shop": null, "GEOID": "39049001000" }, "geometry": { "type": "Polygon", "coordinates": [ [ [ -83.0023792, 40.0108083 ], [ -83.0021947, 40.0108019 ], [ -83.0021994, 40.0107212 ], [ -83.0023839, 40.0107276 ], [ -83.0023792, 40.0108083 ] ] ] } },
{ "type": "Feature", "properties": { "@id": "way/546137053", "amenity": null, "building": "house", "name": null, "shop": null, "GEOID": "39049001000" }, "geometry": { "type": "Polygon", "coordinates": [ [ [ -83.0018073, 40.0110096 ], [ -83.0016596, 40.0110069 ], [ -83.0016628, 40.0109024 ], [ -83.0018105, 40.0109051 ], [ -83.0018073, 40.0110096 ] ] ] } },
{ "type": "Feature", "properties": { "@id": "way/546137054", "amenity": null, "building": "house", "name": null, "shop": null, "GEOID": "39049001000" }, "geometry": { "type": "Polygon", "coordinates": [ [ [ -83.0017873, 40.0107861 ], [ -83.0016238, 40.0107797 ], [ -83.001629, 40.0107011 ], [ -83.0017925, 40.0107075 ], [ -83.0017873, 40.0107861 ] ] ] } },
{ "type": "Feature", "properties": { "@id": "way/546137055", "amenity": null, "building": "house", "name": null, "shop": null, "GEOID": "39049001000" }, "geometry": { "type": "Polygon", "coordinates": [ [ [ -83.0015576, 40.011004 ], [ -83.0014398, 40.0110017 ], [ -83.0014435, 40.0108916 ], [ -83.0015613, 40.0108939 ], [ -83.0015576, 40.011004 ] ] ] } },
{ "type": "Feature", "properties": { "@id": "way/546137056", "amenity": null, "building": "house", "name": null, "shop": null, "GEOID": "39049001000" }, "geometry": { "type": "Polygon", "coordinates": [ [ [ -83.0013862, 40.0110041 ], [ -83.0012904, 40.0110008 ], [ -83.0012991, 40.0108521 ], [ -83.0013528, 40.0108539 ], [ -83.0013519, 40.0108689 ], [ -83.001394, 40.0108703 ], [ -83.0013862, 40.0110041 ] ] ] } },
{ "type": "Feature", "properties": { "@id": "way/546137057", "amenity": null, "building": "house", "name": null, "shop": null, "GEOID": "39049001000" }, "geometry": { "type": "Polygon", "coordinates": [ [ [ -83.0014325, 40.0108636 ], [ -83.001432, 40.0108095 ], [ -83.0013901, 40.0108098 ], [ -83.0013906, 40.0108638 ], [ -83.0014325, 40.0108636 ] ] ] } },
{ "type": "Feature", "properties": { "@id": "way/546137058", "amenity": null, "building": "house", "name": null, "shop": null, "GEOID": "39049001000" }, "geometry": { "type": "Polygon", "coordinates": [ [ [ -83.0012478, 40.0109067 ], [ -83.0011637, 40.0109039 ], [ -83.0011583, 40.010998 ], [ -83.0012423, 40.0110008 ], [ -83.0012478, 40.0109067 ] ] ] } },
{ "type": "Feature", "properties": { "@id": "way/546137059", "amenity": null, "building": "house", "name": null, "shop": null, "GEOID": "39049001000" }, "geometry": { "type": "Polygon", "coordinates": [ [ [ -83.0010535, 40.01067 ], [ -83.0010505, 40.0107438 ], [ -83.0011236, 40.0107455 ], [ -83.0011265, 40.0106717 ], [ -83.0010535, 40.01067 ] ] ] } },
{ "type": "Feature", "properties": { "@id": "way/546137060", "amenity": null, "building": "house", "name": null, "shop": null, "GEOID": "39049001000" }, "geometry": { "type": "Polygon", "coordinates": [ [ [ -83.001191, 40.0106922 ], [ -83.0011902, 40.0107323 ], [ -83.0012558, 40.010733 ], [ -83.0012565, 40.0106929 ], [ -83.001191, 40.0106922 ] ] ] } },
{ "type": "Feature", "properties": { "@id": "way/546137061", "amenity": null, "building": "house", "name": null, "shop": null, "GEOID": "39049001000" }, "geometry": { "type": "Polygon", "coordinates": [ [ [ -83.0006387, 40.0102837 ], [ -83.0006326, 40.0103805 ], [ -83.0008445, 40.0103883 ], [ -83.0008457, 40.0103696 ], [ -83.0008692, 40.0103705 ], [ -83.0008741, 40.0102924 ], [ -83.0006387, 40.0102837 ] ] ] } },
{ "type": "Feature", "properties": { "@id": "way/546137062", "amenity": null, "building": "house", "name": null, "shop": null, "GEOID": "39049001000" }, "geometry": { "type": "Polygon", "coordinates": [ [ [ -83.0006493, 40.0104018 ], [ -83.0006472, 40.0104771 ], [ -83.0007915, 40.0104795 ], [ -83.0007936, 40.0104041 ], [ -83.0006493, 40.0104018 ] ] ] } },
{ "type": "Feature", "properties": { "@id": "way/546137063", "amenity": null, "building": "house", "name": null, "shop": null, "GEOID": "39049001000" }, "geometry": { "type": "Polygon", "coordinates": [ [ [ -83.000988, 40.0105038 ], [ -83.0008966, 40.0104999 ], [ -83.0009007, 40.0104432 ], [ -83.0009921, 40.0104471 ], [ -83.000988, 40.0105038 ] ] ] } },
{ "type": "Feature", "properties": { "@id": "way/546137064", "amenity": null, "building": "house", "name": null, "shop": null, "GEOID": "39049001000" }, "geometry": { "type": "Polygon", "coordinates": [ [ [ -83.0010897, 40.0103279 ], [ -83.0010861, 40.0104859 ], [ -83.0011984, 40.0104875 ], [ -83.001202, 40.0103294 ], [ -83.0010897, 40.0103279 ] ] ] } },
{ "type": "Feature", "properties": { "@id": "way/546137065", "amenity": null, "building": "house", "name": null, "shop": null, "GEOID": "39049001000" }, "geometry": { "type": "Polygon", "coordinates": [ [ [ -83.0013425, 40.0103407 ], [ -83.0012521, 40.0103366 ], [ -83.0012463, 40.0104132 ], [ -83.0012292, 40.0104124 ], [ -83.0012261, 40.0104526 ], [ -83.0012511, 40.0104538 ], [ -83.0012492, 40.0104783 ], [ -83.0013317, 40.010482 ], [ -83.0013425, 40.0103407 ] ] ] } },
{ "type": "Feature", "properties": { "@id": "way/546137067", "amenity": null, "building": "house", "name": null, "shop": null, "GEOID": "39049001000" }, "geometry": { "type": "Polygon", "coordinates": [ [ [ -83.0014607, 40.010479 ], [ -83.0013818, 40.0104767 ], [ -83.0013888, 40.0103348 ], [ -83.0014676, 40.010337 ], [ -83.0014607, 40.010479 ] ] ] } },
{ "type": "Feature", "properties": { "@id": "way/546137068", "amenity": null, "building": "house", "name": null, "shop": null, "GEOID": "39049001000" }, "geometry": { "type": "Polygon", "coordinates": [ [ [ -83.0015811, 40.0105128 ], [ -83.0015022, 40.0105106 ], [ -83.0015092, 40.0103686 ], [ -83.0015881, 40.0103709 ], [ -83.0015811, 40.0105128 ] ] ] } },
{ "type": "Feature", "properties": { "@id": "way/546137069", "amenity": null, "building": "house", "name": null, "shop": null, "GEOID": "39049001000" }, "geometry": { "type": "Polygon", "coordinates": [ [ [ -83.001711, 40.0105085 ], [ -83.0016322, 40.0105062 ], [ -83.0016391, 40.0103643 ], [ -83.001718, 40.0103665 ], [ -83.001711, 40.0105085 ] ] ] } },
{ "type": "Feature", "properties": { "@id": "way/546137070", "amenity": null, "building": "house", "name": null, "shop": null, "GEOID": "39049001000" }, "geometry": { "type": "Polygon", "coordinates": [ [ [ -83.0018442, 40.0103737 ], [ -83.0017387, 40.0103718 ], [ -83.0017355, 40.0104792 ], [ -83.0018409, 40.010481 ], [ -83.0018442, 40.0103737 ] ] ] } },
{ "type": "Feature", "properties": { "@id": "way/546137071", "amenity": null, "building": "house", "name": null, "shop": null, "GEOID": "39049001000" }, "geometry": { "type": "Polygon", "coordinates": [ [ [ -83.0023969, 40.0106812 ], [ -83.0021955, 40.0106691 ], [ -83.0022051, 40.0105757 ], [ -83.0024065, 40.0105879 ], [ -83.0023969, 40.0106812 ] ] ] } },
{ "type": "Feature", "properties": { "@id": "way/546137072", "amenity": null, "building": "house", "name": null, "shop": null, "GEOID": "39049001000" }, "geometry": { "type": "Polygon", "coordinates": [ [ [ -83.0024011, 40.0105782 ], [ -83.0022531, 40.0105689 ], [ -83.0022613, 40.010493 ], [ -83.0024092, 40.0105023 ], [ -83.0024011, 40.0105782 ] ] ] } },
{ "type": "Feature", "properties": { "@id": "way/546137073", "amenity": null, "building": "house", "name": null, "shop": null, "GEOID": "39049001000" }, "geometry": { "type": "Polygon", "coordinates": [ [ [ -83.0020479, 40.0103396 ], [ -83.002039, 40.0104454 ], [ -83.0022155, 40.0104541 ], [ -83.0022244, 40.0103483 ], [ -83.0020479, 40.0103396 ] ] ] } },
{ "type": "Feature", "properties": { "@id": "way/546137074", "amenity": null, "building": "house", "name": null, "shop": null, "GEOID": "39049001000" }, "geometry": { "type": "Polygon", "coordinates": [ [ [ -83.0021002, 40.0105569 ], [ -83.0020286, 40.0105571 ], [ -83.0020283, 40.0104949 ], [ -83.0020999, 40.0104947 ], [ -83.0021002, 40.0105569 ] ] ] } },
{ "type": "Feature", "properties": { "@id": "way/546138645", "amenity": null, "building": "house", "name": null, "shop": null, "GEOID": "39049001000" }, "geometry": { "type": "Polygon", "coordinates": [ [ [ -83.0062323, 40.0109753 ], [ -83.0061359, 40.010971 ], [ -83.006144, 40.0108654 ], [ -83.0062404, 40.0108697 ], [ -83.0062323, 40.0109753 ] ] ] } },
{ "type": "Feature", "properties": { "@id": "way/546138646", "amenity": null, "building": "house", "name": null, "shop": null, "GEOID": "39049001000" }, "geometry": { "type": "Polygon", "coordinates": [ [ [ -83.0060036, 40.0109581 ], [ -83.0059072, 40.0109538 ], [ -83.0059153, 40.0108481 ], [ -83.0060117, 40.0108524 ], [ -83.0060036, 40.0109581 ] ] ] } },
{ "type": "Feature", "properties": { "@id": "way/546138647", "amenity": null, "building": "house", "name": null, "shop": null, "GEOID": "39049001000" }, "geometry": { "type": "Polygon", "coordinates": [ [ [ -83.0058955, 40.0109523 ], [ -83.0057991, 40.010948 ], [ -83.0058072, 40.0108423 ], [ -83.0059036, 40.0108466 ], [ -83.0058955, 40.0109523 ] ] ] } },
{ "type": "Feature", "properties": { "@id": "way/546138648", "amenity": null, "building": "house", "name": null, "shop": null, "GEOID": "39049001000" }, "geometry": { "type": "Polygon", "coordinates": [ [ [ -83.0057741, 40.0109457 ], [ -83.0056778, 40.0109414 ], [ -83.0056858, 40.0108358 ], [ -83.0057822, 40.0108401 ], [ -83.0057741, 40.0109457 ] ] ] } },
{ "type": "Feature", "properties": { "@id": "way/546138649", "amenity": null, "building": "house", "name": null, "shop": null, "GEOID": "39049001000" }, "geometry": { "type": "Polygon", "coordinates": [ [ [ -83.0056689, 40.0109414 ], [ -83.0055725, 40.0109371 ], [ -83.0055806, 40.0108314 ], [ -83.005677, 40.0108357 ], [ -83.0056689, 40.0109414 ] ] ] } },
{ "type": "Feature", "properties": { "@id": "way/546138650", "amenity": null, "building": "house", "name": null, "shop": null, "GEOID": "39049001000" }, "geometry": { "type": "Polygon", "coordinates": [ [ [ -83.0055589, 40.0109363 ], [ -83.0054625, 40.010932 ], [ -83.0054706, 40.0108263 ], [ -83.005567, 40.0108307 ], [ -83.0055589, 40.0109363 ] ] ] } },
{ "type": "Feature", "properties": { "@id": "way/546138651", "amenity": null, "building": "house", "name": null, "shop": null, "GEOID": "39049001000" }, "geometry": { "type": "Polygon", "coordinates": [ [ [ -83.0052079, 40.0110958 ], [ -83.0051111, 40.0110921 ], [ -83.0051169, 40.0110039 ], [ -83.0052137, 40.0110076 ], [ -83.0052079, 40.0110958 ] ] ] } },
{ "type": "Feature", "properties": { "@id": "way/546138652", "amenity": null, "building": "house", "name": null, "shop": null, "GEOID": "39049001000" }, "geometry": { "type": "Polygon", "coordinates": [ [ [ -83.0053132, 40.0110995 ], [ -83.0052319, 40.0110963 ], [ -83.0052371, 40.0110162 ], [ -83.0053185, 40.0110193 ], [ -83.0053132, 40.0110995 ] ] ] } },
{ "type": "Feature", "properties": { "@id": "way/546138653", "amenity": null, "building": "house", "name": null, "shop": null, "GEOID": "39049001000" }, "geometry": { "type": "Polygon", "coordinates": [ [ [ -83.0052222, 40.0109095 ], [ -83.0051242, 40.0109077 ], [ -83.0051276, 40.0108002 ], [ -83.0052256, 40.0108021 ], [ -83.0052222, 40.0109095 ] ] ] } },
{ "type": "Feature", "properties": { "@id": "way/546138654", "amenity": null, "building": "house", "name": null, "shop": null, "GEOID": "39049001000" }, "geometry": { "type": "Polygon", "coordinates": [ [ [ -83.0047083, 40.0110857 ], [ -83.004587, 40.0110792 ], [ -83.0045974, 40.0109661 ], [ -83.0047187, 40.0109726 ], [ -83.0047083, 40.0110857 ] ] ] } },
{ "type": "Feature", "properties": { "@id": "way/546138655", "amenity": null, "building": "house", "name": null, "shop": null, "GEOID": "39049001000" }, "geometry": { "type": "Polygon", "coordinates": [ [ [ -83.0041561, 40.0108468 ], [ -83.0040613, 40.0108424 ], [ -83.004068, 40.010759 ], [ -83.0041628, 40.0107635 ], [ -83.0041561, 40.0108468 ] ] ] } },
{ "type": "Feature", "properties": { "@id": "way/546138656", "amenity": null, "building": "house", "name": null, "shop": null, "GEOID": "39049001000" }, "geometry": { "type": "Polygon", "coordinates": [ [ [ -83.004277, 40.0108732 ], [ -83.0041805, 40.0108706 ], [ -83.0041853, 40.0107648 ], [ -83.0042818, 40.0107674 ], [ -83.004277, 40.0108732 ] ] ] } },
{ "type": "Feature", "properties": { "@id": "way/546138657", "amenity": null, "building": "house", "name": null, "shop": null, "GEOID": "39049001000" }, "geometry": { "type": "Polygon", "coordinates": [ [ [ -83.0034763, 40.0108275 ], [ -83.0033799, 40.0108232 ], [ -83.003388, 40.0107176 ], [ -83.0034844, 40.0107219 ], [ -83.0034763, 40.0108275 ] ] ] } },
{ "type": "Feature", "properties": { "@id": "way/546138658", "amenity": null, "building": "house", "name": null, "shop": null, "GEOID": "39049001000" }, "geometry": { "type": "Polygon", "coordinates": [ [ [ -83.0037013, 40.010824 ], [ -83.0036257, 40.0108209 ], [ -83.003633, 40.0107159 ], [ -83.0037086, 40.0107189 ], [ -83.0037013, 40.010824 ] ] ] } },
{ "type": "Feature", "properties": { "@id": "way/546138659", "amenity": null, "building": "house", "name": null, "shop": null, "GEOID": "39049001000" }, "geometry": { "type": "Polygon", "coordinates": [ [ [ -83.0039238, 40.0108696 ], [ -83.0038346, 40.010865 ], [ -83.0038462, 40.0107317 ], [ -83.0039355, 40.0107363 ], [ -83.0039238, 40.0108696 ] ] ] } },
{ "type": "Feature", "properties": { "@id": "way/546138660", "amenity": null, "building": "house", "name": null, "shop": null, "GEOID": "39049001000" }, "geometry": { "type": "Polygon", "coordinates": [ [ [ -83.0040449, 40.0108605 ], [ -83.0039485, 40.0108562 ], [ -83.0039565, 40.0107506 ], [ -83.0040529, 40.0107549 ], [ -83.0040449, 40.0108605 ] ] ] } },
{ "type": "Feature", "properties": { "@id": "way/546138661", "amenity": null, "building": "house", "name": null, "shop": null, "GEOID": "39049001000" }, "geometry": { "type": "Polygon", "coordinates": [ [ [ -83.0038141, 40.0108326 ], [ -83.0037691, 40.0108305 ], [ -83.0037682, 40.0108422 ], [ -83.0037208, 40.0108401 ], [ -83.0037295, 40.0107259 ], [ -83.003822, 40.01073 ], [ -83.0038141, 40.0108326 ] ] ] } },
{ "type": "Feature", "properties": { "@id": "way/546138662", "amenity": null, "building": "house", "name": null, "shop": null, "GEOID": "39049001000" }, "geometry": { "type": "Polygon", "coordinates": [ [ [ -83.0035903, 40.0108379 ], [ -83.0034939, 40.0108336 ], [ -83.003502, 40.010728 ], [ -83.0035984, 40.0107323 ], [ -83.0035903, 40.0108379 ] ] ] } },
{ "type": "Feature", "properties": { "@id": "way/546138663", "amenity": null, "building": "house", "name": null, "shop": null, "GEOID": "39049001000" }, "geometry": { "type": "Polygon", "coordinates": [ [ [ -83.003244, 40.0108475 ], [ -83.0031352, 40.0108433 ], [ -83.0031446, 40.0107005 ], [ -83.0032534, 40.0107047 ], [ -83.003244, 40.0108475 ] ] ] } },
{ "type": "Feature", "properties": { "@id": "way/546138664", "amenity": null, "building": "house", "name": null, "shop": null, "GEOID": "39049001000" }, "geometry": { "type": "Polygon", "coordinates": [ [ [ -83.0033599, 40.0108521 ], [ -83.0032748, 40.0108486 ], [ -83.0032843, 40.0107103 ], [ -83.0033695, 40.0107138 ], [ -83.0033599, 40.0108521 ] ] ] } },
{ "type": "Feature", "properties": { "@id": "way/546138665", "amenity": null, "building": "house", "name": null, "shop": null, "GEOID": "39049001000" }, "geometry": { "type": "Polygon", "coordinates": [ [ [ -83.0031325, 40.0109263 ], [ -83.0031305, 40.0109824 ], [ -83.0032134, 40.0109841 ], [ -83.0032154, 40.010928 ], [ -83.0031325, 40.0109263 ] ] ] } },
{ "type": "Feature", "properties": { "@id": "way/546138666", "amenity": null, "building": "house", "name": null, "shop": null, "GEOID": "39049001000" }, "geometry": { "type": "Polygon", "coordinates": [ [ [ -83.0034555, 40.0109635 ], [ -83.0034535, 40.0110196 ], [ -83.0035364, 40.0110214 ], [ -83.0035384, 40.0109653 ], [ -83.0034555, 40.0109635 ] ] ] } },
{ "type": "Feature", "properties": { "@id": "way/546138667", "amenity": null, "building": "house", "name": null, "shop": null, "GEOID": "39049001000" }, "geometry": { "type": "Polygon", "coordinates": [ [ [ -83.0043772, 40.01101 ], [ -83.0043752, 40.0110661 ], [ -83.004458, 40.0110678 ], [ -83.00446, 40.0110117 ], [ -83.0043772, 40.01101 ] ] ] } },
{ "type": "Feature", "properties": { "@id": "way/546138668", "amenity": null, "building": "house", "name": null, "shop": null, "GEOID": "39049001000" }, "geometry": { "type": "Polygon", "coordinates": [ [ [ -83.0042253, 40.0110536 ], [ -83.0041547, 40.0110522 ], [ -83.0041568, 40.0109896 ], [ -83.0042274, 40.010991 ], [ -83.0042253, 40.0110536 ] ] ] } },
{ "type": "Feature", "properties": { "@id": "way/546138669", "amenity": null, "building": "house", "name": null, "shop": null, "GEOID": "39049001000" }, "geometry": { "type": "Polygon", "coordinates": [ [ [ -83.0043154, 40.0107665 ], [ -83.0043148, 40.0108832 ], [ -83.004385, 40.0108834 ], [ -83.0043855, 40.0107666 ], [ -83.0043154, 40.0107665 ] ] ] } },
{ "type": "Feature", "properties": { "@id": "way/546138670", "amenity": null, "building": "house", "name": null, "shop": null, "GEOID": "39049001000" }, "geometry": { "type": "Polygon", "coordinates": [ [ [ -83.0045034, 40.0108872 ], [ -83.0044124, 40.0108876 ], [ -83.004412, 40.01084 ], [ -83.0043881, 40.0108401 ], [ -83.0043877, 40.0107921 ], [ -83.0044004, 40.010792 ], [ -83.0044003, 40.0107799 ], [ -83.0045024, 40.0107793 ], [ -83.0045034, 40.0108872 ] ] ] } },
{ "type": "Feature", "properties": { "@id": "way/546138671", "amenity": null, "building": "house", "name": null, "shop": null, "GEOID": "39049001000" }, "geometry": { "type": "Polygon", "coordinates": [ [ [ -83.0045979, 40.0109159 ], [ -83.0045145, 40.0109132 ], [ -83.0045215, 40.0107852 ], [ -83.0046049, 40.0107878 ], [ -83.0045979, 40.0109159 ] ] ] } },
{ "type": "Feature", "properties": { "@id": "way/546138672", "amenity": null, "building": "house", "name": null, "shop": null, "GEOID": "39049001000" }, "geometry": { "type": "Polygon", "coordinates": [ [ [ -83.0054151, 40.0109941 ], [ -83.0053604, 40.0109916 ], [ -83.0053639, 40.0109457 ], [ -83.0053447, 40.0109448 ], [ -83.0053546, 40.0108144 ], [ -83.0054284, 40.0108177 ], [ -83.0054151, 40.0109941 ] ] ] } },
{ "type": "Feature", "properties": { "@id": "way/546138673", "amenity": null, "building": "house", "name": null, "shop": null, "GEOID": "39049001000" }, "geometry": { "type": "Polygon", "coordinates": [ [ [ -83.0052581, 40.010804 ], [ -83.0052495, 40.0109449 ], [ -83.0053353, 40.0109479 ], [ -83.0053439, 40.010807 ], [ -83.0052581, 40.010804 ] ] ] } },
{ "type": "Feature", "properties": { "@id": "way/546138674", "amenity": null, "building": "house", "name": null, "shop": null, "GEOID": "39049001000" }, "geometry": { "type": "Polygon", "coordinates": [ [ [ -83.0061926, 40.0111585 ], [ -83.0061162, 40.011155 ], [ -83.0061199, 40.0111079 ], [ -83.0061962, 40.0111114 ], [ -83.0061926, 40.0111585 ] ] ] } },
{ "type": "Feature", "properties": { "@id": "way/546138675", "amenity": null, "building": "house", "name": null, "shop": null, "GEOID": "39049001000" }, "geometry": { "type": "Polygon", "coordinates": [ [ [ -83.0060727, 40.01114 ], [ -83.0059963, 40.0111365 ], [ -83.006, 40.0110894 ], [ -83.0060763, 40.0110929 ], [ -83.0060727, 40.01114 ] ] ] } },
{ "type": "Feature", "properties": { "@id": "way/546138676", "amenity": null, "building": "house", "name": null, "shop": null, "GEOID": "39049001000" }, "geometry": { "type": "Polygon", "coordinates": [ [ [ -83.0057829, 40.0111292 ], [ -83.0057065, 40.0111257 ], [ -83.0057102, 40.0110786 ], [ -83.0057865, 40.0110821 ], [ -83.0057829, 40.0111292 ] ] ] } },
{ "type": "Feature", "properties": { "@id": "way/546138677", "amenity": null, "building": "house", "name": null, "shop": null, "GEOID": "39049001000" }, "geometry": { "type": "Polygon", "coordinates": [ [ [ -83.0058724, 40.0111061 ], [ -83.0057986, 40.0111073 ], [ -83.005797, 40.0110482 ], [ -83.0058708, 40.011047 ], [ -83.0058724, 40.0111061 ] ] ] } },
{ "type": "Feature", "properties": { "@id": "way/546138678", "amenity": null, "building": "house", "name": null, "shop": null, "GEOID": "39049001000" }, "geometry": { "type": "Polygon", "coordinates": [ [ [ -83.0047864, 40.0107759 ], [ -83.0047853, 40.0108912 ], [ -83.0048659, 40.0108916 ], [ -83.004867, 40.0107763 ], [ -83.0047864, 40.0107759 ] ] ] } },
{ "type": "Feature", "properties": { "@id": "way/546138679", "amenity": null, "building": "house", "name": null, "shop": null, "GEOID": "39049001000" }, "geometry": { "type": "Polygon", "coordinates": [ [ [ -83.0048784, 40.0107871 ], [ -83.0048776, 40.0108316 ], [ -83.004895, 40.0108318 ], [ -83.0048936, 40.0109054 ], [ -83.0049559, 40.0109061 ], [ -83.0049562, 40.0108883 ], [ -83.0049821, 40.0108885 ], [ -83.0049839, 40.0107882 ], [ -83.0048784, 40.0107871 ] ] ] } },
{ "type": "Feature", "properties": { "@id": "way/546138680", "amenity": null, "building": "house", "name": null, "shop": null, "GEOID": "39049001000" }, "geometry": { "type": "Polygon", "coordinates": [ [ [ -83.0051075, 40.0107947 ], [ -83.0050049, 40.0107934 ], [ -83.0050025, 40.0109033 ], [ -83.005105, 40.0109046 ], [ -83.0051075, 40.0107947 ] ] ] } },
{ "type": "Feature", "properties": { "@id": "way/546138681", "amenity": null, "building": "house", "name": null, "shop": null, "GEOID": "39049001000" }, "geometry": { "type": "Polygon", "coordinates": [ [ [ -83.0047656, 40.0110364 ], [ -83.0047633, 40.0110737 ], [ -83.0048335, 40.0110763 ], [ -83.0048358, 40.011039 ], [ -83.0047656, 40.0110364 ] ] ] } },
{ "type": "Feature", "properties": { "@id": "way/546139217", "amenity": null, "building": "house", "name": null, "shop": null, "GEOID": "39049001000" }, "geometry": { "type": "Polygon", "coordinates": [ [ [ -83.0077218, 40.011316 ], [ -83.007591, 40.0113132 ], [ -83.0075938, 40.0112386 ], [ -83.0077245, 40.0112414 ], [ -83.0077218, 40.011316 ] ] ] } },
{ "type": "Feature", "properties": { "@id": "way/546139218", "amenity": null, "building": "house", "name": null, "shop": null, "GEOID": "39049001000" }, "geometry": { "type": "Polygon", "coordinates": [ [ [ -83.0076392, 40.0110635 ], [ -83.0076337, 40.0111643 ], [ -83.0077317, 40.0111674 ], [ -83.0077372, 40.0110666 ], [ -83.0076392, 40.0110635 ] ] ] } },
{ "type": "Feature", "properties": { "@id": "way/546139220", "amenity": null, "building": "house", "name": null, "shop": null, "GEOID": "39049001000" }, "geometry": { "type": "Polygon", "coordinates": [ [ [ -83.0074732, 40.0110353 ], [ -83.0074604, 40.0111954 ], [ -83.0075202, 40.0111982 ], [ -83.007522, 40.0111753 ], [ -83.007576, 40.0111779 ], [ -83.007587, 40.0110406 ], [ -83.0074732, 40.0110353 ] ] ] } },
{ "type": "Feature", "properties": { "@id": "way/546139221", "amenity": null, "building": "house", "name": null, "shop": null, "GEOID": "39049001000" }, "geometry": { "type": "Polygon", "coordinates": [ [ [ -83.0073479, 40.0111824 ], [ -83.0072747, 40.0111788 ], [ -83.0072867, 40.0110319 ], [ -83.0073464, 40.0110347 ], [ -83.0073419, 40.0110893 ], [ -83.0073555, 40.0110899 ], [ -83.0073479, 40.0111824 ] ] ] } },
{ "type": "Feature", "properties": { "@id": "way/546139222", "amenity": null, "building": "house", "name": null, "shop": null, "GEOID": "39049001000" }, "geometry": { "type": "Polygon", "coordinates": [ [ [ -83.0072562, 40.0111899 ], [ -83.0071926, 40.0111872 ], [ -83.0072044, 40.011025 ], [ -83.0072681, 40.0110277 ], [ -83.0072562, 40.0111899 ] ] ] } },
{ "type": "Feature", "properties": { "@id": "way/546139223", "amenity": null, "building": "house", "name": null, "shop": null, "GEOID": "39049001000" }, "geometry": { "type": "Polygon", "coordinates": [ [ [ -83.007078, 40.0110193 ], [ -83.0070698, 40.0111588 ], [ -83.0071826, 40.0111627 ], [ -83.0071909, 40.0110232 ], [ -83.007078, 40.0110193 ] ] ] } },
{ "type": "Feature", "properties": { "@id": "way/546139225", "amenity": null, "building": "house", "name": null, "shop": null, "GEOID": "39049001000" }, "geometry": { "type": "Polygon", "coordinates": [ [ [ -83.0070437, 40.0111501 ], [ -83.0069346, 40.0111443 ], [ -83.0069465, 40.0110128 ], [ -83.0070556, 40.0110186 ], [ -83.0070437, 40.0111501 ] ] ] } },
{ "type": "Feature", "properties": { "@id": "way/546139226", "amenity": null, "building": "house", "name": null, "shop": null, "GEOID": "39049001000" }, "geometry": { "type": "Polygon", "coordinates": [ [ [ -83.0069199, 40.0111504 ], [ -83.0068159, 40.0111469 ], [ -83.0068241, 40.0110032 ], [ -83.0069281, 40.0110066 ], [ -83.0069199, 40.0111504 ] ] ] } },
{ "type": "Feature", "properties": { "@id": "way/546139227", "amenity": null, "building": "house", "name": null, "shop": null, "GEOID": "39049001000" }, "geometry": { "type": "Polygon", "coordinates": [ [ [ -83.0068161, 40.0110054 ], [ -83.0067194, 40.0110028 ], [ -83.0067131, 40.0111386 ], [ -83.0068098, 40.0111412 ], [ -83.0068161, 40.0110054 ] ] ] } },
{ "type": "Feature", "properties": { "@id": "way/546139228", "amenity": null, "building": "house", "name": null, "shop": null, "GEOID": "39049001000" }, "geometry": { "type": "Polygon", "coordinates": [ [ [ -83.0066654, 40.0110035 ], [ -83.0065545, 40.0110006 ], [ -83.0065482, 40.0111406 ], [ -83.0066591, 40.0111435 ], [ -83.0066654, 40.0110035 ] ] ] } },
{ "type": "Feature", "properties": { "@id": "way/546139229", "amenity": null, "building": "house", "name": null, "shop": null, "GEOID": "39049001000" }, "geometry": { "type": "Polygon", "coordinates": [ [ [ -83.0065314, 40.0109825 ], [ -83.0064205, 40.0109786 ], [ -83.0064106, 40.0111409 ], [ -83.0065214, 40.0111449 ], [ -83.0065314, 40.0109825 ] ] ] } },
{ "type": "Feature", "properties": { "@id": "way/546139230", "amenity": null, "building": "house", "name": null, "shop": null, "GEOID": "39049001000" }, "geometry": { "type": "Polygon", "coordinates": [ [ [ -83.0065065, 40.0114006 ], [ -83.0063867, 40.0113955 ], [ -83.0063972, 40.0112505 ], [ -83.006517, 40.0112556 ], [ -83.0065065, 40.0114006 ] ] ] } },
{ "type": "Feature", "properties": { "@id": "way/546139231", "amenity": null, "building": "house", "name": null, "shop": null, "GEOID": "39049001000" }, "geometry": { "type": "Polygon", "coordinates": [ [ [ -83.0067698, 40.0114172 ], [ -83.0066654, 40.0114161 ], [ -83.0066668, 40.0113389 ], [ -83.0067712, 40.01134 ], [ -83.0067698, 40.0114172 ] ] ] } },
{ "type": "Feature", "properties": { "@id": "way/546139232", "amenity": null, "building": "house", "name": null, "shop": null, "GEOID": "39049001000" }, "geometry": { "type": "Polygon", "coordinates": [ [ [ -83.0066374, 40.0114177 ], [ -83.0065178, 40.0114126 ], [ -83.0065219, 40.0113555 ], [ -83.0066416, 40.0113606 ], [ -83.0066374, 40.0114177 ] ] ] } },
{ "type": "Feature", "properties": { "@id": "way/546139233", "amenity": null, "building": "house", "name": null, "shop": null, "GEOID": "39049001000" }, "geometry": { "type": "Polygon", "coordinates": [ [ [ -83.0069579, 40.0114409 ], [ -83.0069201, 40.0114409 ], [ -83.0069201, 40.0114126 ], [ -83.0069579, 40.0114126 ], [ -83.0069579, 40.0114409 ] ] ] } },
{ "type": "Feature", "properties": { "@id": "way/546139234", "amenity": null, "building": "house", "name": null, "shop": null, "GEOID": "39049001000" }, "geometry": { "type": "Polygon", "coordinates": [ [ [ -83.0071385, 40.0114418 ], [ -83.0070848, 40.0114412 ], [ -83.007086, 40.0113796 ], [ -83.0071397, 40.0113802 ], [ -83.0071385, 40.0114418 ] ] ] } },
{ "type": "Feature", "properties": { "@id": "way/546139235", "amenity": null, "building": "house", "name": null, "shop": null, "GEOID": "39049001000" }, "geometry": { "type": "Polygon", "coordinates": [ [ [ -83.0080256, 40.0114979 ], [ -83.0079716, 40.0114971 ], [ -83.0079722, 40.0114734 ], [ -83.0079119, 40.0114726 ], [ -83.0079134, 40.0114113 ], [ -83.0080277, 40.011413 ], [ -83.0080256, 40.0114979 ] ] ] } },
{ "type": "Feature", "properties": { "@id": "way/546139236", "amenity": null, "building": "house", "name": null, "shop": null, "GEOID": "39049001000" }, "geometry": { "type": "Polygon", "coordinates": [ [ [ -83.0079362, 40.0112197 ], [ -83.0079423, 40.0111043 ], [ -83.0080197, 40.0111067 ], [ -83.0080173, 40.0111525 ], [ -83.0080372, 40.0111531 ], [ -83.0080344, 40.0112059 ], [ -83.0080145, 40.0112053 ], [ -83.0080136, 40.0112221 ], [ -83.0079362, 40.0112197 ] ] ] } },
{ "type": "Feature", "properties": { "@id": "way/546139237", "amenity": null, "building": "house", "name": null, "shop": null, "GEOID": "39049001000" }, "geometry": { "type": "Polygon", "coordinates": [ [ [ -83.0081774, 40.0111218 ], [ -83.0080583, 40.0111173 ], [ -83.0080502, 40.011243 ], [ -83.0081693, 40.0112475 ], [ -83.0081774, 40.0111218 ] ] ] } },
{ "type": "Feature", "properties": { "@id": "way/546139238", "amenity": null, "building": "house", "name": null, "shop": null, "GEOID": "39049001000" }, "geometry": { "type": "Polygon", "coordinates": [ [ [ -83.0082981, 40.0112832 ], [ -83.0081954, 40.011278 ], [ -83.0082105, 40.0111046 ], [ -83.0083131, 40.0111098 ], [ -83.0082981, 40.0112832 ] ] ] } },
{ "type": "Feature", "properties": { "@id": "way/546139239", "amenity": null, "building": "house", "name": null, "shop": null, "GEOID": "39049001000" }, "geometry": { "type": "Polygon", "coordinates": [ [ [ -83.0084528, 40.0112583 ], [ -83.0083738, 40.0112579 ], [ -83.0083739, 40.0112421 ], [ -83.0083511, 40.0112419 ], [ -83.0083521, 40.0111137 ], [ -83.0083981, 40.0111139 ], [ -83.008398, 40.0111342 ], [ -83.0084538, 40.0111344 ], [ -83.0084528, 40.0112583 ] ] ] } },
{ "type": "Feature", "properties": { "@id": "way/546139240", "amenity": null, "building": "house", "name": null, "shop": null, "GEOID": "39049001000" }, "geometry": { "type": "Polygon", "coordinates": [ [ [ -83.0085836, 40.0112589 ], [ -83.0084768, 40.0112544 ], [ -83.0084868, 40.0111145 ], [ -83.0085936, 40.011119 ], [ -83.0085836, 40.0112589 ] ] ] } },
{ "type": "Feature", "properties": { "@id": "way/546139241", "amenity": null, "building": "house", "name": null, "shop": null, "GEOID": "39049001000" }, "geometry": { "type": "Polygon", "coordinates": [ [ [ -83.0087371, 40.0111212 ], [ -83.0086146, 40.0111176 ], [ -83.0086057, 40.0112951 ], [ -83.0087283, 40.0112987 ], [ -83.0087371, 40.0111212 ] ] ] } },
{ "type": "Feature", "properties": { "@id": "way/546139242", "amenity": null, "building": "house", "name": null, "shop": null, "GEOID": "39049001000" }, "geometry": { "type": "Polygon", "coordinates": [ [ [ -83.0088519, 40.0112597 ], [ -83.0087479, 40.0112586 ], [ -83.00875, 40.0111438 ], [ -83.008854, 40.0111449 ], [ -83.0088519, 40.0112597 ] ] ] } },
{ "type": "Feature", "properties": { "@id": "way/546139243", "amenity": null, "building": "house", "name": null, "shop": null, "GEOID": "39049001000" }, "geometry": { "type": "Polygon", "coordinates": [ [ [ -83.0089337, 40.0115186 ], [ -83.0087774, 40.0115362 ], [ -83.0087627, 40.0114593 ], [ -83.0088254, 40.0114522 ], [ -83.0088274, 40.0114627 ], [ -83.0088578, 40.0114592 ], [ -83.0088609, 40.0114752 ], [ -83.008924, 40.0114681 ], [ -83.0089337, 40.0115186 ] ] ] } },
{ "type": "Feature", "properties": { "@id": "way/546139244", "amenity": null, "building": "house", "name": null, "shop": null, "GEOID": "39049001000" }, "geometry": { "type": "Polygon", "coordinates": [ [ [ -83.0087094, 40.0115073 ], [ -83.0085866, 40.0115024 ], [ -83.0085882, 40.0114261 ], [ -83.0087126, 40.0114291 ], [ -83.0087094, 40.0115073 ] ] ] } },
{ "type": "Feature", "properties": { "@id": "way/546139245", "amenity": null, "building": "house", "name": null, "shop": null, "GEOID": "39049001000" }, "geometry": { "type": "Polygon", "coordinates": [ [ [ -83.0089197, 40.0113941 ], [ -83.0089093, 40.0113438 ], [ -83.0087453, 40.0113636 ], [ -83.0087557, 40.0114139 ], [ -83.0089197, 40.0113941 ] ] ] } },
{ "type": "Feature", "properties": { "@id": "way/546667618", "amenity": null, "building": "house", "name": null, "shop": null, "GEOID": "39049001000" }, "geometry": { "type": "Polygon", "coordinates": [ [ [ -83.0052846, 40.009991 ], [ -83.0052924, 40.0098928 ], [ -83.0052054, 40.0098887 ], [ -83.0051976, 40.009987 ], [ -83.0052846, 40.009991 ] ] ] } },
{ "type": "Feature", "properties": { "@id": "way/546667619", "amenity": null, "building": "house", "name": null, "shop": null, "GEOID": "39049001000" }, "geometry": { "type": "Polygon", "coordinates": [ [ [ -83.0054031, 40.0099988 ], [ -83.0054108, 40.0099005 ], [ -83.0053238, 40.0098965 ], [ -83.0053161, 40.0099947 ], [ -83.0054031, 40.0099988 ] ] ] } },
{ "type": "Feature", "properties": { "@id": "way/546667620", "amenity": null, "building": "house", "name": null, "shop": null, "GEOID": "39049001000" }, "geometry": { "type": "Polygon", "coordinates": [ [ [ -83.0055147, 40.0100022 ], [ -83.0055225, 40.009904 ], [ -83.0054355, 40.0098999 ], [ -83.0054277, 40.0099982 ], [ -83.0055147, 40.0100022 ] ] ] } },
{ "type": "Feature", "properties": { "@id": "way/546667621", "amenity": null, "building": "house", "name": null, "shop": null, "GEOID": "39049001000" }, "geometry": { "type": "Polygon", "coordinates": [ [ [ -83.0056263, 40.0100169 ], [ -83.0056341, 40.0099187 ], [ -83.0055471, 40.0099146 ], [ -83.0055393, 40.0100129 ], [ -83.0056263, 40.0100169 ] ] ] } },
{ "type": "Feature", "properties": { "@id": "way/546667622", "amenity": null, "building": "house", "name": null, "shop": null, "GEOID": "39049001000" }, "geometry": { "type": "Polygon", "coordinates": [ [ [ -83.0058428, 40.0099412 ], [ -83.0058269, 40.0101255 ], [ -83.005931, 40.0101307 ], [ -83.0059342, 40.0100934 ], [ -83.0059749, 40.0100954 ], [ -83.0059875, 40.0099485 ], [ -83.0058428, 40.0099412 ] ] ] } },
{ "type": "Feature", "properties": { "@id": "way/546667623", "amenity": null, "building": "house", "name": null, "shop": null, "GEOID": "39049001000" }, "geometry": { "type": "Polygon", "coordinates": [ [ [ -83.0057979, 40.0102563 ], [ -83.0056614, 40.010251 ], [ -83.0056658, 40.0101835 ], [ -83.0058024, 40.0101888 ], [ -83.0057979, 40.0102563 ] ] ] } },
{ "type": "Feature", "properties": { "@id": "way/546667624", "amenity": null, "building": "house", "name": null, "shop": null, "GEOID": "39049001000" }, "geometry": { "type": "Polygon", "coordinates": [ [ [ -83.0058638, 40.0094374 ], [ -83.0056453, 40.009423 ], [ -83.0056513, 40.009336 ], [ -83.0056513, 40.0093233 ], [ -83.0058732, 40.0093353 ], [ -83.0058638, 40.0094374 ] ] ] } },
{ "type": "Feature", "properties": { "@id": "way/546667625", "amenity": null, "building": "house", "name": null, "shop": null, "GEOID": "39049001000" }, "geometry": { "type": "Polygon", "coordinates": [ [ [ -83.0056321, 40.009044 ], [ -83.0056259, 40.0090437 ], [ -83.0056277, 40.00902 ], [ -83.0055468, 40.0090164 ], [ -83.0055449, 40.0090405 ], [ -83.0055369, 40.0090401 ], [ -83.0055338, 40.0090806 ], [ -83.0055205, 40.0090966 ], [ -83.0055204, 40.009114 ], [ -83.0055331, 40.0091285 ], [ -83.0055529, 40.0091294 ], [ -83.0055506, 40.0091593 ], [ -83.0056233, 40.0091625 ], [ -83.0056321, 40.009044 ] ] ] } },
{ "type": "Feature", "properties": { "@id": "way/546667626", "amenity": null, "building": "house", "name": null, "shop": null, "GEOID": "39049001000" }, "geometry": { "type": "Polygon", "coordinates": [ [ [ -83.0054938, 40.009127 ], [ -83.0055005, 40.0090275 ], [ -83.0053916, 40.0090232 ], [ -83.005385, 40.009122 ], [ -83.0053941, 40.0091224 ], [ -83.0053924, 40.0091489 ], [ -83.0054118, 40.0091496 ], [ -83.0054108, 40.0091647 ], [ -83.0054697, 40.009167 ], [ -83.0054709, 40.0091502 ], [ -83.0054865, 40.0091508 ], [ -83.0054881, 40.0091267 ], [ -83.0054938, 40.009127 ] ] ] } },
{ "type": "Feature", "properties": { "@id": "way/546866292", "amenity": null, "building": "house", "name": null, "shop": null, "GEOID": "39049001000" }, "geometry": { "type": "Polygon", "coordinates": [ [ [ -83.009722, 40.0128903 ], [ -83.0095979, 40.0129068 ], [ -83.0095795, 40.0128253 ], [ -83.0097036, 40.0128088 ], [ -83.009722, 40.0128903 ] ] ] } },
{ "type": "Feature", "properties": { "@id": "way/546866293", "amenity": null, "building": "house", "name": null, "shop": null, "GEOID": "39049001000" }, "geometry": { "type": "Polygon", "coordinates": [ [ [ -83.0097576, 40.0127947 ], [ -83.0096047, 40.0128161 ], [ -83.0095946, 40.0127738 ], [ -83.0096888, 40.0127606 ], [ -83.0096858, 40.0127481 ], [ -83.0097445, 40.0127398 ], [ -83.0097576, 40.0127947 ] ] ] } },
{ "type": "Feature", "properties": { "@id": "way/546866295", "amenity": null, "building": "house", "name": null, "shop": null, "GEOID": "39049001000" }, "geometry": { "type": "Polygon", "coordinates": [ [ [ -83.0099698, 40.0122199 ], [ -83.0098078, 40.0122445 ], [ -83.0097835, 40.0121508 ], [ -83.0099456, 40.0121262 ], [ -83.0099698, 40.0122199 ] ] ] } },
{ "type": "Feature", "properties": { "@id": "way/546866296", "amenity": null, "building": "house", "name": null, "shop": null, "GEOID": "39049001000" }, "geometry": { "type": "Polygon", "coordinates": [ [ [ -83.0097051, 40.0122797 ], [ -83.0097045, 40.0123422 ], [ -83.0094621, 40.0123409 ], [ -83.0094627, 40.0122784 ], [ -83.0097051, 40.0122797 ] ] ] } },
{ "type": "Feature", "properties": { "@id": "way/546866297", "amenity": null, "building": "house", "name": null, "shop": null, "GEOID": "39049001000" }, "geometry": { "type": "Polygon", "coordinates": [ [ [ -83.0094765, 40.0124111 ], [ -83.0094938, 40.0124669 ], [ -83.0096546, 40.0124377 ], [ -83.0096373, 40.0123818 ], [ -83.0094765, 40.0124111 ] ] ] } },
{ "type": "Feature", "properties": { "@id": "way/546866298", "amenity": null, "building": "house", "name": null, "shop": null, "GEOID": "39049001000" }, "geometry": { "type": "Polygon", "coordinates": [ [ [ -83.0095, 40.0125318 ], [ -83.0095187, 40.012591 ], [ -83.0096639, 40.0125642 ], [ -83.0096418, 40.0124943 ], [ -83.009568, 40.012508 ], [ -83.0095713, 40.0125186 ], [ -83.0095, 40.0125318 ] ] ] } },
{ "type": "Feature", "properties": { "@id": "way/546866299", "amenity": null, "building": "house", "name": null, "shop": null, "GEOID": "39049001000" }, "geometry": { "type": "Polygon", "coordinates": [ [ [ -83.0100161, 40.012514 ], [ -83.0098869, 40.0125351 ], [ -83.0098665, 40.0124616 ], [ -83.0099957, 40.0124405 ], [ -83.0100161, 40.012514 ] ] ] } },
{ "type": "Feature", "properties": { "@id": "way/546866313", "amenity": null, "building": "house", "name": null, "shop": null, "GEOID": "39049001000" }, "geometry": { "type": "Polygon", "coordinates": [ [ [ -83.0099439, 40.0119456 ], [ -83.0098272, 40.0119623 ], [ -83.0097853, 40.0117903 ], [ -83.009902, 40.0117736 ], [ -83.0099439, 40.0119456 ] ] ] } },
{ "type": "Feature", "properties": { "@id": "way/546866314", "amenity": null, "building": "house", "name": null, "shop": null, "GEOID": "39049001000" }, "geometry": { "type": "Polygon", "coordinates": [ [ [ -83.0098184, 40.0119639 ], [ -83.0097017, 40.0119806 ], [ -83.0096598, 40.0118086 ], [ -83.0097765, 40.0117919 ], [ -83.0098184, 40.0119639 ] ] ] } },
{ "type": "Feature", "properties": { "@id": "way/546866315", "amenity": null, "building": "house", "name": null, "shop": null, "GEOID": "39049001000" }, "geometry": { "type": "Polygon", "coordinates": [ [ [ -83.0096897, 40.0119896 ], [ -83.009573, 40.0120062 ], [ -83.0095311, 40.0118343 ], [ -83.0096478, 40.0118176 ], [ -83.0096897, 40.0119896 ] ] ] } },
{ "type": "Feature", "properties": { "@id": "way/546866316", "amenity": null, "building": "house", "name": null, "shop": null, "GEOID": "39049001000" }, "geometry": { "type": "Polygon", "coordinates": [ [ [ -83.009569, 40.012007 ], [ -83.0094523, 40.0120237 ], [ -83.0094104, 40.0118517 ], [ -83.0095271, 40.011835 ], [ -83.009569, 40.012007 ] ] ] } },
{ "type": "Feature", "properties": { "@id": "way/546866317", "amenity": null, "building": "house", "name": null, "shop": null, "GEOID": "39049001000" }, "geometry": { "type": "Polygon", "coordinates": [ [ [ -83.0094335, 40.0120378 ], [ -83.0093168, 40.0120545 ], [ -83.0092749, 40.0118825 ], [ -83.0093916, 40.0118658 ], [ -83.0094335, 40.0120378 ] ] ] } },
{ "type": "Feature", "properties": { "@id": "way/546866322", "amenity": null, "building": "house", "name": null, "shop": null, "GEOID": "39049001000" }, "geometry": { "type": "Polygon", "coordinates": [ [ [ -83.009718, 40.0111272 ], [ -83.0096274, 40.0111412 ], [ -83.0095895, 40.0109969 ], [ -83.0096525, 40.0109872 ], [ -83.0096706, 40.0110561 ], [ -83.0096982, 40.0110519 ], [ -83.009718, 40.0111272 ] ] ] } },
{ "type": "Feature", "properties": { "@id": "way/546866323", "amenity": null, "building": "house", "name": null, "shop": null, "GEOID": "39049001000" }, "geometry": { "type": "Polygon", "coordinates": [ [ [ -83.0094803, 40.0110198 ], [ -83.0095033, 40.0111001 ], [ -83.0095395, 40.011094 ], [ -83.0095459, 40.0111164 ], [ -83.0096093, 40.0111057 ], [ -83.0095836, 40.0110163 ], [ -83.0095437, 40.0110231 ], [ -83.0095398, 40.0110098 ], [ -83.0094803, 40.0110198 ] ] ] } },
{ "type": "Feature", "properties": { "@id": "way/546866324", "amenity": null, "building": "house", "name": null, "shop": null, "GEOID": "39049001000" }, "geometry": { "type": "Polygon", "coordinates": [ [ [ -83.0094631, 40.0110077 ], [ -83.009498, 40.0111316 ], [ -83.0094611, 40.0111377 ], [ -83.0094644, 40.0111493 ], [ -83.0094161, 40.0111573 ], [ -83.0093778, 40.0110218 ], [ -83.0094631, 40.0110077 ] ] ] } },
{ "type": "Feature", "properties": { "@id": "way/546866325", "amenity": null, "building": "house", "name": null, "shop": null, "GEOID": "39049001000" }, "geometry": { "type": "Polygon", "coordinates": [ [ [ -83.0093954, 40.011164 ], [ -83.009305, 40.0111776 ], [ -83.0092703, 40.0110418 ], [ -83.0093607, 40.0110282 ], [ -83.0093954, 40.011164 ] ] ] } },
{ "type": "Feature", "properties": { "@id": "way/546866326", "amenity": null, "building": "house", "name": null, "shop": null, "GEOID": "39049001000" }, "geometry": { "type": "Polygon", "coordinates": [ [ [ -83.0091989, 40.0111657 ], [ -83.0092935, 40.0111504 ], [ -83.0092638, 40.011043 ], [ -83.0091692, 40.0110584 ], [ -83.0091989, 40.0111657 ] ] ] } },
{ "type": "Feature", "properties": { "@id": "way/546866327", "amenity": null, "building": "house", "name": null, "shop": null, "GEOID": "39049001000" }, "geometry": { "type": "Polygon", "coordinates": [ [ [ -83.009109, 40.011197 ], [ -83.0090756, 40.0110775 ], [ -83.0091632, 40.0110631 ], [ -83.0091926, 40.0111686 ], [ -83.0091554, 40.0111747 ], [ -83.0091593, 40.0111888 ], [ -83.009109, 40.011197 ] ] ] } },
{ "type": "Feature", "properties": { "@id": "way/546866328", "amenity": null, "building": "house", "name": null, "shop": null, "GEOID": "39049001000" }, "geometry": { "type": "Polygon", "coordinates": [ [ [ -83.0094424, 40.0113148 ], [ -83.0093493, 40.0113273 ], [ -83.0093349, 40.0112646 ], [ -83.009428, 40.0112521 ], [ -83.0094424, 40.0113148 ] ] ] } },
{ "type": "Feature", "properties": { "@id": "way/546866329", "amenity": null, "building": "house", "name": null, "shop": null, "GEOID": "39049001000" }, "geometry": { "type": "Polygon", "coordinates": [ [ [ -83.0093399, 40.0113378 ], [ -83.0093275, 40.0112801 ], [ -83.0092536, 40.0112895 ], [ -83.0092661, 40.0113471 ], [ -83.0093399, 40.0113378 ] ] ] } },
{ "type": "Feature", "properties": { "@id": "way/546866330", "amenity": null, "building": "house", "name": null, "shop": null, "GEOID": "39049001000" }, "geometry": { "type": "Polygon", "coordinates": [ [ [ -83.0094232, 40.0114713 ], [ -83.0092635, 40.0114934 ], [ -83.0092448, 40.0114145 ], [ -83.0094046, 40.0113924 ], [ -83.0094232, 40.0114713 ] ] ] } },
{ "type": "Feature", "properties": { "@id": "way/546866331", "amenity": null, "building": "house", "name": null, "shop": null, "GEOID": "39049001000" }, "geometry": { "type": "Polygon", "coordinates": [ [ [ -83.0092665, 40.0115948 ], [ -83.0092805, 40.0116645 ], [ -83.009447, 40.0116448 ], [ -83.0094384, 40.0116021 ], [ -83.0094078, 40.0116057 ], [ -83.0094024, 40.0115787 ], [ -83.0092665, 40.0115948 ] ] ] } },
{ "type": "Feature", "properties": { "@id": "way/546866332", "amenity": null, "building": "house", "name": null, "shop": null, "GEOID": "39049001000" }, "geometry": { "type": "Polygon", "coordinates": [ [ [ -83.0093965, 40.0115658 ], [ -83.0092676, 40.0115858 ], [ -83.0092495, 40.0115175 ], [ -83.0093784, 40.0114975 ], [ -83.0093965, 40.0115658 ] ] ] } },
{ "type": "Feature", "properties": { "@id": "way/569505596", "amenity": null, "building": "house", "name": "Knight House", "shop": null, "GEOID": "39049001300" }, "geometry": { "type": "Polygon", "coordinates": [ [ [ -83.0051993, 40.0003762 ], [ -83.0050367, 40.0003725 ], [ -83.0050465, 40.0001221 ], [ -83.0052091, 40.0001259 ], [ -83.0051993, 40.0003762 ] ] ] } },
{ "type": "Feature", "properties": { "@id": "way/569505597", "amenity": null, "building": "house", "name": null, "shop": null, "GEOID": "39049001300" }, "geometry": { "type": "Polygon", "coordinates": [ [ [ -83.0031689, 40.0001278 ], [ -83.0030507, 40.0001248 ], [ -83.0030561, 40.0000027 ], [ -83.0031743, 40.0000058 ], [ -83.0031689, 40.0001278 ] ] ] } },
{ "type": "Feature", "properties": { "@id": "way/569505599", "amenity": null, "building": "house", "name": null, "shop": null, "GEOID": "39049001300" }, "geometry": { "type": "Polygon", "coordinates": [ [ [ -83.0030045, 40.0001537 ], [ -83.0028583, 40.0001465 ], [ -83.002869, 40.0000192 ], [ -83.0030152, 40.0000264 ], [ -83.0030045, 40.0001537 ] ] ] } },
{ "type": "Feature", "properties": { "@id": "way/569505600", "amenity": null, "building": "house", "name": null, "shop": null, "GEOID": "39049001300" }, "geometry": { "type": "Polygon", "coordinates": [ [ [ -83.0028232, 40.000122 ], [ -83.0027612, 40.0001195 ], [ -83.0027581, 40.0001664 ], [ -83.0026913, 40.0001637 ], [ -83.002702, 40.0000048 ], [ -83.0028308, 40.0000099 ], [ -83.0028232, 40.000122 ] ] ] } },
{ "type": "Feature", "properties": { "@id": "way/569505602", "amenity": null, "building": "house", "name": null, "shop": null, "GEOID": "39049001300" }, "geometry": { "type": "Polygon", "coordinates": [ [ [ -83.0021665, 39.9995678 ], [ -83.0020386, 39.999559 ], [ -83.0020596, 39.9993809 ], [ -83.0021875, 39.9993898 ], [ -83.0021665, 39.9995678 ] ] ] } },
{ "type": "Feature", "properties": { "@id": "way/569505603", "amenity": null, "building": "house", "name": null, "shop": null, "GEOID": "39049001300" }, "geometry": { "type": "Polygon", "coordinates": [ [ [ -83.0025369, 39.9995962 ], [ -83.0024146, 39.9995882 ], [ -83.0024404, 39.9993569 ], [ -83.0025626, 39.9993648 ], [ -83.0025369, 39.9995962 ] ] ] } },
{ "type": "Feature", "properties": { "@id": "way/569505606", "amenity": null, "building": "house", "name": null, "shop": null, "GEOID": "39049001300" }, "geometry": { "type": "Polygon", "coordinates": [ [ [ -83.0019137, 40.0000714 ], [ -83.0018729, 40.0000696 ], [ -83.0018714, 40.0000905 ], [ -83.0017963, 40.0000873 ], [ -83.0018108, 40.0000669 ], [ -83.0017766, 40.0000654 ], [ -83.0017854, 39.999944 ], [ -83.0019225, 39.9999499 ], [ -83.0019137, 40.0000714 ] ] ] } },
{ "type": "Feature", "properties": { "@id": "way/569505607", "amenity": null, "building": "house", "name": null, "shop": null, "GEOID": "39049001300" }, "geometry": { "type": "Polygon", "coordinates": [ [ [ -83.0017488, 40.0001711 ], [ -83.0016188, 40.0001656 ], [ -83.0016346, 39.9999458 ], [ -83.0017646, 39.9999513 ], [ -83.0017488, 40.0001711 ] ] ] } },
{ "type": "Feature", "properties": { "@id": "way/569505983", "amenity": null, "building": "house", "name": null, "shop": null, "GEOID": "39049001200" }, "geometry": { "type": "Polygon", "coordinates": [ [ [ -83.0024901, 40.0021705 ], [ -83.0021541, 40.0021686 ], [ -83.0021517, 40.0020649 ], [ -83.0024901, 40.0020686 ], [ -83.0024901, 40.0021705 ] ] ] } },
{ "type": "Feature", "properties": { "@id": "way/569505987", "amenity": "place_of_worship", "building": "house", "name": "North Columbus Friends Meeting", "shop": null, "GEOID": "39049001200" }, "geometry": { "type": "Polygon", "coordinates": [ [ [ -83.0029533, 40.0027677 ], [ -83.0029725, 40.002687 ], [ -83.0027528, 40.0026563 ], [ -83.0027336, 40.002737 ], [ -83.0029533, 40.0027677 ] ] ] } },
{ "type": "Feature", "properties": { "@id": "way/569505988", "amenity": null, "building": "house", "name": null, "shop": null, "GEOID": "39049001200" }, "geometry": { "type": "Polygon", "coordinates": [ [ [ -83.0028873, 40.0031963 ], [ -83.0029169, 40.0030753 ], [ -83.0027655, 40.0030536 ], [ -83.0027359, 40.0031745 ], [ -83.0028873, 40.0031963 ] ] ] } },
{ "type": "Feature", "properties": { "@id": "way/569505989", "amenity": null, "building": "house", "name": null, "shop": null, "GEOID": "39049001200" }, "geometry": { "type": "Polygon", "coordinates": [ [ [ -83.0041194, 40.0022983 ], [ -83.0041363, 40.0021779 ], [ -83.0037447, 40.0021631 ], [ -83.0037302, 40.002276 ], [ -83.0041194, 40.0022983 ] ] ] } },
{ "type": "Feature", "properties": { "@id": "way/569505991", "amenity": null, "building": "house", "name": null, "shop": null, "GEOID": "39049001200" }, "geometry": { "type": "Polygon", "coordinates": [ [ [ -83.0044071, 40.0028075 ], [ -83.0042765, 40.0029501 ], [ -83.004059, 40.0028353 ], [ -83.0041967, 40.0026927 ], [ -83.0044071, 40.0028075 ] ] ] } },
{ "type": "Feature", "properties": { "@id": "way/569714496", "amenity": null, "building": "house", "name": null, "shop": null, "GEOID": "39049001200" }, "geometry": { "type": "Polygon", "coordinates": [ [ [ -83.0049703, 40.002352 ], [ -83.0048301, 40.0024168 ], [ -83.0047237, 40.0022927 ], [ -83.0048663, 40.0022205 ], [ -83.0049703, 40.002352 ] ] ] } },
{ "type": "Feature", "properties": { "@id": "way/569714497", "amenity": null, "building": "house", "name": null, "shop": null, "GEOID": "39049001200" }, "geometry": { "type": "Polygon", "coordinates": [ [ [ -83.0041299, 40.0030756 ], [ -83.0040385, 40.0032004 ], [ -83.0038331, 40.0031122 ], [ -83.0039245, 40.0029874 ], [ -83.0041299, 40.0030756 ] ] ] } },
{ "type": "Feature", "properties": { "@id": "way/569714498", "amenity": null, "building": "house", "name": null, "shop": null, "GEOID": "39049001200" }, "geometry": { "type": "Polygon", "coordinates": [ [ [ -83.0039768, 40.0032463 ], [ -83.0038849, 40.0033593 ], [ -83.0037326, 40.0032926 ], [ -83.0038221, 40.0031815 ], [ -83.0039768, 40.0032463 ] ] ] } },
{ "type": "Feature", "properties": { "@id": "way/569714499", "amenity": null, "building": "house", "name": null, "shop": null, "GEOID": "39049001200" }, "geometry": { "type": "Polygon", "coordinates": [ [ [ -83.003849, 40.00343 ], [ -83.0038063, 40.0035059 ], [ -83.0036811, 40.0034647 ], [ -83.0037238, 40.0033887 ], [ -83.003849, 40.00343 ] ] ] } },
{ "type": "Feature", "properties": { "@id": "way/569714500", "amenity": null, "building": "house", "name": null, "shop": null, "GEOID": "39049001200" }, "geometry": { "type": "Polygon", "coordinates": [ [ [ -83.0038124, 40.0035296 ], [ -83.0037592, 40.0036389 ], [ -83.0035852, 40.0035889 ], [ -83.0036335, 40.0034778 ], [ -83.0038124, 40.0035296 ] ] ] } },
{ "type": "Feature", "properties": { "@id": "way/569714501", "amenity": null, "building": "house", "name": null, "shop": null, "GEOID": "39049001200" }, "geometry": { "type": "Polygon", "coordinates": [ [ [ -83.0037278, 40.0036574 ], [ -83.0037181, 40.0037426 ], [ -83.0035102, 40.0037352 ], [ -83.0035247, 40.0036463 ], [ -83.0037278, 40.0036574 ] ] ] } },
{ "type": "Feature", "properties": { "@id": "way/569714503", "amenity": null, "building": "house", "name": null, "shop": null, "GEOID": "39049001200" }, "geometry": { "type": "Polygon", "coordinates": [ [ [ -83.0046244, 40.0042903 ], [ -83.0043979, 40.0042813 ], [ -83.0044115, 40.0040807 ], [ -83.0046379, 40.0040897 ], [ -83.0046244, 40.0042903 ] ] ] } },
{ "type": "Feature", "properties": { "@id": "way/569714504", "amenity": null, "building": "house", "name": null, "shop": null, "GEOID": "39049001200" }, "geometry": { "type": "Polygon", "coordinates": [ [ [ -83.0048964, 40.0043103 ], [ -83.0046632, 40.0043018 ], [ -83.0046763, 40.0040898 ], [ -83.0049096, 40.0040983 ], [ -83.0048964, 40.0043103 ] ] ] } },
{ "type": "Feature", "properties": { "@id": "way/569714505", "amenity": null, "building": "house", "name": null, "shop": null, "GEOID": "39049001200" }, "geometry": { "type": "Polygon", "coordinates": [ [ [ -83.003486, 40.0043561 ], [ -83.0034257, 40.0043801 ], [ -83.0034365, 40.004396 ], [ -83.0033873, 40.0044156 ], [ -83.0032959, 40.0042809 ], [ -83.0034054, 40.0042373 ], [ -83.003486, 40.0043561 ] ] ] } },
{ "type": "Feature", "properties": { "@id": "way/569714506", "amenity": null, "building": "house", "name": null, "shop": null, "GEOID": "39049001200" }, "geometry": { "type": "Polygon", "coordinates": [ [ [ -83.003341, 40.004437 ], [ -83.0033289, 40.004574 ], [ -83.0032322, 40.0045684 ], [ -83.0032419, 40.0044333 ], [ -83.003341, 40.004437 ] ] ] } },
{ "type": "Feature", "properties": { "@id": "way/569714507", "amenity": null, "building": "house", "name": null, "shop": null, "GEOID": "39049001200" }, "geometry": { "type": "Polygon", "coordinates": [ [ [ -83.0042008, 40.0020772 ], [ -83.0041931, 40.002164 ], [ -83.0037519, 40.0021412 ], [ -83.0037595, 40.0020544 ], [ -83.0042008, 40.0020772 ] ] ] } },
{ "type": "Feature", "properties": { "@id": "way/569714508", "amenity": null, "building": "house", "name": null, "shop": null, "GEOID": "39049001200" }, "geometry": { "type": "Polygon", "coordinates": [ [ [ -83.0039357, 40.0019238 ], [ -83.0039198, 40.00204 ], [ -83.0037507, 40.0020263 ], [ -83.0037666, 40.0019102 ], [ -83.0039357, 40.0019238 ] ] ] } },
{ "type": "Feature", "properties": { "@id": "way/569714509", "amenity": null, "building": "house", "name": null, "shop": null, "GEOID": "39049001200" }, "geometry": { "type": "Polygon", "coordinates": [ [ [ -83.0039062, 40.0017713 ], [ -83.0038991, 40.0018905 ], [ -83.0037639, 40.0018858 ], [ -83.003771, 40.0017666 ], [ -83.0039062, 40.0017713 ] ] ] } },
{ "type": "Feature", "properties": { "@id": "way/569714510", "amenity": null, "building": "house", "name": null, "shop": null, "GEOID": "39049001200" }, "geometry": { "type": "Polygon", "coordinates": [ [ [ -83.0038949, 40.0024021 ], [ -83.0038785, 40.0024702 ], [ -83.0038432, 40.0024653 ], [ -83.0038356, 40.0024969 ], [ -83.0038045, 40.0024925 ], [ -83.0037896, 40.0025544 ], [ -83.0036538, 40.0025353 ], [ -83.0036926, 40.0023736 ], [ -83.0038949, 40.0024021 ] ] ] } },
{ "type": "Feature", "properties": { "@id": "way/569714511", "amenity": null, "building": "house", "name": null, "shop": null, "GEOID": "39049001200" }, "geometry": { "type": "Polygon", "coordinates": [ [ [ -83.0037999, 40.0026216 ], [ -83.0037521, 40.0027281 ], [ -83.0036072, 40.0026898 ], [ -83.0036551, 40.0025834 ], [ -83.0037999, 40.0026216 ] ] ] } },
{ "type": "Feature", "properties": { "@id": "way/569714512", "amenity": null, "building": "house", "name": null, "shop": null, "GEOID": "39049001200" }, "geometry": { "type": "Polygon", "coordinates": [ [ [ -83.00374, 40.0027815 ], [ -83.0037221, 40.0028107 ], [ -83.0037633, 40.0028255 ], [ -83.0037292, 40.0028814 ], [ -83.003546, 40.0028158 ], [ -83.0035979, 40.0027307 ], [ -83.00374, 40.0027815 ] ] ] } },
{ "type": "Feature", "properties": { "@id": "way/569714513", "amenity": null, "building": "house", "name": null, "shop": null, "GEOID": "39049001200" }, "geometry": { "type": "Polygon", "coordinates": [ [ [ -83.0036891, 40.0028982 ], [ -83.0036383, 40.0029723 ], [ -83.003457, 40.0028964 ], [ -83.0035078, 40.0028241 ], [ -83.0036891, 40.0028982 ] ] ] } },
{ "type": "Feature", "properties": { "@id": "way/569714514", "amenity": null, "building": "house", "name": null, "shop": null, "GEOID": "39049001200" }, "geometry": { "type": "Polygon", "coordinates": [ [ [ -83.0036504, 40.0030315 ], [ -83.0035852, 40.0031315 ], [ -83.0033893, 40.0030463 ], [ -83.0034474, 40.0029556 ], [ -83.0036504, 40.0030315 ] ] ] } },
{ "type": "Feature", "properties": { "@id": "way/569714515", "amenity": null, "building": "house", "name": null, "shop": null, "GEOID": "39049001200" }, "geometry": { "type": "Polygon", "coordinates": [ [ [ -83.0034379, 40.0033913 ], [ -83.0034106, 40.0034929 ], [ -83.0032268, 40.0034639 ], [ -83.0032541, 40.0033623 ], [ -83.0034379, 40.0033913 ] ] ] } },
{ "type": "Feature", "properties": { "@id": "way/569714516", "amenity": null, "building": "house", "name": null, "shop": null, "GEOID": "39049001200" }, "geometry": { "type": "Polygon", "coordinates": [ [ [ -83.0035156, 40.0032427 ], [ -83.0034557, 40.0033431 ], [ -83.0032666, 40.003277 ], [ -83.0033265, 40.0031766 ], [ -83.0035156, 40.0032427 ] ] ] } },
{ "type": "Feature", "properties": { "@id": "way/569714517", "amenity": null, "building": "house", "name": null, "shop": null, "GEOID": "39049001200" }, "geometry": { "type": "Polygon", "coordinates": [ [ [ -83.0034037, 40.003612 ], [ -83.0033991, 40.0036427 ], [ -83.0033693, 40.0036401 ], [ -83.0033616, 40.0036919 ], [ -83.0032319, 40.0036805 ], [ -83.0032443, 40.003598 ], [ -83.0034037, 40.003612 ] ] ] } },
{ "type": "Feature", "properties": { "@id": "way/569716556", "amenity": null, "building": "house", "name": "Maplecrest", "shop": null, "GEOID": "39049001200" }, "geometry": { "type": "Polygon", "coordinates": [ [ [ -83.0029916, 40.001131 ], [ -83.0029709, 40.0014366 ], [ -83.0027012, 40.0014259 ], [ -83.002722, 40.0011203 ], [ -83.0029916, 40.001131 ] ] ] } },
{ "type": "Feature", "properties": { "@id": "way/569716557", "amenity": null, "building": "house", "name": null, "shop": null, "GEOID": "39049001200" }, "geometry": { "type": "Polygon", "coordinates": [ [ [ -83.0035018, 40.0013393 ], [ -83.0033033, 40.0013434 ], [ -83.0033248, 40.0011133 ], [ -83.003534, 40.0011051 ], [ -83.0035018, 40.0013393 ] ] ] } },
{ "type": "Feature", "properties": { "@id": "way/569716558", "amenity": null, "building": "house", "name": null, "shop": null, "GEOID": "39049001200" }, "geometry": { "type": "Polygon", "coordinates": [ [ [ -83.0013667, 40.0015694 ], [ -83.0012005, 40.0015694 ], [ -83.0011897, 40.0019064 ], [ -83.0013507, 40.0018981 ], [ -83.0013667, 40.0015694 ] ] ] } },
{ "type": "Feature", "properties": { "@id": "way/569716559", "amenity": null, "building": "house", "name": null, "shop": null, "GEOID": "39049001200" }, "geometry": { "type": "Polygon", "coordinates": [ [ [ -83.0017047, 40.0016886 ], [ -83.0015813, 40.0015776 ], [ -83.0014097, 40.0017214 ], [ -83.0015384, 40.0018118 ], [ -83.0017047, 40.0016886 ] ] ] } },
{ "type": "Feature", "properties": { "@id": "way/569716560", "amenity": null, "building": "house", "name": null, "shop": null, "GEOID": "39049001200" }, "geometry": { "type": "Polygon", "coordinates": [ [ [ -83.0016779, 40.0014338 ], [ -83.0016725, 40.0015324 ], [ -83.0013077, 40.0015201 ], [ -83.0013131, 40.0014215 ], [ -83.0016779, 40.0014338 ] ] ] } },
{ "type": "Feature", "properties": { "@id": "way/569716561", "amenity": null, "building": "house", "name": null, "shop": null, "GEOID": "39049001200" }, "geometry": { "type": "Polygon", "coordinates": [ [ [ -83.0017111, 40.0012407 ], [ -83.0017055, 40.0013443 ], [ -83.0012561, 40.0013302 ], [ -83.0012617, 40.0012266 ], [ -83.0017111, 40.0012407 ] ] ] } },
{ "type": "Feature", "properties": { "@id": "way/569716562", "amenity": null, "building": "house", "name": null, "shop": null, "GEOID": "39049001200" }, "geometry": { "type": "Polygon", "coordinates": [ [ [ -83.0015116, 40.0010927 ], [ -83.0015384, 40.0009407 ], [ -83.0012541, 40.0009489 ], [ -83.0012541, 40.0010886 ], [ -83.0015116, 40.0010927 ] ] ] } },
{ "type": "Feature", "properties": { "@id": "way/569716563", "amenity": null, "building": "house", "name": null, "shop": null, "GEOID": "39049001300" }, "geometry": { "type": "Polygon", "coordinates": [ [ [ -83.0016395, 40.0006005 ], [ -83.0016303, 40.0007194 ], [ -83.0015071, 40.0007138 ], [ -83.0015163, 40.0005949 ], [ -83.0016395, 40.0006005 ] ] ] } },
{ "type": "Feature", "properties": { "@id": "way/569716564", "amenity": null, "building": "house", "name": null, "shop": null, "GEOID": "39049001300" }, "geometry": { "type": "Polygon", "coordinates": [ [ [ -83.0014583, 40.0007139 ], [ -83.0014647, 40.0005796 ], [ -83.0013298, 40.0005758 ], [ -83.0013234, 40.0007102 ], [ -83.0014583, 40.0007139 ] ] ] } },
{ "type": "Feature", "properties": { "@id": "way/609030208", "amenity": null, "building": "house", "name": null, "shop": null, "GEOID": "39049001200" }, "geometry": { "type": "Polygon", "coordinates": [ [ [ -83.001399, 40.004362 ], [ -83.0012072, 40.0043534 ], [ -83.0010715, 40.0043473 ], [ -83.0010773, 40.0042722 ], [ -83.0014048, 40.0042869 ], [ -83.001399, 40.004362 ] ] ] } },
{ "type": "Feature", "properties": { "@id": "way/609030210", "amenity": null, "building": "house", "name": null, "shop": null, "GEOID": "39049001200" }, "geometry": { "type": "Polygon", "coordinates": [ [ [ -83.0017224, 40.004706 ], [ -83.0015462, 40.0047003 ], [ -83.0015536, 40.0045658 ], [ -83.001572, 40.0045664 ], [ -83.0015857, 40.0043191 ], [ -83.0016303, 40.0043205 ], [ -83.0017052, 40.0043228 ], [ -83.0016917, 40.004581 ], [ -83.0016963, 40.0045811 ], [ -83.0016939, 40.0046238 ], [ -83.0017269, 40.0046248 ], [ -83.0017224, 40.004706 ] ] ] } },
{ "type": "Feature", "properties": { "@id": "way/609030212", "amenity": null, "building": "house", "name": null, "shop": null, "GEOID": "39049001200" }, "geometry": { "type": "Polygon", "coordinates": [ [ [ -83.0018917, 40.0046717 ], [ -83.0017978, 40.0047122 ], [ -83.0017123, 40.004592 ], [ -83.0018143, 40.0045518 ], [ -83.0018917, 40.0046717 ] ] ] } },
{ "type": "Feature", "properties": { "@id": "way/609030214", "amenity": null, "building": "house", "name": null, "shop": null, "GEOID": "39049001200" }, "geometry": { "type": "Polygon", "coordinates": [ [ [ -83.0020999, 40.0045157 ], [ -83.0020625, 40.004496 ], [ -83.0019717, 40.0045972 ], [ -83.0018451, 40.0045306 ], [ -83.0019357, 40.0044295 ], [ -83.0020204, 40.004474 ], [ -83.0021876, 40.0042875 ], [ -83.002267, 40.0043293 ], [ -83.0020999, 40.0045157 ] ] ] } },
{ "type": "Feature", "properties": { "@id": "way/613110533", "amenity": null, "building": "house", "name": null, "shop": null, "GEOID": "39049001200" }, "geometry": { "type": "Polygon", "coordinates": [ [ [ -82.9989856, 40.0041958 ], [ -82.9989914, 40.00408 ], [ -82.9990888, 40.0040829 ], [ -82.999083, 40.0041986 ], [ -82.9989856, 40.0041958 ] ] ] } },
{ "type": "Feature", "properties": { "@id": "way/613110534", "amenity": null, "building": "house", "name": null, "shop": null, "GEOID": "39049001200" }, "geometry": { "type": "Polygon", "coordinates": [ [ [ -82.998659, 40.0040689 ], [ -82.9988842, 40.0040773 ], [ -82.9988787, 40.0041628 ], [ -82.9986535, 40.0041544 ], [ -82.998659, 40.0040689 ] ] ] } },
{ "type": "Feature", "properties": { "@id": "way/613110535", "amenity": null, "building": "house", "name": null, "shop": null, "GEOID": "39049001200" }, "geometry": { "type": "Polygon", "coordinates": [ [ [ -82.9986912, 40.0040441 ], [ -82.9987056, 40.0038688 ], [ -82.9988986, 40.0038781 ], [ -82.9988842, 40.0040534 ], [ -82.9986912, 40.0040441 ] ] ] } },
{ "type": "Feature", "properties": { "@id": "way/613110536", "amenity": null, "building": "house", "name": null, "shop": null, "GEOID": "39049001200" }, "geometry": { "type": "Polygon", "coordinates": [ [ [ -82.9988827, 40.0038377 ], [ -82.9986793, 40.0038265 ], [ -82.9986869, 40.0037451 ], [ -82.9988903, 40.0037562 ], [ -82.9988827, 40.0038377 ] ] ] } },
{ "type": "Feature", "properties": { "@id": "way/613110537", "amenity": null, "building": "house", "name": null, "shop": null, "GEOID": "39049001200" }, "geometry": { "type": "Polygon", "coordinates": [ [ [ -82.9986879, 40.0036484 ], [ -82.9988794, 40.0036576 ], [ -82.9988759, 40.0036996 ], [ -82.9988471, 40.0036982 ], [ -82.9988439, 40.0037372 ], [ -82.9987151, 40.003731 ], [ -82.9987162, 40.0037173 ], [ -82.9986824, 40.0037157 ], [ -82.9986879, 40.0036484 ] ] ] } },
{ "type": "Feature", "properties": { "@id": "way/613110538", "amenity": null, "building": "house", "name": null, "shop": null, "GEOID": "39049001200" }, "geometry": { "type": "Polygon", "coordinates": [ [ [ -82.9988905, 40.0036296 ], [ -82.998729, 40.0036207 ], [ -82.9987371, 40.0035346 ], [ -82.9988447, 40.0035405 ], [ -82.9988434, 40.0035535 ], [ -82.9988974, 40.0035565 ], [ -82.9988905, 40.0036296 ] ] ] } },
{ "type": "Feature", "properties": { "@id": "way/613110539", "amenity": null, "building": "house", "name": null, "shop": null, "GEOID": "39049001200" }, "geometry": { "type": "Polygon", "coordinates": [ [ [ -82.9987889, 40.0035113 ], [ -82.9988011, 40.0033829 ], [ -82.9987038, 40.0033775 ], [ -82.9986916, 40.0035058 ], [ -82.9987889, 40.0035113 ] ] ] } },
{ "type": "Feature", "properties": { "@id": "way/613110540", "amenity": null, "building": "house", "name": null, "shop": null, "GEOID": "39049001200" }, "geometry": { "type": "Polygon", "coordinates": [ [ [ -82.9988201, 40.003489 ], [ -82.9991244, 40.0035036 ], [ -82.999133, 40.0033989 ], [ -82.9990746, 40.0033961 ], [ -82.9990731, 40.0034133 ], [ -82.9990387, 40.0034116 ], [ -82.9990402, 40.0033931 ], [ -82.9989368, 40.0033881 ], [ -82.9989352, 40.0034076 ], [ -82.9988965, 40.0034058 ], [ -82.998898, 40.0033873 ], [ -82.9988287, 40.003384 ], [ -82.9988201, 40.003489 ] ] ] } },
{ "type": "Feature", "properties": { "@id": "way/613110542", "amenity": null, "building": "house", "name": null, "shop": null, "GEOID": "39049001200" }, "geometry": { "type": "Polygon", "coordinates": [ [ [ -82.9996161, 40.0036448 ], [ -82.9996314, 40.0034679 ], [ -82.999742, 40.0034735 ], [ -82.9997268, 40.0036504 ], [ -82.9996161, 40.0036448 ] ] ] } },
{ "type": "Feature", "properties": { "@id": "way/613110543", "amenity": null, "building": "house", "name": null, "shop": null, "GEOID": "39049001200" }, "geometry": { "type": "Polygon", "coordinates": [ [ [ -83.0000385, 40.003604 ], [ -83.0000193, 40.0036031 ], [ -83.0000168, 40.0036359 ], [ -82.9999421, 40.0036325 ], [ -82.9999446, 40.0035997 ], [ -82.9999096, 40.0035981 ], [ -82.9999074, 40.0036255 ], [ -82.9998, 40.0036206 ], [ -82.9998024, 40.0035904 ], [ -82.9997777, 40.0035893 ], [ -82.9997865, 40.0034765 ], [ -82.9999283, 40.0034829 ], [ -82.9999265, 40.0035061 ], [ -82.9999465, 40.0035071 ], [ -82.9999481, 40.0034865 ], [ -83.0000268, 40.0034901 ], [ -83.0000251, 40.0035126 ], [ -83.0000455, 40.0035136 ], [ -83.0000385, 40.003604 ] ] ] } },
{ "type": "Feature", "properties": { "@id": "way/613110544", "amenity": null, "building": "house", "name": null, "shop": null, "GEOID": "39049001200" }, "geometry": { "type": "Polygon", "coordinates": [ [ [ -83.0001825, 40.0036222 ], [ -83.0001969, 40.0034958 ], [ -83.0001036, 40.0034895 ], [ -83.0000892, 40.0036159 ], [ -83.0001825, 40.0036222 ] ] ] } },
{ "type": "Feature", "properties": { "@id": "way/613110545", "amenity": null, "building": "house", "name": null, "shop": null, "GEOID": "39049001200" }, "geometry": { "type": "Polygon", "coordinates": [ [ [ -83.0002909, 40.0035527 ], [ -83.0002977, 40.0034685 ], [ -83.0003183, 40.0034695 ], [ -83.0003199, 40.0034492 ], [ -83.0004355, 40.0034547 ], [ -83.0004339, 40.003474 ], [ -83.000451, 40.0034748 ], [ -83.0004441, 40.00356 ], [ -83.0002909, 40.0035527 ] ] ] } },
{ "type": "Feature", "properties": { "@id": "way/613110547", "amenity": null, "building": "house", "name": null, "shop": null, "GEOID": "39049001200" }, "geometry": { "type": "Polygon", "coordinates": [ [ [ -83.0005021, 40.0036985 ], [ -83.0005104, 40.0036087 ], [ -83.0007006, 40.003619 ], [ -83.0006923, 40.0037088 ], [ -83.0005021, 40.0036985 ] ] ] } },
{ "type": "Feature", "properties": { "@id": "way/613110548", "amenity": null, "building": "house", "name": null, "shop": null, "GEOID": "39049001200" }, "geometry": { "type": "Polygon", "coordinates": [ [ [ -83.0006807, 40.0038181 ], [ -83.0004911, 40.0038087 ], [ -83.000499, 40.0037147 ], [ -83.0006886, 40.0037241 ], [ -83.0006807, 40.0038181 ] ] ] } },
{ "type": "Feature", "properties": { "@id": "way/613110549", "amenity": null, "building": "house", "name": null, "shop": null, "GEOID": "39049001200" }, "geometry": { "type": "Polygon", "coordinates": [ [ [ -83.0006776, 40.0039258 ], [ -83.0004489, 40.0039161 ], [ -83.0004554, 40.0038277 ], [ -83.000684, 40.0038375 ], [ -83.0006776, 40.0039258 ] ] ] } },
{ "type": "Feature", "properties": { "@id": "way/613110550", "amenity": null, "building": "house", "name": null, "shop": null, "GEOID": "39049001200" }, "geometry": { "type": "Polygon", "coordinates": [ [ [ -83.0006745, 40.0040348 ], [ -83.0004433, 40.0040213 ], [ -83.0004521, 40.0039332 ], [ -83.0006833, 40.0039467 ], [ -83.0006745, 40.0040348 ] ] ] } },
{ "type": "Feature", "properties": { "@id": "way/613110551", "amenity": null, "building": "house", "name": null, "shop": null, "GEOID": "39049001200" }, "geometry": { "type": "Polygon", "coordinates": [ [ [ -83.0006779, 40.0041542 ], [ -83.0004585, 40.0041424 ], [ -83.0004619, 40.0041061 ], [ -83.0004853, 40.0041073 ], [ -83.0004886, 40.0040707 ], [ -83.0004647, 40.0040694 ], [ -83.0004675, 40.0040391 ], [ -83.0006873, 40.0040509 ], [ -83.0006779, 40.0041542 ] ] ] } },
{ "type": "Feature", "properties": { "@id": "way/613110552", "amenity": null, "building": "house", "name": null, "shop": null, "GEOID": "39049001200" }, "geometry": { "type": "Polygon", "coordinates": [ [ [ -83.0002293, 40.0041636 ], [ -83.0006509, 40.0041849 ], [ -83.0006463, 40.0042392 ], [ -83.0006726, 40.0042405 ], [ -83.0006689, 40.0042825 ], [ -83.0005463, 40.0042763 ], [ -83.0005481, 40.0042562 ], [ -83.0005053, 40.004254 ], [ -83.0005036, 40.0042733 ], [ -83.0004236, 40.0042692 ], [ -83.0004254, 40.0042491 ], [ -83.000382, 40.0042469 ], [ -83.00038, 40.0042694 ], [ -83.0003053, 40.0042657 ], [ -83.0003074, 40.0042419 ], [ -83.0002229, 40.0042376 ], [ -83.0002293, 40.0041636 ] ] ] } },
{ "type": "Feature", "properties": { "@id": "way/613110553", "amenity": null, "building": "house", "name": null, "shop": null, "GEOID": "39049001200" }, "geometry": { "type": "Polygon", "coordinates": [ [ [ -83.0000677, 40.0041941 ], [ -83.0000742, 40.004103 ], [ -83.0001729, 40.0041072 ], [ -83.0001665, 40.0041983 ], [ -83.0000677, 40.0041941 ] ] ] } },
{ "type": "Feature", "properties": { "@id": "way/613110554", "amenity": null, "building": "house", "name": null, "shop": null, "GEOID": "39049001200" }, "geometry": { "type": "Polygon", "coordinates": [ [ [ -83.0000582, 40.0041941 ], [ -83.000066, 40.0041045 ], [ -82.9999736, 40.0040998 ], [ -82.9999658, 40.0041894 ], [ -83.0000582, 40.0041941 ] ] ] } },
{ "type": "Feature", "properties": { "@id": "way/613110555", "amenity": null, "building": "house", "name": null, "shop": null, "GEOID": "39049001200" }, "geometry": { "type": "Polygon", "coordinates": [ [ [ -82.9998564, 40.0041865 ], [ -82.9998635, 40.0040943 ], [ -82.9999647, 40.0040988 ], [ -82.9999577, 40.004191 ], [ -82.9998564, 40.0041865 ] ] ] } },
{ "type": "Feature", "properties": { "@id": "way/613110556", "amenity": null, "building": "house", "name": null, "shop": null, "GEOID": "39049001200" }, "geometry": { "type": "Polygon", "coordinates": [ [ [ -82.9997259, 40.0041778 ], [ -82.9997336, 40.0040874 ], [ -82.999819, 40.0040917 ], [ -82.9998113, 40.0041821 ], [ -82.9997259, 40.0041778 ] ] ] } },
{ "type": "Feature", "properties": { "@id": "way/613110557", "amenity": null, "building": "house", "name": null, "shop": null, "GEOID": "39049001200" }, "geometry": { "type": "Polygon", "coordinates": [ [ [ -82.9996904, 40.0041826 ], [ -82.9997045, 40.0039696 ], [ -82.9995644, 40.0039642 ], [ -82.9995523, 40.0041476 ], [ -82.999572, 40.0041484 ], [ -82.99957, 40.004178 ], [ -82.9996904, 40.0041826 ] ] ] } },
{ "type": "Feature", "properties": { "@id": "way/613110558", "amenity": null, "building": "house", "name": null, "shop": null, "GEOID": "39049001200" }, "geometry": { "type": "Polygon", "coordinates": [ [ [ -82.9993537, 40.0041711 ], [ -82.9993706, 40.0038874 ], [ -82.9994916, 40.0038916 ], [ -82.9994892, 40.0039305 ], [ -82.9995102, 40.0039312 ], [ -82.9994974, 40.0041458 ], [ -82.9994783, 40.0041451 ], [ -82.9994765, 40.0041754 ], [ -82.9993537, 40.0041711 ] ] ] } },
{ "type": "Feature", "properties": { "@id": "way/613110573", "amenity": null, "building": "house", "name": null, "shop": null, "GEOID": "39049001200" }, "geometry": { "type": "Polygon", "coordinates": [ [ [ -82.9982107, 40.0041441 ], [ -82.9981853, 40.0041431 ], [ -82.9981839, 40.0041653 ], [ -82.9980845, 40.0041614 ], [ -82.9980861, 40.0041381 ], [ -82.9980541, 40.0041368 ], [ -82.9980526, 40.0041602 ], [ -82.9979582, 40.0041565 ], [ -82.9979599, 40.0041306 ], [ -82.997921, 40.0041291 ], [ -82.9979194, 40.0041523 ], [ -82.9978351, 40.0041489 ], [ -82.9978368, 40.0041231 ], [ -82.9978216, 40.0041225 ], [ -82.9978268, 40.0040452 ], [ -82.9982163, 40.0040606 ], [ -82.9982107, 40.0041441 ] ] ] } },
{ "type": "Feature", "properties": { "@id": "way/613110574", "amenity": null, "building": "house", "name": null, "shop": null, "GEOID": "39049001200" }, "geometry": { "type": "Polygon", "coordinates": [ [ [ -82.9980427, 40.0040167 ], [ -82.9980493, 40.0039291 ], [ -82.9982253, 40.0039369 ], [ -82.9982187, 40.0040245 ], [ -82.9980427, 40.0040167 ] ] ] } },
{ "type": "Feature", "properties": { "@id": "way/613110575", "amenity": null, "building": "house", "name": null, "shop": null, "GEOID": "39049001200" }, "geometry": { "type": "Polygon", "coordinates": [ [ [ -82.9980431, 40.0039062 ], [ -82.9980517, 40.0038149 ], [ -82.9982326, 40.0038249 ], [ -82.9982241, 40.0039162 ], [ -82.9980431, 40.0039062 ] ] ] } },
{ "type": "Feature", "properties": { "@id": "way/613110576", "amenity": null, "building": "house", "name": null, "shop": null, "GEOID": "39049001200" }, "geometry": { "type": "Polygon", "coordinates": [ [ [ -82.998232, 40.0038092 ], [ -82.9982409, 40.0037142 ], [ -82.9980511, 40.0037038 ], [ -82.9980422, 40.0037988 ], [ -82.998232, 40.0038092 ] ] ] } },
{ "type": "Feature", "properties": { "@id": "way/613110577", "amenity": null, "building": "house", "name": null, "shop": null, "GEOID": "39049001200" }, "geometry": { "type": "Polygon", "coordinates": [ [ [ -82.9982428, 40.0036972 ], [ -82.9982502, 40.0036139 ], [ -82.9980635, 40.0036042 ], [ -82.9980561, 40.0036876 ], [ -82.9982428, 40.0036972 ] ] ] } },
{ "type": "Feature", "properties": { "@id": "way/613110578", "amenity": null, "building": "house", "name": null, "shop": null, "GEOID": "39049001200" }, "geometry": { "type": "Polygon", "coordinates": [ [ [ -82.9982708, 40.0035946 ], [ -82.9980702, 40.0035835 ], [ -82.9980746, 40.0035379 ], [ -82.9981246, 40.0035407 ], [ -82.9981286, 40.0034983 ], [ -82.9981916, 40.0035018 ], [ -82.9981898, 40.0035215 ], [ -82.9982773, 40.0035263 ], [ -82.9982708, 40.0035946 ] ] ] } },
{ "type": "Feature", "properties": { "@id": "way/613110579", "amenity": null, "building": "house", "name": null, "shop": null, "GEOID": "39049001200" }, "geometry": { "type": "Polygon", "coordinates": [ [ [ -82.998263, 40.0034846 ], [ -82.9982732, 40.0033694 ], [ -82.9980337, 40.003357 ], [ -82.9980235, 40.0034722 ], [ -82.998263, 40.0034846 ] ] ] } },
{ "type": "Feature", "properties": { "@id": "way/613110586", "amenity": null, "building": "house", "name": null, "shop": null, "GEOID": "39049001200" }, "geometry": { "type": "Polygon", "coordinates": [ [ [ -82.9991209, 40.0032109 ], [ -82.9991275, 40.0031262 ], [ -82.9989644, 40.0031188 ], [ -82.9989579, 40.0032035 ], [ -82.9991209, 40.0032109 ] ] ] } },
{ "type": "Feature", "properties": { "@id": "way/613110587", "amenity": null, "building": "house", "name": null, "shop": null, "GEOID": "39049001200" }, "geometry": { "type": "Polygon", "coordinates": [ [ [ -82.9989064, 40.0031701 ], [ -82.9989134, 40.0030843 ], [ -82.9987561, 40.0030768 ], [ -82.9987491, 40.0031625 ], [ -82.9989064, 40.0031701 ] ] ] } },
{ "type": "Feature", "properties": { "@id": "way/613110588", "amenity": null, "building": "house", "name": null, "shop": null, "GEOID": "39049001200" }, "geometry": { "type": "Polygon", "coordinates": [ [ [ -82.9987277, 40.0030591 ], [ -82.9988755, 40.003065 ], [ -82.9988765, 40.0030504 ], [ -82.9989358, 40.0030528 ], [ -82.9989392, 40.0030015 ], [ -82.9988786, 40.0029991 ], [ -82.9988804, 40.0029729 ], [ -82.9989396, 40.0029752 ], [ -82.9989414, 40.002949 ], [ -82.9988833, 40.0029467 ], [ -82.9988846, 40.0029274 ], [ -82.998945, 40.0029298 ], [ -82.9989481, 40.0028847 ], [ -82.9988901, 40.0028824 ], [ -82.998891, 40.0028691 ], [ -82.9987456, 40.0028633 ], [ -82.9987409, 40.0029334 ], [ -82.9987692, 40.0029345 ], [ -82.9987682, 40.0029502 ], [ -82.9987352, 40.0029489 ], [ -82.9987277, 40.0030591 ] ] ] } },
{ "type": "Feature", "properties": { "@id": "way/613110589", "amenity": null, "building": "house", "name": null, "shop": null, "GEOID": "39049001200" }, "geometry": { "type": "Polygon", "coordinates": [ [ [ -82.9987445, 40.0028424 ], [ -82.9989349, 40.0028534 ], [ -82.9989437, 40.0027643 ], [ -82.9987533, 40.0027533 ], [ -82.9987445, 40.0028424 ] ] ] } },
{ "type": "Feature", "properties": { "@id": "way/613110590", "amenity": null, "building": "house", "name": null, "shop": null, "GEOID": "39049001200" }, "geometry": { "type": "Polygon", "coordinates": [ [ [ -82.998779, 40.0027384 ], [ -82.9987927, 40.0025418 ], [ -82.9989132, 40.0025467 ], [ -82.9989122, 40.0025608 ], [ -82.9989553, 40.0025626 ], [ -82.9989515, 40.002618 ], [ -82.9989094, 40.0026163 ], [ -82.9989079, 40.0026378 ], [ -82.9989517, 40.0026396 ], [ -82.9989452, 40.0027325 ], [ -82.998891, 40.0027303 ], [ -82.9988901, 40.0027429 ], [ -82.998779, 40.0027384 ] ] ] } },
{ "type": "Feature", "properties": { "@id": "way/613110592", "amenity": null, "building": "house", "name": null, "shop": null, "GEOID": "39049001200" }, "geometry": { "type": "Polygon", "coordinates": [ [ [ -82.9987672, 40.002511 ], [ -82.9987744, 40.0024139 ], [ -82.9991927, 40.002432 ], [ -82.9991855, 40.0025291 ], [ -82.9987672, 40.002511 ] ] ] } },
{ "type": "Feature", "properties": { "@id": "way/613110593", "amenity": null, "building": "house", "name": null, "shop": null, "GEOID": "39049001200" }, "geometry": { "type": "Polygon", "coordinates": [ [ [ -82.9992571, 40.0026178 ], [ -82.9992651, 40.0024955 ], [ -82.9993745, 40.0024997 ], [ -82.9993665, 40.002622 ], [ -82.9992571, 40.0026178 ] ] ] } },
{ "type": "Feature", "properties": { "@id": "way/613110594", "amenity": null, "building": "house", "name": null, "shop": null, "GEOID": "39049001200" }, "geometry": { "type": "Polygon", "coordinates": [ [ [ -82.9993901, 40.0026585 ], [ -82.9994019, 40.0025028 ], [ -82.9995174, 40.0025079 ], [ -82.9995073, 40.0026409 ], [ -82.9994649, 40.002639 ], [ -82.9994632, 40.0026618 ], [ -82.9993901, 40.0026585 ] ] ] } },
{ "type": "Feature", "properties": { "@id": "way/613110595", "amenity": null, "building": "house", "name": null, "shop": null, "GEOID": "39049001200" }, "geometry": { "type": "Polygon", "coordinates": [ [ [ -82.9995535, 40.002673 ], [ -82.9995653, 40.0025332 ], [ -82.9996684, 40.0025383 ], [ -82.9996566, 40.0026781 ], [ -82.9995535, 40.002673 ] ] ] } },
{ "type": "Feature", "properties": { "@id": "way/613110596", "amenity": null, "building": "house", "name": null, "shop": null, "GEOID": "39049001200" }, "geometry": { "type": "Polygon", "coordinates": [ [ [ -82.9996918, 40.0026937 ], [ -82.9997086, 40.0025224 ], [ -82.9998163, 40.0025285 ], [ -82.9997995, 40.0026999 ], [ -82.9996918, 40.0026937 ] ] ] } },
{ "type": "Feature", "properties": { "@id": "way/613110597", "amenity": null, "building": "house", "name": null, "shop": null, "GEOID": "39049001200" }, "geometry": { "type": "Polygon", "coordinates": [ [ [ -82.9998267, 40.0026793 ], [ -82.9998357, 40.0025526 ], [ -82.9999527, 40.0025574 ], [ -82.9999438, 40.0026841 ], [ -82.9998267, 40.0026793 ] ] ] } },
{ "type": "Feature", "properties": { "@id": "way/613110598", "amenity": null, "building": "house", "name": null, "shop": null, "GEOID": "39049001200" }, "geometry": { "type": "Polygon", "coordinates": [ [ [ -82.9999673, 40.0027853 ], [ -82.9999843, 40.0025534 ], [ -83.0002462, 40.0025647 ], [ -83.0002289, 40.0028003 ], [ -83.0001151, 40.0027954 ], [ -83.0001299, 40.0025944 ], [ -83.0000876, 40.0025926 ], [ -83.0000731, 40.0027899 ], [ -82.9999673, 40.0027853 ] ] ] } },
{ "type": "Feature", "properties": { "@id": "way/613110599", "amenity": null, "building": "house", "name": null, "shop": null, "GEOID": "39049001200" }, "geometry": { "type": "Polygon", "coordinates": [ [ [ -83.000553, 40.002487 ], [ -83.0005451, 40.0025881 ], [ -83.0007419, 40.0025972 ], [ -83.0007499, 40.002496 ], [ -83.000553, 40.002487 ] ] ] } },
{ "type": "Feature", "properties": { "@id": "way/613110600", "amenity": null, "building": "house", "name": null, "shop": null, "GEOID": "39049001200" }, "geometry": { "type": "Polygon", "coordinates": [ [ [ -83.0007355, 40.0027225 ], [ -83.0005542, 40.0027138 ], [ -83.000562, 40.0026187 ], [ -83.0007433, 40.0026274 ], [ -83.0007355, 40.0027225 ] ] ] } },
{ "type": "Feature", "properties": { "@id": "way/613110601", "amenity": null, "building": "house", "name": null, "shop": null, "GEOID": "39049001200" }, "geometry": { "type": "Polygon", "coordinates": [ [ [ -83.0005264, 40.0028236 ], [ -83.0005338, 40.0027286 ], [ -83.000762, 40.0027391 ], [ -83.0007546, 40.0028341 ], [ -83.0005264, 40.0028236 ] ] ] } },
{ "type": "Feature", "properties": { "@id": "way/613110602", "amenity": null, "building": "house", "name": null, "shop": null, "GEOID": "39049001200" }, "geometry": { "type": "Polygon", "coordinates": [ [ [ -83.0004691, 40.0029305 ], [ -83.0007097, 40.0029433 ], [ -83.0007187, 40.0028443 ], [ -83.0004781, 40.0028315 ], [ -83.0004691, 40.0029305 ] ] ] } },
{ "type": "Feature", "properties": { "@id": "way/613110603", "amenity": null, "building": "house", "name": null, "shop": null, "GEOID": "39049001200" }, "geometry": { "type": "Polygon", "coordinates": [ [ [ -83.0007157, 40.003055 ], [ -83.0005553, 40.0030446 ], [ -83.0005604, 40.0029986 ], [ -83.0005839, 40.0030001 ], [ -83.0005886, 40.0029574 ], [ -83.0007255, 40.0029662 ], [ -83.0007157, 40.003055 ] ] ] } },
{ "type": "Feature", "properties": { "@id": "way/613110604", "amenity": null, "building": "house", "name": null, "shop": null, "GEOID": "39049001200" }, "geometry": { "type": "Polygon", "coordinates": [ [ [ -83.0005654, 40.0030568 ], [ -83.0005592, 40.0031452 ], [ -83.0007254, 40.003152 ], [ -83.0007316, 40.0030636 ], [ -83.0005654, 40.0030568 ] ] ] } },
{ "type": "Feature", "properties": { "@id": "way/613110605", "amenity": null, "building": "house", "name": null, "shop": null, "GEOID": "39049001200" }, "geometry": { "type": "Polygon", "coordinates": [ [ [ -83.0007227, 40.0031882 ], [ -83.0007171, 40.0032774 ], [ -83.0004441, 40.0032674 ], [ -83.0004497, 40.0031783 ], [ -83.0007227, 40.0031882 ] ] ] } },
{ "type": "Feature", "properties": { "@id": "way/613110606", "amenity": null, "building": "house", "name": null, "shop": null, "GEOID": "39049001200" }, "geometry": { "type": "Polygon", "coordinates": [ [ [ -83.0002944, 40.0032409 ], [ -83.0003105, 40.0030792 ], [ -83.0004215, 40.0030857 ], [ -83.0004054, 40.0032474 ], [ -83.0002944, 40.0032409 ] ] ] } },
{ "type": "Feature", "properties": { "@id": "way/613110607", "amenity": null, "building": "house", "name": null, "shop": null, "GEOID": "39049001200" }, "geometry": { "type": "Polygon", "coordinates": [ [ [ -82.9999455, 40.0031896 ], [ -82.9999564, 40.0030284 ], [ -83.0001806, 40.0030372 ], [ -83.0001697, 40.0031985 ], [ -82.9999455, 40.0031896 ] ] ] } },
{ "type": "Feature", "properties": { "@id": "way/613110608", "amenity": null, "building": "house", "name": null, "shop": null, "GEOID": "39049001200" }, "geometry": { "type": "Polygon", "coordinates": [ [ [ -82.9998265, 40.0031967 ], [ -82.9998367, 40.0030712 ], [ -82.9999335, 40.0030758 ], [ -82.9999233, 40.0032013 ], [ -82.9998265, 40.0031967 ] ] ] } },
{ "type": "Feature", "properties": { "@id": "way/613110610", "amenity": null, "building": "house", "name": null, "shop": null, "GEOID": "39049001200" }, "geometry": { "type": "Polygon", "coordinates": [ [ [ -82.9997777, 40.0031818 ], [ -82.9997893, 40.0030657 ], [ -82.9996944, 40.0030601 ], [ -82.9996828, 40.0031763 ], [ -82.9997777, 40.0031818 ] ] ] } },
{ "type": "Feature", "properties": { "@id": "way/613110611", "amenity": null, "building": "house", "name": null, "shop": null, "GEOID": "39049001200" }, "geometry": { "type": "Polygon", "coordinates": [ [ [ -82.9996175, 40.0030417 ], [ -82.999608, 40.0031841 ], [ -82.9995119, 40.0031803 ], [ -82.9995197, 40.0030626 ], [ -82.9995702, 40.0030645 ], [ -82.9995718, 40.0030399 ], [ -82.9996175, 40.0030417 ] ] ] } },
{ "type": "Feature", "properties": { "@id": "way/613110613", "amenity": null, "building": "house", "name": null, "shop": null, "GEOID": "39049001200" }, "geometry": { "type": "Polygon", "coordinates": [ [ [ -82.9993821, 40.0031731 ], [ -82.9993869, 40.0030706 ], [ -82.999489, 40.0030734 ], [ -82.9994842, 40.0031759 ], [ -82.9993821, 40.0031731 ] ] ] } },
{ "type": "Feature", "properties": { "@id": "way/613110614", "amenity": null, "building": "house", "name": null, "shop": null, "GEOID": "39049001200" }, "geometry": { "type": "Polygon", "coordinates": [ [ [ -82.99922, 40.0031781 ], [ -82.9992308, 40.0030248 ], [ -82.9993426, 40.0030294 ], [ -82.9993318, 40.0031827 ], [ -82.99922, 40.0031781 ] ] ] } },
{ "type": "Feature", "properties": { "@id": "way/617029292", "amenity": null, "building": "house", "name": null, "shop": null, "GEOID": "39049001110" }, "geometry": { "type": "Polygon", "coordinates": [ [ [ -83.0102119, 40.0073359 ], [ -83.0102209, 40.0072227 ], [ -83.0103233, 40.0072275 ], [ -83.0103143, 40.0073407 ], [ -83.0102119, 40.0073359 ] ] ] } },
{ "type": "Feature", "properties": { "@id": "way/617029293", "amenity": null, "building": "house", "name": null, "shop": null, "GEOID": "39049001110" }, "geometry": { "type": "Polygon", "coordinates": [ [ [ -83.0103246, 40.0073235 ], [ -83.0103348, 40.0072075 ], [ -83.0104261, 40.0072122 ], [ -83.0104169, 40.0073173 ], [ -83.0103882, 40.0073159 ], [ -83.0103873, 40.0073267 ], [ -83.0103246, 40.0073235 ] ] ] } },
{ "type": "Feature", "properties": { "@id": "way/617029294", "amenity": null, "building": "house", "name": null, "shop": null, "GEOID": "39049001110" }, "geometry": { "type": "Polygon", "coordinates": [ [ [ -83.0104326, 40.0073273 ], [ -83.0104389, 40.0072169 ], [ -83.0105026, 40.007219 ], [ -83.0105018, 40.0072341 ], [ -83.0105488, 40.0072357 ], [ -83.0105434, 40.007331 ], [ -83.0104326, 40.0073273 ] ] ] } },
{ "type": "Feature", "properties": { "@id": "way/617029295", "amenity": null, "building": "house", "name": null, "shop": null, "GEOID": "39049001110" }, "geometry": { "type": "Polygon", "coordinates": [ [ [ -83.0106583, 40.0073626 ], [ -83.010668, 40.0072464 ], [ -83.010562, 40.0072412 ], [ -83.0105554, 40.0073202 ], [ -83.0105884, 40.0073218 ], [ -83.0105853, 40.007359 ], [ -83.0106583, 40.0073626 ] ] ] } },
{ "type": "Feature", "properties": { "@id": "way/617029296", "amenity": null, "building": "house", "name": null, "shop": null, "GEOID": "39049001110" }, "geometry": { "type": "Polygon", "coordinates": [ [ [ -83.010772, 40.0073679 ], [ -83.010779, 40.0072423 ], [ -83.0106774, 40.007239 ], [ -83.0106721, 40.0073323 ], [ -83.0106803, 40.0073325 ], [ -83.0106784, 40.0073649 ], [ -83.010772, 40.0073679 ] ] ] } },
{ "type": "Feature", "properties": { "@id": "way/617029297", "amenity": null, "building": "house", "name": null, "shop": null, "GEOID": "39049001110" }, "geometry": { "type": "Polygon", "coordinates": [ [ [ -83.010888, 40.0073786 ], [ -83.0108964, 40.0072306 ], [ -83.0108303, 40.0072284 ], [ -83.0108286, 40.007258 ], [ -83.0107952, 40.0072569 ], [ -83.0107885, 40.0073753 ], [ -83.010888, 40.0073786 ] ] ] } },
{ "type": "Feature", "properties": { "@id": "way/617029298", "amenity": null, "building": "house", "name": null, "shop": null, "GEOID": "39049001110" }, "geometry": { "type": "Polygon", "coordinates": [ [ [ -83.0109985, 40.0073671 ], [ -83.0110087, 40.007235 ], [ -83.0109279, 40.0072313 ], [ -83.0109178, 40.0073634 ], [ -83.0109985, 40.0073671 ] ] ] } },
{ "type": "Feature", "properties": { "@id": "way/617029299", "amenity": null, "building": "house", "name": null, "shop": null, "GEOID": "39049001110" }, "geometry": { "type": "Polygon", "coordinates": [ [ [ -83.0110182, 40.0073645 ], [ -83.011028, 40.0072367 ], [ -83.0111151, 40.0072406 ], [ -83.0111068, 40.0073481 ], [ -83.0110674, 40.0073463 ], [ -83.0110659, 40.0073667 ], [ -83.0110182, 40.0073645 ] ] ] } },
{ "type": "Feature", "properties": { "@id": "way/617029301", "amenity": null, "building": "house", "name": null, "shop": null, "GEOID": "39049001110" }, "geometry": { "type": "Polygon", "coordinates": [ [ [ -83.0111877, 40.0073433 ], [ -83.0111913, 40.007253 ], [ -83.0112996, 40.0072556 ], [ -83.011296, 40.0073458 ], [ -83.0111877, 40.0073433 ] ] ] } },
{ "type": "Feature", "properties": { "@id": "way/617029302", "amenity": null, "building": "house", "name": null, "shop": null, "GEOID": "39049001110" }, "geometry": { "type": "Polygon", "coordinates": [ [ [ -83.0114184, 40.0073867 ], [ -83.0114271, 40.007259 ], [ -83.0113407, 40.0072556 ], [ -83.0113365, 40.0073167 ], [ -83.0113148, 40.0073158 ], [ -83.0113103, 40.0073824 ], [ -83.0114184, 40.0073867 ] ] ] } },
{ "type": "Feature", "properties": { "@id": "way/617029304", "amenity": null, "building": "house", "name": null, "shop": null, "GEOID": "39049001110" }, "geometry": { "type": "Polygon", "coordinates": [ [ [ -83.0115479, 40.0073994 ], [ -83.011557, 40.0072831 ], [ -83.0114813, 40.0072796 ], [ -83.0114721, 40.0073959 ], [ -83.0115479, 40.0073994 ] ] ] } },
{ "type": "Feature", "properties": { "@id": "way/617029306", "amenity": null, "building": "house", "name": null, "shop": null, "GEOID": "39049001110" }, "geometry": { "type": "Polygon", "coordinates": [ [ [ -83.0115632, 40.0074105 ], [ -83.0115728, 40.0072706 ], [ -83.0116783, 40.0072748 ], [ -83.0116687, 40.0074147 ], [ -83.0115632, 40.0074105 ] ] ] } },
{ "type": "Feature", "properties": { "@id": "way/617029308", "amenity": null, "building": "house", "name": null, "shop": null, "GEOID": "39049001110" }, "geometry": { "type": "Polygon", "coordinates": [ [ [ -83.0116967, 40.0072767 ], [ -83.0116824, 40.0074161 ], [ -83.0117893, 40.0074226 ], [ -83.0118036, 40.0072832 ], [ -83.0116967, 40.0072767 ] ] ] } },
{ "type": "Feature", "properties": { "@id": "way/617029310", "amenity": null, "building": "house", "name": null, "shop": null, "GEOID": "39049001110" }, "geometry": { "type": "Polygon", "coordinates": [ [ [ -83.0120188, 40.0075387 ], [ -83.0120274, 40.0074144 ], [ -83.0119777, 40.0074124 ], [ -83.0119855, 40.0073009 ], [ -83.0118813, 40.0072966 ], [ -83.0118789, 40.0073321 ], [ -83.0118528, 40.007331 ], [ -83.0118495, 40.0073793 ], [ -83.0118742, 40.0073803 ], [ -83.0118722, 40.0074093 ], [ -83.0118127, 40.0074069 ], [ -83.0118042, 40.0075299 ], [ -83.0120188, 40.0075387 ] ] ] } },
{ "type": "Feature", "properties": { "@id": "way/617029312", "amenity": null, "building": "house", "name": null, "shop": null, "GEOID": "39049001110" }, "geometry": { "type": "Polygon", "coordinates": [ [ [ -83.0120528, 40.0074694 ], [ -83.0120633, 40.0073 ], [ -83.0121751, 40.007304 ], [ -83.0121645, 40.0074735 ], [ -83.0120528, 40.0074694 ] ] ] } },
{ "type": "Feature", "properties": { "@id": "way/617029313", "amenity": null, "building": "house", "name": null, "shop": null, "GEOID": "39049001110" }, "geometry": { "type": "Polygon", "coordinates": [ [ [ -83.012189, 40.0074104 ], [ -83.0121972, 40.0072949 ], [ -83.012245, 40.0072969 ], [ -83.0122443, 40.0073069 ], [ -83.0122863, 40.0073087 ], [ -83.0122789, 40.0074141 ], [ -83.012189, 40.0074104 ] ] ] } },
{ "type": "Feature", "properties": { "@id": "way/617029314", "amenity": null, "building": "house", "name": null, "shop": null, "GEOID": "39049001110" }, "geometry": { "type": "Polygon", "coordinates": [ [ [ -83.0122959, 40.0074681 ], [ -83.0123077, 40.0073097 ], [ -83.0124049, 40.0073139 ], [ -83.0123932, 40.0074723 ], [ -83.0122959, 40.0074681 ] ] ] } },
{ "type": "Feature", "properties": { "@id": "way/617029315", "amenity": null, "building": "house", "name": null, "shop": null, "GEOID": "39049001110" }, "geometry": { "type": "Polygon", "coordinates": [ [ [ -83.0124063, 40.0074712 ], [ -83.0124179, 40.007315 ], [ -83.0125152, 40.0073192 ], [ -83.0125036, 40.0074755 ], [ -83.0124063, 40.0074712 ] ] ] } },
{ "type": "Feature", "properties": { "@id": "way/617029316", "amenity": null, "building": "house", "name": null, "shop": null, "GEOID": "39049001110" }, "geometry": { "type": "Polygon", "coordinates": [ [ [ -83.0125145, 40.0074789 ], [ -83.0125314, 40.0073151 ], [ -83.0126308, 40.0073211 ], [ -83.0126236, 40.0073909 ], [ -83.0125948, 40.0073891 ], [ -83.0125932, 40.0074051 ], [ -83.0126282, 40.0074072 ], [ -83.0126201, 40.0074853 ], [ -83.0125145, 40.0074789 ] ] ] } },
{ "type": "Feature", "properties": { "@id": "way/617029317", "amenity": null, "building": "house", "name": null, "shop": null, "GEOID": "39049001110" }, "geometry": { "type": "Polygon", "coordinates": [ [ [ -83.0126503, 40.0074872 ], [ -83.012667, 40.0073262 ], [ -83.0127608, 40.0073319 ], [ -83.0127441, 40.0074929 ], [ -83.0126503, 40.0074872 ] ] ] } },
{ "type": "Feature", "properties": { "@id": "way/617029318", "amenity": null, "building": "house", "name": null, "shop": null, "GEOID": "39049001110" }, "geometry": { "type": "Polygon", "coordinates": [ [ [ -83.0127628, 40.0074844 ], [ -83.0127792, 40.0073187 ], [ -83.0128805, 40.0073246 ], [ -83.0128641, 40.0074903 ], [ -83.0127628, 40.0074844 ] ] ] } },
{ "type": "Feature", "properties": { "@id": "way/617029319", "amenity": null, "building": "house", "name": null, "shop": null, "GEOID": "39049001110" }, "geometry": { "type": "Polygon", "coordinates": [ [ [ -83.0128715, 40.0075013 ], [ -83.0128869, 40.0073586 ], [ -83.012991, 40.0073652 ], [ -83.0129789, 40.0074766 ], [ -83.0129576, 40.0074753 ], [ -83.0129542, 40.0075065 ], [ -83.0128715, 40.0075013 ] ] ] } },
{ "type": "Feature", "properties": { "@id": "way/617029320", "amenity": null, "building": "house", "name": null, "shop": null, "GEOID": "39049001110" }, "geometry": { "type": "Polygon", "coordinates": [ [ [ -83.0130066, 40.0075955 ], [ -83.0130258, 40.0074055 ], [ -83.0131244, 40.0074113 ], [ -83.0131052, 40.0076014 ], [ -83.0130066, 40.0075955 ] ] ] } },
{ "type": "Feature", "properties": { "@id": "way/617029321", "amenity": null, "building": "house", "name": null, "shop": null, "GEOID": "39049001110" }, "geometry": { "type": "Polygon", "coordinates": [ [ [ -83.0132402, 40.0074219 ], [ -83.0132464, 40.0073271 ], [ -83.0133595, 40.0073315 ], [ -83.0133533, 40.0074262 ], [ -83.0132402, 40.0074219 ] ] ] } },
{ "type": "Feature", "properties": { "@id": "way/617029322", "amenity": null, "building": "house", "name": null, "shop": null, "GEOID": "39049001110" }, "geometry": { "type": "Polygon", "coordinates": [ [ [ -83.0135449, 40.0073436 ], [ -83.0135387, 40.0074302 ], [ -83.0134235, 40.0074253 ], [ -83.0134297, 40.0073388 ], [ -83.0135449, 40.0073436 ] ] ] } },
{ "type": "Feature", "properties": { "@id": "way/617029323", "amenity": null, "building": "house", "name": null, "shop": null, "GEOID": "39049001110" }, "geometry": { "type": "Polygon", "coordinates": [ [ [ -83.0137296, 40.0073524 ], [ -83.0137208, 40.0074436 ], [ -83.0135899, 40.0074362 ], [ -83.0135987, 40.0073451 ], [ -83.0137296, 40.0073524 ] ] ] } },
{ "type": "Feature", "properties": { "@id": "way/617029324", "amenity": null, "building": "house", "name": null, "shop": null, "GEOID": "39049001110" }, "geometry": { "type": "Polygon", "coordinates": [ [ [ -83.0139244, 40.0074477 ], [ -83.01393, 40.0073622 ], [ -83.0137802, 40.0073564 ], [ -83.0137746, 40.0074419 ], [ -83.0139244, 40.0074477 ] ] ] } },
{ "type": "Feature", "properties": { "@id": "way/617029325", "amenity": null, "building": "house", "name": null, "shop": null, "GEOID": "39049001110" }, "geometry": { "type": "Polygon", "coordinates": [ [ [ -83.0132639, 40.0074596 ], [ -83.0132541, 40.0075524 ], [ -83.0134164, 40.0075625 ], [ -83.0134262, 40.0074697 ], [ -83.0132639, 40.0074596 ] ] ] } },
{ "type": "Feature", "properties": { "@id": "way/617029326", "amenity": null, "building": "house", "name": null, "shop": null, "GEOID": "39049001110" }, "geometry": { "type": "Polygon", "coordinates": [ [ [ -83.0132211, 40.0076615 ], [ -83.0133564, 40.0076724 ], [ -83.0133591, 40.0076524 ], [ -83.0133798, 40.007654 ], [ -83.0133844, 40.0076199 ], [ -83.0134192, 40.0076227 ], [ -83.0134233, 40.0075924 ], [ -83.0133102, 40.0075834 ], [ -83.0133057, 40.0076163 ], [ -83.0132281, 40.0076101 ], [ -83.0132211, 40.0076615 ] ] ] } },
{ "type": "Feature", "properties": { "@id": "way/617029327", "amenity": null, "building": "house", "name": null, "shop": null, "GEOID": "39049001110" }, "geometry": { "type": "Polygon", "coordinates": [ [ [ -83.0136673, 40.0076827 ], [ -83.0136813, 40.0075901 ], [ -83.0138791, 40.0076076 ], [ -83.0138734, 40.0076453 ], [ -83.0139061, 40.0076482 ], [ -83.0138978, 40.0077031 ], [ -83.0136673, 40.0076827 ] ] ] } },
{ "type": "Feature", "properties": { "@id": "way/617029328", "amenity": null, "building": "house", "name": null, "shop": null, "GEOID": "39049001110" }, "geometry": { "type": "Polygon", "coordinates": [ [ [ -83.0139174, 40.0075691 ], [ -83.0139261, 40.0074789 ], [ -83.0137215, 40.0074674 ], [ -83.0137129, 40.0075576 ], [ -83.0139174, 40.0075691 ] ] ] } },
{ "type": "Feature", "properties": { "@id": "way/617029331", "amenity": null, "building": "house", "name": null, "shop": null, "GEOID": "39049001110" }, "geometry": { "type": "Polygon", "coordinates": [ [ [ -83.0145242, 40.007473 ], [ -83.0146254, 40.0074774 ], [ -83.0146311, 40.0074021 ], [ -83.0146125, 40.0074013 ], [ -83.0146139, 40.0073831 ], [ -83.0145491, 40.0073802 ], [ -83.014548, 40.007395 ], [ -83.0145301, 40.0073942 ], [ -83.0145242, 40.007473 ] ] ] } },
{ "type": "Feature", "properties": { "@id": "way/617029332", "amenity": null, "building": "house", "name": null, "shop": null, "GEOID": "39049001110" }, "geometry": { "type": "Polygon", "coordinates": [ [ [ -83.014403, 40.0074666 ], [ -83.0145043, 40.0074711 ], [ -83.01451, 40.0073958 ], [ -83.0144914, 40.007395 ], [ -83.0144927, 40.0073767 ], [ -83.014428, 40.0073739 ], [ -83.0144269, 40.0073886 ], [ -83.014409, 40.0073879 ], [ -83.014403, 40.0074666 ] ] ] } },
{ "type": "Feature", "properties": { "@id": "way/617029333", "amenity": null, "building": "house", "name": null, "shop": null, "GEOID": "39049001110" }, "geometry": { "type": "Polygon", "coordinates": [ [ [ -83.0143584, 40.007374 ], [ -83.0142282, 40.0073592 ], [ -83.0142095, 40.0074559 ], [ -83.0143197, 40.0074684 ], [ -83.0143304, 40.007413 ], [ -83.0143504, 40.0074153 ], [ -83.0143584, 40.007374 ] ] ] } },
{ "type": "Feature", "properties": { "@id": "way/617029334", "amenity": null, "building": "house", "name": null, "shop": null, "GEOID": "39049001110" }, "geometry": { "type": "Polygon", "coordinates": [ [ [ -83.0141922, 40.0075872 ], [ -83.0143703, 40.0075997 ], [ -83.0143756, 40.0075558 ], [ -83.014334, 40.0075528 ], [ -83.0143372, 40.0075256 ], [ -83.0142007, 40.007516 ], [ -83.0141922, 40.0075872 ] ] ] } },
{ "type": "Feature", "properties": { "@id": "way/617029335", "amenity": null, "building": "house", "name": null, "shop": null, "GEOID": "39049001110" }, "geometry": { "type": "Polygon", "coordinates": [ [ [ -83.0143774, 40.0076269 ], [ -83.0141756, 40.0076129 ], [ -83.0141658, 40.0076959 ], [ -83.0143676, 40.0077099 ], [ -83.0143774, 40.0076269 ] ] ] } },
{ "type": "Feature", "properties": { "@id": "way/617029336", "amenity": null, "building": "house", "name": null, "shop": null, "GEOID": "39049001110" }, "geometry": { "type": "Polygon", "coordinates": [ [ [ -83.0141546, 40.0078015 ], [ -83.0141632, 40.007713 ], [ -83.0143625, 40.0077244 ], [ -83.0143539, 40.0078129 ], [ -83.0141546, 40.0078015 ] ] ] } },
{ "type": "Feature", "properties": { "@id": "way/617029337", "amenity": null, "building": "house", "name": null, "shop": null, "GEOID": "39049001110" }, "geometry": { "type": "Polygon", "coordinates": [ [ [ -83.0143168, 40.0079245 ], [ -83.014126, 40.0079123 ], [ -83.0141354, 40.0078258 ], [ -83.0143262, 40.007838 ], [ -83.0143168, 40.0079245 ] ] ] } },
{ "type": "Feature", "properties": { "@id": "way/617029338", "amenity": null, "building": "house", "name": null, "shop": null, "GEOID": "39049001110" }, "geometry": { "type": "Polygon", "coordinates": [ [ [ -83.0141224, 40.0079303 ], [ -83.0141136, 40.0080161 ], [ -83.014304, 40.0080276 ], [ -83.0143128, 40.0079418 ], [ -83.0141224, 40.0079303 ] ] ] } },
{ "type": "Feature", "properties": { "@id": "way/617029342", "amenity": null, "building": "house", "name": null, "shop": null, "GEOID": "39049001110" }, "geometry": { "type": "Polygon", "coordinates": [ [ [ -83.013846, 40.007832 ], [ -83.0136859, 40.0078152 ], [ -83.0136971, 40.0077524 ], [ -83.0138572, 40.0077691 ], [ -83.013846, 40.007832 ] ] ] } },
{ "type": "Feature", "properties": { "@id": "way/617029343", "amenity": null, "building": "house", "name": null, "shop": null, "GEOID": "39049001110" }, "geometry": { "type": "Polygon", "coordinates": [ [ [ -83.0138303, 40.0079103 ], [ -83.0136701, 40.0078935 ], [ -83.0136813, 40.0078307 ], [ -83.0138415, 40.0078474 ], [ -83.0138303, 40.0079103 ] ] ] } },
{ "type": "Feature", "properties": { "@id": "way/617029344", "amenity": null, "building": "house", "name": null, "shop": null, "GEOID": "39049001110" }, "geometry": { "type": "Polygon", "coordinates": [ [ [ -83.0137936, 40.0080891 ], [ -83.013802, 40.0079954 ], [ -83.0136897, 40.0079895 ], [ -83.0136813, 40.0080832 ], [ -83.0137936, 40.0080891 ] ] ] } },
{ "type": "Feature", "properties": { "@id": "way/617029345", "amenity": null, "building": "house", "name": null, "shop": null, "GEOID": "39049001110" }, "geometry": { "type": "Polygon", "coordinates": [ [ [ -83.0135495, 40.0080951 ], [ -83.0135593, 40.0079886 ], [ -83.0136502, 40.0079935 ], [ -83.0136404, 40.0081 ], [ -83.0135495, 40.0080951 ] ] ] } },
{ "type": "Feature", "properties": { "@id": "way/617029346", "amenity": null, "building": "house", "name": null, "shop": null, "GEOID": "39049001110" }, "geometry": { "type": "Polygon", "coordinates": [ [ [ -83.0134396, 40.0080489 ], [ -83.0134526, 40.007933 ], [ -83.0135435, 40.007939 ], [ -83.0135306, 40.0080549 ], [ -83.0134396, 40.0080489 ] ] ] } },
{ "type": "Feature", "properties": { "@id": "way/617029347", "amenity": null, "building": "house", "name": null, "shop": null, "GEOID": "39049001110" }, "geometry": { "type": "Polygon", "coordinates": [ [ [ -83.0133015, 40.0080632 ], [ -83.0133115, 40.0079377 ], [ -83.0133983, 40.0079418 ], [ -83.0133883, 40.0080672 ], [ -83.0133015, 40.0080632 ] ] ] } },
{ "type": "Feature", "properties": { "@id": "way/617029348", "amenity": null, "building": "house", "name": null, "shop": null, "GEOID": "39049001110" }, "geometry": { "type": "Polygon", "coordinates": [ [ [ -83.0131612, 40.0080608 ], [ -83.0131717, 40.0079318 ], [ -83.0132639, 40.0079362 ], [ -83.0132535, 40.0080652 ], [ -83.0131612, 40.0080608 ] ] ] } },
{ "type": "Feature", "properties": { "@id": "way/617029354", "amenity": null, "building": "house", "name": null, "shop": null, "GEOID": "39049001110" }, "geometry": { "type": "Polygon", "coordinates": [ [ [ -83.0121892, 40.0079767 ], [ -83.0122098, 40.007797 ], [ -83.0123136, 40.007804 ], [ -83.012293, 40.0079837 ], [ -83.0121892, 40.0079767 ] ] ] } },
{ "type": "Feature", "properties": { "@id": "way/617029355", "amenity": null, "building": "house", "name": null, "shop": null, "GEOID": "39049001110" }, "geometry": { "type": "Polygon", "coordinates": [ [ [ -83.0120243, 40.0080162 ], [ -83.0120384, 40.0078839 ], [ -83.0121377, 40.0078902 ], [ -83.0121236, 40.0080224 ], [ -83.0120243, 40.0080162 ] ] ] } },
{ "type": "Feature", "properties": { "@id": "way/617029356", "amenity": null, "building": "house", "name": null, "shop": null, "GEOID": "39049001110" }, "geometry": { "type": "Polygon", "coordinates": [ [ [ -83.0124469, 40.0079921 ], [ -83.0123571, 40.007987 ], [ -83.0123768, 40.0077823 ], [ -83.0124667, 40.0077874 ], [ -83.0124469, 40.0079921 ] ] ] } },
{ "type": "Feature", "properties": { "@id": "way/617029357", "amenity": null, "building": "house", "name": null, "shop": null, "GEOID": "39049001110" }, "geometry": { "type": "Polygon", "coordinates": [ [ [ -83.0119131, 40.0080097 ], [ -83.0119272, 40.0078775 ], [ -83.0120265, 40.0078837 ], [ -83.0120124, 40.008016 ], [ -83.0119131, 40.0080097 ] ] ] } },
{ "type": "Feature", "properties": { "@id": "way/617029359", "amenity": null, "building": "house", "name": null, "shop": null, "GEOID": "39049001110" }, "geometry": { "type": "Polygon", "coordinates": [ [ [ -83.0116245, 40.0079722 ], [ -83.0116428, 40.0077914 ], [ -83.011747, 40.0077976 ], [ -83.0117287, 40.0079784 ], [ -83.0116245, 40.0079722 ] ] ] } },
{ "type": "Feature", "properties": { "@id": "way/617029360", "amenity": null, "building": "house", "name": null, "shop": null, "GEOID": "39049001110" }, "geometry": { "type": "Polygon", "coordinates": [ [ [ -83.0114602, 40.0079465 ], [ -83.0114724, 40.0078138 ], [ -83.0115802, 40.0078196 ], [ -83.011568, 40.0079523 ], [ -83.0114602, 40.0079465 ] ] ] } },
{ "type": "Feature", "properties": { "@id": "way/617029362", "amenity": null, "building": "house", "name": null, "shop": null, "GEOID": "39049001110" }, "geometry": { "type": "Polygon", "coordinates": [ [ [ -83.0113341, 40.007943 ], [ -83.0113408, 40.0077975 ], [ -83.011425, 40.0077997 ], [ -83.0114184, 40.0079452 ], [ -83.0113341, 40.007943 ] ] ] } },
{ "type": "Feature", "properties": { "@id": "way/617029363", "amenity": null, "building": "house", "name": null, "shop": null, "GEOID": "39049001110" }, "geometry": { "type": "Polygon", "coordinates": [ [ [ -83.011163, 40.0079495 ], [ -83.0112685, 40.0079557 ], [ -83.0112811, 40.0078308 ], [ -83.0111755, 40.0078246 ], [ -83.011163, 40.0079495 ] ] ] } },
{ "type": "Feature", "properties": { "@id": "way/617264330", "amenity": null, "building": "house", "name": null, "shop": null, "GEOID": "39049001110" }, "geometry": { "type": "Polygon", "coordinates": [ [ [ -83.0134829, 40.0084946 ], [ -83.0134897, 40.0083748 ], [ -83.0136005, 40.0083785 ], [ -83.0135937, 40.0084982 ], [ -83.0134829, 40.0084946 ] ] ] } },
{ "type": "Feature", "properties": { "@id": "way/617264331", "amenity": null, "building": "house", "name": null, "shop": null, "GEOID": "39049001110" }, "geometry": { "type": "Polygon", "coordinates": [ [ [ -83.0133646, 40.008509 ], [ -83.0133734, 40.0083796 ], [ -83.0134596, 40.008383 ], [ -83.013453, 40.0084799 ], [ -83.0134296, 40.0084789 ], [ -83.0134274, 40.0085115 ], [ -83.0133646, 40.008509 ] ] ] } },
{ "type": "Feature", "properties": { "@id": "way/617264332", "amenity": null, "building": "house", "name": null, "shop": null, "GEOID": "39049001110" }, "geometry": { "type": "Polygon", "coordinates": [ [ [ -83.0132683, 40.0084861 ], [ -83.0132733, 40.008357 ], [ -83.0133582, 40.0083589 ], [ -83.0133532, 40.0084881 ], [ -83.0132683, 40.0084861 ] ] ] } },
{ "type": "Feature", "properties": { "@id": "way/617264333", "amenity": null, "building": "house", "name": null, "shop": null, "GEOID": "39049001110" }, "geometry": { "type": "Polygon", "coordinates": [ [ [ -83.0131346, 40.0084427 ], [ -83.0131405, 40.0083345 ], [ -83.0132418, 40.0083377 ], [ -83.0132359, 40.008446 ], [ -83.0131346, 40.0084427 ] ] ] } },
{ "type": "Feature", "properties": { "@id": "way/617264334", "amenity": null, "building": "house", "name": null, "shop": null, "GEOID": "39049001110" }, "geometry": { "type": "Polygon", "coordinates": [ [ [ -83.0131146, 40.0084512 ], [ -83.0131249, 40.0083408 ], [ -83.013042, 40.0083362 ], [ -83.0130317, 40.0084466 ], [ -83.0131146, 40.0084512 ] ] ] } },
{ "type": "Feature", "properties": { "@id": "way/617264335", "amenity": null, "building": "house", "name": null, "shop": null, "GEOID": "39049001110" }, "geometry": { "type": "Polygon", "coordinates": [ [ [ -83.0129197, 40.0084438 ], [ -83.0129306, 40.0083281 ], [ -83.0130131, 40.0083327 ], [ -83.0130036, 40.0084339 ], [ -83.012976, 40.0084324 ], [ -83.0129746, 40.0084469 ], [ -83.0129197, 40.0084438 ] ] ] } },
{ "type": "Feature", "properties": { "@id": "way/617264336", "amenity": null, "building": "house", "name": null, "shop": null, "GEOID": "39049001110" }, "geometry": { "type": "Polygon", "coordinates": [ [ [ -83.0127828, 40.0084435 ], [ -83.0127915, 40.0083178 ], [ -83.0128874, 40.0083217 ], [ -83.0128803, 40.0084237 ], [ -83.0128403, 40.0084221 ], [ -83.0128386, 40.0084458 ], [ -83.0127828, 40.0084435 ] ] ] } },
{ "type": "Feature", "properties": { "@id": "way/617264337", "amenity": null, "building": "house", "name": null, "shop": null, "GEOID": "39049001110" }, "geometry": { "type": "Polygon", "coordinates": [ [ [ -83.0126892, 40.0084901 ], [ -83.0127012, 40.0083241 ], [ -83.0127809, 40.0083275 ], [ -83.012769, 40.0084935 ], [ -83.0126892, 40.0084901 ] ] ] } },
{ "type": "Feature", "properties": { "@id": "way/617264338", "amenity": null, "building": "house", "name": null, "shop": null, "GEOID": "39049001110" }, "geometry": { "type": "Polygon", "coordinates": [ [ [ -83.01253, 40.0084589 ], [ -83.0125413, 40.0083194 ], [ -83.0126664, 40.0083253 ], [ -83.0126551, 40.0084649 ], [ -83.01253, 40.0084589 ] ] ] } },
{ "type": "Feature", "properties": { "@id": "way/617264339", "amenity": null, "building": "house", "name": null, "shop": null, "GEOID": "39049001110" }, "geometry": { "type": "Polygon", "coordinates": [ [ [ -83.0121936, 40.0083338 ], [ -83.0121893, 40.0084333 ], [ -83.0122196, 40.0084341 ], [ -83.0122179, 40.0084754 ], [ -83.0123004, 40.0084775 ], [ -83.0123064, 40.0083366 ], [ -83.0121936, 40.0083338 ] ] ] } },
{ "type": "Feature", "properties": { "@id": "way/617264340", "amenity": null, "building": "house", "name": null, "shop": null, "GEOID": "39049001110" }, "geometry": { "type": "Polygon", "coordinates": [ [ [ -83.0119978, 40.0084625 ], [ -83.0120088, 40.0083111 ], [ -83.0121192, 40.0083158 ], [ -83.0121082, 40.0084672 ], [ -83.0119978, 40.0084625 ] ] ] } },
{ "type": "Feature", "properties": { "@id": "way/617264342", "amenity": null, "building": "house", "name": null, "shop": null, "GEOID": "39049001110" }, "geometry": { "type": "Polygon", "coordinates": [ [ [ -83.011309, 40.008406 ], [ -83.0113281, 40.0082651 ], [ -83.0114253, 40.0082728 ], [ -83.0114131, 40.0083625 ], [ -83.0114027, 40.0083636 ], [ -83.011396, 40.008413 ], [ -83.011309, 40.008406 ] ] ] } },
{ "type": "Feature", "properties": { "@id": "way/617264343", "amenity": null, "building": "house", "name": null, "shop": null, "GEOID": "39049001110" }, "geometry": { "type": "Polygon", "coordinates": [ [ [ -83.0113122, 40.0082493 ], [ -83.011294, 40.0083921 ], [ -83.0112768, 40.0083909 ], [ -83.0112748, 40.0084062 ], [ -83.011203, 40.0084008 ], [ -83.0112199, 40.0082681 ], [ -83.0112409, 40.0082697 ], [ -83.0112442, 40.0082442 ], [ -83.0113122, 40.0082493 ] ] ] } },
{ "type": "Feature", "properties": { "@id": "way/617264345", "amenity": null, "building": "house", "name": null, "shop": null, "GEOID": "39049001110" }, "geometry": { "type": "Polygon", "coordinates": [ [ [ -83.0110829, 40.0083571 ], [ -83.0110945, 40.0082338 ], [ -83.0109974, 40.0082284 ], [ -83.0109874, 40.0083347 ], [ -83.0110213, 40.0083366 ], [ -83.0110197, 40.0083536 ], [ -83.0110829, 40.0083571 ] ] ] } },
{ "type": "Feature", "properties": { "@id": "way/617264346", "amenity": null, "building": "house", "name": null, "shop": null, "GEOID": "39049001110" }, "geometry": { "type": "Polygon", "coordinates": [ [ [ -83.010973, 40.0083352 ], [ -83.0109751, 40.0082394 ], [ -83.010892, 40.0082383 ], [ -83.0108913, 40.0082706 ], [ -83.0108768, 40.0082704 ], [ -83.0108753, 40.0083339 ], [ -83.010973, 40.0083352 ] ] ] } },
{ "type": "Feature", "properties": { "@id": "way/617264347", "amenity": null, "building": "house", "name": null, "shop": null, "GEOID": "39049001110" }, "geometry": { "type": "Polygon", "coordinates": [ [ [ -83.010854, 40.0083773 ], [ -83.0108681, 40.008236 ], [ -83.0107826, 40.0082309 ], [ -83.0107684, 40.0083723 ], [ -83.010854, 40.0083773 ] ] ] } },
{ "type": "Feature", "properties": { "@id": "way/617264348", "amenity": null, "building": "house", "name": null, "shop": null, "GEOID": "39049001110" }, "geometry": { "type": "Polygon", "coordinates": [ [ [ -83.010747, 40.0083634 ], [ -83.0107608, 40.0082383 ], [ -83.0106955, 40.0082341 ], [ -83.0106913, 40.0082726 ], [ -83.0106782, 40.0082717 ], [ -83.0106686, 40.0083583 ], [ -83.010747, 40.0083634 ] ] ] } },
{ "type": "Feature", "properties": { "@id": "way/617264349", "amenity": null, "building": "house", "name": null, "shop": null, "GEOID": "39049001110" }, "geometry": { "type": "Polygon", "coordinates": [ [ [ -83.0106603, 40.0083731 ], [ -83.0106436, 40.0082157 ], [ -83.0105383, 40.0082223 ], [ -83.010555, 40.0083797 ], [ -83.0106603, 40.0083731 ] ] ] } },
{ "type": "Feature", "properties": { "@id": "way/617264356", "amenity": null, "building": "house", "name": null, "shop": null, "GEOID": "39049001110" }, "geometry": { "type": "Polygon", "coordinates": [ [ [ -83.0099424, 40.0084788 ], [ -83.009919, 40.0083901 ], [ -83.0099624, 40.0083833 ], [ -83.0100524, 40.0083694 ], [ -83.0100638, 40.0084126 ], [ -83.0100912, 40.0084084 ], [ -83.0101033, 40.0084539 ], [ -83.0100799, 40.0084575 ], [ -83.0099424, 40.0084788 ] ] ] } },
{ "type": "Feature", "properties": { "@id": "way/617264358", "amenity": null, "building": "house", "name": null, "shop": null, "GEOID": "39049001110" }, "geometry": { "type": "Polygon", "coordinates": [ [ [ -83.0100207, 40.0087737 ], [ -83.0099917, 40.0086721 ], [ -83.0101865, 40.0086394 ], [ -83.0102155, 40.008741 ], [ -83.0100207, 40.0087737 ] ] ] } },
{ "type": "Feature", "properties": { "@id": "way/617264360", "amenity": null, "building": "house", "name": null, "shop": null, "GEOID": "39049001110" }, "geometry": { "type": "Polygon", "coordinates": [ [ [ -83.0100918, 40.009042 ], [ -83.0100731, 40.0089698 ], [ -83.0102429, 40.008944 ], [ -83.0102611, 40.0090143 ], [ -83.0102502, 40.0090261 ], [ -83.0102112, 40.009033 ], [ -83.0101933, 40.0090265 ], [ -83.0100918, 40.009042 ] ] ] } },
{ "type": "Feature", "properties": { "@id": "way/617264361", "amenity": null, "building": "house", "name": null, "shop": null, "GEOID": "39049001110" }, "geometry": { "type": "Polygon", "coordinates": [ [ [ -83.0108674, 40.0090486 ], [ -83.0108805, 40.0089072 ], [ -83.0107934, 40.0089025 ], [ -83.0107803, 40.0090439 ], [ -83.0108674, 40.0090486 ] ] ] } },
{ "type": "Feature", "properties": { "@id": "way/617264362", "amenity": null, "building": "house", "name": null, "shop": null, "GEOID": "39049001110" }, "geometry": { "type": "Polygon", "coordinates": [ [ [ -83.0108876, 40.0090465 ], [ -83.0108992, 40.0089027 ], [ -83.0109834, 40.0089066 ], [ -83.0109718, 40.0090505 ], [ -83.0108876, 40.0090465 ] ] ] } },
{ "type": "Feature", "properties": { "@id": "way/617264363", "amenity": null, "building": "house", "name": null, "shop": null, "GEOID": "39049001110" }, "geometry": { "type": "Polygon", "coordinates": [ [ [ -83.0110063, 40.0090514 ], [ -83.0110176, 40.0089188 ], [ -83.0110937, 40.0089226 ], [ -83.0110824, 40.0090552 ], [ -83.0110063, 40.0090514 ] ] ] } },
{ "type": "Feature", "properties": { "@id": "way/617264364", "amenity": null, "building": "house", "name": null, "shop": null, "GEOID": "39049001110" }, "geometry": { "type": "Polygon", "coordinates": [ [ [ -83.011101, 40.0090407 ], [ -83.0111093, 40.0089354 ], [ -83.011197, 40.0089395 ], [ -83.0111887, 40.0090448 ], [ -83.011101, 40.0090407 ] ] ] } },
{ "type": "Feature", "properties": { "@id": "way/617264365", "amenity": null, "building": "house", "name": null, "shop": null, "GEOID": "39049001110" }, "geometry": { "type": "Polygon", "coordinates": [ [ [ -83.0112018, 40.0090434 ], [ -83.0112114, 40.0089255 ], [ -83.0113025, 40.0089299 ], [ -83.0112928, 40.0090478 ], [ -83.0112018, 40.0090434 ] ] ] } },
{ "type": "Feature", "properties": { "@id": "way/617264366", "amenity": null, "building": "house", "name": null, "shop": null, "GEOID": "39049001110" }, "geometry": { "type": "Polygon", "coordinates": [ [ [ -83.0113058, 40.0090502 ], [ -83.0113985, 40.009053 ], [ -83.0114044, 40.0089397 ], [ -83.0113425, 40.0089378 ], [ -83.011341, 40.0089655 ], [ -83.0113103, 40.0089646 ], [ -83.0113058, 40.0090502 ] ] ] } },
{ "type": "Feature", "properties": { "@id": "way/617264367", "amenity": null, "building": "house", "name": null, "shop": null, "GEOID": "39049001110" }, "geometry": { "type": "Polygon", "coordinates": [ [ [ -83.0114245, 40.0090519 ], [ -83.011435, 40.0089225 ], [ -83.0115584, 40.0089284 ], [ -83.0115479, 40.0090577 ], [ -83.0114245, 40.0090519 ] ] ] } },
{ "type": "Feature", "properties": { "@id": "way/617264368", "amenity": null, "building": "house", "name": null, "shop": null, "GEOID": "39049001110" }, "geometry": { "type": "Polygon", "coordinates": [ [ [ -83.0115628, 40.0090763 ], [ -83.0116776, 40.0090806 ], [ -83.0116885, 40.0089095 ], [ -83.0115737, 40.0089052 ], [ -83.0115628, 40.0090763 ] ] ] } },
{ "type": "Feature", "properties": { "@id": "way/617264369", "amenity": null, "building": "house", "name": null, "shop": null, "GEOID": "39049001110" }, "geometry": { "type": "Polygon", "coordinates": [ [ [ -83.0116997, 40.0090925 ], [ -83.0117068, 40.008945 ], [ -83.0118255, 40.0089483 ], [ -83.0118185, 40.0090959 ], [ -83.0116997, 40.0090925 ] ] ] } },
{ "type": "Feature", "properties": { "@id": "way/617264370", "amenity": null, "building": "house", "name": null, "shop": null, "GEOID": "39049001110" }, "geometry": { "type": "Polygon", "coordinates": [ [ [ -83.0118506, 40.0090775 ], [ -83.0118581, 40.008973 ], [ -83.0119467, 40.0089768 ], [ -83.0119391, 40.0090812 ], [ -83.0118506, 40.0090775 ] ] ] } },
{ "type": "Feature", "properties": { "@id": "way/617264371", "amenity": null, "building": "house", "name": null, "shop": null, "GEOID": "39049001110" }, "geometry": { "type": "Polygon", "coordinates": [ [ [ -83.011957, 40.0091051 ], [ -83.0119668, 40.0089972 ], [ -83.0120544, 40.0090019 ], [ -83.0120446, 40.0091098 ], [ -83.011957, 40.0091051 ] ] ] } },
{ "type": "Feature", "properties": { "@id": "way/617264372", "amenity": null, "building": "house", "name": null, "shop": null, "GEOID": "39049001110" }, "geometry": { "type": "Polygon", "coordinates": [ [ [ -83.0120772, 40.0090905 ], [ -83.012085, 40.0089988 ], [ -83.0121055, 40.0089999 ], [ -83.0121098, 40.0089489 ], [ -83.0121768, 40.0089522 ], [ -83.0121647, 40.0090949 ], [ -83.0120772, 40.0090905 ] ] ] } },
{ "type": "Feature", "properties": { "@id": "way/617264373", "amenity": null, "building": "house", "name": null, "shop": null, "GEOID": "39049001110" }, "geometry": { "type": "Polygon", "coordinates": [ [ [ -83.0121881, 40.0090931 ], [ -83.0121959, 40.0089673 ], [ -83.0122836, 40.0089705 ], [ -83.0122758, 40.0090963 ], [ -83.0121881, 40.0090931 ] ] ] } },
{ "type": "Feature", "properties": { "@id": "way/617264374", "amenity": null, "building": "house", "name": null, "shop": null, "GEOID": "39049001110" }, "geometry": { "type": "Polygon", "coordinates": [ [ [ -83.012523, 40.009102 ], [ -83.0125358, 40.0089802 ], [ -83.0126158, 40.0089851 ], [ -83.012603, 40.009107 ], [ -83.012523, 40.009102 ] ] ] } },
{ "type": "Feature", "properties": { "@id": "way/617264375", "amenity": null, "building": "house", "name": null, "shop": null, "GEOID": "39049001110" }, "geometry": { "type": "Polygon", "coordinates": [ [ [ -83.0126381, 40.0091347 ], [ -83.0126499, 40.0089959 ], [ -83.0127275, 40.0089998 ], [ -83.0127157, 40.0091386 ], [ -83.0126381, 40.0091347 ] ] ] } },
{ "type": "Feature", "properties": { "@id": "way/617264376", "amenity": null, "building": "house", "name": null, "shop": null, "GEOID": "39049001110" }, "geometry": { "type": "Polygon", "coordinates": [ [ [ -83.0127484, 40.0091386 ], [ -83.0127601, 40.0090279 ], [ -83.0128894, 40.009036 ], [ -83.0128777, 40.0091466 ], [ -83.0127484, 40.0091386 ] ] ] } },
{ "type": "Feature", "properties": { "@id": "way/617264377", "amenity": null, "building": "house", "name": null, "shop": null, "GEOID": "39049001110" }, "geometry": { "type": "Polygon", "coordinates": [ [ [ -83.0129323, 40.0091449 ], [ -83.0129478, 40.0089925 ], [ -83.0130648, 40.0089995 ], [ -83.0130492, 40.0091519 ], [ -83.0129323, 40.0091449 ] ] ] } },
{ "type": "Feature", "properties": { "@id": "way/617264379", "amenity": null, "building": "house", "name": null, "shop": null, "GEOID": "39049001110" }, "geometry": { "type": "Polygon", "coordinates": [ [ [ -83.0131805, 40.0091616 ], [ -83.0131906, 40.0090593 ], [ -83.0132886, 40.009065 ], [ -83.0132786, 40.0091673 ], [ -83.0131805, 40.0091616 ] ] ] } },
{ "type": "Feature", "properties": { "@id": "way/617264380", "amenity": null, "building": "house", "name": null, "shop": null, "GEOID": "39049001110" }, "geometry": { "type": "Polygon", "coordinates": [ [ [ -83.0132989, 40.0091725 ], [ -83.0133098, 40.0090497 ], [ -83.013373, 40.009053 ], [ -83.0133706, 40.0090797 ], [ -83.0133998, 40.0090812 ], [ -83.0133912, 40.0091773 ], [ -83.0132989, 40.0091725 ] ] ] } },
{ "type": "Feature", "properties": { "@id": "way/617264381", "amenity": null, "building": "house", "name": null, "shop": null, "GEOID": "39049001110" }, "geometry": { "type": "Polygon", "coordinates": [ [ [ -83.0134085, 40.009178 ], [ -83.0134193, 40.0090597 ], [ -83.0135144, 40.0090647 ], [ -83.0135036, 40.0091831 ], [ -83.0134085, 40.009178 ] ] ] } },
{ "type": "Feature", "properties": { "@id": "way/617264400", "amenity": null, "building": "house", "name": null, "shop": null, "GEOID": "39049001110" }, "geometry": { "type": "Polygon", "coordinates": [ [ [ -83.0140854, 40.009229 ], [ -83.0140948, 40.0090981 ], [ -83.0140506, 40.0090963 ], [ -83.0140497, 40.0091094 ], [ -83.0139642, 40.0091058 ], [ -83.0139566, 40.0092124 ], [ -83.0140423, 40.009216 ], [ -83.0140415, 40.0092272 ], [ -83.0140854, 40.009229 ] ] ] } },
{ "type": "Feature", "properties": { "@id": "way/617264401", "amenity": null, "building": "house", "name": null, "shop": null, "GEOID": "39049001110" }, "geometry": { "type": "Polygon", "coordinates": [ [ [ -83.0139536, 40.0090829 ], [ -83.0139591, 40.0090082 ], [ -83.0140893, 40.0090139 ], [ -83.0140838, 40.0090886 ], [ -83.0139536, 40.0090829 ] ] ] } },
{ "type": "Feature", "properties": { "@id": "way/617264402", "amenity": null, "building": "house", "name": null, "shop": null, "GEOID": "39049001110" }, "geometry": { "type": "Polygon", "coordinates": [ [ [ -83.0141382, 40.0089941 ], [ -83.0139388, 40.0089851 ], [ -83.0139457, 40.0088962 ], [ -83.014145, 40.0089052 ], [ -83.0141382, 40.0089941 ] ] ] } },
{ "type": "Feature", "properties": { "@id": "way/617264403", "amenity": null, "building": "house", "name": null, "shop": null, "GEOID": "39049001110" }, "geometry": { "type": "Polygon", "coordinates": [ [ [ -83.013943, 40.0088641 ], [ -83.0139522, 40.0087824 ], [ -83.0141674, 40.0087964 ], [ -83.0141583, 40.0088781 ], [ -83.013943, 40.0088641 ] ] ] } },
{ "type": "Feature", "properties": { "@id": "way/617264404", "amenity": null, "building": "house", "name": null, "shop": null, "GEOID": "39049001110" }, "geometry": { "type": "Polygon", "coordinates": [ [ [ -83.0139787, 40.0087726 ], [ -83.0139849, 40.0087071 ], [ -83.014121, 40.0087147 ], [ -83.0141148, 40.0087801 ], [ -83.0139787, 40.0087726 ] ] ] } },
{ "type": "Feature", "properties": { "@id": "way/617264405", "amenity": null, "building": "house", "name": null, "shop": null, "GEOID": "39049001110" }, "geometry": { "type": "Polygon", "coordinates": [ [ [ -83.0139679, 40.0086725 ], [ -83.0139779, 40.0085924 ], [ -83.0141668, 40.0086062 ], [ -83.0141569, 40.0086864 ], [ -83.0139679, 40.0086725 ] ] ] } },
{ "type": "Feature", "properties": { "@id": "way/617264406", "amenity": null, "building": "house", "name": null, "shop": null, "GEOID": "39049001110" }, "geometry": { "type": "Polygon", "coordinates": [ [ [ -83.0141806, 40.0085681 ], [ -83.0139933, 40.0085586 ], [ -83.0140007, 40.0084732 ], [ -83.014188, 40.0084827 ], [ -83.0141806, 40.0085681 ] ] ] } },
{ "type": "Feature", "properties": { "@id": "way/617264407", "amenity": null, "building": "house", "name": null, "shop": null, "GEOID": "39049001110" }, "geometry": { "type": "Polygon", "coordinates": [ [ [ -83.0140456, 40.0084592 ], [ -83.0140543, 40.008354 ], [ -83.0143102, 40.0083664 ], [ -83.0143015, 40.0084716 ], [ -83.0140456, 40.0084592 ] ] ] } },
{ "type": "Feature", "properties": { "@id": "way/617266488", "amenity": null, "building": "house", "name": null, "shop": null, "GEOID": "39049001110" }, "geometry": { "type": "Polygon", "coordinates": [ [ [ -83.0103902, 40.0100248 ], [ -83.0105715, 40.0099982 ], [ -83.0105515, 40.0099182 ], [ -83.0103702, 40.0099448 ], [ -83.0103902, 40.0100248 ] ] ] } },
{ "type": "Feature", "properties": { "@id": "way/617266489", "amenity": null, "building": "house", "name": null, "shop": null, "GEOID": "39049001110" }, "geometry": { "type": "Polygon", "coordinates": [ [ [ -83.010221, 40.009331 ], [ -83.0103902, 40.0093051 ], [ -83.010377, 40.0092546 ], [ -83.0103552, 40.0092579 ], [ -83.0103452, 40.0092197 ], [ -83.0101979, 40.0092422 ], [ -83.010221, 40.009331 ] ] ] } },
{ "type": "Feature", "properties": { "@id": "way/617266490", "amenity": null, "building": "house", "name": null, "shop": null, "GEOID": "39049001110" }, "geometry": { "type": "Polygon", "coordinates": [ [ [ -83.0102355, 40.0093336 ], [ -83.0104108, 40.0093085 ], [ -83.010432, 40.0093952 ], [ -83.0102566, 40.0094203 ], [ -83.0102355, 40.0093336 ] ] ] } },
{ "type": "Feature", "properties": { "@id": "way/617266491", "amenity": null, "building": "house", "name": null, "shop": null, "GEOID": "39049001110" }, "geometry": { "type": "Polygon", "coordinates": [ [ [ -83.0102746, 40.0095211 ], [ -83.0102529, 40.0094351 ], [ -83.0104348, 40.0094082 ], [ -83.0104764, 40.0094021 ], [ -83.0104981, 40.009488 ], [ -83.0102746, 40.0095211 ] ] ] } },
{ "type": "Feature", "properties": { "@id": "way/617266495", "amenity": null, "building": "house", "name": null, "shop": null, "GEOID": "39049001110" }, "geometry": { "type": "Polygon", "coordinates": [ [ [ -83.0106032, 40.0100187 ], [ -83.0106168, 40.009934 ], [ -83.0106482, 40.0099369 ], [ -83.0106533, 40.009905 ], [ -83.0107273, 40.0099119 ], [ -83.0107086, 40.0100286 ], [ -83.0106032, 40.0100187 ] ] ] } },
{ "type": "Feature", "properties": { "@id": "way/617266496", "amenity": null, "building": "house", "name": null, "shop": null, "GEOID": "39049001110" }, "geometry": { "type": "Polygon", "coordinates": [ [ [ -83.0107647, 40.0100389 ], [ -83.0107453, 40.0099527 ], [ -83.0109154, 40.0099302 ], [ -83.0109349, 40.0100164 ], [ -83.0107647, 40.0100389 ] ] ] } },
{ "type": "Feature", "properties": { "@id": "way/617266497", "amenity": null, "building": "house", "name": null, "shop": null, "GEOID": "39049001110" }, "geometry": { "type": "Polygon", "coordinates": [ [ [ -83.0105313, 40.0093266 ], [ -83.010535, 40.0092935 ], [ -83.0105408, 40.0092409 ], [ -83.0107338, 40.0092535 ], [ -83.0107243, 40.0093392 ], [ -83.0105313, 40.0093266 ] ] ] } },
{ "type": "Feature", "properties": { "@id": "way/617266498", "amenity": null, "building": "house", "name": null, "shop": null, "GEOID": "39049001110" }, "geometry": { "type": "Polygon", "coordinates": [ [ [ -83.0108262, 40.0093684 ], [ -83.0108352, 40.0092575 ], [ -83.0109313, 40.009262 ], [ -83.0109222, 40.009373 ], [ -83.0108262, 40.0093684 ] ] ] } },
{ "type": "Feature", "properties": { "@id": "way/617266499", "amenity": null, "building": "house", "name": null, "shop": null, "GEOID": "39049001110" }, "geometry": { "type": "Polygon", "coordinates": [ [ [ -83.010949, 40.0093761 ], [ -83.0109573, 40.0092762 ], [ -83.0110439, 40.0092804 ], [ -83.0110356, 40.0093803 ], [ -83.010949, 40.0093761 ] ] ] } },
{ "type": "Feature", "properties": { "@id": "way/617266502", "amenity": null, "building": "house", "name": null, "shop": null, "GEOID": "39049001110" }, "geometry": { "type": "Polygon", "coordinates": [ [ [ -83.0116013, 40.0094043 ], [ -83.0116091, 40.0093146 ], [ -83.0116947, 40.009319 ], [ -83.0116869, 40.0094087 ], [ -83.0116013, 40.0094043 ] ] ] } },
{ "type": "Feature", "properties": { "@id": "way/617266503", "amenity": null, "building": "house", "name": null, "shop": null, "GEOID": "39049001110" }, "geometry": { "type": "Polygon", "coordinates": [ [ [ -83.0117257, 40.0093345 ], [ -83.011715, 40.0094273 ], [ -83.0117985, 40.009433 ], [ -83.0118092, 40.0093402 ], [ -83.0117257, 40.0093345 ] ] ] } },
{ "type": "Feature", "properties": { "@id": "way/617266504", "amenity": null, "building": "house", "name": null, "shop": null, "GEOID": "39049001110" }, "geometry": { "type": "Polygon", "coordinates": [ [ [ -83.011825, 40.0093376 ], [ -83.0118142, 40.0094304 ], [ -83.0118977, 40.009436 ], [ -83.0119085, 40.0093432 ], [ -83.011825, 40.0093376 ] ] ] } },
{ "type": "Feature", "properties": { "@id": "way/617266505", "amenity": null, "building": "house", "name": null, "shop": null, "GEOID": "39049001110" }, "geometry": { "type": "Polygon", "coordinates": [ [ [ -83.0119404, 40.0093453 ], [ -83.0119344, 40.0094587 ], [ -83.0119949, 40.0094606 ], [ -83.0119962, 40.0094375 ], [ -83.012022, 40.0094383 ], [ -83.0120268, 40.009348 ], [ -83.0119404, 40.0093453 ] ] ] } },
{ "type": "Feature", "properties": { "@id": "way/617266506", "amenity": null, "building": "house", "name": null, "shop": null, "GEOID": "39049001110" }, "geometry": { "type": "Polygon", "coordinates": [ [ [ -83.0120531, 40.0094553 ], [ -83.0120621, 40.0093491 ], [ -83.0121411, 40.0093531 ], [ -83.0121373, 40.0094364 ], [ -83.012101, 40.0094354 ], [ -83.012101, 40.0094572 ], [ -83.0120531, 40.0094553 ] ] ] } },
{ "type": "Feature", "properties": { "@id": "way/617266507", "amenity": null, "building": "house", "name": null, "shop": null, "GEOID": "39049001110" }, "geometry": { "type": "Polygon", "coordinates": [ [ [ -83.0121656, 40.0094743 ], [ -83.0121724, 40.0093513 ], [ -83.0122566, 40.009354 ], [ -83.0122498, 40.009477 ], [ -83.0121656, 40.0094743 ] ] ] } },
{ "type": "Feature", "properties": { "@id": "way/617266509", "amenity": null, "building": "house", "name": null, "shop": null, "GEOID": "39049001110" }, "geometry": { "type": "Polygon", "coordinates": [ [ [ -83.0128014, 40.0094796 ], [ -83.0128133, 40.0093558 ], [ -83.0129089, 40.0093612 ], [ -83.0128985, 40.009469 ], [ -83.0128439, 40.009466 ], [ -83.0128424, 40.0094819 ], [ -83.0128014, 40.0094796 ] ] ] } },
{ "type": "Feature", "properties": { "@id": "way/617266510", "amenity": null, "building": "house", "name": null, "shop": null, "GEOID": "39049001110" }, "geometry": { "type": "Polygon", "coordinates": [ [ [ -83.0129203, 40.0094904 ], [ -83.0129305, 40.0093696 ], [ -83.0130207, 40.0093741 ], [ -83.0130118, 40.0094777 ], [ -83.0129773, 40.009476 ], [ -83.0129758, 40.0094932 ], [ -83.0129203, 40.0094904 ] ] ] } },
{ "type": "Feature", "properties": { "@id": "way/617266511", "amenity": null, "building": "house", "name": null, "shop": null, "GEOID": "39049001110" }, "geometry": { "type": "Polygon", "coordinates": [ [ [ -83.0130271, 40.0095212 ], [ -83.0130386, 40.0093912 ], [ -83.0131302, 40.009396 ], [ -83.0131212, 40.0094977 ], [ -83.0130971, 40.0094964 ], [ -83.0130946, 40.0095247 ], [ -83.0130271, 40.0095212 ] ] ] } },
{ "type": "Feature", "properties": { "@id": "way/617266512", "amenity": null, "building": "house", "name": null, "shop": null, "GEOID": "39049001110" }, "geometry": { "type": "Polygon", "coordinates": [ [ [ -83.0131453, 40.0095103 ], [ -83.0131597, 40.0093701 ], [ -83.0132558, 40.0093759 ], [ -83.0132414, 40.0095161 ], [ -83.0131453, 40.0095103 ] ] ] } },
{ "type": "Feature", "properties": { "@id": "way/617266513", "amenity": null, "building": "house", "name": null, "shop": null, "GEOID": "39049001110" }, "geometry": { "type": "Polygon", "coordinates": [ [ [ -83.0132901, 40.00938 ], [ -83.0132794, 40.0094873 ], [ -83.0133902, 40.0094938 ], [ -83.0134008, 40.0093864 ], [ -83.0132901, 40.00938 ] ] ] } },
{ "type": "Feature", "properties": { "@id": "way/617266518", "amenity": null, "building": "house", "name": null, "shop": null, "GEOID": "39049001110" }, "geometry": { "type": "Polygon", "coordinates": [ [ [ -83.0133761, 40.0101771 ], [ -83.0133912, 40.0100272 ], [ -83.0134937, 40.0100333 ], [ -83.0134786, 40.0101831 ], [ -83.0133761, 40.0101771 ] ] ] } },
{ "type": "Feature", "properties": { "@id": "way/617266519", "amenity": null, "building": "house", "name": null, "shop": null, "GEOID": "39049001110" }, "geometry": { "type": "Polygon", "coordinates": [ [ [ -83.0132605, 40.0101721 ], [ -83.013271, 40.0100346 ], [ -83.0133697, 40.010039 ], [ -83.0133591, 40.0101765 ], [ -83.0132605, 40.0101721 ] ] ] } },
{ "type": "Feature", "properties": { "@id": "way/617266520", "amenity": null, "building": "house", "name": null, "shop": null, "GEOID": "39049001110" }, "geometry": { "type": "Polygon", "coordinates": [ [ [ -83.013143, 40.0101671 ], [ -83.0131513, 40.0100645 ], [ -83.0132385, 40.0100686 ], [ -83.0132302, 40.0101712 ], [ -83.013143, 40.0101671 ] ] ] } },
{ "type": "Feature", "properties": { "@id": "way/617266521", "amenity": null, "building": "house", "name": null, "shop": null, "GEOID": "39049001110" }, "geometry": { "type": "Polygon", "coordinates": [ [ [ -83.0130358, 40.0101604 ], [ -83.0130445, 40.0100534 ], [ -83.0131293, 40.0100575 ], [ -83.0131206, 40.0101644 ], [ -83.0130358, 40.0101604 ] ] ] } },
{ "type": "Feature", "properties": { "@id": "way/617266522", "amenity": null, "building": "house", "name": null, "shop": null, "GEOID": "39049001110" }, "geometry": { "type": "Polygon", "coordinates": [ [ [ -83.0129177, 40.0101467 ], [ -83.0129292, 40.0100269 ], [ -83.0129892, 40.0100303 ], [ -83.0129876, 40.010047 ], [ -83.0130146, 40.0100485 ], [ -83.0130047, 40.0101516 ], [ -83.0129177, 40.0101467 ] ] ] } },
{ "type": "Feature", "properties": { "@id": "way/617266523", "amenity": null, "building": "house", "name": null, "shop": null, "GEOID": "39049001110" }, "geometry": { "type": "Polygon", "coordinates": [ [ [ -83.0127891, 40.0101533 ], [ -83.0127976, 40.0100378 ], [ -83.0128869, 40.0100416 ], [ -83.0128785, 40.0101571 ], [ -83.0127891, 40.0101533 ] ] ] } },
{ "type": "Feature", "properties": { "@id": "way/617266524", "amenity": null, "building": "house", "name": null, "shop": null, "GEOID": "39049001110" }, "geometry": { "type": "Polygon", "coordinates": [ [ [ -83.0126896, 40.0101335 ], [ -83.0127002, 40.0100099 ], [ -83.0127791, 40.0100139 ], [ -83.0127685, 40.0101374 ], [ -83.0126896, 40.0101335 ] ] ] } },
{ "type": "Feature", "properties": { "@id": "way/617266525", "amenity": null, "building": "house", "name": null, "shop": null, "GEOID": "39049001110" }, "geometry": { "type": "Polygon", "coordinates": [ [ [ -83.0125486, 40.0101252 ], [ -83.012555, 40.0100384 ], [ -83.0126608, 40.0100429 ], [ -83.0126545, 40.0101297 ], [ -83.0125486, 40.0101252 ] ] ] } },
{ "type": "Feature", "properties": { "@id": "way/617266526", "amenity": null, "building": "house", "name": null, "shop": null, "GEOID": "39049001110" }, "geometry": { "type": "Polygon", "coordinates": [ [ [ -83.0124243, 40.0101218 ], [ -83.0124307, 40.010035 ], [ -83.0125365, 40.0100396 ], [ -83.0125302, 40.0101264 ], [ -83.0124243, 40.0101218 ] ] ] } },
{ "type": "Feature", "properties": { "@id": "way/617266527", "amenity": null, "building": "house", "name": null, "shop": null, "GEOID": "39049001110" }, "geometry": { "type": "Polygon", "coordinates": [ [ [ -83.0121114, 40.0100622 ], [ -83.0121186, 40.0099634 ], [ -83.0122173, 40.0099677 ], [ -83.01221, 40.0100665 ], [ -83.0121114, 40.0100622 ] ] ] } },
{ "type": "Feature", "properties": { "@id": "way/617266528", "amenity": null, "building": "house", "name": null, "shop": null, "GEOID": "39049001110" }, "geometry": { "type": "Polygon", "coordinates": [ [ [ -83.0120985, 40.0100639 ], [ -83.0120082, 40.0100595 ], [ -83.0120175, 40.0099491 ], [ -83.0120708, 40.0099517 ], [ -83.0120687, 40.0099769 ], [ -83.0121057, 40.0099788 ], [ -83.0120985, 40.0100639 ] ] ] } },
{ "type": "Feature", "properties": { "@id": "way/617266529", "amenity": null, "building": "house", "name": null, "shop": null, "GEOID": "39049001110" }, "geometry": { "type": "Polygon", "coordinates": [ [ [ -83.0118651, 40.010051 ], [ -83.0118784, 40.0099169 ], [ -83.0119337, 40.0099201 ], [ -83.0119323, 40.0099345 ], [ -83.0119941, 40.0099381 ], [ -83.0119823, 40.0100578 ], [ -83.0118651, 40.010051 ] ] ] } },
{ "type": "Feature", "properties": { "@id": "way/617266530", "amenity": null, "building": "house", "name": null, "shop": null, "GEOID": "39049001110" }, "geometry": { "type": "Polygon", "coordinates": [ [ [ -83.0117254, 40.0100269 ], [ -83.0117354, 40.0099039 ], [ -83.0118557, 40.0099096 ], [ -83.0118457, 40.0100326 ], [ -83.0117254, 40.0100269 ] ] ] } },
{ "type": "Feature", "properties": { "@id": "way/617266531", "amenity": null, "building": "house", "name": null, "shop": null, "GEOID": "39049001110" }, "geometry": { "type": "Polygon", "coordinates": [ [ [ -83.0116027, 40.0100165 ], [ -83.0116113, 40.0099224 ], [ -83.0117194, 40.0099283 ], [ -83.0117107, 40.0100223 ], [ -83.0116027, 40.0100165 ] ] ] } },
{ "type": "Feature", "properties": { "@id": "way/617266532", "amenity": null, "building": "house", "name": null, "shop": null, "GEOID": "39049001110" }, "geometry": { "type": "Polygon", "coordinates": [ [ [ -83.0115803, 40.0100316 ], [ -83.0115897, 40.0099156 ], [ -83.0115758, 40.0099149 ], [ -83.0115853, 40.0097991 ], [ -83.0114832, 40.0097942 ], [ -83.0114728, 40.0099214 ], [ -83.0115009, 40.0099227 ], [ -83.0114924, 40.0100274 ], [ -83.0115803, 40.0100316 ] ] ] } },
{ "type": "Feature", "properties": { "@id": "way/617266533", "amenity": null, "building": "house", "name": null, "shop": null, "GEOID": "39049001110" }, "geometry": { "type": "Polygon", "coordinates": [ [ [ -83.0113267, 40.0100203 ], [ -83.0113407, 40.0098773 ], [ -83.0114504, 40.0098836 ], [ -83.0114364, 40.0100266 ], [ -83.0113267, 40.0100203 ] ] ] } },
{ "type": "Feature", "properties": { "@id": "way/617266534", "amenity": null, "building": "house", "name": null, "shop": null, "GEOID": "39049001110" }, "geometry": { "type": "Polygon", "coordinates": [ [ [ -83.0113098, 40.0100192 ], [ -83.0113215, 40.0098863 ], [ -83.0112446, 40.0098823 ], [ -83.0112329, 40.0100152 ], [ -83.0113098, 40.0100192 ] ] ] } },
{ "type": "Feature", "properties": { "@id": "way/617266535", "amenity": null, "building": "house", "name": null, "shop": null, "GEOID": "39049001110" }, "geometry": { "type": "Polygon", "coordinates": [ [ [ -83.0110923, 40.0099134 ], [ -83.0110794, 40.0100249 ], [ -83.0111686, 40.0100309 ], [ -83.0111815, 40.0099195 ], [ -83.0110923, 40.0099134 ] ] ] } },
{ "type": "Feature", "properties": { "@id": "way/617266549", "amenity": null, "building": "house", "name": null, "shop": null, "GEOID": "39049001110" }, "geometry": { "type": "Polygon", "coordinates": [ [ [ -83.0139144, 40.0095602 ], [ -83.0139283, 40.0094206 ], [ -83.0141285, 40.0094323 ], [ -83.0141236, 40.0094812 ], [ -83.0141704, 40.0094839 ], [ -83.014164, 40.0095484 ], [ -83.0141242, 40.009546 ], [ -83.0141215, 40.0095723 ], [ -83.0139144, 40.0095602 ] ] ] } },
{ "type": "Feature", "properties": { "@id": "way/617266550", "amenity": null, "building": "house", "name": null, "shop": null, "GEOID": "39049001110" }, "geometry": { "type": "Polygon", "coordinates": [ [ [ -83.0138612, 40.0097919 ], [ -83.0138998, 40.0096104 ], [ -83.0141114, 40.0096368 ], [ -83.0140728, 40.0098183 ], [ -83.0138612, 40.0097919 ] ] ] } },
{ "type": "Feature", "properties": { "@id": "way/617266551", "amenity": null, "building": "house", "name": null, "shop": null, "GEOID": "39049001110" }, "geometry": { "type": "Polygon", "coordinates": [ [ [ -83.0138636, 40.0098503 ], [ -83.0139832, 40.0098622 ], [ -83.0139667, 40.0099596 ], [ -83.0138471, 40.0099477 ], [ -83.0138636, 40.0098503 ] ] ] } },
{ "type": "Feature", "properties": { "@id": "way/617266552", "amenity": null, "building": "house", "name": null, "shop": null, "GEOID": "39049001110" }, "geometry": { "type": "Polygon", "coordinates": [ [ [ -83.013808, 40.0100923 ], [ -83.0138258, 40.0099891 ], [ -83.0139865, 40.0100054 ], [ -83.0139687, 40.0101086 ], [ -83.013808, 40.0100923 ] ] ] } },
{ "type": "Feature", "properties": { "@id": "way/617266553", "amenity": null, "building": "house", "name": null, "shop": null, "GEOID": "39049001110" }, "geometry": { "type": "Polygon", "coordinates": [ [ [ -83.0146364, 40.0100104 ], [ -83.0143627, 40.0099988 ], [ -83.0143564, 40.0100866 ], [ -83.0144102, 40.0100889 ], [ -83.0144029, 40.0101897 ], [ -83.0145752, 40.010197 ], [ -83.014583, 40.0100889 ], [ -83.0146306, 40.0100909 ], [ -83.0146364, 40.0100104 ] ] ] } },
{ "type": "Feature", "properties": { "@id": "way/617266554", "amenity": null, "building": "house", "name": null, "shop": null, "GEOID": "39049001110" }, "geometry": { "type": "Polygon", "coordinates": [ [ [ -83.0146555, 40.0102012 ], [ -83.0146668, 40.0100873 ], [ -83.014837, 40.0100972 ], [ -83.0148257, 40.0102111 ], [ -83.0146555, 40.0102012 ] ] ] } },
{ "type": "Feature", "properties": { "@id": "way/617266556", "amenity": null, "building": "house", "name": null, "shop": null, "GEOID": "39049001110" }, "geometry": { "type": "Polygon", "coordinates": [ [ [ -83.0150884, 40.0102836 ], [ -83.0150897, 40.0102256 ], [ -83.0150424, 40.010223 ], [ -83.015044, 40.0101663 ], [ -83.015091, 40.010168 ], [ -83.0150974, 40.0100637 ], [ -83.0152059, 40.0100677 ], [ -83.0151924, 40.0102875 ], [ -83.0150884, 40.0102836 ] ] ] } },
{ "type": "Feature", "properties": { "@id": "way/617266557", "amenity": null, "building": "house", "name": null, "shop": null, "GEOID": "39049001110" }, "geometry": { "type": "Polygon", "coordinates": [ [ [ -83.015261, 40.0102206 ], [ -83.0152752, 40.0100145 ], [ -83.0153432, 40.0100172 ], [ -83.0153442, 40.0100021 ], [ -83.0154391, 40.0100059 ], [ -83.0154227, 40.0102451 ], [ -83.0153074, 40.0102405 ], [ -83.0153086, 40.0102225 ], [ -83.015261, 40.0102206 ] ] ] } },
{ "type": "Feature", "properties": { "@id": "way/617280285", "amenity": null, "building": "house", "name": null, "shop": null, "GEOID": "39049001110" }, "geometry": { "type": "Polygon", "coordinates": [ [ [ -83.0124911, 40.0104761 ], [ -83.0124995, 40.0103555 ], [ -83.012655, 40.0103619 ], [ -83.0126466, 40.0104824 ], [ -83.0124911, 40.0104761 ] ] ] } },
{ "type": "Feature", "properties": { "@id": "way/617280286", "amenity": null, "building": "house", "name": null, "shop": null, "GEOID": "39049001110" }, "geometry": { "type": "Polygon", "coordinates": [ [ [ -83.0126935, 40.0104961 ], [ -83.0126992, 40.0103594 ], [ -83.0128351, 40.0103628 ], [ -83.0128293, 40.0104995 ], [ -83.0126935, 40.0104961 ] ] ] } },
{ "type": "Feature", "properties": { "@id": "way/617280288", "amenity": null, "building": "house", "name": null, "shop": null, "GEOID": "39049001110" }, "geometry": { "type": "Polygon", "coordinates": [ [ [ -83.0130838, 40.0104843 ], [ -83.0130922, 40.0103725 ], [ -83.0132409, 40.0103791 ], [ -83.0132324, 40.0104917 ], [ -83.0131718, 40.010489 ], [ -83.0131485, 40.0105012 ], [ -83.0131055, 40.0105007 ], [ -83.0130838, 40.0104843 ] ] ] } },
{ "type": "Feature", "properties": { "@id": "way/617280290", "amenity": null, "building": "house", "name": null, "shop": null, "GEOID": "39049001110" }, "geometry": { "type": "Polygon", "coordinates": [ [ [ -83.0113207, 40.0110401 ], [ -83.0112851, 40.0109152 ], [ -83.0113971, 40.0108965 ], [ -83.0114327, 40.0110213 ], [ -83.0113207, 40.0110401 ] ] ] } },
{ "type": "Feature", "properties": { "@id": "way/617280296", "amenity": null, "building": "house", "name": null, "shop": null, "GEOID": "39049001110" }, "geometry": { "type": "Polygon", "coordinates": [ [ [ -83.0119798, 40.0107264 ], [ -83.0119848, 40.0106479 ], [ -83.0121441, 40.0106539 ], [ -83.012139, 40.0107324 ], [ -83.0119798, 40.0107264 ] ] ] } },
{ "type": "Feature", "properties": { "@id": "way/617280297", "amenity": null, "building": "house", "name": null, "shop": null, "GEOID": "39049001110" }, "geometry": { "type": "Polygon", "coordinates": [ [ [ -83.0125065, 40.0106532 ], [ -83.0125009, 40.0107299 ], [ -83.0123793, 40.0107247 ], [ -83.0123849, 40.010648 ], [ -83.0125065, 40.0106532 ] ] ] } },
{ "type": "Feature", "properties": { "@id": "way/617280299", "amenity": null, "building": "house", "name": null, "shop": null, "GEOID": "39049001110" }, "geometry": { "type": "Polygon", "coordinates": [ [ [ -83.0125198, 40.0109344 ], [ -83.0125277, 40.0108429 ], [ -83.0126142, 40.0108473 ], [ -83.0126074, 40.0109255 ], [ -83.0125635, 40.0109232 ], [ -83.0125624, 40.0109366 ], [ -83.0125198, 40.0109344 ] ] ] } },
{ "type": "Feature", "properties": { "@id": "way/617280303", "amenity": null, "building": "house", "name": null, "shop": null, "GEOID": "39049001110" }, "geometry": { "type": "Polygon", "coordinates": [ [ [ -83.0131012, 40.0109501 ], [ -83.0131115, 40.0107939 ], [ -83.0130621, 40.010792 ], [ -83.0130601, 40.0108222 ], [ -83.0130338, 40.0108212 ], [ -83.0130287, 40.0108986 ], [ -83.0130106, 40.0108979 ], [ -83.0130074, 40.0109464 ], [ -83.0131012, 40.0109501 ] ] ] } },
{ "type": "Feature", "properties": { "@id": "way/617280304", "amenity": null, "building": "house", "name": null, "shop": null, "GEOID": "39049001110" }, "geometry": { "type": "Polygon", "coordinates": [ [ [ -83.0132235, 40.0109489 ], [ -83.0132335, 40.0108304 ], [ -83.0131548, 40.0108265 ], [ -83.0131448, 40.010945 ], [ -83.0132235, 40.0109489 ] ] ] } },
{ "type": "Feature", "properties": { "@id": "way/617280305", "amenity": null, "building": "house", "name": null, "shop": null, "GEOID": "39049001110" }, "geometry": { "type": "Polygon", "coordinates": [ [ [ -83.0132296, 40.010968 ], [ -83.013242, 40.0108927 ], [ -83.0133589, 40.0109039 ], [ -83.0133465, 40.0109793 ], [ -83.0132296, 40.010968 ] ] ] } },
{ "type": "Feature", "properties": { "@id": "way/617280306", "amenity": null, "building": "house", "name": null, "shop": null, "GEOID": "39049001110" }, "geometry": { "type": "Polygon", "coordinates": [ [ [ -83.0132544, 40.0108616 ], [ -83.0132636, 40.0107887 ], [ -83.0133804, 40.0107973 ], [ -83.0133711, 40.0108703 ], [ -83.0132544, 40.0108616 ] ] ] } },
{ "type": "Feature", "properties": { "@id": "way/617280307", "amenity": null, "building": "house", "name": null, "shop": null, "GEOID": "39049001110" }, "geometry": { "type": "Polygon", "coordinates": [ [ [ -83.0132753, 40.0106704 ], [ -83.013263, 40.0107463 ], [ -83.0133689, 40.0107563 ], [ -83.0133812, 40.0106805 ], [ -83.0132753, 40.0106704 ] ] ] } },
{ "type": "Feature", "properties": { "@id": "way/617280320", "amenity": null, "building": "house", "name": null, "shop": null, "GEOID": "39049001110" }, "geometry": { "type": "Polygon", "coordinates": [ [ [ -83.0109419, 40.0114306 ], [ -83.0109092, 40.0112956 ], [ -83.0110129, 40.0112808 ], [ -83.0110457, 40.0114158 ], [ -83.0109419, 40.0114306 ] ] ] } },
{ "type": "Feature", "properties": { "@id": "way/617280321", "amenity": null, "building": "house", "name": null, "shop": null, "GEOID": "39049001110" }, "geometry": { "type": "Polygon", "coordinates": [ [ [ -83.0110687, 40.01141 ], [ -83.0110368, 40.0112781 ], [ -83.0111464, 40.0112626 ], [ -83.0111727, 40.0113716 ], [ -83.0111526, 40.0113745 ], [ -83.0111581, 40.0113973 ], [ -83.0110687, 40.01141 ] ] ] } },
{ "type": "Feature", "properties": { "@id": "way/617280322", "amenity": null, "building": "house", "name": null, "shop": null, "GEOID": "39049001110" }, "geometry": { "type": "Polygon", "coordinates": [ [ [ -83.0114213, 40.0119019 ], [ -83.0113965, 40.0118146 ], [ -83.0114949, 40.0117983 ], [ -83.0115197, 40.0118855 ], [ -83.0114213, 40.0119019 ] ] ] } },
{ "type": "Feature", "properties": { "@id": "way/617280323", "amenity": null, "building": "house", "name": null, "shop": null, "GEOID": "39049001110" }, "geometry": { "type": "Polygon", "coordinates": [ [ [ -83.0115537, 40.0118828 ], [ -83.011529, 40.0117956 ], [ -83.0116274, 40.0117792 ], [ -83.0116521, 40.0118665 ], [ -83.0115537, 40.0118828 ] ] ] } },
{ "type": "Feature", "properties": { "@id": "way/617280324", "amenity": null, "building": "house", "name": null, "shop": null, "GEOID": "39049001110" }, "geometry": { "type": "Polygon", "coordinates": [ [ [ -83.0116662, 40.011865 ], [ -83.0116325, 40.011737 ], [ -83.0117432, 40.0117199 ], [ -83.011777, 40.0118478 ], [ -83.0116662, 40.011865 ] ] ] } },
{ "type": "Feature", "properties": { "@id": "way/617280325", "amenity": null, "building": "house", "name": null, "shop": null, "GEOID": "39049001110" }, "geometry": { "type": "Polygon", "coordinates": [ [ [ -83.0117937, 40.011847 ], [ -83.01176, 40.011719 ], [ -83.0118707, 40.0117019 ], [ -83.0119045, 40.0118298 ], [ -83.0117937, 40.011847 ] ] ] } },
{ "type": "Feature", "properties": { "@id": "way/617280326", "amenity": null, "building": "house", "name": null, "shop": null, "GEOID": "39049001110" }, "geometry": { "type": "Polygon", "coordinates": [ [ [ -83.0119244, 40.0118274 ], [ -83.0119025, 40.011741 ], [ -83.012012, 40.0117246 ], [ -83.012034, 40.011811 ], [ -83.0119244, 40.0118274 ] ] ] } },
{ "type": "Feature", "properties": { "@id": "way/617280327", "amenity": null, "building": "house", "name": null, "shop": null, "GEOID": "39049001110" }, "geometry": { "type": "Polygon", "coordinates": [ [ [ -83.0120709, 40.0118105 ], [ -83.0120662, 40.0116858 ], [ -83.0121771, 40.0116834 ], [ -83.0121817, 40.0118081 ], [ -83.0120709, 40.0118105 ] ] ] } },
{ "type": "Feature", "properties": { "@id": "way/617280328", "amenity": null, "building": "house", "name": null, "shop": null, "GEOID": "39049001110" }, "geometry": { "type": "Polygon", "coordinates": [ [ [ -83.0122106, 40.0118069 ], [ -83.01222, 40.0116872 ], [ -83.0123359, 40.0116925 ], [ -83.0123266, 40.0118122 ], [ -83.0122106, 40.0118069 ] ] ] } },
{ "type": "Feature", "properties": { "@id": "way/617280329", "amenity": null, "building": "house", "name": null, "shop": null, "GEOID": "39049001110" }, "geometry": { "type": "Polygon", "coordinates": [ [ [ -83.0123481, 40.0118142 ], [ -83.0123575, 40.0116945 ], [ -83.0124734, 40.0116998 ], [ -83.0124641, 40.0118195 ], [ -83.0123481, 40.0118142 ] ] ] } },
{ "type": "Feature", "properties": { "@id": "way/617280330", "amenity": null, "building": "house", "name": null, "shop": null, "GEOID": "39049001110" }, "geometry": { "type": "Polygon", "coordinates": [ [ [ -83.012476, 40.0118229 ], [ -83.0124854, 40.0117032 ], [ -83.0126014, 40.0117085 ], [ -83.012592, 40.0118282 ], [ -83.012476, 40.0118229 ] ] ] } },
{ "type": "Feature", "properties": { "@id": "way/617280331", "amenity": null, "building": "house", "name": null, "shop": null, "GEOID": "39049001110" }, "geometry": { "type": "Polygon", "coordinates": [ [ [ -83.0126082, 40.0118316 ], [ -83.0126176, 40.0117119 ], [ -83.0127336, 40.0117172 ], [ -83.0127242, 40.0118369 ], [ -83.0126082, 40.0118316 ] ] ] } },
{ "type": "Feature", "properties": { "@id": "way/617280332", "amenity": null, "building": "house", "name": null, "shop": null, "GEOID": "39049001110" }, "geometry": { "type": "Polygon", "coordinates": [ [ [ -83.0127725, 40.0118567 ], [ -83.0127818, 40.0117355 ], [ -83.0128652, 40.0117392 ], [ -83.0128559, 40.0118604 ], [ -83.0127725, 40.0118567 ] ] ] } },
{ "type": "Feature", "properties": { "@id": "way/617280333", "amenity": null, "building": "house", "name": null, "shop": null, "GEOID": "39049001110" }, "geometry": { "type": "Polygon", "coordinates": [ [ [ -83.0128886, 40.0117506 ], [ -83.0128689, 40.0118736 ], [ -83.0129641, 40.0118825 ], [ -83.0129837, 40.0117595 ], [ -83.0128886, 40.0117506 ] ] ] } },
{ "type": "Feature", "properties": { "@id": "way/617280334", "amenity": null, "building": "house", "name": null, "shop": null, "GEOID": "39049001110" }, "geometry": { "type": "Polygon", "coordinates": [ [ [ -83.0128841, 40.0116932 ], [ -83.0128949, 40.0116003 ], [ -83.0130782, 40.0116128 ], [ -83.0130727, 40.0116608 ], [ -83.013048, 40.0116592 ], [ -83.0130449, 40.0116861 ], [ -83.0129464, 40.0116794 ], [ -83.0129443, 40.0116973 ], [ -83.0128841, 40.0116932 ] ] ] } },
{ "type": "Feature", "properties": { "@id": "way/617280335", "amenity": null, "building": "house", "name": null, "shop": null, "GEOID": "39049001110" }, "geometry": { "type": "Polygon", "coordinates": [ [ [ -83.0112766, 40.011386 ], [ -83.0112541, 40.0112755 ], [ -83.0113028, 40.0112697 ], [ -83.0113061, 40.0112857 ], [ -83.0113631, 40.0112789 ], [ -83.0113824, 40.0113733 ], [ -83.0112766, 40.011386 ] ] ] } },
{ "type": "Feature", "properties": { "@id": "way/617280336", "amenity": null, "building": "house", "name": null, "shop": null, "GEOID": "39049001110" }, "geometry": { "type": "Polygon", "coordinates": [ [ [ -83.0114222, 40.0113934 ], [ -83.011391, 40.0112781 ], [ -83.0114944, 40.0112617 ], [ -83.0115256, 40.011377 ], [ -83.0114222, 40.0113934 ] ] ] } },
{ "type": "Feature", "properties": { "@id": "way/617280337", "amenity": null, "building": "house", "name": null, "shop": null, "GEOID": "39049001110" }, "geometry": { "type": "Polygon", "coordinates": [ [ [ -83.0115532, 40.0113665 ], [ -83.0115182, 40.0112347 ], [ -83.0116237, 40.0112183 ], [ -83.0116587, 40.0113501 ], [ -83.0115532, 40.0113665 ] ] ] } },
{ "type": "Feature", "properties": { "@id": "way/617280338", "amenity": null, "building": "house", "name": null, "shop": null, "GEOID": "39049001110" }, "geometry": { "type": "Polygon", "coordinates": [ [ [ -83.011697, 40.0113527 ], [ -83.0116621, 40.0112132 ], [ -83.0117667, 40.0111978 ], [ -83.0118015, 40.0113373 ], [ -83.011697, 40.0113527 ] ] ] } },
{ "type": "Feature", "properties": { "@id": "way/617280339", "amenity": null, "building": "house", "name": null, "shop": null, "GEOID": "39049001110" }, "geometry": { "type": "Polygon", "coordinates": [ [ [ -83.0118469, 40.0113048 ], [ -83.0118195, 40.0111962 ], [ -83.0119171, 40.0111798 ], [ -83.0119446, 40.0112885 ], [ -83.0118469, 40.0113048 ] ] ] } },
{ "type": "Feature", "properties": { "@id": "way/617280340", "amenity": null, "building": "house", "name": null, "shop": null, "GEOID": "39049001110" }, "geometry": { "type": "Polygon", "coordinates": [ [ [ -83.0119698, 40.0112758 ], [ -83.0119441, 40.0111672 ], [ -83.0120463, 40.011153 ], [ -83.012072, 40.0112617 ], [ -83.0119698, 40.0112758 ] ] ] } },
{ "type": "Feature", "properties": { "@id": "way/617280341", "amenity": null, "building": "house", "name": null, "shop": null, "GEOID": "39049001110" }, "geometry": { "type": "Polygon", "coordinates": [ [ [ -83.0121302, 40.0112422 ], [ -83.0121335, 40.0111493 ], [ -83.0122335, 40.0111514 ], [ -83.0122301, 40.0112443 ], [ -83.0121302, 40.0112422 ] ] ] } },
{ "type": "Feature", "properties": { "@id": "way/617280342", "amenity": null, "building": "house", "name": null, "shop": null, "GEOID": "39049001110" }, "geometry": { "type": "Polygon", "coordinates": [ [ [ -83.0122465, 40.011278 ], [ -83.012253, 40.0111473 ], [ -83.0123644, 40.0111505 ], [ -83.012358, 40.0112813 ], [ -83.0122465, 40.011278 ] ] ] } },
{ "type": "Feature", "properties": { "@id": "way/617280343", "amenity": null, "building": "house", "name": null, "shop": null, "GEOID": "39049001110" }, "geometry": { "type": "Polygon", "coordinates": [ [ [ -83.0123853, 40.0112816 ], [ -83.0123933, 40.0111496 ], [ -83.0124994, 40.0111534 ], [ -83.0124914, 40.0112854 ], [ -83.0123853, 40.0112816 ] ] ] } },
{ "type": "Feature", "properties": { "@id": "way/617280344", "amenity": null, "building": "house", "name": null, "shop": null, "GEOID": "39049001110" }, "geometry": { "type": "Polygon", "coordinates": [ [ [ -83.0125255, 40.0112865 ], [ -83.0125361, 40.0111586 ], [ -83.0126461, 40.0111639 ], [ -83.0126355, 40.0112918 ], [ -83.0125255, 40.0112865 ] ] ] } },
{ "type": "Feature", "properties": { "@id": "way/617280345", "amenity": null, "building": "house", "name": null, "shop": null, "GEOID": "39049001110" }, "geometry": { "type": "Polygon", "coordinates": [ [ [ -83.012658, 40.0112951 ], [ -83.0126722, 40.0111608 ], [ -83.0127789, 40.0111674 ], [ -83.0127647, 40.0113017 ], [ -83.012658, 40.0112951 ] ] ] } },
{ "type": "Feature", "properties": { "@id": "way/617280346", "amenity": null, "building": "house", "name": null, "shop": null, "GEOID": "39049001110" }, "geometry": { "type": "Polygon", "coordinates": [ [ [ -83.0127943, 40.0112967 ], [ -83.0128052, 40.0111658 ], [ -83.0129211, 40.0111714 ], [ -83.0129102, 40.0113024 ], [ -83.0127943, 40.0112967 ] ] ] } },
{ "type": "Feature", "properties": { "@id": "way/617280347", "amenity": null, "building": "house", "name": null, "shop": null, "GEOID": "39049001110" }, "geometry": { "type": "Polygon", "coordinates": [ [ [ -83.0129614, 40.0112717 ], [ -83.012967, 40.0111646 ], [ -83.0130576, 40.0111674 ], [ -83.013052, 40.0112744 ], [ -83.0129614, 40.0112717 ] ] ] } },
{ "type": "Feature", "properties": { "@id": "way/617280348", "amenity": null, "building": "house", "name": null, "shop": null, "GEOID": "39049001110" }, "geometry": { "type": "Polygon", "coordinates": [ [ [ -83.013069, 40.0113073 ], [ -83.0130809, 40.0111724 ], [ -83.0131861, 40.0111778 ], [ -83.0131742, 40.0113128 ], [ -83.013069, 40.0113073 ] ] ] } },
{ "type": "Feature", "properties": { "@id": "way/617280352", "amenity": null, "building": "house", "name": null, "shop": null, "GEOID": "39049001110" }, "geometry": { "type": "Polygon", "coordinates": [ [ [ -83.0133561, 40.011581 ], [ -83.013551, 40.011588 ], [ -83.0135477, 40.0116411 ], [ -83.0135142, 40.0116399 ], [ -83.0135129, 40.0116597 ], [ -83.0133517, 40.0116539 ], [ -83.0133561, 40.011581 ] ] ] } },
{ "type": "Feature", "properties": { "@id": "way/617280353", "amenity": null, "building": "house", "name": null, "shop": null, "GEOID": "39049001110" }, "geometry": { "type": "Polygon", "coordinates": [ [ [ -83.0133362, 40.0118138 ], [ -83.0133445, 40.0117401 ], [ -83.0135491, 40.0117536 ], [ -83.0135407, 40.0118274 ], [ -83.0133362, 40.0118138 ] ] ] } },
{ "type": "Feature", "properties": { "@id": "way/617280354", "amenity": null, "building": "house", "name": null, "shop": null, "GEOID": "39049001110" }, "geometry": { "type": "Polygon", "coordinates": [ [ [ -83.0136964, 40.0118743 ], [ -83.0137027, 40.0117933 ], [ -83.0138091, 40.0117981 ], [ -83.0138028, 40.0118791 ], [ -83.0136964, 40.0118743 ] ] ] } },
{ "type": "Feature", "properties": { "@id": "way/617280355", "amenity": null, "building": "house", "name": null, "shop": null, "GEOID": "39049001110" }, "geometry": { "type": "Polygon", "coordinates": [ [ [ -83.0138733, 40.011875 ], [ -83.0138822, 40.0117665 ], [ -83.0140464, 40.0117744 ], [ -83.0140432, 40.0118134 ], [ -83.0140145, 40.011812 ], [ -83.0140088, 40.0118815 ], [ -83.0138733, 40.011875 ] ] ] } },
{ "type": "Feature", "properties": { "@id": "way/617280356", "amenity": null, "building": "house", "name": null, "shop": null, "GEOID": "39049001110" }, "geometry": { "type": "Polygon", "coordinates": [ [ [ -83.0140746, 40.0118971 ], [ -83.0140855, 40.0117733 ], [ -83.0142421, 40.0117814 ], [ -83.0142387, 40.0118193 ], [ -83.014219, 40.0118183 ], [ -83.0142114, 40.0119042 ], [ -83.0140746, 40.0118971 ] ] ] } },
{ "type": "Feature", "properties": { "@id": "way/617280357", "amenity": null, "building": "house", "name": null, "shop": null, "GEOID": "39049001110" }, "geometry": { "type": "Polygon", "coordinates": [ [ [ -83.014321, 40.0119521 ], [ -83.0143285, 40.0118597 ], [ -83.0144783, 40.0118669 ], [ -83.0144708, 40.0119593 ], [ -83.014321, 40.0119521 ] ] ] } },
{ "type": "Feature", "properties": { "@id": "way/617280358", "amenity": null, "building": "house", "name": null, "shop": null, "GEOID": "39049001110" }, "geometry": { "type": "Polygon", "coordinates": [ [ [ -83.0142705, 40.0106623 ], [ -83.0142914, 40.0105532 ], [ -83.0143997, 40.0105654 ], [ -83.0143886, 40.0106236 ], [ -83.0144353, 40.0106289 ], [ -83.0144256, 40.0106797 ], [ -83.0142705, 40.0106623 ] ] ] } },
{ "type": "Feature", "properties": { "@id": "way/617280359", "amenity": null, "building": "house", "name": null, "shop": null, "GEOID": "39049001110" }, "geometry": { "type": "Polygon", "coordinates": [ [ [ -83.0142583, 40.0106787 ], [ -83.0141286, 40.0106671 ], [ -83.0141487, 40.0105347 ], [ -83.0142492, 40.0105436 ], [ -83.0142384, 40.0106146 ], [ -83.0142676, 40.0106172 ], [ -83.0142583, 40.0106787 ] ] ] } },
{ "type": "Feature", "properties": { "@id": "way/617280360", "amenity": null, "building": "house", "name": null, "shop": null, "GEOID": "39049001110" }, "geometry": { "type": "Polygon", "coordinates": [ [ [ -83.0136695, 40.0109774 ], [ -83.0136728, 40.0108793 ], [ -83.0138227, 40.0108824 ], [ -83.0138198, 40.0109656 ], [ -83.0137486, 40.0109641 ], [ -83.0137481, 40.010979 ], [ -83.0136695, 40.0109774 ] ] ] } },
{ "type": "Feature", "properties": { "@id": "way/617280361", "amenity": null, "building": "house", "name": null, "shop": null, "GEOID": "39049001110" }, "geometry": { "type": "Polygon", "coordinates": [ [ [ -83.0136777, 40.0108159 ], [ -83.0136838, 40.0107339 ], [ -83.013871, 40.010742 ], [ -83.0138649, 40.010824 ], [ -83.0136777, 40.0108159 ] ] ] } },
{ "type": "Feature", "properties": { "@id": "way/617280362", "amenity": null, "building": "house", "name": null, "shop": null, "GEOID": "39049001110" }, "geometry": { "type": "Polygon", "coordinates": [ [ [ -83.0137035, 40.0106774 ], [ -83.0137112, 40.0106057 ], [ -83.0138382, 40.0106137 ], [ -83.0138305, 40.0106854 ], [ -83.0137035, 40.0106774 ] ] ] } },
{ "type": "Feature", "properties": { "@id": "way/617280363", "amenity": null, "building": "house", "name": null, "shop": null, "GEOID": "39049001110" }, "geometry": { "type": "Polygon", "coordinates": [ [ [ -83.0137189, 40.0105937 ], [ -83.0137246, 40.0105035 ], [ -83.0138892, 40.0105096 ], [ -83.0138835, 40.0105998 ], [ -83.0137189, 40.0105937 ] ] ] } },
{ "type": "Feature", "properties": { "@id": "way/617280364", "amenity": null, "building": "house", "name": null, "shop": null, "GEOID": "39049001110" }, "geometry": { "type": "Polygon", "coordinates": [ [ [ -83.013915, 40.0104973 ], [ -83.0139231, 40.010387 ], [ -83.0138404, 40.0103834 ], [ -83.0138398, 40.0103921 ], [ -83.0137471, 40.0103881 ], [ -83.0137405, 40.0104777 ], [ -83.0138303, 40.0104815 ], [ -83.0138294, 40.0104937 ], [ -83.013915, 40.0104973 ] ] ] } },
{ "type": "Feature", "properties": { "@id": "way/617292700", "amenity": null, "building": "house", "name": null, "shop": null, "GEOID": "39049001110" }, "geometry": { "type": "Polygon", "coordinates": [ [ [ -83.0143615, 40.0122626 ], [ -83.0143738, 40.0121551 ], [ -83.0144824, 40.0121624 ], [ -83.0144701, 40.0122698 ], [ -83.0143615, 40.0122626 ] ] ] } },
{ "type": "Feature", "properties": { "@id": "way/617292701", "amenity": null, "building": "house", "name": null, "shop": null, "GEOID": "39049001110" }, "geometry": { "type": "Polygon", "coordinates": [ [ [ -83.0141004, 40.0122301 ], [ -83.0141058, 40.0121682 ], [ -83.0142363, 40.0121748 ], [ -83.014231, 40.0122367 ], [ -83.0141004, 40.0122301 ] ] ] } },
{ "type": "Feature", "properties": { "@id": "way/617292702", "amenity": null, "building": "house", "name": null, "shop": null, "GEOID": "39049001110" }, "geometry": { "type": "Polygon", "coordinates": [ [ [ -83.0140817, 40.0122459 ], [ -83.0140907, 40.0121409 ], [ -83.0140072, 40.0121367 ], [ -83.0139966, 40.0122616 ], [ -83.0140627, 40.0122649 ], [ -83.0140644, 40.012245 ], [ -83.0140817, 40.0122459 ] ] ] } },
{ "type": "Feature", "properties": { "@id": "way/617292703", "amenity": null, "building": "house", "name": null, "shop": null, "GEOID": "39049001110" }, "geometry": { "type": "Polygon", "coordinates": [ [ [ -83.0138537, 40.0122529 ], [ -83.0138624, 40.0121414 ], [ -83.0139524, 40.0121456 ], [ -83.013946, 40.0122281 ], [ -83.0138998, 40.0122259 ], [ -83.0138975, 40.0122549 ], [ -83.0138537, 40.0122529 ] ] ] } },
{ "type": "Feature", "properties": { "@id": "way/617292704", "amenity": null, "building": "house", "name": null, "shop": null, "GEOID": "39049001110" }, "geometry": { "type": "Polygon", "coordinates": [ [ [ -83.0137138, 40.0122232 ], [ -83.0137212, 40.0121393 ], [ -83.0138069, 40.0121437 ], [ -83.0137995, 40.0122277 ], [ -83.0137138, 40.0122232 ] ] ] } },
{ "type": "Feature", "properties": { "@id": "way/617292707", "amenity": null, "building": "house", "name": null, "shop": null, "GEOID": "39049001110" }, "geometry": { "type": "Polygon", "coordinates": [ [ [ -83.0135466, 40.0122906 ], [ -83.0135587, 40.0121066 ], [ -83.0136591, 40.0121105 ], [ -83.0136471, 40.0122945 ], [ -83.0135466, 40.0122906 ] ] ] } },
{ "type": "Feature", "properties": { "@id": "way/617292709", "amenity": null, "building": "house", "name": null, "shop": null, "GEOID": "39049001110" }, "geometry": { "type": "Polygon", "coordinates": [ [ [ -83.013331, 40.0122117 ], [ -83.0133331, 40.0121587 ], [ -83.0133558, 40.0121593 ], [ -83.0133575, 40.0121174 ], [ -83.013444, 40.0121195 ], [ -83.0134407, 40.0122026 ], [ -83.0134001, 40.0122016 ], [ -83.0133997, 40.0122133 ], [ -83.013331, 40.0122117 ] ] ] } },
{ "type": "Feature", "properties": { "@id": "way/617292711", "amenity": null, "building": "house", "name": null, "shop": null, "GEOID": "39049001110" }, "geometry": { "type": "Polygon", "coordinates": [ [ [ -83.0131877, 40.0122141 ], [ -83.0131963, 40.0120944 ], [ -83.0132699, 40.0120975 ], [ -83.0132613, 40.0122172 ], [ -83.0131877, 40.0122141 ] ] ] } },
{ "type": "Feature", "properties": { "@id": "way/617292712", "amenity": null, "building": "house", "name": null, "shop": null, "GEOID": "39049001110" }, "geometry": { "type": "Polygon", "coordinates": [ [ [ -83.0127201, 40.0123809 ], [ -83.0127292, 40.0123046 ], [ -83.0128239, 40.0123112 ], [ -83.0128148, 40.0123875 ], [ -83.0127201, 40.0123809 ] ] ] } },
{ "type": "Feature", "properties": { "@id": "way/617292713", "amenity": null, "building": "house", "name": null, "shop": null, "GEOID": "39049001110" }, "geometry": { "type": "Polygon", "coordinates": [ [ [ -83.0129112, 40.0121774 ], [ -83.0127943, 40.0121668 ], [ -83.0128098, 40.0120669 ], [ -83.0129267, 40.0120776 ], [ -83.0129112, 40.0121774 ] ] ] } },
{ "type": "Feature", "properties": { "@id": "way/617292714", "amenity": null, "building": "house", "name": null, "shop": null, "GEOID": "39049001110" }, "geometry": { "type": "Polygon", "coordinates": [ [ [ -83.0126475, 40.0121747 ], [ -83.0126584, 40.0120621 ], [ -83.0127636, 40.012068 ], [ -83.0127527, 40.0121807 ], [ -83.0126475, 40.0121747 ] ] ] } },
{ "type": "Feature", "properties": { "@id": "way/617292715", "amenity": null, "building": "house", "name": null, "shop": null, "GEOID": "39049001110" }, "geometry": { "type": "Polygon", "coordinates": [ [ [ -83.012495, 40.0121642 ], [ -83.0124974, 40.0120725 ], [ -83.012618, 40.0120744 ], [ -83.0126156, 40.0121661 ], [ -83.012495, 40.0121642 ] ] ] } },
{ "type": "Feature", "properties": { "@id": "way/617292716", "amenity": null, "building": "house", "name": null, "shop": null, "GEOID": "39049001110" }, "geometry": { "type": "Polygon", "coordinates": [ [ [ -83.0123426, 40.0121864 ], [ -83.0123579, 40.0120616 ], [ -83.0124657, 40.0120694 ], [ -83.0124504, 40.0121942 ], [ -83.0123426, 40.0121864 ] ] ] } },
{ "type": "Feature", "properties": { "@id": "way/617292717", "amenity": null, "building": "house", "name": null, "shop": null, "GEOID": "39049001110" }, "geometry": { "type": "Polygon", "coordinates": [ [ [ -83.0122146, 40.0121546 ], [ -83.0122218, 40.0120464 ], [ -83.012312, 40.0120499 ], [ -83.0123049, 40.0121581 ], [ -83.0122146, 40.0121546 ] ] ] } },
{ "type": "Feature", "properties": { "@id": "way/617292718", "amenity": null, "building": "house", "name": null, "shop": null, "GEOID": "39049001110" }, "geometry": { "type": "Polygon", "coordinates": [ [ [ -83.0120564, 40.0122146 ], [ -83.0120267, 40.0120892 ], [ -83.0121339, 40.0120744 ], [ -83.0121635, 40.0121997 ], [ -83.0120564, 40.0122146 ] ] ] } },
{ "type": "Feature", "properties": { "@id": "way/617292719", "amenity": null, "building": "house", "name": null, "shop": null, "GEOID": "39049001110" }, "geometry": { "type": "Polygon", "coordinates": [ [ [ -83.0119125, 40.0122326 ], [ -83.0118829, 40.0121072 ], [ -83.01199, 40.0120924 ], [ -83.0120197, 40.0122177 ], [ -83.0119125, 40.0122326 ] ] ] } },
{ "type": "Feature", "properties": { "@id": "way/617292720", "amenity": null, "building": "house", "name": null, "shop": null, "GEOID": "39049001110" }, "geometry": { "type": "Polygon", "coordinates": [ [ [ -83.0117692, 40.0122506 ], [ -83.0117396, 40.0121253 ], [ -83.0118467, 40.0121104 ], [ -83.0118764, 40.0122358 ], [ -83.0117692, 40.0122506 ] ] ] } },
{ "type": "Feature", "properties": { "@id": "way/617292721", "amenity": null, "building": "house", "name": null, "shop": null, "GEOID": "39049001110" }, "geometry": { "type": "Polygon", "coordinates": [ [ [ -83.0115796, 40.0122444 ], [ -83.0115587, 40.01215 ], [ -83.0117075, 40.0121307 ], [ -83.0117284, 40.012225 ], [ -83.0115796, 40.0122444 ] ] ] } },
{ "type": "Feature", "properties": { "@id": "way/617292727", "amenity": null, "building": "house", "name": null, "shop": null, "GEOID": "39049001110" }, "geometry": { "type": "Polygon", "coordinates": [ [ [ -83.0142158, 40.0127342 ], [ -83.0141761, 40.0125937 ], [ -83.014108, 40.012605 ], [ -83.0141206, 40.0126494 ], [ -83.0140798, 40.0126562 ], [ -83.0141013, 40.0127323 ], [ -83.0141346, 40.0127268 ], [ -83.0141403, 40.0127467 ], [ -83.0142158, 40.0127342 ] ] ] } },
{ "type": "Feature", "properties": { "@id": "way/617292728", "amenity": null, "building": "house", "name": null, "shop": null, "GEOID": "39049001110" }, "geometry": { "type": "Polygon", "coordinates": [ [ [ -83.0139689, 40.0127749 ], [ -83.0139444, 40.0126666 ], [ -83.0140315, 40.012655 ], [ -83.0140561, 40.0127633 ], [ -83.0139689, 40.0127749 ] ] ] } },
{ "type": "Feature", "properties": { "@id": "way/617292729", "amenity": null, "building": "house", "name": null, "shop": null, "GEOID": "39049001110" }, "geometry": { "type": "Polygon", "coordinates": [ [ [ -83.0138632, 40.0128082 ], [ -83.0138364, 40.0127002 ], [ -83.0139287, 40.0126867 ], [ -83.0139556, 40.0127947 ], [ -83.0138632, 40.0128082 ] ] ] } },
{ "type": "Feature", "properties": { "@id": "way/617292730", "amenity": null, "building": "house", "name": null, "shop": null, "GEOID": "39049001110" }, "geometry": { "type": "Polygon", "coordinates": [ [ [ -83.0138437, 40.012787 ], [ -83.0138144, 40.0126812 ], [ -83.0137168, 40.0126971 ], [ -83.0137461, 40.0128029 ], [ -83.0138437, 40.012787 ] ] ] } },
{ "type": "Feature", "properties": { "@id": "way/617292731", "amenity": null, "building": "house", "name": null, "shop": null, "GEOID": "39049001110" }, "geometry": { "type": "Polygon", "coordinates": [ [ [ -83.0136127, 40.012823 ], [ -83.0135708, 40.0126825 ], [ -83.0136795, 40.0126635 ], [ -83.0137214, 40.012804 ], [ -83.0136127, 40.012823 ] ] ] } },
{ "type": "Feature", "properties": { "@id": "way/617292732", "amenity": null, "building": "house", "name": null, "shop": null, "GEOID": "39049001110" }, "geometry": { "type": "Polygon", "coordinates": [ [ [ -83.0135926, 40.0128072 ], [ -83.0135422, 40.0126176 ], [ -83.0134795, 40.0126274 ], [ -83.013494, 40.0126819 ], [ -83.013526, 40.0126769 ], [ -83.0135306, 40.0126945 ], [ -83.0134964, 40.0126998 ], [ -83.0135277, 40.0128173 ], [ -83.0135926, 40.0128072 ] ] ] } },
{ "type": "Feature", "properties": { "@id": "way/617292733", "amenity": null, "building": "house", "name": null, "shop": null, "GEOID": "39049001110" }, "geometry": { "type": "Polygon", "coordinates": [ [ [ -83.013479, 40.0128386 ], [ -83.0134395, 40.0127106 ], [ -83.0133771, 40.0127219 ], [ -83.0133848, 40.0127469 ], [ -83.0133509, 40.012753 ], [ -83.0133827, 40.012856 ], [ -83.013479, 40.0128386 ] ] ] } },
{ "type": "Feature", "properties": { "@id": "way/617292734", "amenity": null, "building": "house", "name": null, "shop": null, "GEOID": "39049001110" }, "geometry": { "type": "Polygon", "coordinates": [ [ [ -83.0133303, 40.0128656 ], [ -83.0132954, 40.0127644 ], [ -83.0132116, 40.0127814 ], [ -83.0132466, 40.0128826 ], [ -83.0133303, 40.0128656 ] ] ] } },
{ "type": "Feature", "properties": { "@id": "way/617292740", "amenity": null, "building": "house", "name": null, "shop": null, "GEOID": "39049001110" }, "geometry": { "type": "Polygon", "coordinates": [ [ [ -83.0117872, 40.0131225 ], [ -83.0117539, 40.012996 ], [ -83.011691, 40.0130057 ], [ -83.0117243, 40.0131322 ], [ -83.0117872, 40.0131225 ] ] ] } },
{ "type": "Feature", "properties": { "@id": "way/617292741", "amenity": null, "building": "house", "name": null, "shop": null, "GEOID": "39049001110" }, "geometry": { "type": "Polygon", "coordinates": [ [ [ -83.0119508, 40.0131001 ], [ -83.0119237, 40.0129781 ], [ -83.0118376, 40.0129893 ], [ -83.0118569, 40.0130759 ], [ -83.0118787, 40.013077 ], [ -83.0118857, 40.0131086 ], [ -83.0119508, 40.0131001 ] ] ] } },
{ "type": "Feature", "properties": { "@id": "way/617292742", "amenity": null, "building": "house", "name": null, "shop": null, "GEOID": "39049001110" }, "geometry": { "type": "Polygon", "coordinates": [ [ [ -83.0120647, 40.0130991 ], [ -83.0120309, 40.0129607 ], [ -83.0119464, 40.0129728 ], [ -83.0119801, 40.0131112 ], [ -83.0120647, 40.0130991 ] ] ] } },
{ "type": "Feature", "properties": { "@id": "way/617292743", "amenity": null, "building": "house", "name": null, "shop": null, "GEOID": "39049001110" }, "geometry": { "type": "Polygon", "coordinates": [ [ [ -83.012211, 40.0130491 ], [ -83.0121788, 40.0129215 ], [ -83.0121487, 40.0129259 ], [ -83.0121458, 40.0129141 ], [ -83.0120414, 40.0129295 ], [ -83.0120766, 40.013069 ], [ -83.012211, 40.0130491 ] ] ] } },
{ "type": "Feature", "properties": { "@id": "way/617292744", "amenity": null, "building": "house", "name": null, "shop": null, "GEOID": "39049001110" }, "geometry": { "type": "Polygon", "coordinates": [ [ [ -83.0122489, 40.0130652 ], [ -83.0122176, 40.0129324 ], [ -83.0123072, 40.0129201 ], [ -83.0123384, 40.0130528 ], [ -83.0122489, 40.0130652 ] ] ] } },
{ "type": "Feature", "properties": { "@id": "way/617292745", "amenity": null, "building": "house", "name": null, "shop": null, "GEOID": "39049001110" }, "geometry": { "type": "Polygon", "coordinates": [ [ [ -83.01255, 40.0130009 ], [ -83.0125068, 40.0128472 ], [ -83.0124545, 40.0128558 ], [ -83.0124606, 40.0128775 ], [ -83.0124265, 40.0128832 ], [ -83.0124307, 40.012898 ], [ -83.0123774, 40.0129068 ], [ -83.0124002, 40.0129879 ], [ -83.0124688, 40.0129766 ], [ -83.0124789, 40.0130126 ], [ -83.01255, 40.0130009 ] ] ] } },
{ "type": "Feature", "properties": { "@id": "way/655282151", "amenity": null, "building": "house", "name": null, "shop": null, "GEOID": "39049003200" }, "geometry": { "type": "Polygon", "coordinates": [ [ [ -83.0095724, 39.9758452 ], [ -83.0093394, 39.975836 ], [ -83.0093398, 39.9758309 ], [ -83.0093129, 39.9758298 ], [ -83.0093181, 39.9757522 ], [ -83.009345, 39.9757533 ], [ -83.0093454, 39.9757474 ], [ -83.0095784, 39.9757566 ], [ -83.0095724, 39.9758452 ] ] ] } },
{ "type": "Feature", "properties": { "@id": "way/655282160", "amenity": null, "building": "house", "name": null, "shop": null, "GEOID": "39049003200" }, "geometry": { "type": "Polygon", "coordinates": [ [ [ -83.0097153, 39.9743513 ], [ -83.0094573, 39.9743419 ], [ -83.0094579, 39.974333 ], [ -83.0094596, 39.9743047 ], [ -83.0094608, 39.9742857 ], [ -83.0094625, 39.9742589 ], [ -83.0094629, 39.9742515 ], [ -83.0097209, 39.9742609 ], [ -83.0097203, 39.9742714 ], [ -83.0097158, 39.9743427 ], [ -83.0097153, 39.9743513 ] ] ] } },
{ "type": "Feature", "properties": { "@id": "way/689975601", "amenity": null, "building": "house", "name": null, "shop": null, "GEOID": "39049001500" }, "geometry": { "type": "Polygon", "coordinates": [ [ [ -82.9773041, 39.996597 ], [ -82.977311, 39.9965306 ], [ -82.9773033, 39.9965294 ], [ -82.9773079, 39.996498 ], [ -82.9772143, 39.9964855 ], [ -82.977205, 39.9965887 ], [ -82.9772043, 39.9965997 ], [ -82.9772435, 39.9966032 ], [ -82.9772463, 39.9965915 ], [ -82.9772733, 39.9965944 ], [ -82.9773041, 39.996597 ] ] ] } },
{ "type": "Feature", "properties": { "@id": "way/689976135", "amenity": null, "building": "house", "name": null, "shop": null, "GEOID": "39049001500" }, "geometry": { "type": "Polygon", "coordinates": [ [ [ -82.976675, 39.9961536 ], [ -82.9766792, 39.9960493 ], [ -82.9765813, 39.9960446 ], [ -82.9765737, 39.9961196 ], [ -82.9766138, 39.9961211 ], [ -82.9766114, 39.996151 ], [ -82.976675, 39.9961536 ] ] ] } },
{ "type": "Feature", "properties": { "@id": "way/690101716", "amenity": null, "building": "house", "name": null, "shop": null, "GEOID": "39049001500" }, "geometry": { "type": "Polygon", "coordinates": [ [ [ -82.9777454, 39.9958138 ], [ -82.977657, 39.9958098 ], [ -82.9776657, 39.995698 ], [ -82.9777186, 39.9957004 ], [ -82.977716, 39.9957337 ], [ -82.9777515, 39.9957353 ], [ -82.9777454, 39.9958138 ] ] ] } },
{ "type": "Feature", "properties": { "@id": "way/690785717", "amenity": null, "building": "house", "name": null, "shop": null, "GEOID": "39049001500" }, "geometry": { "type": "Polygon", "coordinates": [ [ [ -82.978138, 39.9958264 ], [ -82.9781465, 39.9957033 ], [ -82.9780659, 39.9956986 ], [ -82.9780376, 39.9957169 ], [ -82.9780235, 39.9958206 ], [ -82.978138, 39.9958264 ] ] ] } },
{ "type": "Feature", "properties": { "@id": "way/691434297", "amenity": null, "building": "house", "name": null, "shop": null, "GEOID": "39049001500" }, "geometry": { "type": "Polygon", "coordinates": [ [ [ -82.9775534, 39.9957952 ], [ -82.9775561, 39.9957238 ], [ -82.977509, 39.9957228 ], [ -82.9775098, 39.9957004 ], [ -82.9774528, 39.9956992 ], [ -82.9774493, 39.9957929 ], [ -82.9775534, 39.9957952 ] ] ] } },
{ "type": "Feature", "properties": { "@id": "way/693126772", "amenity": null, "building": "house", "name": null, "shop": null, "GEOID": "39049001400" }, "geometry": { "type": "Polygon", "coordinates": [ [ [ -82.9722691, 40.0000456 ], [ -82.9722127, 40.0000471 ], [ -82.9721564, 40.0000409 ], [ -82.9721591, 39.9999305 ], [ -82.9722147, 39.9999341 ], [ -82.9722784, 39.999932 ], [ -82.9722691, 40.0000456 ] ] ] } },
{ "type": "Feature", "properties": { "@id": "way/693126773", "amenity": null, "building": "house", "name": null, "shop": null, "GEOID": "39049001400" }, "geometry": { "type": "Polygon", "coordinates": [ [ [ -82.9727747, 39.9996731 ], [ -82.9728685, 39.9996772 ], [ -82.9728659, 39.9996464 ], [ -82.9727693, 39.9996433 ], [ -82.9727747, 39.9996731 ] ] ] } },
{ "type": "Feature", "properties": { "@id": "way/693126774", "amenity": null, "building": "house", "name": null, "shop": null, "GEOID": "39049001500" }, "geometry": { "type": "Polygon", "coordinates": [ [ [ -82.9734157, 39.9982975 ], [ -82.9733232, 39.9982934 ], [ -82.9733258, 39.9982276 ], [ -82.973417, 39.9982307 ], [ -82.9734157, 39.9982975 ] ] ] } },
{ "type": "Feature", "properties": { "@id": "way/693126776", "amenity": null, "building": "house", "name": null, "shop": null, "GEOID": "39049001500" }, "geometry": { "type": "Polygon", "coordinates": [ [ [ -82.9801655, 39.9934564 ], [ -82.9801682, 39.9933351 ], [ -82.9800957, 39.9933331 ], [ -82.9800904, 39.9934523 ], [ -82.9801655, 39.9934564 ] ] ] } },
{ "type": "Feature", "properties": { "@id": "way/693126777", "amenity": null, "building": "house", "name": null, "shop": null, "GEOID": "39049001500" }, "geometry": { "type": "Polygon", "coordinates": [ [ [ -82.9804149, 39.9934502 ], [ -82.9804149, 39.9933577 ], [ -82.9803398, 39.9933598 ], [ -82.9803371, 39.9934481 ], [ -82.9804149, 39.9934502 ] ] ] } },
{ "type": "Feature", "properties": { "@id": "way/693126778", "amenity": null, "building": "house", "name": null, "shop": null, "GEOID": "39049001500" }, "geometry": { "type": "Polygon", "coordinates": [ [ [ -82.9805249, 39.9934636 ], [ -82.9804444, 39.9934605 ], [ -82.9804511, 39.9933567 ], [ -82.9805343, 39.9933639 ], [ -82.9805249, 39.9934636 ] ] ] } },
{ "type": "Feature", "properties": { "@id": "way/693126780", "amenity": null, "building": "house", "name": null, "shop": null, "GEOID": "39049001400" }, "geometry": { "type": "Polygon", "coordinates": [ [ [ -82.9706778, 39.9999593 ], [ -82.9705679, 39.9999546 ], [ -82.9705699, 39.9999218 ], [ -82.9705719, 39.9998858 ], [ -82.9706839, 39.9998909 ], [ -82.9706805, 39.9999289 ], [ -82.9706778, 39.9999593 ] ] ] } },
{ "type": "Feature", "properties": { "@id": "way/693126781", "amenity": null, "building": "house", "name": null, "shop": null, "GEOID": "39049001400" }, "geometry": { "type": "Polygon", "coordinates": [ [ [ -82.9708529, 39.9999664 ], [ -82.9707436, 39.9999623 ], [ -82.9707462, 39.99993 ], [ -82.9707496, 39.999894 ], [ -82.9708582, 39.9998971 ], [ -82.9708549, 39.9999351 ], [ -82.9708529, 39.9999664 ] ] ] } },
{ "type": "Feature", "properties": { "@id": "way/693126784", "amenity": null, "building": "house", "name": null, "shop": null, "GEOID": "39049001400" }, "geometry": { "type": "Polygon", "coordinates": [ [ [ -82.9710124, 39.9999639 ], [ -82.9710084, 39.999932 ], [ -82.9710098, 39.999895 ], [ -82.9708998, 39.9998899 ], [ -82.9708958, 39.999929 ], [ -82.9709025, 39.9999608 ], [ -82.9710124, 39.9999639 ] ] ] } },
{ "type": "Feature", "properties": { "@id": "way/693126786", "amenity": null, "building": "house", "name": null, "shop": null, "GEOID": "39049001400" }, "geometry": { "type": "Polygon", "coordinates": [ [ [ -82.9711559, 39.999967 ], [ -82.9711546, 39.9999372 ], [ -82.97116, 39.9999033 ], [ -82.9710473, 39.9998981 ], [ -82.9710433, 39.99993 ], [ -82.97105, 39.9999649 ], [ -82.9711559, 39.999967 ] ] ] } },
{ "type": "Feature", "properties": { "@id": "way/693126787", "amenity": null, "building": "house", "name": null, "shop": null, "GEOID": "39049001400" }, "geometry": { "type": "Polygon", "coordinates": [ [ [ -82.9713155, 39.9999783 ], [ -82.9713075, 39.9999454 ], [ -82.9713115, 39.9999074 ], [ -82.9712056, 39.9999043 ], [ -82.9712015, 39.9999382 ], [ -82.9712029, 39.9999731 ], [ -82.9713155, 39.9999783 ] ] ] } },
{ "type": "Feature", "properties": { "@id": "way/693126791", "amenity": null, "building": "house", "name": null, "shop": null, "GEOID": "39049001400" }, "geometry": { "type": "Polygon", "coordinates": [ [ [ -82.9714671, 39.9999926 ], [ -82.9714671, 39.999967 ], [ -82.9714711, 39.99993 ], [ -82.9713638, 39.9999279 ], [ -82.9713571, 39.9999577 ], [ -82.9713598, 39.9999916 ], [ -82.9714671, 39.9999926 ] ] ] } },
{ "type": "Feature", "properties": { "@id": "way/693126793", "amenity": null, "building": "house", "name": null, "shop": null, "GEOID": "39049001400" }, "geometry": { "type": "Polygon", "coordinates": [ [ [ -82.9716387, 40.0000029 ], [ -82.971632, 39.9999742 ], [ -82.9716387, 39.9999372 ], [ -82.9715328, 39.9999331 ], [ -82.9715234, 39.999968 ], [ -82.9715274, 40.0000029 ], [ -82.9716387, 40.0000029 ] ] ] } },
{ "type": "Feature", "properties": { "@id": "way/693126795", "amenity": null, "building": "house", "name": null, "shop": null, "GEOID": "39049001400" }, "geometry": { "type": "Polygon", "coordinates": [ [ [ -82.9717581, 40.0000194 ], [ -82.9717098, 40.0000163 ], [ -82.9716736, 40.0000122 ], [ -82.971679, 39.9999259 ], [ -82.9717192, 39.999932 ], [ -82.9717635, 39.999932 ], [ -82.9717581, 40.0000194 ] ] ] } },
{ "type": "Feature", "properties": { "@id": "way/693126796", "amenity": null, "building": "house", "name": null, "shop": null, "GEOID": "39049001400" }, "geometry": { "type": "Polygon", "coordinates": [ [ [ -82.9718922, 40.0000337 ], [ -82.9718366, 40.0000337 ], [ -82.9717816, 40.0000276 ], [ -82.9717876, 39.9999115 ], [ -82.9719036, 39.9999161 ], [ -82.9718922, 40.0000337 ] ] ] } },
{ "type": "Feature", "properties": { "@id": "way/693126798", "amenity": null, "building": "house", "name": null, "shop": null, "GEOID": "39049001400" }, "geometry": { "type": "Polygon", "coordinates": [ [ [ -82.9720196, 40.0000337 ], [ -82.9720277, 39.9999207 ], [ -82.9719163, 39.9999156 ], [ -82.9719043, 40.0000307 ], [ -82.9719606, 40.0000399 ], [ -82.9720196, 40.0000337 ] ] ] } },
{ "type": "Feature", "properties": { "@id": "way/693126800", "amenity": null, "building": "house", "name": null, "shop": null, "GEOID": "39049001400" }, "geometry": { "type": "Polygon", "coordinates": [ [ [ -82.9723857, 40.0000378 ], [ -82.9723898, 39.9999618 ], [ -82.9723495, 39.9999608 ], [ -82.9723482, 39.9999403 ], [ -82.9723294, 39.9999444 ], [ -82.9722945, 39.9999392 ], [ -82.9722892, 40.0000563 ], [ -82.972316, 40.0000574 ], [ -82.9723401, 40.0000553 ], [ -82.9723428, 40.0000378 ], [ -82.9723857, 40.0000378 ] ] ] } },
{ "type": "Feature", "properties": { "@id": "way/693126805", "amenity": null, "building": "house", "name": null, "shop": null, "GEOID": "39049001400" }, "geometry": { "type": "Polygon", "coordinates": [ [ [ -82.9728162, 40.0000748 ], [ -82.9727089, 40.0000676 ], [ -82.972721, 39.9999598 ], [ -82.9728283, 39.9999587 ], [ -82.9728162, 40.0000748 ] ] ] } },
{ "type": "Feature", "properties": { "@id": "way/693126807", "amenity": null, "building": "house", "name": null, "shop": null, "GEOID": "39049001400" }, "geometry": { "type": "Polygon", "coordinates": [ [ [ -82.9727827, 39.9994081 ], [ -82.9727787, 39.9994944 ], [ -82.9728699, 39.9994985 ], [ -82.9728712, 39.9994112 ], [ -82.9727827, 39.9994081 ] ] ] } },
{ "type": "Feature", "properties": { "@id": "way/693126808", "amenity": null, "building": "house", "name": null, "shop": null, "GEOID": "39049001500" }, "geometry": { "type": "Polygon", "coordinates": [ [ [ -82.972375, 39.9991173 ], [ -82.9722637, 39.9991122 ], [ -82.9722677, 39.9990444 ], [ -82.9723777, 39.9990506 ], [ -82.972375, 39.9991173 ] ] ] } },
{ "type": "Feature", "properties": { "@id": "way/693126809", "amenity": null, "building": "house", "name": null, "shop": null, "GEOID": "39049001400" }, "geometry": { "type": "Polygon", "coordinates": [ [ [ -82.9723938, 39.9994738 ], [ -82.9723938, 39.9994399 ], [ -82.9723978, 39.9994019 ], [ -82.9722852, 39.9993958 ], [ -82.9722798, 39.9994666 ], [ -82.972301, 39.999468 ], [ -82.9723938, 39.9994738 ] ] ] } },
{ "type": "Feature", "properties": { "@id": "way/693126810", "amenity": null, "building": "house", "name": null, "shop": null, "GEOID": "39049001400" }, "geometry": { "type": "Polygon", "coordinates": [ [ [ -82.9725386, 39.9994646 ], [ -82.9725359, 39.9994297 ], [ -82.9725413, 39.9994009 ], [ -82.972434, 39.9993937 ], [ -82.9724287, 39.9994297 ], [ -82.9724313, 39.9994605 ], [ -82.9725016, 39.9994632 ], [ -82.9725386, 39.9994646 ] ] ] } },
{ "type": "Feature", "properties": { "@id": "way/693126811", "amenity": null, "building": "house", "name": null, "shop": null, "GEOID": "39049001500" }, "geometry": { "type": "Polygon", "coordinates": [ [ [ -82.97254, 39.9991235 ], [ -82.9724273, 39.9991173 ], [ -82.9724313, 39.9990845 ], [ -82.9724327, 39.9990536 ], [ -82.9725507, 39.9990567 ], [ -82.9725453, 39.9990978 ], [ -82.97254, 39.9991235 ] ] ] } },
{ "type": "Feature", "properties": { "@id": "way/693126812", "amenity": null, "building": "house", "name": null, "shop": null, "GEOID": "39049001500" }, "geometry": { "type": "Polygon", "coordinates": [ [ [ -82.972886, 39.9991379 ], [ -82.972839, 39.9991389 ], [ -82.9727975, 39.9991338 ], [ -82.9728001, 39.9990526 ], [ -82.9728431, 39.9990547 ], [ -82.97289, 39.9990547 ], [ -82.972886, 39.9991379 ] ] ] } },
{ "type": "Feature", "properties": { "@id": "way/693126813", "amenity": null, "building": "house", "name": null, "shop": null, "GEOID": "39049001500" }, "geometry": { "type": "Polygon", "coordinates": [ [ [ -82.9729128, 39.9988995 ], [ -82.9729101, 39.9988739 ], [ -82.9729141, 39.9988513 ], [ -82.9728404, 39.9988502 ], [ -82.9728363, 39.9988718 ], [ -82.9728377, 39.9988975 ], [ -82.9729128, 39.9988995 ] ] ] } },
{ "type": "Feature", "properties": { "@id": "way/693126814", "amenity": null, "building": "house", "name": null, "shop": null, "GEOID": "39049001500" }, "geometry": { "type": "Polygon", "coordinates": [ [ [ -82.9725923, 39.9989078 ], [ -82.9725936, 39.9988759 ], [ -82.9725949, 39.9988461 ], [ -82.9725038, 39.998843 ], [ -82.9725038, 39.9988739 ], [ -82.9725011, 39.9989057 ], [ -82.9725923, 39.9989078 ] ] ] } },
{ "type": "Feature", "properties": { "@id": "way/693126815", "amenity": null, "building": "house", "name": null, "shop": null, "GEOID": "39049001500" }, "geometry": { "type": "Polygon", "coordinates": [ [ [ -82.9726145, 39.9987831 ], [ -82.9726182, 39.9987276 ], [ -82.9725365, 39.9987244 ], [ -82.9725327, 39.9987798 ], [ -82.9726145, 39.9987831 ] ] ] } },
{ "type": "Feature", "properties": { "@id": "way/693126816", "amenity": null, "building": "house", "name": null, "shop": null, "GEOID": "39049001500" }, "geometry": { "type": "Polygon", "coordinates": [ [ [ -82.9726285, 39.9985996 ], [ -82.9725762, 39.9985996 ], [ -82.9725346, 39.9985954 ], [ -82.9725413, 39.9985143 ], [ -82.9725842, 39.9985194 ], [ -82.9726271, 39.9985163 ], [ -82.9726285, 39.9985996 ] ] ] } },
{ "type": "Feature", "properties": { "@id": "way/693126817", "amenity": null, "building": "house", "name": null, "shop": null, "GEOID": "39049001500" }, "geometry": { "type": "Polygon", "coordinates": [ [ [ -82.9729302, 39.9986222 ], [ -82.9728819, 39.9986201 ], [ -82.972827, 39.998618 ], [ -82.9728363, 39.998541 ], [ -82.9728886, 39.9985451 ], [ -82.9729436, 39.9985451 ], [ -82.9729302, 39.9986222 ] ] ] } },
{ "type": "Feature", "properties": { "@id": "way/693126818", "amenity": null, "building": "house", "name": null, "shop": null, "GEOID": "39049001500" }, "geometry": { "type": "Polygon", "coordinates": [ [ [ -82.9726499, 39.9982287 ], [ -82.9726043, 39.9982287 ], [ -82.9725614, 39.9982225 ], [ -82.9725708, 39.9981475 ], [ -82.9726124, 39.9981516 ], [ -82.9726607, 39.9981496 ], [ -82.9726499, 39.9982287 ] ] ] } },
{ "type": "Feature", "properties": { "@id": "way/693126819", "amenity": null, "building": "house", "name": null, "shop": null, "GEOID": "39049001500" }, "geometry": { "type": "Polygon", "coordinates": [ [ [ -82.9729463, 39.9982554 ], [ -82.9729021, 39.9982564 ], [ -82.9728605, 39.9982533 ], [ -82.9728656, 39.998114 ], [ -82.9729128, 39.9981187 ], [ -82.972963, 39.998117 ], [ -82.9729463, 39.9982554 ] ] ] } },
{ "type": "Feature", "properties": { "@id": "way/693126820", "amenity": null, "building": "house", "name": null, "shop": null, "GEOID": "39049001500" }, "geometry": { "type": "Polygon", "coordinates": [ [ [ -82.973071, 39.9982585 ], [ -82.9730321, 39.9982574 ], [ -82.9729852, 39.9982544 ], [ -82.9729906, 39.9981742 ], [ -82.9730348, 39.9981773 ], [ -82.9730818, 39.9981773 ], [ -82.973071, 39.9982585 ] ] ] } },
{ "type": "Feature", "properties": { "@id": "way/693126821", "amenity": null, "building": "house", "name": null, "shop": null, "GEOID": "39049001500" }, "geometry": { "type": "Polygon", "coordinates": [ [ [ -82.9732481, 39.998277 ], [ -82.9731274, 39.9982698 ], [ -82.9731287, 39.9982297 ], [ -82.9731314, 39.9981824 ], [ -82.9732548, 39.9981927 ], [ -82.9732494, 39.9982348 ], [ -82.9732481, 39.998277 ] ] ] } },
{ "type": "Feature", "properties": { "@id": "way/693126822", "amenity": null, "building": "house", "name": null, "shop": null, "GEOID": "39049001500" }, "geometry": { "type": "Polygon", "coordinates": [ [ [ -82.9735351, 39.9983078 ], [ -82.9735089, 39.9983083 ], [ -82.9734828, 39.9983062 ], [ -82.9734834, 39.998299 ], [ -82.9734445, 39.998297 ], [ -82.9734519, 39.9982086 ], [ -82.9734707, 39.9982086 ], [ -82.9734714, 39.9981845 ], [ -82.9735069, 39.9981886 ], [ -82.9735458, 39.9981881 ], [ -82.9735351, 39.9983078 ] ] ] } },
{ "type": "Feature", "properties": { "@id": "way/693126823", "amenity": null, "building": "house", "name": null, "shop": null, "GEOID": "39049001500" }, "geometry": { "type": "Polygon", "coordinates": [ [ [ -82.9736591, 39.9983098 ], [ -82.9736082, 39.9983073 ], [ -82.9735552, 39.9983032 ], [ -82.9735632, 39.9981768 ], [ -82.9736142, 39.9981804 ], [ -82.9736705, 39.9981804 ], [ -82.9736591, 39.9983098 ] ] ] } },
{ "type": "Feature", "properties": { "@id": "way/693126824", "amenity": null, "building": "house", "name": null, "shop": null, "GEOID": "39049001500" }, "geometry": { "type": "Polygon", "coordinates": [ [ [ -82.973759, 39.9983129 ], [ -82.9736732, 39.9983088 ], [ -82.9736812, 39.9982338 ], [ -82.9736883, 39.9982343 ], [ -82.9736884, 39.9982192 ], [ -82.9737262, 39.9982211 ], [ -82.973726, 39.9982287 ], [ -82.9737597, 39.9982302 ], [ -82.9737651, 39.9982404 ], [ -82.973759, 39.9983129 ] ] ] } },
{ "type": "Feature", "properties": { "@id": "way/693126825", "amenity": null, "building": "house", "name": null, "shop": null, "GEOID": "39049001500" }, "geometry": { "type": "Polygon", "coordinates": [ [ [ -82.9741788, 39.9983294 ], [ -82.9741345, 39.9983283 ], [ -82.9740889, 39.9983263 ], [ -82.974097, 39.9982492 ], [ -82.9741386, 39.9982544 ], [ -82.9741882, 39.9982533 ], [ -82.9741788, 39.9983294 ] ] ] } },
{ "type": "Feature", "properties": { "@id": "way/693126826", "amenity": null, "building": "house", "name": null, "shop": null, "GEOID": "39049001500" }, "geometry": { "type": "Polygon", "coordinates": [ [ [ -82.9740675, 39.9983232 ], [ -82.9740165, 39.9983242 ], [ -82.9739696, 39.9983211 ], [ -82.9739749, 39.9982441 ], [ -82.9740205, 39.9982482 ], [ -82.9740246, 39.9982205 ], [ -82.9740715, 39.9982256 ], [ -82.9740675, 39.9983232 ] ] ] } },
{ "type": "Feature", "properties": { "@id": "way/693126827", "amenity": null, "building": "house", "name": null, "shop": null, "GEOID": "39049001500" }, "geometry": { "type": "Polygon", "coordinates": [ [ [ -82.9740688, 39.9981876 ], [ -82.973987, 39.9981824 ], [ -82.9739884, 39.998129 ], [ -82.9740742, 39.9981331 ], [ -82.9740688, 39.9981876 ] ] ] } },
{ "type": "Feature", "properties": { "@id": "way/693126828", "amenity": null, "building": "house", "name": null, "shop": null, "GEOID": "39049001500" }, "geometry": { "type": "Polygon", "coordinates": [ [ [ -82.9742351, 39.9972403 ], [ -82.9742351, 39.9972064 ], [ -82.9742432, 39.9971633 ], [ -82.9742472, 39.9971396 ], [ -82.97416, 39.9971355 ], [ -82.9741453, 39.997229 ], [ -82.9742351, 39.9972403 ] ] ] } },
{ "type": "Feature", "properties": { "@id": "way/693126829", "amenity": null, "building": "house", "name": null, "shop": null, "GEOID": "39049001500" }, "geometry": { "type": "Polygon", "coordinates": [ [ [ -82.9743491, 39.9972465 ], [ -82.9743491, 39.9972167 ], [ -82.9743612, 39.9971499 ], [ -82.9742767, 39.9971448 ], [ -82.9742673, 39.9972136 ], [ -82.9742646, 39.9972424 ], [ -82.9743491, 39.9972465 ] ] ] } },
{ "type": "Feature", "properties": { "@id": "way/693126830", "amenity": null, "building": "house", "name": null, "shop": null, "GEOID": "39049001500" }, "geometry": { "type": "Polygon", "coordinates": [ [ [ -82.9744532, 39.9972807 ], [ -82.9744642, 39.9971842 ], [ -82.9743904, 39.9971793 ], [ -82.9743794, 39.9972758 ], [ -82.9744532, 39.9972807 ] ] ] } },
{ "type": "Feature", "properties": { "@id": "way/693126831", "amenity": null, "building": "house", "name": null, "shop": null, "GEOID": "39049001500" }, "geometry": { "type": "Polygon", "coordinates": [ [ [ -82.9746321, 39.9969208 ], [ -82.9742914, 39.9968941 ], [ -82.9742995, 39.9967934 ], [ -82.9746482, 39.9968201 ], [ -82.9746321, 39.9969208 ] ] ] } },
{ "type": "Feature", "properties": { "@id": "way/693126832", "amenity": null, "building": "house", "name": null, "shop": null, "GEOID": "39049001500" }, "geometry": { "type": "Polygon", "coordinates": [ [ [ -82.9748587, 39.9967667 ], [ -82.9748601, 39.9967441 ], [ -82.9748762, 39.9967441 ], [ -82.9748748, 39.9966712 ], [ -82.9748507, 39.9966691 ], [ -82.974852, 39.9966023 ], [ -82.9748829, 39.9966033 ], [ -82.9748869, 39.9965232 ], [ -82.9748681, 39.9965232 ], [ -82.9748708, 39.9964996 ], [ -82.9747461, 39.9964965 ], [ -82.97473, 39.9967636 ], [ -82.9748587, 39.9967667 ] ] ] } },
{ "type": "Feature", "properties": { "@id": "way/693126833", "amenity": null, "building": "house", "name": null, "shop": null, "GEOID": "39049001500" }, "geometry": { "type": "Polygon", "coordinates": [ [ [ -82.9754019, 39.9967883 ], [ -82.9754166, 39.9965201 ], [ -82.9752865, 39.996517 ], [ -82.9752879, 39.9965366 ], [ -82.9752718, 39.9965376 ], [ -82.9752651, 39.996611 ], [ -82.9752946, 39.9966126 ], [ -82.9752906, 39.9966876 ], [ -82.9752611, 39.9966855 ], [ -82.9752557, 39.9967595 ], [ -82.9752731, 39.9967605 ], [ -82.9752705, 39.9967831 ], [ -82.9754019, 39.9967883 ] ] ] } },
{ "type": "Feature", "properties": { "@id": "way/693126834", "amenity": null, "building": "house", "name": null, "shop": null, "GEOID": "39049001500" }, "geometry": { "type": "Polygon", "coordinates": [ [ [ -82.9748856, 39.9964081 ], [ -82.9747541, 39.996403 ], [ -82.9747716, 39.99614 ], [ -82.974903, 39.9961441 ], [ -82.974903, 39.9961708 ], [ -82.9749164, 39.9961729 ], [ -82.974911, 39.9962396 ], [ -82.9748869, 39.9962407 ], [ -82.9748775, 39.9963167 ], [ -82.9749057, 39.9963177 ], [ -82.9749003, 39.9963886 ], [ -82.9748856, 39.9963876 ], [ -82.9748856, 39.9964081 ] ] ] } },
{ "type": "Feature", "properties": { "@id": "way/693126835", "amenity": null, "building": "house", "name": null, "shop": null, "GEOID": "39049001500" }, "geometry": { "type": "Polygon", "coordinates": [ [ [ -82.975432, 39.9964242 ], [ -82.9752858, 39.9964207 ], [ -82.97529, 39.9963174 ], [ -82.9753153, 39.996318 ], [ -82.9753182, 39.9962473 ], [ -82.9752968, 39.9962468 ], [ -82.9752998, 39.9961734 ], [ -82.9753115, 39.9961736 ], [ -82.9753125, 39.9961496 ], [ -82.9754432, 39.9961527 ], [ -82.975432, 39.9964242 ] ] ] } },
{ "type": "Feature", "properties": { "@id": "way/693126837", "amenity": null, "building": "house", "name": null, "shop": null, "GEOID": "39049001500" }, "geometry": { "type": "Polygon", "coordinates": [ [ [ -82.9755172, 39.9955821 ], [ -82.9755172, 39.9955616 ], [ -82.9755279, 39.995541 ], [ -82.9754837, 39.9955328 ], [ -82.9754891, 39.9954999 ], [ -82.9754126, 39.9954896 ], [ -82.9754032, 39.9955266 ], [ -82.9753791, 39.9955225 ], [ -82.9753737, 39.9955616 ], [ -82.9755172, 39.9955821 ] ] ] } },
{ "type": "Feature", "properties": { "@id": "way/693126838", "amenity": null, "building": "house", "name": null, "shop": null, "GEOID": "39049001500" }, "geometry": { "type": "Polygon", "coordinates": [ [ [ -82.9755574, 39.9954444 ], [ -82.9755776, 39.9954013 ], [ -82.9755387, 39.995392 ], [ -82.9755574, 39.9953612 ], [ -82.9754609, 39.9953366 ], [ -82.9754274, 39.9954023 ], [ -82.9755574, 39.9954444 ] ] ] } },
{ "type": "Feature", "properties": { "@id": "way/693126839", "amenity": null, "building": "house", "name": null, "shop": null, "GEOID": "39049001500" }, "geometry": { "type": "Polygon", "coordinates": [ [ [ -82.9756218, 39.9952431 ], [ -82.9755346, 39.9952112 ], [ -82.9754917, 39.995278 ], [ -82.975553, 39.9953002 ], [ -82.9756165, 39.9953232 ], [ -82.9756393, 39.9952852 ], [ -82.9756071, 39.9952729 ], [ -82.9756218, 39.9952431 ] ] ] } },
{ "type": "Feature", "properties": { "@id": "way/693126840", "amenity": null, "building": "house", "name": null, "shop": null, "GEOID": "39049001500" }, "geometry": { "type": "Polygon", "coordinates": [ [ [ -82.9757144, 39.9952256 ], [ -82.9757425, 39.9951907 ], [ -82.9757774, 39.9951547 ], [ -82.9756352, 39.995091 ], [ -82.9755722, 39.9951598 ], [ -82.9757144, 39.9952256 ] ] ] } },
{ "type": "Feature", "properties": { "@id": "way/693126841", "amenity": null, "building": "house", "name": null, "shop": null, "GEOID": "39049001500" }, "geometry": { "type": "Polygon", "coordinates": [ [ [ -82.9758082, 39.9950263 ], [ -82.9757439, 39.9949913 ], [ -82.9757184, 39.995017 ], [ -82.9757023, 39.9950098 ], [ -82.9756741, 39.9950407 ], [ -82.9757559, 39.99509 ], [ -82.9757801, 39.9951033 ], [ -82.9758176, 39.9950705 ], [ -82.9757814, 39.995053 ], [ -82.9758082, 39.9950263 ] ] ] } },
{ "type": "Feature", "properties": { "@id": "way/693126842", "amenity": null, "building": "house", "name": null, "shop": null, "GEOID": "39049001500" }, "geometry": { "type": "Polygon", "coordinates": [ [ [ -82.9759759, 39.9949564 ], [ -82.9758605, 39.9948773 ], [ -82.9757841, 39.99494 ], [ -82.9759021, 39.9950222 ], [ -82.9759759, 39.9949564 ] ] ] } },
{ "type": "Feature", "properties": { "@id": "way/693126843", "amenity": null, "building": "house", "name": null, "shop": null, "GEOID": "39049001500" }, "geometry": { "type": "Polygon", "coordinates": [ [ [ -82.9760429, 39.9948413 ], [ -82.9759759, 39.9947889 ], [ -82.9759021, 39.9948341 ], [ -82.9759933, 39.9949174 ], [ -82.9760429, 39.9948865 ], [ -82.9760121, 39.9948619 ], [ -82.9760429, 39.9948413 ] ] ] } },
{ "type": "Feature", "properties": { "@id": "way/693126844", "amenity": null, "building": "house", "name": null, "shop": null, "GEOID": "39049001500" }, "geometry": { "type": "Polygon", "coordinates": [ [ [ -82.9762629, 39.9947653 ], [ -82.9761569, 39.9946708 ], [ -82.9760751, 39.9947263 ], [ -82.9761797, 39.9948177 ], [ -82.97622, 39.994791 ], [ -82.9762629, 39.9947653 ] ] ] } },
{ "type": "Feature", "properties": { "@id": "way/693126845", "amenity": null, "building": "house", "name": null, "shop": null, "GEOID": "39049001500" }, "geometry": { "type": "Polygon", "coordinates": [ [ [ -82.9763876, 39.9946513 ], [ -82.9762937, 39.9945711 ], [ -82.9762548, 39.9945978 ], [ -82.9762682, 39.9946081 ], [ -82.976232, 39.9946307 ], [ -82.9762615, 39.9946533 ], [ -82.976287, 39.9946759 ], [ -82.9763059, 39.9946641 ], [ -82.9763165, 39.9946574 ], [ -82.9763447, 39.9946811 ], [ -82.9763876, 39.9946513 ] ] ] } },
{ "type": "Feature", "properties": { "@id": "way/693126846", "amenity": null, "building": "house", "name": null, "shop": null, "GEOID": "39049001500" }, "geometry": { "type": "Polygon", "coordinates": [ [ [ -82.9765499, 39.9945393 ], [ -82.9764546, 39.9944612 ], [ -82.9764158, 39.9944859 ], [ -82.9764292, 39.9945002 ], [ -82.976393, 39.9945218 ], [ -82.9764453, 39.994566 ], [ -82.9764761, 39.9945454 ], [ -82.9765069, 39.994567 ], [ -82.9765499, 39.9945393 ] ] ] } },
{ "type": "Feature", "properties": { "@id": "way/693126847", "amenity": null, "building": "house", "name": null, "shop": null, "GEOID": "39049001500" }, "geometry": { "type": "Polygon", "coordinates": [ [ [ -82.9770179, 39.9936978 ], [ -82.976975, 39.9937214 ], [ -82.9769844, 39.9937327 ], [ -82.9768315, 39.9938345 ], [ -82.9768154, 39.9938242 ], [ -82.9767765, 39.9938509 ], [ -82.9767081, 39.9937913 ], [ -82.9767497, 39.9937636 ], [ -82.9767618, 39.9937697 ], [ -82.9768248, 39.9937286 ], [ -82.97681, 39.9937153 ], [ -82.9769428, 39.9936351 ], [ -82.976971, 39.9936567 ], [ -82.9769884, 39.9936464 ], [ -82.9770125, 39.993667 ], [ -82.9769938, 39.9936793 ], [ -82.9770179, 39.9936978 ] ] ] } },
{ "type": "Feature", "properties": { "@id": "way/693126848", "amenity": null, "building": "house", "name": null, "shop": null, "GEOID": "39049001500" }, "geometry": { "type": "Polygon", "coordinates": [ [ [ -82.977321, 39.9939619 ], [ -82.9772754, 39.9939937 ], [ -82.9771547, 39.9940708 ], [ -82.9770903, 39.9941221 ], [ -82.9770555, 39.9940913 ], [ -82.9770045, 39.9940533 ], [ -82.9772043, 39.9939218 ], [ -82.9772177, 39.993929 ], [ -82.9772539, 39.9939054 ], [ -82.9772714, 39.9939218 ], [ -82.9772848, 39.9939084 ], [ -82.977313, 39.993931 ], [ -82.9772928, 39.9939413 ], [ -82.977321, 39.9939619 ] ] ] } },
{ "type": "Feature", "properties": { "@id": "way/693126849", "amenity": null, "building": "house", "name": null, "shop": null, "GEOID": "39049001500" }, "geometry": { "type": "Polygon", "coordinates": [ [ [ -82.9772616, 39.9944526 ], [ -82.9773461, 39.9943911 ], [ -82.977174, 39.9942523 ], [ -82.9771281, 39.9942154 ], [ -82.9771046, 39.9942325 ], [ -82.9770905, 39.9942212 ], [ -82.9770638, 39.9942406 ], [ -82.9770793, 39.9942532 ], [ -82.9770582, 39.9942685 ], [ -82.9770911, 39.994295 ], [ -82.977078, 39.9943045 ], [ -82.9772202, 39.9944193 ], [ -82.9772616, 39.9944526 ] ] ] } },
{ "type": "Feature", "properties": { "@id": "way/693126850", "amenity": null, "building": "house", "name": null, "shop": null, "GEOID": "39049001500" }, "geometry": { "type": "Polygon", "coordinates": [ [ [ -82.9782561, 39.994148 ], [ -82.9781003, 39.9941407 ], [ -82.9781016, 39.9941234 ], [ -82.9779572, 39.9941167 ], [ -82.9779561, 39.9941303 ], [ -82.9778044, 39.9941233 ], [ -82.9778076, 39.9940831 ], [ -82.9778113, 39.994037 ], [ -82.9779586, 39.9940439 ], [ -82.9779602, 39.9940236 ], [ -82.9781146, 39.9940308 ], [ -82.9781129, 39.9940522 ], [ -82.9782632, 39.9940592 ], [ -82.9782597, 39.9941027 ], [ -82.9782561, 39.994148 ] ] ] } },
{ "type": "Feature", "properties": { "@id": "way/693126851", "amenity": null, "building": "house", "name": null, "shop": null, "GEOID": "39049001500" }, "geometry": { "type": "Polygon", "coordinates": [ [ [ -82.9778554, 39.9945079 ], [ -82.9778615, 39.9944093 ], [ -82.9775202, 39.9943954 ], [ -82.9775155, 39.9944432 ], [ -82.9775141, 39.9944951 ], [ -82.9775409, 39.9944936 ], [ -82.9775416, 39.9945059 ], [ -82.9776113, 39.9945054 ], [ -82.9776107, 39.99449 ], [ -82.9777589, 39.9944941 ], [ -82.9777569, 39.9945131 ], [ -82.9778232, 39.9945167 ], [ -82.9778266, 39.9945074 ], [ -82.9778554, 39.9945079 ] ] ] } },
{ "type": "Feature", "properties": { "@id": "way/693126852", "amenity": null, "building": "house", "name": null, "shop": null, "GEOID": "39049001500" }, "geometry": { "type": "Polygon", "coordinates": [ [ [ -82.9782933, 39.9944283 ], [ -82.9779493, 39.9944129 ], [ -82.977946, 39.9944627 ], [ -82.9779446, 39.9945141 ], [ -82.9779701, 39.9945146 ], [ -82.9779701, 39.9945239 ], [ -82.9780405, 39.9945249 ], [ -82.9780405, 39.9945069 ], [ -82.9781867, 39.9945131 ], [ -82.9781853, 39.9945311 ], [ -82.9782571, 39.9945357 ], [ -82.9782591, 39.9945285 ], [ -82.9782853, 39.994529 ], [ -82.9782933, 39.9944283 ] ] ] } },
{ "type": "Feature", "properties": { "@id": "way/693126853", "amenity": null, "building": "house", "name": null, "shop": null, "GEOID": "39049001500" }, "geometry": { "type": "Polygon", "coordinates": [ [ [ -82.9787352, 39.9945167 ], [ -82.9787117, 39.9945167 ], [ -82.9787111, 39.9945377 ], [ -82.9786588, 39.9945362 ], [ -82.9786581, 39.994546 ], [ -82.9786272, 39.9945434 ], [ -82.9784495, 39.9945352 ], [ -82.9784502, 39.9945264 ], [ -82.9783999, 39.9945234 ], [ -82.9783999, 39.9945018 ], [ -82.9783811, 39.9945007 ], [ -82.9783811, 39.9944699 ], [ -82.9784013, 39.9944725 ], [ -82.9784039, 39.9944406 ], [ -82.9784643, 39.9944432 ], [ -82.9784636, 39.994453 ], [ -82.9786574, 39.9944612 ], [ -82.9786588, 39.9944514 ], [ -82.9787171, 39.9944545 ], [ -82.9787151, 39.9944869 ], [ -82.9787372, 39.9944869 ], [ -82.9787352, 39.9945167 ] ] ] } },
{ "type": "Feature", "properties": { "@id": "way/693126854", "amenity": null, "building": "house", "name": null, "shop": null, "GEOID": "39049001500" }, "geometry": { "type": "Polygon", "coordinates": [ [ [ -82.9788642, 39.9942657 ], [ -82.9788821, 39.9941 ], [ -82.9789155, 39.9941021 ], [ -82.9789262, 39.9940032 ], [ -82.9787744, 39.9939936 ], [ -82.9787545, 39.9941773 ], [ -82.9787458, 39.9942582 ], [ -82.9788049, 39.9942619 ], [ -82.9788642, 39.9942657 ] ] ] } },
{ "type": "Feature", "properties": { "@id": "way/693126855", "amenity": null, "building": "house", "name": null, "shop": null, "GEOID": "39049001500" }, "geometry": { "type": "Polygon", "coordinates": [ [ [ -82.9784247, 39.9936187 ], [ -82.9784167, 39.9937399 ], [ -82.9783858, 39.9937389 ], [ -82.9783764, 39.9938447 ], [ -82.9784073, 39.9938468 ], [ -82.9783966, 39.9939691 ], [ -82.9783362, 39.9939629 ], [ -82.9782812, 39.9939629 ], [ -82.9782799, 39.993929 ], [ -82.9782638, 39.9939269 ], [ -82.9782692, 39.993854 ], [ -82.9782745, 39.9937235 ], [ -82.9782973, 39.9937255 ], [ -82.9783094, 39.9936125 ], [ -82.9783644, 39.9936136 ], [ -82.9784247, 39.9936187 ] ] ] } },
{ "type": "Feature", "properties": { "@id": "way/693126856", "amenity": null, "building": "house", "name": null, "shop": null, "GEOID": "39049001500" }, "geometry": { "type": "Polygon", "coordinates": [ [ [ -82.9789033, 39.9938947 ], [ -82.9788431, 39.9938927 ], [ -82.9787793, 39.9938906 ], [ -82.9787942, 39.9936277 ], [ -82.9789283, 39.9936322 ], [ -82.9789269, 39.993657 ], [ -82.9789411, 39.9936574 ], [ -82.978937, 39.9937286 ], [ -82.9789128, 39.9937278 ], [ -82.9789109, 39.9937618 ], [ -82.9789092, 39.9937906 ], [ -82.9789043, 39.993878 ], [ -82.9789033, 39.9938947 ] ] ] } },
{ "type": "Feature", "properties": { "@id": "way/693126857", "amenity": null, "building": "house", "name": null, "shop": null, "GEOID": "39049001500" }, "geometry": { "type": "Polygon", "coordinates": [ [ [ -82.9789478, 39.9934153 ], [ -82.9789491, 39.9933927 ], [ -82.9789692, 39.9933947 ], [ -82.9789706, 39.9933207 ], [ -82.9789451, 39.9933197 ], [ -82.9789491, 39.9932457 ], [ -82.9789746, 39.9932468 ], [ -82.9789786, 39.9931728 ], [ -82.9789612, 39.9931718 ], [ -82.9789652, 39.9931492 ], [ -82.9788445, 39.993145 ], [ -82.9788163, 39.9934101 ], [ -82.9789478, 39.9934153 ] ] ] } },
{ "type": "Feature", "properties": { "@id": "way/693126858", "amenity": null, "building": "house", "name": null, "shop": null, "GEOID": "39049001500" }, "geometry": { "type": "Polygon", "coordinates": [ [ [ -82.9792951, 39.9934302 ], [ -82.9792562, 39.9934255 ], [ -82.9792274, 39.9934255 ], [ -82.9792327, 39.9933269 ], [ -82.9793125, 39.9933331 ], [ -82.9793105, 39.9933963 ], [ -82.9792985, 39.9933973 ], [ -82.9792951, 39.9934302 ] ] ] } },
{ "type": "Feature", "properties": { "@id": "way/693126859", "amenity": null, "building": "house", "name": null, "shop": null, "GEOID": "39049001500" }, "geometry": { "type": "Polygon", "coordinates": [ [ [ -82.9794527, 39.9934276 ], [ -82.9793601, 39.9934219 ], [ -82.9793642, 39.9932966 ], [ -82.9794621, 39.9933028 ], [ -82.9794527, 39.9934276 ] ] ] } },
{ "type": "Feature", "properties": { "@id": "way/693126860", "amenity": null, "building": "house", "name": null, "shop": null, "GEOID": "39049001500" }, "geometry": { "type": "Polygon", "coordinates": [ [ [ -82.97957, 39.993424 ], [ -82.9794849, 39.9934209 ], [ -82.9794862, 39.9934137 ], [ -82.9794896, 39.9933623 ], [ -82.9794949, 39.9933259 ], [ -82.9795754, 39.9933295 ], [ -82.9795741, 39.9933649 ], [ -82.97957, 39.993424 ] ] ] } },
{ "type": "Feature", "properties": { "@id": "way/693126861", "amenity": null, "building": "house", "name": null, "shop": null, "GEOID": "39049001500" }, "geometry": { "type": "Polygon", "coordinates": [ [ [ -82.9797001, 39.9934106 ], [ -82.9797008, 39.9933778 ], [ -82.9797028, 39.9933469 ], [ -82.9796083, 39.9933423 ], [ -82.9796049, 39.9933731 ], [ -82.9796022, 39.9934065 ], [ -82.9797001, 39.9934106 ] ] ] } },
{ "type": "Feature", "properties": { "@id": "way/693126862", "amenity": null, "building": "house", "name": null, "shop": null, "GEOID": "39049001500" }, "geometry": { "type": "Polygon", "coordinates": [ [ [ -82.9798295, 39.9934173 ], [ -82.9798295, 39.9933824 ], [ -82.9798329, 39.9933536 ], [ -82.979737, 39.99335 ], [ -82.979733, 39.9933793 ], [ -82.9797336, 39.9934132 ], [ -82.9798295, 39.9934173 ] ] ] } },
{ "type": "Feature", "properties": { "@id": "way/693126863", "amenity": null, "building": "house", "name": null, "shop": null, "GEOID": "39049001500" }, "geometry": { "type": "Polygon", "coordinates": [ [ [ -82.979342, 39.993705 ], [ -82.9793394, 39.993668 ], [ -82.9793434, 39.9936423 ], [ -82.9793394, 39.9936249 ], [ -82.9792576, 39.9936197 ], [ -82.9792495, 39.9936351 ], [ -82.9792428, 39.9936711 ], [ -82.9792441, 39.9937009 ], [ -82.979342, 39.993705 ] ] ] } },
{ "type": "Feature", "properties": { "@id": "way/693126864", "amenity": null, "building": "house", "name": null, "shop": null, "GEOID": "39049001500" }, "geometry": { "type": "Polygon", "coordinates": [ [ [ -82.97968, 39.9937204 ], [ -82.979676, 39.9936834 ], [ -82.9796773, 39.9936536 ], [ -82.9795848, 39.9936505 ], [ -82.9795848, 39.9936824 ], [ -82.9795928, 39.9937173 ], [ -82.97968, 39.9937204 ] ] ] } },
{ "type": "Feature", "properties": { "@id": "way/693126865", "amenity": null, "building": "house", "name": null, "shop": null, "GEOID": "39049001500" }, "geometry": { "type": "Polygon", "coordinates": [ [ [ -82.9798007, 39.9937276 ], [ -82.9798047, 39.9936639 ], [ -82.9797873, 39.9936649 ], [ -82.97979, 39.9936475 ], [ -82.9797216, 39.9936444 ], [ -82.9797243, 39.9936608 ], [ -82.9797082, 39.9936608 ], [ -82.9797055, 39.9937245 ], [ -82.9798007, 39.9937276 ] ] ] } },
{ "type": "Feature", "properties": { "@id": "way/693126866", "amenity": null, "building": "house", "name": null, "shop": null, "GEOID": "39049001500" }, "geometry": { "type": "Polygon", "coordinates": [ [ [ -82.9800206, 39.9937471 ], [ -82.9800206, 39.993706 ], [ -82.9800247, 39.9936526 ], [ -82.9799469, 39.9936485 ], [ -82.9799348, 39.9937019 ], [ -82.9799388, 39.993744 ], [ -82.9800206, 39.9937471 ] ] ] } },
{ "type": "Feature", "properties": { "@id": "way/693126867", "amenity": null, "building": "house", "name": null, "shop": null, "GEOID": "39049001500" }, "geometry": { "type": "Polygon", "coordinates": [ [ [ -82.9802701, 39.9937451 ], [ -82.9802701, 39.9937122 ], [ -82.9802755, 39.9936824 ], [ -82.9802714, 39.9936639 ], [ -82.9801883, 39.9936598 ], [ -82.9801843, 39.9936773 ], [ -82.9801789, 39.9937112 ], [ -82.9801829, 39.993743 ], [ -82.9802701, 39.9937451 ] ] ] } },
{ "type": "Feature", "properties": { "@id": "way/693126868", "amenity": null, "building": "house", "name": null, "shop": null, "GEOID": "39049001500" }, "geometry": { "type": "Polygon", "coordinates": [ [ [ -82.9803935, 39.9937533 ], [ -82.9803935, 39.9937142 ], [ -82.9803962, 39.9936824 ], [ -82.9803143, 39.9936783 ], [ -82.9803076, 39.9937132 ], [ -82.9803076, 39.9937492 ], [ -82.9803935, 39.9937533 ] ] ] } },
{ "type": "Feature", "properties": { "@id": "way/693126869", "amenity": null, "building": "house", "name": null, "shop": null, "GEOID": "39049001500" }, "geometry": { "type": "Polygon", "coordinates": [ [ [ -82.9800669, 39.9934232 ], [ -82.9800233, 39.9934209 ], [ -82.9799724, 39.9934199 ], [ -82.9799754, 39.9933585 ], [ -82.9800196, 39.993357 ], [ -82.9800726, 39.9933598 ], [ -82.9800679, 39.9933903 ], [ -82.9800669, 39.9934232 ] ] ] } },
{ "type": "Feature", "properties": { "@id": "way/693126870", "amenity": null, "building": "house", "name": null, "shop": null, "GEOID": "39049001500" }, "geometry": { "type": "Polygon", "coordinates": [ [ [ -82.9803056, 39.9934574 ], [ -82.9802077, 39.9934522 ], [ -82.9802111, 39.9933711 ], [ -82.9802158, 39.9933423 ], [ -82.9803097, 39.9933449 ], [ -82.9803056, 39.9934574 ] ] ] } },
{ "type": "Feature", "properties": { "@id": "way/693126871", "amenity": null, "building": "house", "name": null, "shop": null, "GEOID": "39049001500" }, "geometry": { "type": "Polygon", "coordinates": [ [ [ -82.9806543, 39.9934656 ], [ -82.9805591, 39.993463 ], [ -82.9805618, 39.9933814 ], [ -82.9806583, 39.9933839 ], [ -82.9806543, 39.9934656 ] ] ] } },
{ "type": "Feature", "properties": { "@id": "way/693126872", "amenity": null, "building": "house", "name": null, "shop": null, "GEOID": "39049001500" }, "geometry": { "type": "Polygon", "coordinates": [ [ [ -82.9807743, 39.9934502 ], [ -82.980777, 39.9933855 ], [ -82.9806831, 39.9933824 ], [ -82.9806805, 39.9934481 ], [ -82.9807743, 39.9934502 ] ] ] } },
{ "type": "Feature", "properties": { "@id": "way/700841738", "amenity": null, "building": "house", "name": null, "shop": null, "GEOID": "39049003000" }, "geometry": { "type": "Polygon", "coordinates": [ [ [ -82.9848869, 39.9676887 ], [ -82.9847114, 39.9677071 ], [ -82.9847092, 39.9676948 ], [ -82.9846615, 39.9676998 ], [ -82.9846562, 39.9676705 ], [ -82.9846959, 39.9676664 ], [ -82.9846893, 39.9676289 ], [ -82.9848246, 39.9676147 ], [ -82.984827, 39.967628 ], [ -82.9848618, 39.9676243 ], [ -82.9848644, 39.967639 ], [ -82.9848782, 39.9676376 ], [ -82.9848802, 39.9676486 ], [ -82.9848909, 39.9676538 ], [ -82.9848963, 39.9676723 ], [ -82.9848869, 39.9676887 ] ] ] } },
{ "type": "Feature", "properties": { "@id": "way/700841739", "amenity": null, "building": "house", "name": null, "shop": null, "GEOID": "39049003000" }, "geometry": { "type": "Polygon", "coordinates": [ [ [ -82.9848554, 39.967598 ], [ -82.9846628, 39.9676186 ], [ -82.9846474, 39.9675336 ], [ -82.9847188, 39.967526 ], [ -82.9847206, 39.9675176 ], [ -82.9847685, 39.9675122 ], [ -82.9847717, 39.9675172 ], [ -82.9848394, 39.96751 ], [ -82.9848554, 39.967598 ] ] ] } },
{ "type": "Feature", "properties": { "@id": "way/700841740", "amenity": null, "building": "house", "name": null, "shop": null, "GEOID": "39049003000" }, "geometry": { "type": "Polygon", "coordinates": [ [ [ -82.9848469, 39.9674838 ], [ -82.9847878, 39.9674906 ], [ -82.9847905, 39.9675047 ], [ -82.9847047, 39.9675145 ], [ -82.984702, 39.9675007 ], [ -82.9846477, 39.967507 ], [ -82.9846326, 39.9674297 ], [ -82.9846864, 39.9674235 ], [ -82.9846901, 39.9674167 ], [ -82.9847663, 39.9674064 ], [ -82.9847746, 39.9674162 ], [ -82.9848325, 39.9674096 ], [ -82.9848469, 39.9674838 ] ] ] } },
{ "type": "Feature", "properties": { "@id": "way/722074401", "amenity": null, "building": "house", "name": null, "shop": null, "GEOID": "39049001000" }, "geometry": { "type": "Polygon", "coordinates": [ [ [ -83.0095231, 40.0086211 ], [ -83.0095312, 40.0085322 ], [ -83.00931, 40.0085204 ], [ -83.009302, 40.0086093 ], [ -83.0095231, 40.0086211 ] ] ] } },
{ "type": "Feature", "properties": { "@id": "way/722074402", "amenity": null, "building": "house", "name": null, "shop": null, "GEOID": "39049001000" }, "geometry": { "type": "Polygon", "coordinates": [ [ [ -83.0095572, 40.0087301 ], [ -83.0093846, 40.0087209 ], [ -83.0093933, 40.0086246 ], [ -83.0095659, 40.0086338 ], [ -83.0095572, 40.0087301 ] ] ] } },
{ "type": "Feature", "properties": { "@id": "way/722074403", "amenity": null, "building": "house", "name": null, "shop": null, "GEOID": "39049001000" }, "geometry": { "type": "Polygon", "coordinates": [ [ [ -83.0095693, 40.0088224 ], [ -83.0093913, 40.0088131 ], [ -83.0093987, 40.0087294 ], [ -83.0095767, 40.0087387 ], [ -83.0095693, 40.0088224 ] ] ] } },
{ "type": "Feature", "properties": { "@id": "way/722074404", "amenity": null, "building": "house", "name": null, "shop": null, "GEOID": "39049001000" }, "geometry": { "type": "Polygon", "coordinates": [ [ [ -83.0096165, 40.0089334 ], [ -83.0094034, 40.0089228 ], [ -83.0094113, 40.00883 ], [ -83.0096244, 40.0088407 ], [ -83.0096165, 40.0089334 ] ] ] } },
{ "type": "Feature", "properties": { "@id": "way/722074405", "amenity": null, "building": "house", "name": null, "shop": null, "GEOID": "39049001000" }, "geometry": { "type": "Polygon", "coordinates": [ [ [ -83.0096142, 40.0090468 ], [ -83.0094074, 40.0090341 ], [ -83.009418, 40.0089324 ], [ -83.0096248, 40.008945 ], [ -83.0096142, 40.0090468 ] ] ] } },
{ "type": "Feature", "properties": { "@id": "way/722074406", "amenity": null, "building": "house", "name": null, "shop": null, "GEOID": "39049001000" }, "geometry": { "type": "Polygon", "coordinates": [ [ [ -83.0097002, 40.009283 ], [ -83.009709, 40.0091844 ], [ -83.0094635, 40.0091716 ], [ -83.0094604, 40.0092059 ], [ -83.0095172, 40.0092088 ], [ -83.0095115, 40.0092732 ], [ -83.0097002, 40.009283 ] ] ] } },
{ "type": "Feature", "properties": { "@id": "way/722074407", "amenity": null, "building": "house", "name": null, "shop": null, "GEOID": "39049001000" }, "geometry": { "type": "Polygon", "coordinates": [ [ [ -83.0097588, 40.0093979 ], [ -83.0095411, 40.0093835 ], [ -83.0095506, 40.0092989 ], [ -83.0097684, 40.0093134 ], [ -83.0097588, 40.0093979 ] ] ] } },
{ "type": "Feature", "properties": { "@id": "way/722074408", "amenity": null, "building": "house", "name": null, "shop": null, "GEOID": "39049001000" }, "geometry": { "type": "Polygon", "coordinates": [ [ [ -83.0097884, 40.0095062 ], [ -83.0095374, 40.009493 ], [ -83.0095453, 40.0094052 ], [ -83.0097963, 40.0094184 ], [ -83.0097884, 40.0095062 ] ] ] } },
{ "type": "Feature", "properties": { "@id": "way/722074412", "amenity": null, "building": "house", "name": null, "shop": null, "GEOID": "39049001000" }, "geometry": { "type": "Polygon", "coordinates": [ [ [ -83.0101156, 40.0104013 ], [ -83.0098633, 40.0104408 ], [ -83.0098408, 40.010357 ], [ -83.0100932, 40.0103174 ], [ -83.0101156, 40.0104013 ] ] ] } },
{ "type": "Feature", "properties": { "@id": "way/722074413", "amenity": null, "building": "house", "name": null, "shop": null, "GEOID": "39049001000" }, "geometry": { "type": "Polygon", "coordinates": [ [ [ -83.0101447, 40.0105951 ], [ -83.009885, 40.0106338 ], [ -83.0098688, 40.0105701 ], [ -83.0099263, 40.0105615 ], [ -83.0099218, 40.0105437 ], [ -83.010124, 40.0105136 ], [ -83.0101447, 40.0105951 ] ] ] } },
{ "type": "Feature", "properties": { "@id": "way/722074414", "amenity": null, "building": "house", "name": null, "shop": null, "GEOID": "39049001000" }, "geometry": { "type": "Polygon", "coordinates": [ [ [ -83.0101646, 40.0107322 ], [ -83.0100028, 40.0107573 ], [ -83.0099845, 40.010688 ], [ -83.0100099, 40.0106841 ], [ -83.0100019, 40.0106539 ], [ -83.0100202, 40.0106511 ], [ -83.0100123, 40.0106212 ], [ -83.0101313, 40.0106027 ], [ -83.0101344, 40.0106144 ], [ -83.010151, 40.0106118 ], [ -83.0101784, 40.0107158 ], [ -83.010161, 40.0107185 ], [ -83.0101646, 40.0107322 ] ] ] } },
{ "type": "Feature", "properties": { "@id": "way/724752738", "amenity": null, "building": "house", "name": null, "shop": null, "GEOID": "39049003000" }, "geometry": { "type": "Polygon", "coordinates": [ [ [ -82.995335, 39.9794948 ], [ -82.9953324, 39.9796104 ], [ -82.99526, 39.9796094 ], [ -82.9952626, 39.9794938 ], [ -82.995335, 39.9794948 ] ] ] } },
{ "type": "Feature", "properties": { "@id": "way/724752739", "amenity": null, "building": "house", "name": null, "shop": null, "GEOID": "39049003000" }, "geometry": { "type": "Polygon", "coordinates": [ [ [ -82.9954068, 39.9794958 ], [ -82.9954041, 39.9796114 ], [ -82.9953324, 39.9796104 ], [ -82.995335, 39.9794948 ], [ -82.9954068, 39.9794958 ] ] ] } },
{ "type": "Feature", "properties": { "@id": "way/724752740", "amenity": null, "building": "house", "name": null, "shop": null, "GEOID": "39049003000" }, "geometry": { "type": "Polygon", "coordinates": [ [ [ -82.9955027, 39.9794989 ], [ -82.9955, 39.9796145 ], [ -82.9954276, 39.9796135 ], [ -82.9954303, 39.9794979 ], [ -82.9955027, 39.9794989 ] ] ] } },
{ "type": "Feature", "properties": { "@id": "way/724752741", "amenity": null, "building": "house", "name": null, "shop": null, "GEOID": "39049003000" }, "geometry": { "type": "Polygon", "coordinates": [ [ [ -82.9955744, 39.9794999 ], [ -82.9955717, 39.9796155 ], [ -82.9955, 39.9796145 ], [ -82.9955027, 39.9794989 ], [ -82.9955744, 39.9794999 ] ] ] } },
{ "type": "Feature", "properties": { "@id": "way/724752742", "amenity": null, "building": "house", "name": null, "shop": null, "GEOID": "39049003000" }, "geometry": { "type": "Polygon", "coordinates": [ [ [ -82.9953843, 39.9791246 ], [ -82.9953816, 39.9792461 ], [ -82.9953092, 39.9792452 ], [ -82.9953119, 39.9791237 ], [ -82.9953843, 39.9791246 ] ] ] } },
{ "type": "Feature", "properties": { "@id": "way/724752743", "amenity": null, "building": "house", "name": null, "shop": null, "GEOID": "39049003000" }, "geometry": { "type": "Polygon", "coordinates": [ [ [ -82.9954559, 39.9791315 ], [ -82.9954533, 39.979247 ], [ -82.9953816, 39.9792461 ], [ -82.9953843, 39.9791246 ], [ -82.995456, 39.9791255 ], [ -82.9954559, 39.9791315 ] ] ] } },
{ "type": "Feature", "properties": { "@id": "way/724752744", "amenity": null, "building": "house", "name": null, "shop": null, "GEOID": "39049003000" }, "geometry": { "type": "Polygon", "coordinates": [ [ [ -82.995525, 39.9791324 ], [ -82.9955223, 39.9792534 ], [ -82.9954532, 39.9792525 ], [ -82.9954533, 39.979247 ], [ -82.9954559, 39.9791315 ], [ -82.995525, 39.9791324 ] ] ] } },
{ "type": "Feature", "properties": { "@id": "way/724752745", "amenity": null, "building": "house", "name": null, "shop": null, "GEOID": "39049003000" }, "geometry": { "type": "Polygon", "coordinates": [ [ [ -82.9955875, 39.9792542 ], [ -82.9955223, 39.9792534 ], [ -82.995525, 39.9791324 ], [ -82.9955901, 39.9791333 ], [ -82.9955875, 39.9792542 ] ] ] } },
{ "type": "Feature", "properties": { "@id": "way/725036170", "amenity": null, "building": "house", "name": null, "shop": null, "GEOID": "39049003000" }, "geometry": { "type": "Polygon", "coordinates": [ [ [ -82.9967848, 39.9792813 ], [ -82.9966252, 39.9792782 ], [ -82.996627, 39.9792234 ], [ -82.996773, 39.9792262 ], [ -82.9967866, 39.9792264 ], [ -82.9967848, 39.9792813 ] ] ] } },
{ "type": "Feature", "properties": { "@id": "way/725036171", "amenity": null, "building": "house", "name": null, "shop": null, "GEOID": "39049003000" }, "geometry": { "type": "Polygon", "coordinates": [ [ [ -82.996773, 39.9792262 ], [ -82.996627, 39.9792234 ], [ -82.9966134, 39.9792231 ], [ -82.9966152, 39.9791683 ], [ -82.9967748, 39.9791713 ], [ -82.996773, 39.9792262 ] ] ] } },
{ "type": "Feature", "properties": { "@id": "way/725036172", "amenity": null, "building": "house", "name": null, "shop": null, "GEOID": "39049003000" }, "geometry": { "type": "Polygon", "coordinates": [ [ [ -82.9968164, 39.979419 ], [ -82.9966568, 39.9794159 ], [ -82.9966586, 39.9793611 ], [ -82.9968046, 39.9793639 ], [ -82.9968182, 39.9793642 ], [ -82.9968164, 39.979419 ] ] ] } },
{ "type": "Feature", "properties": { "@id": "way/725036173", "amenity": null, "building": "house", "name": null, "shop": null, "GEOID": "39049003000" }, "geometry": { "type": "Polygon", "coordinates": [ [ [ -82.9968046, 39.9793639 ], [ -82.9966586, 39.9793611 ], [ -82.996645, 39.9793608 ], [ -82.9966468, 39.979306 ], [ -82.9968064, 39.9793091 ], [ -82.9968046, 39.9793639 ] ] ] } },
{ "type": "Feature", "properties": { "@id": "way/725036174", "amenity": null, "building": "house", "name": null, "shop": null, "GEOID": "39049003000" }, "geometry": { "type": "Polygon", "coordinates": [ [ [ -82.9966044, 39.9795395 ], [ -82.9966017, 39.9796551 ], [ -82.9965306, 39.9796543 ], [ -82.9965327, 39.9795385 ], [ -82.9966044, 39.9795395 ] ] ] } },
{ "type": "Feature", "properties": { "@id": "way/725036175", "amenity": null, "building": "house", "name": null, "shop": null, "GEOID": "39049003000" }, "geometry": { "type": "Polygon", "coordinates": [ [ [ -82.9965327, 39.9795385 ], [ -82.9965306, 39.9796543 ], [ -82.9964589, 39.9796533 ], [ -82.9964616, 39.9795377 ], [ -82.9965327, 39.9795385 ] ] ] } },
{ "type": "Feature", "properties": { "@id": "way/725036184", "amenity": null, "building": "house", "name": null, "shop": null, "GEOID": "39049003000" }, "geometry": { "type": "Polygon", "coordinates": [ [ [ -82.9964403, 39.9792908 ], [ -82.9964453, 39.9791751 ], [ -82.9965171, 39.9791768 ], [ -82.9965127, 39.9792924 ], [ -82.9964403, 39.9792908 ] ] ] } },
{ "type": "Feature", "properties": { "@id": "way/725036187", "amenity": null, "building": "house", "name": null, "shop": null, "GEOID": "39049003000" }, "geometry": { "type": "Polygon", "coordinates": [ [ [ -82.9962968, 39.9792874 ], [ -82.9963012, 39.9791718 ], [ -82.9963729, 39.9791734 ], [ -82.9963685, 39.979289 ], [ -82.9962968, 39.9792874 ] ] ] } },
{ "type": "Feature", "properties": { "@id": "way/725036188", "amenity": null, "building": "house", "name": null, "shop": null, "GEOID": "39049003000" }, "geometry": { "type": "Polygon", "coordinates": [ [ [ -82.9963685, 39.979289 ], [ -82.9963729, 39.9791734 ], [ -82.9964453, 39.9791751 ], [ -82.9964403, 39.9792908 ], [ -82.9963685, 39.979289 ] ] ] } },
{ "type": "Feature", "properties": { "@id": "way/725036191", "amenity": null, "building": "house", "name": null, "shop": null, "GEOID": "39049003000" }, "geometry": { "type": "Polygon", "coordinates": [ [ [ -82.9964314, 39.9795356 ], [ -82.9964287, 39.9796512 ], [ -82.996357, 39.9796502 ], [ -82.9963597, 39.9795346 ], [ -82.9964314, 39.9795356 ] ] ] } },
{ "type": "Feature", "properties": { "@id": "way/725036192", "amenity": null, "building": "house", "name": null, "shop": null, "GEOID": "39049003000" }, "geometry": { "type": "Polygon", "coordinates": [ [ [ -82.9963597, 39.9795346 ], [ -82.996357, 39.9796502 ], [ -82.9962846, 39.9796492 ], [ -82.9962873, 39.9795336 ], [ -82.9963597, 39.9795346 ] ] ] } },
{ "type": "Feature", "properties": { "@id": "way/725036193", "amenity": null, "building": "house", "name": null, "shop": null, "GEOID": "39049003000" }, "geometry": { "type": "Polygon", "coordinates": [ [ [ -82.9961501, 39.9796566 ], [ -82.9959993, 39.9796535 ], [ -82.9960012, 39.9795976 ], [ -82.9961521, 39.9796007 ], [ -82.9961501, 39.9796566 ] ] ] } },
{ "type": "Feature", "properties": { "@id": "way/725036194", "amenity": null, "building": "house", "name": null, "shop": null, "GEOID": "39049003000" }, "geometry": { "type": "Polygon", "coordinates": [ [ [ -82.9961736, 39.9791865 ], [ -82.9960227, 39.9791834 ], [ -82.9960247, 39.9791274 ], [ -82.9961756, 39.9791305 ], [ -82.9961736, 39.9791865 ] ] ] } },
{ "type": "Feature", "properties": { "@id": "way/725036195", "amenity": null, "building": "house", "name": null, "shop": null, "GEOID": "39049003000" }, "geometry": { "type": "Polygon", "coordinates": [ [ [ -82.995662, 39.9795854 ], [ -82.9958067, 39.9795907 ], [ -82.9958097, 39.9795413 ], [ -82.995665, 39.979536 ], [ -82.995662, 39.9795854 ] ] ] } },
{ "type": "Feature", "properties": { "@id": "way/725036196", "amenity": null, "building": "house", "name": null, "shop": null, "GEOID": "39049003000" }, "geometry": { "type": "Polygon", "coordinates": [ [ [ -82.9958207, 39.9796466 ], [ -82.9958241, 39.9795913 ], [ -82.9958067, 39.9795907 ], [ -82.995662, 39.9795854 ], [ -82.9956585, 39.9796407 ], [ -82.9958207, 39.9796466 ] ] ] } },
{ "type": "Feature", "properties": { "@id": "way/725036197", "amenity": null, "building": "house", "name": null, "shop": null, "GEOID": "39049003000" }, "geometry": { "type": "Polygon", "coordinates": [ [ [ -82.9958589, 39.979139 ], [ -82.995855, 39.9791943 ], [ -82.9958376, 39.9791936 ], [ -82.9956929, 39.9791877 ], [ -82.9956967, 39.9791324 ], [ -82.9958589, 39.979139 ] ] ] } },
{ "type": "Feature", "properties": { "@id": "way/725036198", "amenity": null, "building": "house", "name": null, "shop": null, "GEOID": "39049003000" }, "geometry": { "type": "Polygon", "coordinates": [ [ [ -82.9956929, 39.9791877 ], [ -82.9958376, 39.9791936 ], [ -82.9958342, 39.979243 ], [ -82.9956895, 39.9792371 ], [ -82.9956929, 39.9791877 ] ] ] } },
{ "type": "Feature", "properties": { "@id": "way/725036199", "amenity": null, "building": "house", "name": null, "shop": null, "GEOID": "39049003000" }, "geometry": { "type": "Polygon", "coordinates": [ [ [ -82.9958441, 39.9793643 ], [ -82.9958475, 39.979309 ], [ -82.9958301, 39.9793083 ], [ -82.9956853, 39.9793031 ], [ -82.9956819, 39.9793583 ], [ -82.9958441, 39.9793643 ] ] ] } },
{ "type": "Feature", "properties": { "@id": "way/725036200", "amenity": null, "building": "house", "name": null, "shop": null, "GEOID": "39049003000" }, "geometry": { "type": "Polygon", "coordinates": [ [ [ -82.9956853, 39.9793031 ], [ -82.9958301, 39.9793083 ], [ -82.9958331, 39.9792589 ], [ -82.9956884, 39.9792536 ], [ -82.9956853, 39.9793031 ] ] ] } },
{ "type": "Feature", "properties": { "@id": "way/725036201", "amenity": null, "building": "house", "name": null, "shop": null, "GEOID": "39049003000" }, "geometry": { "type": "Polygon", "coordinates": [ [ [ -82.9956715, 39.9794654 ], [ -82.9958162, 39.9794713 ], [ -82.9958128, 39.9795207 ], [ -82.9956681, 39.9795148 ], [ -82.9956715, 39.9794654 ] ] ] } },
{ "type": "Feature", "properties": { "@id": "way/725036202", "amenity": null, "building": "house", "name": null, "shop": null, "GEOID": "39049003000" }, "geometry": { "type": "Polygon", "coordinates": [ [ [ -82.9958374, 39.9794167 ], [ -82.9958336, 39.979472 ], [ -82.9958162, 39.9794713 ], [ -82.9956715, 39.9794654 ], [ -82.9956753, 39.9794102 ], [ -82.9958374, 39.9794167 ] ] ] } },
{ "type": "Feature", "properties": { "@id": "way/725036203", "amenity": null, "building": "house", "name": null, "shop": null, "GEOID": "39049003000" }, "geometry": { "type": "Polygon", "coordinates": [ [ [ -82.9961545, 39.9795318 ], [ -82.9961521, 39.9795857 ], [ -82.9960012, 39.9795817 ], [ -82.9960037, 39.9795278 ], [ -82.9961545, 39.9795318 ] ] ] } },
{ "type": "Feature", "properties": { "@id": "way/725036204", "amenity": null, "building": "house", "name": null, "shop": null, "GEOID": "39049003000" }, "geometry": { "type": "Polygon", "coordinates": [ [ [ -82.996157, 39.9794777 ], [ -82.9960061, 39.9794737 ], [ -82.9960087, 39.9794178 ], [ -82.9961595, 39.9794218 ], [ -82.996157, 39.9794777 ] ] ] } },
{ "type": "Feature", "properties": { "@id": "way/725036205", "amenity": null, "building": "house", "name": null, "shop": null, "GEOID": "39049003000" }, "geometry": { "type": "Polygon", "coordinates": [ [ [ -82.9961545, 39.9795318 ], [ -82.9960037, 39.9795278 ], [ -82.9960061, 39.9794737 ], [ -82.996157, 39.9794777 ], [ -82.9961545, 39.9795318 ] ] ] } },
{ "type": "Feature", "properties": { "@id": "way/725036206", "amenity": null, "building": "house", "name": null, "shop": null, "GEOID": "39049003000" }, "geometry": { "type": "Polygon", "coordinates": [ [ [ -82.9961714, 39.9792535 ], [ -82.9960206, 39.9792504 ], [ -82.9960225, 39.9791944 ], [ -82.9961734, 39.9791975 ], [ -82.9961714, 39.9792535 ] ] ] } },
{ "type": "Feature", "properties": { "@id": "way/725036207", "amenity": null, "building": "house", "name": null, "shop": null, "GEOID": "39049003000" }, "geometry": { "type": "Polygon", "coordinates": [ [ [ -82.9961696, 39.9793075 ], [ -82.9960187, 39.9793044 ], [ -82.9960206, 39.9792504 ], [ -82.9961714, 39.9792535 ], [ -82.9961696, 39.9793075 ] ] ] } },
{ "type": "Feature", "properties": { "@id": "way/725036208", "amenity": null, "building": "house", "name": null, "shop": null, "GEOID": "39049003000" }, "geometry": { "type": "Polygon", "coordinates": [ [ [ -82.9961696, 39.9793075 ], [ -82.9961677, 39.9793614 ], [ -82.9960168, 39.9793583 ], [ -82.9960187, 39.9793044 ], [ -82.9961696, 39.9793075 ] ] ] } },
{ "type": "Feature", "properties": { "@id": "way/725036209", "amenity": null, "building": "house", "name": null, "shop": null, "GEOID": "39049003000" }, "geometry": { "type": "Polygon", "coordinates": [ [ [ -82.9965093, 39.9785824 ], [ -82.9965099, 39.9785271 ], [ -82.9966431, 39.9785285 ], [ -82.99666, 39.9785281 ], [ -82.9966594, 39.9785834 ], [ -82.9965093, 39.9785824 ] ] ] } },
{ "type": "Feature", "properties": { "@id": "way/725036210", "amenity": null, "building": "house", "name": null, "shop": null, "GEOID": "39049003000" }, "geometry": { "type": "Polygon", "coordinates": [ [ [ -82.996493, 39.9785275 ], [ -82.9964936, 39.9784721 ], [ -82.9966437, 39.9784731 ], [ -82.9966431, 39.9785285 ], [ -82.9965099, 39.9785271 ], [ -82.996493, 39.9785275 ] ] ] } },
{ "type": "Feature", "properties": { "@id": "way/725036211", "amenity": null, "building": "house", "name": null, "shop": null, "GEOID": "39049003000" }, "geometry": { "type": "Polygon", "coordinates": [ [ [ -82.9958995, 39.9785754 ], [ -82.9958273, 39.9785745 ], [ -82.9958299, 39.9784535 ], [ -82.9959022, 39.9784544 ], [ -82.9958995, 39.9785754 ] ] ] } },
{ "type": "Feature", "properties": { "@id": "way/725036212", "amenity": null, "building": "house", "name": null, "shop": null, "GEOID": "39049003000" }, "geometry": { "type": "Polygon", "coordinates": [ [ [ -82.995648, 39.9785659 ], [ -82.9955758, 39.978565 ], [ -82.9955784, 39.978444 ], [ -82.9956507, 39.978445 ], [ -82.995648, 39.9785659 ] ] ] } },
{ "type": "Feature", "properties": { "@id": "way/725036213", "amenity": null, "building": "house", "name": null, "shop": null, "GEOID": "39049003000" }, "geometry": { "type": "Polygon", "coordinates": [ [ [ -82.9957316, 39.9785664 ], [ -82.9956594, 39.9785655 ], [ -82.9956621, 39.9784445 ], [ -82.9957343, 39.9784455 ], [ -82.9957316, 39.9785664 ] ] ] } },
{ "type": "Feature", "properties": { "@id": "way/725036214", "amenity": null, "building": "house", "name": null, "shop": null, "GEOID": "39049003000" }, "geometry": { "type": "Polygon", "coordinates": [ [ [ -82.9958159, 39.9785749 ], [ -82.9957436, 39.978574 ], [ -82.9957463, 39.978453 ], [ -82.9958186, 39.978454 ], [ -82.9958159, 39.9785749 ] ] ] } },
{ "type": "Feature", "properties": { "@id": "way/725036215", "amenity": null, "building": "house", "name": null, "shop": null, "GEOID": "39049003000" }, "geometry": { "type": "Polygon", "coordinates": [ [ [ -82.9962026, 39.9785892 ], [ -82.9961303, 39.9785883 ], [ -82.996133, 39.9784673 ], [ -82.9962052, 39.9784683 ], [ -82.9962026, 39.9785892 ] ] ] } },
{ "type": "Feature", "properties": { "@id": "way/725036216", "amenity": null, "building": "house", "name": null, "shop": null, "GEOID": "39049003000" }, "geometry": { "type": "Polygon", "coordinates": [ [ [ -82.9961189, 39.9785887 ], [ -82.9960467, 39.9785878 ], [ -82.9960493, 39.9784668 ], [ -82.9961216, 39.9784678 ], [ -82.9961189, 39.9785887 ] ] ] } },
{ "type": "Feature", "properties": { "@id": "way/725036217", "amenity": null, "building": "house", "name": null, "shop": null, "GEOID": "39049003000" }, "geometry": { "type": "Polygon", "coordinates": [ [ [ -82.9962868, 39.9785977 ], [ -82.9962146, 39.9785968 ], [ -82.9962172, 39.9784758 ], [ -82.9962895, 39.9784767 ], [ -82.9962868, 39.9785977 ] ] ] } },
{ "type": "Feature", "properties": { "@id": "way/725036218", "amenity": null, "building": "house", "name": null, "shop": null, "GEOID": "39049003000" }, "geometry": { "type": "Polygon", "coordinates": [ [ [ -82.9963705, 39.9785982 ], [ -82.9962982, 39.9785973 ], [ -82.9963009, 39.9784763 ], [ -82.9963731, 39.9784772 ], [ -82.9963705, 39.9785982 ] ] ] } },
{ "type": "Feature", "properties": { "@id": "way/725323665", "amenity": null, "building": "house", "name": null, "shop": null, "GEOID": "39049003000" }, "geometry": { "type": "Polygon", "coordinates": [ [ [ -82.9955466, 39.9787987 ], [ -82.9956188, 39.9788007 ], [ -82.9956131, 39.9789216 ], [ -82.9955408, 39.9789195 ], [ -82.9955466, 39.9787987 ] ] ] } },
{ "type": "Feature", "properties": { "@id": "way/725323666", "amenity": null, "building": "house", "name": null, "shop": null, "GEOID": "39049003000" }, "geometry": { "type": "Polygon", "coordinates": [ [ [ -82.9954671, 39.9787976 ], [ -82.9955392, 39.9787996 ], [ -82.9955335, 39.9789206 ], [ -82.9954613, 39.9789185 ], [ -82.9954671, 39.9787976 ] ] ] } },
{ "type": "Feature", "properties": { "@id": "way/725323669", "amenity": null, "building": "house", "name": null, "shop": null, "GEOID": "39049003000" }, "geometry": { "type": "Polygon", "coordinates": [ [ [ -82.9953056, 39.9787937 ], [ -82.9953777, 39.9787957 ], [ -82.995372, 39.9789167 ], [ -82.9952998, 39.9789146 ], [ -82.9953056, 39.9787937 ] ] ] } },
{ "type": "Feature", "properties": { "@id": "way/725323670", "amenity": null, "building": "house", "name": null, "shop": null, "GEOID": "39049003000" }, "geometry": { "type": "Polygon", "coordinates": [ [ [ -82.9953864, 39.9787958 ], [ -82.9954586, 39.9787978 ], [ -82.9954529, 39.9789187 ], [ -82.9953806, 39.9789166 ], [ -82.9953864, 39.9787958 ] ] ] } },
{ "type": "Feature", "properties": { "@id": "way/725323671", "amenity": null, "building": "house", "name": null, "shop": null, "GEOID": "39049003000" }, "geometry": { "type": "Polygon", "coordinates": [ [ [ -82.9958515, 39.9788264 ], [ -82.9958485, 39.9788817 ], [ -82.9956907, 39.9788767 ], [ -82.9956939, 39.9788213 ], [ -82.9958515, 39.9788264 ] ] ] } },
{ "type": "Feature", "properties": { "@id": "way/725323672", "amenity": null, "building": "house", "name": null, "shop": null, "GEOID": "39049003000" }, "geometry": { "type": "Polygon", "coordinates": [ [ [ -82.9958477, 39.9788903 ], [ -82.9958448, 39.9789456 ], [ -82.995687, 39.9789406 ], [ -82.9956901, 39.9788852 ], [ -82.9958477, 39.9788903 ] ] ] } },
{ "type": "Feature", "properties": { "@id": "way/725323673", "amenity": null, "building": "house", "name": null, "shop": null, "GEOID": "39049003000" }, "geometry": { "type": "Polygon", "coordinates": [ [ [ -82.9958545, 39.9787656 ], [ -82.9958515, 39.9788209 ], [ -82.9956937, 39.9788159 ], [ -82.9956968, 39.9787605 ], [ -82.9958545, 39.9787656 ] ] ] } },
{ "type": "Feature", "properties": { "@id": "way/725323674", "amenity": null, "building": "house", "name": null, "shop": null, "GEOID": "39049003000" }, "geometry": { "type": "Polygon", "coordinates": [ [ [ -82.9958582, 39.9787034 ], [ -82.9958552, 39.9787587 ], [ -82.9956975, 39.9787537 ], [ -82.9957006, 39.9786983 ], [ -82.9958582, 39.9787034 ] ] ] } },
{ "type": "Feature", "properties": { "@id": "way/725323675", "amenity": null, "building": "house", "name": null, "shop": null, "GEOID": "39049003000" }, "geometry": { "type": "Polygon", "coordinates": [ [ [ -82.9964006, 39.9789791 ], [ -82.996407, 39.978864 ], [ -82.9964778, 39.9788663 ], [ -82.9964715, 39.9789814 ], [ -82.9964006, 39.9789791 ] ] ] } },
{ "type": "Feature", "properties": { "@id": "way/725323676", "amenity": null, "building": "house", "name": null, "shop": null, "GEOID": "39049003000" }, "geometry": { "type": "Polygon", "coordinates": [ [ [ -82.9963103, 39.9789758 ], [ -82.9963167, 39.9788606 ], [ -82.9963882, 39.9788629 ], [ -82.9963818, 39.9789781 ], [ -82.9963103, 39.9789758 ] ] ] } },
{ "type": "Feature", "properties": { "@id": "way/725323677", "amenity": null, "building": "house", "name": null, "shop": null, "GEOID": "39049003000" }, "geometry": { "type": "Polygon", "coordinates": [ [ [ -82.99623, 39.9788497 ], [ -82.9962269, 39.978906 ], [ -82.9960394, 39.9789 ], [ -82.9960427, 39.9788435 ], [ -82.99623, 39.9788497 ] ] ] } },
{ "type": "Feature", "properties": { "@id": "way/725323678", "amenity": null, "building": "house", "name": null, "shop": null, "GEOID": "39049003000" }, "geometry": { "type": "Polygon", "coordinates": [ [ [ -82.9962333, 39.9787932 ], [ -82.99623, 39.9788497 ], [ -82.9960427, 39.9788435 ], [ -82.9960458, 39.9787872 ], [ -82.9962333, 39.9787932 ] ] ] } },
{ "type": "Feature", "properties": { "@id": "way/725323680", "amenity": null, "building": "house", "name": null, "shop": null, "GEOID": "39049003000" }, "geometry": { "type": "Polygon", "coordinates": [ [ [ -82.9962074, 39.9787288 ], [ -82.9962044, 39.978784 ], [ -82.9960467, 39.978779 ], [ -82.9960498, 39.9787236 ], [ -82.9962074, 39.9787288 ] ] ] } },
{ "type": "Feature", "properties": { "@id": "way/725323681", "amenity": null, "building": "house", "name": null, "shop": null, "GEOID": "39049003000" }, "geometry": { "type": "Polygon", "coordinates": [ [ [ -82.9961969, 39.9789153 ], [ -82.9961939, 39.9789706 ], [ -82.9960361, 39.9789656 ], [ -82.9960393, 39.9789102 ], [ -82.9961969, 39.9789153 ] ] ] } },
{ "type": "Feature", "properties": { "@id": "way/725323694", "amenity": null, "building": "house", "name": null, "shop": null, "GEOID": "39049003000" }, "geometry": { "type": "Polygon", "coordinates": [ [ [ -82.9953955, 39.9785568 ], [ -82.9953233, 39.9785559 ], [ -82.9953259, 39.9784349 ], [ -82.9953982, 39.9784359 ], [ -82.9953955, 39.9785568 ] ] ] } },
{ "type": "Feature", "properties": { "@id": "way/725323695", "amenity": null, "building": "house", "name": null, "shop": null, "GEOID": "39049003000" }, "geometry": { "type": "Polygon", "coordinates": [ [ [ -82.9954805, 39.9785576 ], [ -82.9954083, 39.9785567 ], [ -82.9954109, 39.9784357 ], [ -82.9954832, 39.9784367 ], [ -82.9954805, 39.9785576 ] ] ] } },
{ "type": "Feature", "properties": { "@id": "way/725323696", "amenity": null, "building": "house", "name": null, "shop": null, "GEOID": "39049003000" }, "geometry": { "type": "Polygon", "coordinates": [ [ [ -82.9955641, 39.9785653 ], [ -82.9954919, 39.9785644 ], [ -82.9954946, 39.9784434 ], [ -82.9955668, 39.9784444 ], [ -82.9955641, 39.9785653 ] ] ] } },
{ "type": "Feature", "properties": { "@id": "way/725323697", "amenity": null, "building": "house", "name": null, "shop": null, "GEOID": "39049003000" }, "geometry": { "type": "Polygon", "coordinates": [ [ [ -82.9967426, 39.97899 ], [ -82.9965922, 39.9789873 ], [ -82.9965939, 39.9789325 ], [ -82.9967443, 39.9789352 ], [ -82.9967426, 39.97899 ] ] ] } },
{ "type": "Feature", "properties": { "@id": "way/725323698", "amenity": null, "building": "house", "name": null, "shop": null, "GEOID": "39049003000" }, "geometry": { "type": "Polygon", "coordinates": [ [ [ -82.9967443, 39.9789352 ], [ -82.9965939, 39.9789325 ], [ -82.9965955, 39.9788782 ], [ -82.9967459, 39.9788808 ], [ -82.9967443, 39.9789352 ] ] ] } },
{ "type": "Feature", "properties": { "@id": "way/725323699", "amenity": null, "building": "house", "name": null, "shop": null, "GEOID": "39049003000" }, "geometry": { "type": "Polygon", "coordinates": [ [ [ -82.9967357, 39.9788043 ], [ -82.9965897, 39.9788015 ], [ -82.9965761, 39.9788012 ], [ -82.9965779, 39.9787464 ], [ -82.9967375, 39.9787495 ], [ -82.9967357, 39.9788043 ] ] ] } },
{ "type": "Feature", "properties": { "@id": "way/725323700", "amenity": null, "building": "house", "name": null, "shop": null, "GEOID": "39049003000" }, "geometry": { "type": "Polygon", "coordinates": [ [ [ -82.9967121, 39.9787217 ], [ -82.9965525, 39.9787186 ], [ -82.9965543, 39.9786638 ], [ -82.9967003, 39.9786666 ], [ -82.9967139, 39.9786669 ], [ -82.9967121, 39.9787217 ] ] ] } },
{ "type": "Feature", "properties": { "@id": "way/725323701", "amenity": null, "building": "house", "name": null, "shop": null, "GEOID": "39049003000" }, "geometry": { "type": "Polygon", "coordinates": [ [ [ -82.9967475, 39.9788594 ], [ -82.9965879, 39.9788563 ], [ -82.9965897, 39.9788015 ], [ -82.9967357, 39.9788043 ], [ -82.9967493, 39.9788046 ], [ -82.9967475, 39.9788594 ] ] ] } },
{ "type": "Feature", "properties": { "@id": "way/725323702", "amenity": null, "building": "house", "name": null, "shop": null, "GEOID": "39049003000" }, "geometry": { "type": "Polygon", "coordinates": [ [ [ -82.9967003, 39.9786666 ], [ -82.9965543, 39.9786638 ], [ -82.9965407, 39.9786635 ], [ -82.9965425, 39.9786087 ], [ -82.9967021, 39.9786118 ], [ -82.9967003, 39.9786666 ] ] ] } },
{ "type": "Feature", "properties": { "@id": "way/725323703", "amenity": null, "building": "house", "name": null, "shop": null, "GEOID": "39049003000" }, "geometry": { "type": "Polygon", "coordinates": [ [ [ -82.9968348, 39.9796321 ], [ -82.9966982, 39.9796298 ], [ -82.9966998, 39.9795756 ], [ -82.9968363, 39.9795779 ], [ -82.9968348, 39.9796321 ] ] ] } },
{ "type": "Feature", "properties": { "@id": "way/725323704", "amenity": null, "building": "house", "name": null, "shop": null, "GEOID": "39049003000" }, "geometry": { "type": "Polygon", "coordinates": [ [ [ -82.9968466, 39.9796872 ], [ -82.9966966, 39.9796847 ], [ -82.9966982, 39.9796298 ], [ -82.9968348, 39.9796321 ], [ -82.9968481, 39.9796324 ], [ -82.9968466, 39.9796872 ] ] ] } },
{ "type": "Feature", "properties": { "@id": "way/725323705", "amenity": null, "building": "house", "name": null, "shop": null, "GEOID": "39049003000" }, "geometry": { "type": "Polygon", "coordinates": [ [ [ -82.9968518, 39.9795567 ], [ -82.9966922, 39.9795536 ], [ -82.996694, 39.9794988 ], [ -82.99684, 39.9795016 ], [ -82.9968536, 39.9795019 ], [ -82.9968518, 39.9795567 ] ] ] } },
{ "type": "Feature", "properties": { "@id": "way/725323706", "amenity": null, "building": "house", "name": null, "shop": null, "GEOID": "39049003000" }, "geometry": { "type": "Polygon", "coordinates": [ [ [ -82.99684, 39.9795016 ], [ -82.996694, 39.9794988 ], [ -82.9966804, 39.9794985 ], [ -82.9966822, 39.9794437 ], [ -82.9968418, 39.9794468 ], [ -82.99684, 39.9795016 ] ] ] } },
{ "type": "Feature", "properties": { "@id": "way/729736987", "amenity": null, "building": "house", "name": null, "shop": null, "GEOID": "39049001500" }, "geometry": { "type": "Polygon", "coordinates": [ [ [ -82.9778314, 39.9934478 ], [ -82.9777133, 39.9934439 ], [ -82.9777203, 39.9933196 ], [ -82.9777479, 39.9933205 ], [ -82.9777538, 39.9932163 ], [ -82.977724, 39.9932153 ], [ -82.9777311, 39.9930909 ], [ -82.9778551, 39.993095 ], [ -82.9778486, 39.9932095 ], [ -82.9778718, 39.9932103 ], [ -82.9778649, 39.9933323 ], [ -82.977838, 39.9933314 ], [ -82.9778314, 39.9934478 ] ] ] } },
{ "type": "Feature", "properties": { "@id": "way/729736989", "amenity": null, "building": "house", "name": null, "shop": null, "GEOID": "39049001500" }, "geometry": { "type": "Polygon", "coordinates": [ [ [ -82.9789724, 39.9930919 ], [ -82.9788369, 39.9930856 ], [ -82.9788595, 39.992815 ], [ -82.978993, 39.9928213 ], [ -82.978993, 39.9928449 ], [ -82.9790115, 39.9928449 ], [ -82.9790012, 39.9929157 ], [ -82.9789786, 39.9929157 ], [ -82.9789704, 39.9929849 ], [ -82.9789971, 39.9929912 ], [ -82.9789889, 39.9930668 ], [ -82.9789765, 39.9930605 ], [ -82.9789724, 39.9930919 ] ] ] } },
{ "type": "Feature", "properties": { "@id": "way/729736990", "amenity": null, "building": "house", "name": null, "shop": null, "GEOID": "39049001500" }, "geometry": { "type": "Polygon", "coordinates": [ [ [ -82.9784449, 39.9934105 ], [ -82.9783259, 39.993404 ], [ -82.978336, 39.9932945 ], [ -82.9783069, 39.993293 ], [ -82.9783183, 39.9931705 ], [ -82.9783446, 39.9931719 ], [ -82.9783551, 39.9930576 ], [ -82.9784687, 39.9930638 ], [ -82.9784575, 39.9931846 ], [ -82.9784378, 39.9931835 ], [ -82.9784281, 39.9932886 ], [ -82.9784561, 39.9932901 ], [ -82.9784449, 39.9934105 ] ] ] } },
{ "type": "Feature", "properties": { "@id": "way/729736991", "amenity": null, "building": "house", "name": null, "shop": null, "GEOID": "39049001500" }, "geometry": { "type": "Polygon", "coordinates": [ [ [ -82.9782395, 39.9929652 ], [ -82.9779209, 39.992954 ], [ -82.9779156, 39.9930423 ], [ -82.9780083, 39.9930455 ], [ -82.9780075, 39.9930589 ], [ -82.97814, 39.9930635 ], [ -82.9781411, 39.9930451 ], [ -82.9782345, 39.9930484 ], [ -82.9782395, 39.9929652 ] ] ] } },
{ "type": "Feature", "properties": { "@id": "way/729736992", "amenity": null, "building": "house", "name": null, "shop": null, "GEOID": "39049001500" }, "geometry": { "type": "Polygon", "coordinates": [ [ [ -82.9778157, 39.9939488 ], [ -82.9776941, 39.9939848 ], [ -82.977568, 39.9937355 ], [ -82.9776899, 39.9936994 ], [ -82.9777321, 39.9937829 ], [ -82.9777214, 39.9937861 ], [ -82.9777557, 39.9938539 ], [ -82.9777794, 39.9938469 ], [ -82.9778289, 39.9939448 ], [ -82.9778157, 39.9939488 ] ] ] } },
{ "type": "Feature", "properties": { "@id": "way/729736993", "amenity": null, "building": "house", "name": null, "shop": null, "GEOID": "39049001500" }, "geometry": { "type": "Polygon", "coordinates": [ [ [ -82.9773723, 39.9934565 ], [ -82.9772397, 39.9934524 ], [ -82.9772462, 39.9933287 ], [ -82.9772236, 39.993328 ], [ -82.9772303, 39.9931995 ], [ -82.9772671, 39.9932007 ], [ -82.9772726, 39.9930959 ], [ -82.9773827, 39.9930993 ], [ -82.9773763, 39.9932199 ], [ -82.9773557, 39.9932192 ], [ -82.97735, 39.9933268 ], [ -82.9773791, 39.9933277 ], [ -82.9773723, 39.9934565 ] ] ] } },
{ "type": "Feature", "properties": { "@id": "way/729736994", "amenity": null, "building": "house", "name": null, "shop": null, "GEOID": "39049001500" }, "geometry": { "type": "Polygon", "coordinates": [ [ [ -82.9765444, 39.9938637 ], [ -82.9765078, 39.9938842 ], [ -82.9764965, 39.9938756 ], [ -82.976474, 39.9938864 ], [ -82.976291, 39.9937375 ], [ -82.9763107, 39.9937257 ], [ -82.9762713, 39.9937009 ], [ -82.9763572, 39.9936416 ], [ -82.9765585, 39.9938292 ], [ -82.9765303, 39.9938486 ], [ -82.9765444, 39.9938637 ] ] ] } },
{ "type": "Feature", "properties": { "@id": "way/729736995", "amenity": null, "building": "house", "name": null, "shop": null, "GEOID": "39049001500" }, "geometry": { "type": "Polygon", "coordinates": [ [ [ -82.9757605, 39.9942363 ], [ -82.9756514, 39.994314 ], [ -82.9755344, 39.994216 ], [ -82.9756405, 39.9941384 ], [ -82.9757605, 39.9942363 ] ] ] } },
{ "type": "Feature", "properties": { "@id": "way/729736996", "amenity": null, "building": "house", "name": null, "shop": null, "GEOID": "39049001500" }, "geometry": { "type": "Polygon", "coordinates": [ [ [ -82.97468, 39.996077 ], [ -82.9746859, 39.9959717 ], [ -82.9743401, 39.9959513 ], [ -82.9743327, 39.9960611 ], [ -82.97468, 39.996077 ] ] ] } },
{ "type": "Feature", "properties": { "@id": "way/729736997", "amenity": null, "building": "house", "name": null, "shop": null, "GEOID": "39049001500" }, "geometry": { "type": "Polygon", "coordinates": [ [ [ -82.9758814, 39.9961291 ], [ -82.9755283, 39.9961109 ], [ -82.975543, 39.9960034 ], [ -82.9756701, 39.9960057 ], [ -82.9756672, 39.9960215 ], [ -82.9757691, 39.996026 ], [ -82.9757662, 39.9960079 ], [ -82.9758933, 39.9960215 ], [ -82.9758814, 39.9961291 ] ] ] } },
{ "type": "Feature", "properties": { "@id": "way/729789023", "amenity": null, "building": "house", "name": null, "shop": null, "GEOID": "39049001500" }, "geometry": { "type": "Polygon", "coordinates": [ [ [ -82.9767799, 39.9945295 ], [ -82.9767165, 39.9945777 ], [ -82.9766811, 39.9945504 ], [ -82.9766562, 39.9945694 ], [ -82.9766119, 39.9945352 ], [ -82.9767148, 39.9944569 ], [ -82.9767585, 39.9944906 ], [ -82.9767439, 39.9945017 ], [ -82.9767799, 39.9945295 ] ] ] } },
{ "type": "Feature", "properties": { "@id": "way/729789024", "amenity": null, "building": "house", "name": null, "shop": null, "GEOID": "39049001500" }, "geometry": { "type": "Polygon", "coordinates": [ [ [ -82.9769618, 39.9946338 ], [ -82.9768965, 39.9946948 ], [ -82.9768626, 39.9946735 ], [ -82.9768351, 39.9946993 ], [ -82.9767846, 39.9946676 ], [ -82.9768774, 39.9945808 ], [ -82.9769618, 39.9946338 ] ] ] } },
{ "type": "Feature", "properties": { "@id": "way/729789025", "amenity": null, "building": "house", "name": null, "shop": null, "GEOID": "39049001500" }, "geometry": { "type": "Polygon", "coordinates": [ [ [ -82.977079, 39.9947804 ], [ -82.9770401, 39.9947634 ], [ -82.9770202, 39.9947903 ], [ -82.9769658, 39.9947666 ], [ -82.9770398, 39.9946671 ], [ -82.9770913, 39.9946895 ], [ -82.9770848, 39.9946982 ], [ -82.9771265, 39.9947164 ], [ -82.977079, 39.9947804 ] ] ] } },
{ "type": "Feature", "properties": { "@id": "way/729789026", "amenity": null, "building": "house", "name": null, "shop": null, "GEOID": "39049001500" }, "geometry": { "type": "Polygon", "coordinates": [ [ [ -82.9756485, 39.99571 ], [ -82.9755445, 39.9957083 ], [ -82.9755401, 39.9956013 ], [ -82.9756409, 39.9956171 ], [ -82.9756485, 39.99571 ] ] ] } },
{ "type": "Feature", "properties": { "@id": "way/729789027", "amenity": null, "building": "house", "name": null, "shop": null, "GEOID": "39049001500" }, "geometry": { "type": "Polygon", "coordinates": [ [ [ -82.9758933, 39.9957341 ], [ -82.9757871, 39.9957308 ], [ -82.9757915, 39.9956527 ], [ -82.9758305, 39.9956552 ], [ -82.9758391, 39.9956312 ], [ -82.9758998, 39.9956353 ], [ -82.9758933, 39.9957341 ] ] ] } },
{ "type": "Feature", "properties": { "@id": "way/729789028", "amenity": null, "building": "house", "name": null, "shop": null, "GEOID": "39049001500" }, "geometry": { "type": "Polygon", "coordinates": [ [ [ -82.9757352, 39.9970113 ], [ -82.9757067, 39.9970088 ], [ -82.9757053, 39.9970181 ], [ -82.975604, 39.9970091 ], [ -82.9756067, 39.9969914 ], [ -82.9755107, 39.9969829 ], [ -82.975508, 39.9970002 ], [ -82.9754182, 39.9969922 ], [ -82.9754194, 39.9969839 ], [ -82.9753885, 39.9969811 ], [ -82.9754035, 39.996882 ], [ -82.9757501, 39.9969128 ], [ -82.9757352, 39.9970113 ] ] ] } },
{ "type": "Feature", "properties": { "@id": "way/729789029", "amenity": null, "building": "house", "name": null, "shop": null, "GEOID": "39049001400" }, "geometry": { "type": "Polygon", "coordinates": [ [ [ -82.975321, 39.9973199 ], [ -82.9753295, 39.9972217 ], [ -82.975432, 39.9972304 ], [ -82.9754249, 39.9973275 ], [ -82.975321, 39.9973199 ] ] ] } },
{ "type": "Feature", "properties": { "@id": "way/729789030", "amenity": null, "building": "house", "name": null, "shop": null, "GEOID": "39049001400" }, "geometry": { "type": "Polygon", "coordinates": [ [ [ -82.9755659, 39.9973461 ], [ -82.9754705, 39.9973319 ], [ -82.975489, 39.9972468 ], [ -82.9755816, 39.9972523 ], [ -82.9755659, 39.9973461 ] ] ] } },
{ "type": "Feature", "properties": { "@id": "way/729789031", "amenity": null, "building": "house", "name": null, "shop": null, "GEOID": "39049001400" }, "geometry": { "type": "Polygon", "coordinates": [ [ [ -82.9756855, 39.9973723 ], [ -82.9755787, 39.9973668 ], [ -82.9755987, 39.9972523 ], [ -82.9756912, 39.997261 ], [ -82.9756855, 39.9973723 ] ] ] } },
{ "type": "Feature", "properties": { "@id": "way/729789032", "amenity": null, "building": "house", "name": null, "shop": null, "GEOID": "39049001400" }, "geometry": { "type": "Polygon", "coordinates": [ [ [ -82.9756998, 39.997357 ], [ -82.9758037, 39.9973624 ], [ -82.9758009, 39.9972719 ], [ -82.9757055, 39.9972599 ], [ -82.9756998, 39.997357 ] ] ] } },
{ "type": "Feature", "properties": { "@id": "way/729789033", "amenity": null, "building": "house", "name": null, "shop": null, "GEOID": "39049001500" }, "geometry": { "type": "Polygon", "coordinates": [ [ [ -82.974123, 39.9967652 ], [ -82.9740718, 39.9966578 ], [ -82.97405, 39.9966639 ], [ -82.9739951, 39.9965487 ], [ -82.9740195, 39.9965419 ], [ -82.9739682, 39.9964342 ], [ -82.9740817, 39.9964024 ], [ -82.9741357, 39.9965157 ], [ -82.9741109, 39.9965227 ], [ -82.9741599, 39.9966252 ], [ -82.9741828, 39.9966188 ], [ -82.9742373, 39.9967332 ], [ -82.974123, 39.9967652 ] ] ] } },
{ "type": "Feature", "properties": { "@id": "way/729789034", "amenity": null, "building": "house", "name": null, "shop": null, "GEOID": "39049001500" }, "geometry": { "type": "Polygon", "coordinates": [ [ [ -82.9743891, 39.997685 ], [ -82.9742813, 39.997672 ], [ -82.9742982, 39.9975814 ], [ -82.974406, 39.9975797 ], [ -82.9743891, 39.997685 ] ] ] } },
{ "type": "Feature", "properties": { "@id": "way/729789035", "amenity": null, "building": "house", "name": null, "shop": null, "GEOID": "39049001500" }, "geometry": { "type": "Polygon", "coordinates": [ [ [ -82.9724908, 39.9986064 ], [ -82.9725014, 39.9984833 ], [ -82.9724105, 39.9984833 ], [ -82.9723978, 39.9985918 ], [ -82.9724908, 39.9986064 ] ] ] } },
{ "type": "Feature", "properties": { "@id": "way/729789036", "amenity": null, "building": "house", "name": null, "shop": null, "GEOID": "39049001500" }, "geometry": { "type": "Polygon", "coordinates": [ [ [ -82.9729749, 39.9986064 ], [ -82.9730446, 39.998608 ], [ -82.9730616, 39.9985335 ], [ -82.9729728, 39.9985206 ], [ -82.9729749, 39.9986064 ] ] ] } },
{ "type": "Feature", "properties": { "@id": "way/729789037", "amenity": null, "building": "house", "name": null, "shop": null, "GEOID": "39049001500" }, "geometry": { "type": "Polygon", "coordinates": [ [ [ -82.9724232, 39.9989141 ], [ -82.972328, 39.9989109 ], [ -82.9723471, 39.9988461 ], [ -82.9724337, 39.9988493 ], [ -82.9724232, 39.9989141 ] ] ] } },
{ "type": "Feature", "properties": { "@id": "way/729789038", "amenity": null, "building": "house", "name": null, "shop": null, "GEOID": "39049001400" }, "geometry": { "type": "Polygon", "coordinates": [ [ [ -82.972903, 39.9995003 ], [ -82.9729802, 39.9995076 ], [ -82.972996, 39.9994096 ], [ -82.9729072, 39.9993861 ], [ -82.972903, 39.9995003 ] ] ] } },
{ "type": "Feature", "properties": { "@id": "way/729789039", "amenity": null, "building": "house", "name": null, "shop": null, "GEOID": "39049001400" }, "geometry": { "type": "Polygon", "coordinates": [ [ [ -82.9728266, 40.0000835 ], [ -82.9729415, 40.0000857 ], [ -82.9729415, 39.9999476 ], [ -82.9728339, 39.9999465 ], [ -82.9728266, 40.0000835 ] ] ] } },
{ "type": "Feature", "properties": { "@id": "way/729789042", "amenity": null, "building": "house", "name": null, "shop": null, "GEOID": "39049001400" }, "geometry": { "type": "Polygon", "coordinates": [ [ [ -82.9721401, 40.0000442 ], [ -82.9720324, 40.0000363 ], [ -82.9720461, 39.9999019 ], [ -82.9721458, 39.9999151 ], [ -82.9721401, 40.0000442 ] ] ] } },
{ "type": "Feature", "properties": { "@id": "way/729791479", "amenity": null, "building": "house", "name": null, "shop": null, "GEOID": "39049001500" }, "geometry": { "type": "Polygon", "coordinates": [ [ [ -82.9748242, 39.9976897 ], [ -82.9746705, 39.9976792 ], [ -82.974676, 39.9975552 ], [ -82.9748379, 39.9975657 ], [ -82.9748242, 39.9976897 ] ] ] } },
{ "type": "Feature", "properties": { "@id": "way/729791480", "amenity": null, "building": "house", "name": null, "shop": null, "GEOID": "39049001400" }, "geometry": { "type": "Polygon", "coordinates": [ [ [ -82.9751616, 39.9977591 ], [ -82.9751699, 39.9976834 ], [ -82.9752686, 39.9976834 ], [ -82.9752604, 39.9978516 ], [ -82.9751671, 39.9978537 ], [ -82.9751616, 39.9977591 ] ] ] } },
{ "type": "Feature", "properties": { "@id": "way/729791481", "amenity": null, "building": "house", "name": null, "shop": null, "GEOID": "39049001500" }, "geometry": { "type": "Polygon", "coordinates": [ [ [ -82.9747144, 39.9980029 ], [ -82.9747062, 39.9978852 ], [ -82.9748461, 39.9978852 ], [ -82.9748571, 39.9980029 ], [ -82.9747144, 39.9980029 ] ] ] } },
{ "type": "Feature", "properties": { "@id": "way/729791482", "amenity": null, "building": "house", "name": null, "shop": null, "GEOID": "39049001500" }, "geometry": { "type": "Polygon", "coordinates": [ [ [ -82.9748132, 39.9978053 ], [ -82.974676, 39.9978053 ], [ -82.9746705, 39.9976792 ], [ -82.9748132, 39.9977108 ], [ -82.9748132, 39.9978053 ] ] ] } },
{ "type": "Feature", "properties": { "@id": "way/729791483", "amenity": null, "building": "house", "name": null, "shop": null, "GEOID": "39049001500" }, "geometry": { "type": "Polygon", "coordinates": [ [ [ -82.9743497, 39.9981513 ], [ -82.9742772, 39.998142 ], [ -82.9742796, 39.9980773 ], [ -82.9743545, 39.9980791 ], [ -82.9743497, 39.9981513 ] ] ] } },
{ "type": "Feature", "properties": { "@id": "way/729791484", "amenity": null, "building": "house", "name": null, "shop": null, "GEOID": "39049001500" }, "geometry": { "type": "Polygon", "coordinates": [ [ [ -82.9725255, 39.9982362 ], [ -82.9724258, 39.998223 ], [ -82.9724345, 39.9981167 ], [ -82.97254, 39.9981112 ], [ -82.9725255, 39.9982362 ] ] ] } },
{ "type": "Feature", "properties": { "@id": "way/729791485", "amenity": null, "building": "house", "name": null, "shop": null, "GEOID": "39049001500" }, "geometry": { "type": "Polygon", "coordinates": [ [ [ -82.9729778, 39.9980282 ], [ -82.9729258, 39.9980259 ], [ -82.9729272, 39.9979905 ], [ -82.9729865, 39.9979894 ], [ -82.9729778, 39.9980282 ] ] ] } },
{ "type": "Feature", "properties": { "@id": "way/729791486", "amenity": null, "building": "house", "name": null, "shop": null, "GEOID": "39049001500" }, "geometry": { "type": "Polygon", "coordinates": [ [ [ -82.9735514, 39.9980813 ], [ -82.9734676, 39.9980791 ], [ -82.9734705, 39.9980127 ], [ -82.9735702, 39.9980138 ], [ -82.9735514, 39.9980813 ] ] ] } },
{ "type": "Feature", "properties": { "@id": "way/729791487", "amenity": null, "building": "house", "name": null, "shop": null, "GEOID": "39049001500" }, "geometry": { "type": "Polygon", "coordinates": [ [ [ -82.9729119, 39.9991472 ], [ -82.97305, 39.9991497 ], [ -82.9730522, 39.9990865 ], [ -82.9730147, 39.9990865 ], [ -82.9730157, 39.9990561 ], [ -82.9729226, 39.9990463 ], [ -82.9729119, 39.9991472 ] ] ] } },
{ "type": "Feature", "properties": { "@id": "way/729791488", "amenity": null, "building": "house", "name": null, "shop": null, "GEOID": "39049001500" }, "geometry": { "type": "Polygon", "coordinates": [ [ [ -82.9729461, 39.9989421 ], [ -82.9730447, 39.998947 ], [ -82.9730511, 39.998874 ], [ -82.9729472, 39.9988715 ], [ -82.9729461, 39.9989421 ] ] ] } },
{ "type": "Feature", "properties": { "@id": "way/729791489", "amenity": null, "building": "house", "name": null, "shop": null, "GEOID": "39049001400" }, "geometry": { "type": "Polygon", "coordinates": [ [ [ -82.9729008, 39.999694 ], [ -82.9729592, 39.999694 ], [ -82.9729623, 39.9996336 ], [ -82.9729107, 39.999633 ], [ -82.9729008, 39.999694 ] ] ] } },
{ "type": "Feature", "properties": { "@id": "way/729976312", "amenity": null, "building": "house", "name": null, "shop": null, "GEOID": "39049001500" }, "geometry": { "type": "Polygon", "coordinates": [ [ [ -82.9772698, 39.9948827 ], [ -82.9773209, 39.9947615 ], [ -82.9772187, 39.9947362 ], [ -82.9771676, 39.9948574 ], [ -82.9772698, 39.9948827 ] ] ] } },
{ "type": "Feature", "properties": { "@id": "way/729976313", "amenity": null, "building": "house", "name": null, "shop": null, "GEOID": "39049001500" }, "geometry": { "type": "Polygon", "coordinates": [ [ [ -82.9774938, 39.9949106 ], [ -82.9775142, 39.9947821 ], [ -82.9774027, 39.9947716 ], [ -82.9773823, 39.9949001 ], [ -82.9774938, 39.9949106 ] ] ] } },
{ "type": "Feature", "properties": { "@id": "way/729976314", "amenity": null, "building": "house", "name": null, "shop": null, "GEOID": "39049001500" }, "geometry": { "type": "Polygon", "coordinates": [ [ [ -82.9776951, 39.9949212 ], [ -82.9776299, 39.9949173 ], [ -82.977581, 39.9949143 ], [ -82.9775942, 39.9947853 ], [ -82.9776515, 39.9947887 ], [ -82.9777084, 39.9947922 ], [ -82.9776951, 39.9949212 ] ] ] } },
{ "type": "Feature", "properties": { "@id": "way/729976315", "amenity": null, "building": "house", "name": null, "shop": null, "GEOID": "39049001500" }, "geometry": { "type": "Polygon", "coordinates": [ [ [ -82.9779456, 39.9949111 ], [ -82.9779094, 39.9949062 ], [ -82.9778817, 39.9949062 ], [ -82.9778859, 39.9948768 ], [ -82.9778433, 39.9948752 ], [ -82.9778476, 39.9947952 ], [ -82.9779498, 39.9948001 ], [ -82.9779456, 39.9949111 ] ] ] } },
{ "type": "Feature", "properties": { "@id": "way/729976316", "amenity": null, "building": "house", "name": null, "shop": null, "GEOID": "39049001500" }, "geometry": { "type": "Polygon", "coordinates": [ [ [ -82.9781331, 39.9949128 ], [ -82.9780692, 39.9949095 ], [ -82.978069, 39.9948799 ], [ -82.9780306, 39.9948778 ], [ -82.9780361, 39.9948011 ], [ -82.9781376, 39.9948053 ], [ -82.9781331, 39.9949128 ] ] ] } },
{ "type": "Feature", "properties": { "@id": "way/729976317", "amenity": null, "building": "house", "name": null, "shop": null, "GEOID": "39049001500" }, "geometry": { "type": "Polygon", "coordinates": [ [ [ -82.978337, 39.9949266 ], [ -82.9783042, 39.9949247 ], [ -82.9782739, 39.9949234 ], [ -82.978278, 39.9948939 ], [ -82.978237, 39.9948927 ], [ -82.9782395, 39.9948242 ], [ -82.9782895, 39.9948255 ], [ -82.9782911, 39.9948135 ], [ -82.9783379, 39.9948148 ], [ -82.9783379, 39.9948305 ], [ -82.9783452, 39.9948305 ], [ -82.978337, 39.9949266 ] ] ] } },
{ "type": "Feature", "properties": { "@id": "way/729976318", "amenity": null, "building": "house", "name": null, "shop": null, "GEOID": "39049001500" }, "geometry": { "type": "Polygon", "coordinates": [ [ [ -82.9784832, 39.9949533 ], [ -82.9784332, 39.9949493 ], [ -82.9783741, 39.9949445 ], [ -82.978392, 39.994815 ], [ -82.9785011, 39.9948238 ], [ -82.9784832, 39.9949533 ] ] ] } },
{ "type": "Feature", "properties": { "@id": "way/764011347", "amenity": null, "building": "house", "name": null, "shop": null, "GEOID": "39049002200" }, "geometry": { "type": "Polygon", "coordinates": [ [ [ -83.0033104, 39.9809653 ], [ -83.0033112, 39.9809549 ], [ -83.0033793, 39.9809581 ], [ -83.003373, 39.9810391 ], [ -83.0033049, 39.981036 ], [ -83.0033063, 39.9810173 ], [ -83.0032777, 39.981016 ], [ -83.0032818, 39.9809639 ], [ -83.0033104, 39.9809653 ] ] ] } },
{ "type": "Feature", "properties": { "@id": "way/764011355", "amenity": null, "building": "house", "name": null, "shop": null, "GEOID": "39049002200" }, "geometry": { "type": "Polygon", "coordinates": [ [ [ -83.0032827, 39.9809531 ], [ -83.0032818, 39.9809639 ], [ -83.0032777, 39.981016 ], [ -83.0032763, 39.9810343 ], [ -83.0031894, 39.9810303 ], [ -83.0031909, 39.9810112 ], [ -83.0031628, 39.9810099 ], [ -83.0031664, 39.980964 ], [ -83.0032158, 39.9809663 ], [ -83.0032171, 39.9809501 ], [ -83.0032827, 39.9809531 ] ] ] } },
{ "type": "Feature", "properties": { "@id": "way/769207060", "amenity": null, "building": "house", "name": null, "shop": null, "GEOID": "39049001200" }, "geometry": { "type": "Polygon", "coordinates": [ [ [ -83.0003033, 40.0045884 ], [ -83.0003116, 40.0044844 ], [ -83.000301, 40.0044839 ], [ -83.0003026, 40.0044636 ], [ -83.0002114, 40.0044594 ], [ -83.0002097, 40.0044799 ], [ -83.0002032, 40.0044796 ], [ -83.0001951, 40.0045818 ], [ -83.0002032, 40.0045822 ], [ -83.0002016, 40.0046024 ], [ -83.0002829, 40.0046062 ], [ -83.0002844, 40.0045876 ], [ -83.0003033, 40.0045884 ] ] ] } },
{ "type": "Feature", "properties": { "@id": "way/769207062", "amenity": null, "building": "house", "name": null, "shop": null, "GEOID": "39049001200" }, "geometry": { "type": "Polygon", "coordinates": [ [ [ -83.0002284, 40.0046209 ], [ -83.0000957, 40.0045648 ], [ -83.000082, 40.0045838 ], [ -83.0000214, 40.0045582 ], [ -82.9999847, 40.0046091 ], [ -83.0001131, 40.0046633 ], [ -83.0001223, 40.0046505 ], [ -83.0001873, 40.004678 ], [ -83.0002284, 40.0046209 ] ] ] } },
{ "type": "Feature", "properties": { "@id": "way/769207063", "amenity": null, "building": "house", "name": null, "shop": null, "GEOID": "39049001200" }, "geometry": { "type": "Polygon", "coordinates": [ [ [ -82.9999916, 40.0047511 ], [ -83.0000306, 40.004699 ], [ -82.99991, 40.0046459 ], [ -82.9998494, 40.0047268 ], [ -82.9999419, 40.0047675 ], [ -82.9999634, 40.0047387 ], [ -82.9999916, 40.0047511 ] ] ] } },
{ "type": "Feature", "properties": { "@id": "way/769208721", "amenity": null, "building": "house", "name": null, "shop": null, "GEOID": "39049001200" }, "geometry": { "type": "Polygon", "coordinates": [ [ [ -83.0038268, 40.0045711 ], [ -83.0036182, 40.0045611 ], [ -83.003623, 40.0045022 ], [ -83.0037473, 40.0045082 ], [ -83.00375, 40.0044748 ], [ -83.0038343, 40.0044788 ], [ -83.0038268, 40.0045711 ] ] ] } },
{ "type": "Feature", "properties": { "@id": "way/769208722", "amenity": null, "building": "house", "name": null, "shop": null, "GEOID": "39049001200" }, "geometry": { "type": "Polygon", "coordinates": [ [ [ -83.0039808, 40.0045777 ], [ -83.0039913, 40.0044794 ], [ -83.0038844, 40.0044727 ], [ -83.0038739, 40.004571 ], [ -83.0039808, 40.0045777 ] ] ] } },
{ "type": "Feature", "properties": { "@id": "way/769208723", "amenity": null, "building": "house", "name": null, "shop": null, "GEOID": "39049001200" }, "geometry": { "type": "Polygon", "coordinates": [ [ [ -83.0041464, 40.0046132 ], [ -83.0041598, 40.0044912 ], [ -83.0040317, 40.0044829 ], [ -83.0040212, 40.0045797 ], [ -83.004068, 40.0045827 ], [ -83.0040653, 40.0046079 ], [ -83.0041464, 40.0046132 ] ] ] } },
{ "type": "Feature", "properties": { "@id": "way/769208724", "amenity": null, "building": "house", "name": null, "shop": null, "GEOID": "39049001200" }, "geometry": { "type": "Polygon", "coordinates": [ [ [ -83.0043286, 40.0046214 ], [ -83.0043392, 40.0045205 ], [ -83.0043085, 40.0045186 ], [ -83.0043104, 40.0045008 ], [ -83.0042619, 40.0044978 ], [ -83.0042602, 40.0045145 ], [ -83.004206, 40.0045111 ], [ -83.0041952, 40.0046131 ], [ -83.0043286, 40.0046214 ] ] ] } },
{ "type": "Feature", "properties": { "@id": "way/769208725", "amenity": null, "building": "house", "name": null, "shop": null, "GEOID": "39049001200" }, "geometry": { "type": "Polygon", "coordinates": [ [ [ -83.0045367, 40.0046316 ], [ -83.004554, 40.0044865 ], [ -83.0044087, 40.0044763 ], [ -83.0043914, 40.0046214 ], [ -83.0045367, 40.0046316 ] ] ] } },
{ "type": "Feature", "properties": { "@id": "way/769208726", "amenity": null, "building": "house", "name": null, "shop": null, "GEOID": "39049001200" }, "geometry": { "type": "Polygon", "coordinates": [ [ [ -83.004464, 40.0050128 ], [ -83.0044759, 40.0048989 ], [ -83.0044662, 40.0048983 ], [ -83.0044687, 40.0048743 ], [ -83.0043769, 40.0048686 ], [ -83.0043624, 40.0050066 ], [ -83.004464, 40.0050128 ] ] ] } },
{ "type": "Feature", "properties": { "@id": "way/769208727", "amenity": null, "building": "house", "name": null, "shop": null, "GEOID": "39049001200" }, "geometry": { "type": "Polygon", "coordinates": [ [ [ -83.0043358, 40.0049872 ], [ -83.0043468, 40.0048858 ], [ -83.0043319, 40.0048848 ], [ -83.0043334, 40.0048711 ], [ -83.0042382, 40.004865 ], [ -83.0042361, 40.0048838 ], [ -83.0042278, 40.0048832 ], [ -83.0042173, 40.0049792 ], [ -83.0042271, 40.0049798 ], [ -83.0042251, 40.0049981 ], [ -83.0042792, 40.0050016 ], [ -83.0042811, 40.0049837 ], [ -83.0043358, 40.0049872 ] ] ] } },
{ "type": "Feature", "properties": { "@id": "way/769208728", "amenity": null, "building": "house", "name": null, "shop": null, "GEOID": "39049001200" }, "geometry": { "type": "Polygon", "coordinates": [ [ [ -83.0041662, 40.0050096 ], [ -83.0041774, 40.0048904 ], [ -83.0041667, 40.0048898 ], [ -83.0041683, 40.0048731 ], [ -83.0040573, 40.004867 ], [ -83.0040552, 40.0048895 ], [ -83.0040428, 40.0048888 ], [ -83.0040321, 40.0050022 ], [ -83.0041662, 40.0050096 ] ] ] } },
{ "type": "Feature", "properties": { "@id": "way/769208729", "amenity": null, "building": "house", "name": null, "shop": null, "GEOID": "39049001200" }, "geometry": { "type": "Polygon", "coordinates": [ [ [ -83.0039917, 40.0050076 ], [ -83.0040039, 40.0048684 ], [ -83.0038956, 40.0048628 ], [ -83.0038855, 40.0049788 ], [ -83.0039231, 40.0049807 ], [ -83.003921, 40.005004 ], [ -83.0039917, 40.0050076 ] ] ] } },
{ "type": "Feature", "properties": { "@id": "way/769208730", "amenity": null, "building": "house", "name": null, "shop": null, "GEOID": "39049001200" }, "geometry": { "type": "Polygon", "coordinates": [ [ [ -83.0038493, 40.0049984 ], [ -83.0038606, 40.0048802 ], [ -83.0037269, 40.0048728 ], [ -83.003717, 40.0049769 ], [ -83.0037399, 40.0049782 ], [ -83.0037372, 40.0050061 ], [ -83.0037888, 40.005009 ], [ -83.0037901, 40.0049951 ], [ -83.0038493, 40.0049984 ] ] ] } },
{ "type": "Feature", "properties": { "@id": "way/769208732", "amenity": null, "building": "house", "name": null, "shop": null, "GEOID": "39049001200" }, "geometry": { "type": "Polygon", "coordinates": [ [ [ -83.0031875, 40.0049574 ], [ -83.0031885, 40.0049436 ], [ -83.0031983, 40.004944 ], [ -83.0032069, 40.0048296 ], [ -83.0031637, 40.0048277 ], [ -83.0031649, 40.004812 ], [ -83.0030628, 40.0048075 ], [ -83.0030532, 40.0049355 ], [ -83.0031316, 40.0049389 ], [ -83.0031304, 40.0049549 ], [ -83.0031875, 40.0049574 ] ] ] } },
{ "type": "Feature", "properties": { "@id": "way/769554434", "amenity": null, "building": "house", "name": null, "shop": null, "GEOID": "39049001000" }, "geometry": { "type": "Polygon", "coordinates": [ [ [ -83.0032385, 40.0105116 ], [ -83.0032474, 40.0103806 ], [ -83.0031674, 40.0103774 ], [ -83.0031599, 40.0104866 ], [ -83.0031746, 40.0104872 ], [ -83.0031731, 40.0105089 ], [ -83.0032385, 40.0105116 ] ] ] } },
{ "type": "Feature", "properties": { "@id": "way/769554435", "amenity": null, "building": "house", "name": null, "shop": null, "GEOID": "39049001000" }, "geometry": { "type": "Polygon", "coordinates": [ [ [ -83.0035146, 40.0105047 ], [ -83.0034002, 40.0104984 ], [ -83.0034121, 40.0103702 ], [ -83.0035265, 40.0103765 ], [ -83.0035146, 40.0105047 ] ] ] } },
{ "type": "Feature", "properties": { "@id": "way/769554436", "amenity": null, "building": "house", "name": null, "shop": null, "GEOID": "39049001000" }, "geometry": { "type": "Polygon", "coordinates": [ [ [ -83.0036178, 40.0105111 ], [ -83.0036275, 40.0104198 ], [ -83.0036189, 40.0104193 ], [ -83.0036225, 40.010386 ], [ -83.0035676, 40.0103826 ], [ -83.0035639, 40.010417 ], [ -83.0035395, 40.0104155 ], [ -83.0035299, 40.0105056 ], [ -83.0036178, 40.0105111 ] ] ] } },
{ "type": "Feature", "properties": { "@id": "way/769554437", "amenity": null, "building": "house", "name": null, "shop": null, "GEOID": "39049001000" }, "geometry": { "type": "Polygon", "coordinates": [ [ [ -83.0037248, 40.0105176 ], [ -83.0037329, 40.0104122 ], [ -83.0036389, 40.0104079 ], [ -83.0036347, 40.0104618 ], [ -83.0036677, 40.0104633 ], [ -83.0036638, 40.0105148 ], [ -83.0037248, 40.0105176 ] ] ] } },
{ "type": "Feature", "properties": { "@id": "way/769554438", "amenity": null, "building": "house", "name": null, "shop": null, "GEOID": "39049001000" }, "geometry": { "type": "Polygon", "coordinates": [ [ [ -83.0038461, 40.0105252 ], [ -83.0038534, 40.0104237 ], [ -83.0038479, 40.0104235 ], [ -83.0038492, 40.010405 ], [ -83.0037867, 40.0104024 ], [ -83.0037781, 40.0105223 ], [ -83.0038461, 40.0105252 ] ] ] } },
{ "type": "Feature", "properties": { "@id": "way/769554439", "amenity": null, "building": "house", "name": null, "shop": null, "GEOID": "39049001000" }, "geometry": { "type": "Polygon", "coordinates": [ [ [ -83.003961, 40.0105314 ], [ -83.0039685, 40.0104294 ], [ -83.0038988, 40.0104264 ], [ -83.0038913, 40.0105284 ], [ -83.003961, 40.0105314 ] ] ] } },
{ "type": "Feature", "properties": { "@id": "way/769554440", "amenity": null, "building": "house", "name": null, "shop": null, "GEOID": "39049001000" }, "geometry": { "type": "Polygon", "coordinates": [ [ [ -83.0040785, 40.0105344 ], [ -83.0040838, 40.0104029 ], [ -83.0040019, 40.010401 ], [ -83.0039988, 40.0104783 ], [ -83.0039862, 40.010478 ], [ -83.0039843, 40.0105234 ], [ -83.0040097, 40.010524 ], [ -83.0040094, 40.0105328 ], [ -83.0040785, 40.0105344 ] ] ] } },
{ "type": "Feature", "properties": { "@id": "way/769554449", "amenity": null, "building": "house", "name": null, "shop": null, "GEOID": "39049001000" }, "geometry": { "type": "Polygon", "coordinates": [ [ [ -83.0028531, 40.0105078 ], [ -83.0028567, 40.0104634 ], [ -83.0028391, 40.0104626 ], [ -83.0028417, 40.0104293 ], [ -83.0028342, 40.010429 ], [ -83.0028261, 40.0104166 ], [ -83.0027933, 40.0104161 ], [ -83.0027852, 40.0104243 ], [ -83.0027243, 40.0104212 ], [ -83.00272, 40.0104699 ], [ -83.0026916, 40.0104685 ], [ -83.002689, 40.010499 ], [ -83.0027183, 40.0105005 ], [ -83.0027179, 40.010506 ], [ -83.0028271, 40.0105113 ], [ -83.0028275, 40.0105066 ], [ -83.0028531, 40.0105078 ] ] ] } },
{ "type": "Feature", "properties": { "@id": "way/769559044", "amenity": null, "building": "house", "name": null, "shop": null, "GEOID": "39049001300" }, "geometry": { "type": "Polygon", "coordinates": [ [ [ -83.0011302, 39.9967111 ], [ -83.0011366, 39.9966333 ], [ -83.0010693, 39.9966301 ], [ -83.0010697, 39.9966264 ], [ -83.0010381, 39.9966248 ], [ -83.0010377, 39.9966291 ], [ -83.0009715, 39.9966259 ], [ -83.0009674, 39.9966765 ], [ -83.000987, 39.9966775 ], [ -83.0009848, 39.9967041 ], [ -83.0011302, 39.9967111 ] ] ] } },
{ "type": "Feature", "properties": { "@id": "way/769559045", "amenity": null, "building": "house", "name": null, "shop": null, "GEOID": "39049001300" }, "geometry": { "type": "Polygon", "coordinates": [ [ [ -83.0011257, 39.9968092 ], [ -83.0011326, 39.9967332 ], [ -83.0010997, 39.9967315 ], [ -83.0011023, 39.9967276 ], [ -83.0009829, 39.9967212 ], [ -83.0009823, 39.9967278 ], [ -83.0009486, 39.996726 ], [ -83.000942, 39.9967994 ], [ -83.0011257, 39.9968092 ] ] ] } },
{ "type": "Feature", "properties": { "@id": "way/769559049", "amenity": null, "building": "house", "name": null, "shop": null, "GEOID": "39049001300" }, "geometry": { "type": "Polygon", "coordinates": [ [ [ -83.0004179, 39.9973639 ], [ -83.0004318, 39.9972096 ], [ -83.0003082, 39.997203 ], [ -83.0002943, 39.9973574 ], [ -83.0004179, 39.9973639 ] ] ] } },
{ "type": "Feature", "properties": { "@id": "way/769559050", "amenity": null, "building": "house", "name": null, "shop": null, "GEOID": "39049001300" }, "geometry": { "type": "Polygon", "coordinates": [ [ [ -83.0002379, 39.997355 ], [ -83.000247, 39.9972761 ], [ -83.0002642, 39.9972773 ], [ -83.0002801, 39.9971387 ], [ -83.0001718, 39.9971315 ], [ -83.0001565, 39.9972652 ], [ -83.0001479, 39.9972646 ], [ -83.0001383, 39.9973483 ], [ -83.0002379, 39.997355 ] ] ] } },
{ "type": "Feature", "properties": { "@id": "way/771789057", "amenity": null, "building": "house", "name": null, "shop": null, "GEOID": "39049001200" }, "geometry": { "type": "Polygon", "coordinates": [ [ [ -83.0019285, 40.0015995 ], [ -83.0019363, 40.0015102 ], [ -83.0017775, 40.001502 ], [ -83.0017658, 40.0016348 ], [ -83.0018229, 40.0016377 ], [ -83.0018256, 40.0016076 ], [ -83.0018457, 40.0015953 ], [ -83.0019285, 40.0015995 ] ] ] } },
{ "type": "Feature", "properties": { "@id": "way/771789058", "amenity": null, "building": "house", "name": null, "shop": null, "GEOID": "39049001200" }, "geometry": { "type": "Polygon", "coordinates": [ [ [ -83.0019524, 40.0012093 ], [ -83.0019618, 40.0010905 ], [ -83.0019546, 40.0010902 ], [ -83.0019569, 40.0010617 ], [ -83.001822, 40.0010555 ], [ -83.0018196, 40.0010856 ], [ -83.0018085, 40.0010851 ], [ -83.0018012, 40.0011767 ], [ -83.0018193, 40.0011775 ], [ -83.0018169, 40.0012087 ], [ -83.0018886, 40.001212 ], [ -83.001889, 40.0012063 ], [ -83.0019524, 40.0012093 ] ] ] } },
{ "type": "Feature", "properties": { "@id": "way/771789059", "amenity": null, "building": "house", "name": null, "shop": null, "GEOID": "39049001200" }, "geometry": { "type": "Polygon", "coordinates": [ [ [ -83.0021175, 40.0012249 ], [ -83.0021282, 40.0010988 ], [ -83.0019881, 40.0010918 ], [ -83.0019774, 40.001218 ], [ -83.0021175, 40.0012249 ] ] ] } },
{ "type": "Feature", "properties": { "@id": "way/774961555", "amenity": null, "building": "house", "name": null, "shop": null, "GEOID": "39049001700" }, "geometry": { "type": "Polygon", "coordinates": [ [ [ -83.0039229, 39.9951957 ], [ -83.0038458, 39.9951934 ], [ -83.0037719, 39.995191 ], [ -83.0037057, 39.9951887 ], [ -83.0036964, 39.9953073 ], [ -83.003768, 39.9953096 ], [ -83.0039175, 39.9953132 ], [ -83.0039229, 39.9951957 ] ] ] } },
{ "type": "Feature", "properties": { "@id": "way/774961556", "amenity": null, "building": "house", "name": null, "shop": null, "GEOID": "39049001700" }, "geometry": { "type": "Polygon", "coordinates": [ [ [ -83.0044507, 39.995252 ], [ -83.0043411, 39.9952477 ], [ -83.0043235, 39.9955076 ], [ -83.0044331, 39.9955119 ], [ -83.0044507, 39.995252 ] ] ] } },
{ "type": "Feature", "properties": { "@id": "way/774961557", "amenity": null, "building": "house", "name": null, "shop": null, "GEOID": "39049001700" }, "geometry": { "type": "Polygon", "coordinates": [ [ [ -83.0048188, 39.994795 ], [ -83.0047023, 39.9947904 ], [ -83.0047013, 39.9948059 ], [ -83.0046936, 39.9948056 ], [ -83.0046842, 39.9949437 ], [ -83.0047321, 39.9949456 ], [ -83.0047327, 39.9949365 ], [ -83.0047653, 39.9949378 ], [ -83.0047701, 39.9949497 ], [ -83.0048082, 39.9949512 ], [ -83.0048188, 39.994795 ] ] ] } },
{ "type": "Feature", "properties": { "@id": "way/774961558", "amenity": null, "building": "house", "name": null, "shop": null, "GEOID": "39049001700" }, "geometry": { "type": "Polygon", "coordinates": [ [ [ -83.0046043, 39.9947843 ], [ -83.0045016, 39.9947814 ], [ -83.0044923, 39.994943 ], [ -83.0044905, 39.994983 ], [ -83.0045945, 39.9949871 ], [ -83.0045949, 39.9949457 ], [ -83.0045967, 39.9949091 ], [ -83.0046007, 39.9948624 ], [ -83.0046043, 39.9947843 ] ] ] } },
{ "type": "Feature", "properties": { "@id": "way/774961559", "amenity": null, "building": "house", "name": null, "shop": null, "GEOID": "39049001700" }, "geometry": { "type": "Polygon", "coordinates": [ [ [ -83.0044891, 39.994784 ], [ -83.0043886, 39.9947796 ], [ -83.0043773, 39.9949318 ], [ -83.004451, 39.994935 ], [ -83.0044536, 39.9949 ], [ -83.0044804, 39.9949012 ], [ -83.0044891, 39.994784 ] ] ] } },
{ "type": "Feature", "properties": { "@id": "way/774961560", "amenity": null, "building": "house", "name": null, "shop": null, "GEOID": "39049001700" }, "geometry": { "type": "Polygon", "coordinates": [ [ [ -83.0043521, 39.9947929 ], [ -83.0043386, 39.9947923 ], [ -83.0043397, 39.9947764 ], [ -83.0042685, 39.9947734 ], [ -83.0042674, 39.9947895 ], [ -83.0042507, 39.9947888 ], [ -83.0042387, 39.9949566 ], [ -83.0043436, 39.994961 ], [ -83.0043539, 39.9948183 ], [ -83.0043502, 39.9948193 ], [ -83.0043521, 39.9947929 ] ] ] } },
{ "type": "Feature", "properties": { "@id": "way/774961561", "amenity": null, "building": "house", "name": null, "shop": null, "GEOID": "39049001700" }, "geometry": { "type": "Polygon", "coordinates": [ [ [ -83.0042338, 39.9947872 ], [ -83.0042013, 39.9947858 ], [ -83.0042025, 39.9947694 ], [ -83.0041062, 39.9947654 ], [ -83.0040986, 39.9948713 ], [ -83.0041119, 39.9948719 ], [ -83.0041079, 39.9949286 ], [ -83.0042194, 39.9949333 ], [ -83.0042233, 39.9948791 ], [ -83.0042274, 39.9948764 ], [ -83.0042338, 39.9947872 ] ] ] } },
{ "type": "Feature", "properties": { "@id": "way/774961562", "amenity": null, "building": "house", "name": null, "shop": null, "GEOID": "39049001700" }, "geometry": { "type": "Polygon", "coordinates": [ [ [ -83.0040974, 39.9947682 ], [ -83.0040845, 39.9947679 ], [ -83.0040853, 39.9947508 ], [ -83.0040033, 39.9947484 ], [ -83.0040025, 39.994765 ], [ -83.0039871, 39.9947646 ], [ -83.0039778, 39.994953 ], [ -83.0040816, 39.994956 ], [ -83.0040826, 39.9949345 ], [ -83.0040891, 39.9949347 ], [ -83.0040974, 39.9947682 ] ] ] } },
{ "type": "Feature", "properties": { "@id": "way/774961564", "amenity": null, "building": "house", "name": null, "shop": null, "GEOID": "39049001700" }, "geometry": { "type": "Polygon", "coordinates": [ [ [ -83.0038461, 39.9947479 ], [ -83.0037712, 39.9947446 ], [ -83.00377, 39.9947604 ], [ -83.0037331, 39.9947587 ], [ -83.003725, 39.9948675 ], [ -83.0038403, 39.9948726 ], [ -83.0038479, 39.9947709 ], [ -83.0038444, 39.9947708 ], [ -83.0038461, 39.9947479 ] ] ] } },
{ "type": "Feature", "properties": { "@id": "way/774961565", "amenity": null, "building": "house", "name": null, "shop": null, "GEOID": "39049001700" }, "geometry": { "type": "Polygon", "coordinates": [ [ [ -83.0037034, 39.994745 ], [ -83.003596, 39.9947398 ], [ -83.0035866, 39.9948544 ], [ -83.003694, 39.9948595 ], [ -83.0037034, 39.994745 ] ] ] } },
{ "type": "Feature", "properties": { "@id": "way/774961566", "amenity": null, "building": "house", "name": null, "shop": null, "GEOID": "39049001700" }, "geometry": { "type": "Polygon", "coordinates": [ [ [ -83.0038233, 39.9943832 ], [ -83.0038139, 39.9945202 ], [ -83.0039117, 39.9945241 ], [ -83.0039133, 39.9944994 ], [ -83.0039174, 39.9944996 ], [ -83.003925, 39.9943873 ], [ -83.0038233, 39.9943832 ] ] ] } },
{ "type": "Feature", "properties": { "@id": "way/774961567", "amenity": null, "building": "house", "name": null, "shop": null, "GEOID": "39049001700" }, "geometry": { "type": "Polygon", "coordinates": [ [ [ -83.0040486, 39.9943867 ], [ -83.0039404, 39.9943826 ], [ -83.0039326, 39.9945042 ], [ -83.0040409, 39.9945082 ], [ -83.0040486, 39.9943867 ] ] ] } },
{ "type": "Feature", "properties": { "@id": "way/774961568", "amenity": null, "building": "house", "name": null, "shop": null, "GEOID": "39049001700" }, "geometry": { "type": "Polygon", "coordinates": [ [ [ -83.004172, 39.9943932 ], [ -83.004066, 39.994389 ], [ -83.004058, 39.9945089 ], [ -83.004164, 39.9945131 ], [ -83.004172, 39.9943932 ] ] ] } },
{ "type": "Feature", "properties": { "@id": "way/774961569", "amenity": null, "building": "house", "name": null, "shop": null, "GEOID": "39049001700" }, "geometry": { "type": "Polygon", "coordinates": [ [ [ -83.0042996, 39.9943973 ], [ -83.0041878, 39.9943934 ], [ -83.0041805, 39.9945174 ], [ -83.0042923, 39.9945213 ], [ -83.0042996, 39.9943973 ] ] ] } },
{ "type": "Feature", "properties": { "@id": "way/774961570", "amenity": null, "building": "house", "name": null, "shop": null, "GEOID": "39049001700" }, "geometry": { "type": "Polygon", "coordinates": [ [ [ -83.0044224, 39.9944047 ], [ -83.0043179, 39.9944 ], [ -83.0043068, 39.994543 ], [ -83.0044113, 39.9945477 ], [ -83.0044224, 39.9944047 ] ] ] } },
{ "type": "Feature", "properties": { "@id": "way/774961571", "amenity": null, "building": "house", "name": null, "shop": null, "GEOID": "39049001700" }, "geometry": { "type": "Polygon", "coordinates": [ [ [ -83.0045633, 39.994284 ], [ -83.0044596, 39.9942783 ], [ -83.0044372, 39.9945179 ], [ -83.0045409, 39.9945236 ], [ -83.0045633, 39.994284 ] ] ] } },
{ "type": "Feature", "properties": { "@id": "way/774962762", "amenity": null, "building": "house", "name": null, "shop": null, "GEOID": "39049001700" }, "geometry": { "type": "Polygon", "coordinates": [ [ [ -83.0039654, 39.9949558 ], [ -83.0039782, 39.9947757 ], [ -83.0039703, 39.9947754 ], [ -83.0039715, 39.9947579 ], [ -83.0038648, 39.9947534 ], [ -83.0038637, 39.9947686 ], [ -83.0038538, 39.9947682 ], [ -83.0038409, 39.9949506 ], [ -83.0039654, 39.9949558 ] ] ] } },
{ "type": "Feature", "properties": { "@id": "way/774966117", "amenity": null, "building": "house", "name": null, "shop": null, "GEOID": "39049001300" }, "geometry": { "type": "Polygon", "coordinates": [ [ [ -83.0043346, 39.9975356 ], [ -83.0043447, 39.9973979 ], [ -83.0042711, 39.9973947 ], [ -83.0042718, 39.9973851 ], [ -83.004221, 39.9973829 ], [ -83.0042176, 39.9974294 ], [ -83.0042268, 39.9974298 ], [ -83.0042194, 39.9975307 ], [ -83.0043346, 39.9975356 ] ] ] } },
{ "type": "Feature", "properties": { "@id": "way/774966119", "amenity": null, "building": "house", "name": null, "shop": null, "GEOID": "39049001300" }, "geometry": { "type": "Polygon", "coordinates": [ [ [ -83.0047794, 39.9975554 ], [ -83.0047864, 39.9974511 ], [ -83.0047801, 39.9974508 ], [ -83.0047809, 39.9974376 ], [ -83.0047166, 39.9974351 ], [ -83.0047172, 39.9974266 ], [ -83.0046877, 39.9974255 ], [ -83.0046863, 39.9974462 ], [ -83.0046783, 39.9974459 ], [ -83.0046712, 39.9975511 ], [ -83.0047794, 39.9975554 ] ] ] } },
{ "type": "Feature", "properties": { "@id": "way/774966120", "amenity": null, "building": "house", "name": null, "shop": null, "GEOID": "39049001300" }, "geometry": { "type": "Polygon", "coordinates": [ [ [ -83.0049129, 39.9975638 ], [ -83.0049196, 39.9974578 ], [ -83.0049162, 39.9974577 ], [ -83.0049179, 39.9974307 ], [ -83.0048572, 39.9974284 ], [ -83.0048555, 39.9974553 ], [ -83.0047967, 39.9974531 ], [ -83.00479, 39.9975592 ], [ -83.0049129, 39.9975638 ] ] ] } },
{ "type": "Feature", "properties": { "@id": "way/774966122", "amenity": null, "building": "house", "name": null, "shop": null, "GEOID": "39049001300" }, "geometry": { "type": "Polygon", "coordinates": [ [ [ -83.0055968, 39.9975923 ], [ -83.0056065, 39.9974456 ], [ -83.0055462, 39.9974432 ], [ -83.0055433, 39.9974872 ], [ -83.0054816, 39.9974848 ], [ -83.0054748, 39.9975862 ], [ -83.0055131, 39.9975877 ], [ -83.0055134, 39.9975824 ], [ -83.0055579, 39.9975842 ], [ -83.0055575, 39.9975908 ], [ -83.0055968, 39.9975923 ] ] ] } },
{ "type": "Feature", "properties": { "@id": "way/774979545", "amenity": null, "building": "house", "name": null, "shop": null, "GEOID": "39049001300" }, "geometry": { "type": "Polygon", "coordinates": [ [ [ -82.9991562, 40.0000517 ], [ -82.9989521, 40.0000429 ], [ -82.9989536, 40.0000358 ], [ -82.998929, 40.0000334 ], [ -82.9989328, 39.9999544 ], [ -82.9991554, 39.999962 ], [ -82.9991562, 40.0000517 ] ] ] } },
{ "type": "Feature", "properties": { "@id": "way/774983754", "amenity": null, "building": "house", "name": "Alpha Sigma Phi Fraternity", "shop": null, "GEOID": "39049001300" }, "geometry": { "type": "Polygon", "coordinates": [ [ [ -83.0058273, 39.9995818 ], [ -83.0056882, 39.9995764 ], [ -83.0056852, 39.9996216 ], [ -83.0056796, 39.9996214 ], [ -83.0056753, 39.9996864 ], [ -83.0056982, 39.9996873 ], [ -83.005695, 39.999736 ], [ -83.0057479, 39.999738 ], [ -83.0057483, 39.9997321 ], [ -83.0058171, 39.9997348 ], [ -83.0058273, 39.9995818 ] ] ] } },
{ "type": "Feature", "properties": { "@id": "way/775462366", "amenity": null, "building": "house", "name": null, "shop": null, "GEOID": "39049001000" }, "geometry": { "type": "Polygon", "coordinates": [ [ [ -83.0050923, 40.0087511 ], [ -83.0051906, 40.0087559 ], [ -83.0051977, 40.0086711 ], [ -83.0050994, 40.0086663 ], [ -83.0050923, 40.0087511 ] ] ] } },
{ "type": "Feature", "properties": { "@id": "way/775462367", "amenity": null, "building": "house", "name": null, "shop": null, "GEOID": "39049001000" }, "geometry": { "type": "Polygon", "coordinates": [ [ [ -83.0053475, 40.0087786 ], [ -83.0052953, 40.0087763 ], [ -83.0052964, 40.0087618 ], [ -83.0052308, 40.0087588 ], [ -83.0052377, 40.008669 ], [ -83.0053462, 40.0086739 ], [ -83.0053403, 40.0087498 ], [ -83.0053497, 40.0087502 ], [ -83.0053475, 40.0087786 ] ] ] } },
{ "type": "Feature", "properties": { "@id": "way/775462368", "amenity": null, "building": "house", "name": null, "shop": null, "GEOID": "39049001000" }, "geometry": { "type": "Polygon", "coordinates": [ [ [ -83.0054816, 40.0087715 ], [ -83.0053844, 40.0087672 ], [ -83.0053915, 40.0086737 ], [ -83.0053976, 40.008674 ], [ -83.0053995, 40.0086492 ], [ -83.0054704, 40.0086523 ], [ -83.0054685, 40.0086775 ], [ -83.0054887, 40.0086784 ], [ -83.0054816, 40.0087715 ] ] ] } },
{ "type": "Feature", "properties": { "@id": "way/775462369", "amenity": null, "building": "house", "name": null, "shop": null, "GEOID": "39049001000" }, "geometry": { "type": "Polygon", "coordinates": [ [ [ -83.0056284, 40.0087775 ], [ -83.005533, 40.0087726 ], [ -83.0055408, 40.0086834 ], [ -83.0055455, 40.0086827 ], [ -83.0055469, 40.0086669 ], [ -83.0055923, 40.0086692 ], [ -83.005591, 40.0086843 ], [ -83.0056363, 40.0086866 ], [ -83.0056284, 40.0087775 ] ] ] } },
{ "type": "Feature", "properties": { "@id": "way/775462370", "amenity": null, "building": "house", "name": null, "shop": null, "GEOID": "39049001000" }, "geometry": { "type": "Polygon", "coordinates": [ [ [ -83.0057825, 40.0087866 ], [ -83.0057383, 40.0087832 ], [ -83.0057374, 40.0087869 ], [ -83.0056728, 40.0087832 ], [ -83.0056812, 40.0086629 ], [ -83.0057927, 40.0086683 ], [ -83.0057825, 40.0087866 ] ] ] } },
{ "type": "Feature", "properties": { "@id": "way/775462371", "amenity": null, "building": "house", "name": null, "shop": null, "GEOID": "39049001000" }, "geometry": { "type": "Polygon", "coordinates": [ [ [ -83.0059267, 40.0086795 ], [ -83.0058366, 40.0086738 ], [ -83.0058295, 40.0087916 ], [ -83.0059206, 40.0087944 ], [ -83.0059267, 40.0086795 ] ] ] } },
{ "type": "Feature", "properties": { "@id": "way/775462372", "amenity": null, "building": "house", "name": null, "shop": null, "GEOID": "39049001000" }, "geometry": { "type": "Polygon", "coordinates": [ [ [ -83.0060092, 40.0086884 ], [ -83.0060922, 40.008691 ], [ -83.0060859, 40.0088074 ], [ -83.0059877, 40.0088043 ], [ -83.0059928, 40.0087106 ], [ -83.0060079, 40.008711 ], [ -83.0060092, 40.0086884 ] ] ] } },
{ "type": "Feature", "properties": { "@id": "way/775462373", "amenity": null, "building": "house", "name": null, "shop": null, "GEOID": "39049001000" }, "geometry": { "type": "Polygon", "coordinates": [ [ [ -83.0053128, 40.0091472 ], [ -83.005237, 40.0091449 ], [ -83.0052433, 40.0090227 ], [ -83.005257, 40.0090231 ], [ -83.0052579, 40.0090062 ], [ -83.0053352, 40.0090086 ], [ -83.005334, 40.009031 ], [ -83.0053447, 40.0090314 ], [ -83.0053401, 40.0091212 ], [ -83.0053142, 40.0091204 ], [ -83.0053128, 40.0091472 ] ] ] } },
{ "type": "Feature", "properties": { "@id": "way/775462380", "amenity": null, "building": "house", "name": null, "shop": null, "GEOID": "39049001000" }, "geometry": { "type": "Polygon", "coordinates": [ [ [ -83.0056715, 40.0083872 ], [ -83.005568, 40.0083816 ], [ -83.0055767, 40.0082865 ], [ -83.0055852, 40.008287 ], [ -83.0055873, 40.0082649 ], [ -83.0056697, 40.0082693 ], [ -83.005668, 40.008288 ], [ -83.0056805, 40.0082886 ], [ -83.0056715, 40.0083872 ] ] ] } },
{ "type": "Feature", "properties": { "@id": "way/775462381", "amenity": null, "building": "house", "name": null, "shop": null, "GEOID": "39049001000" }, "geometry": { "type": "Polygon", "coordinates": [ [ [ -83.0058003, 40.0083838 ], [ -83.0057792, 40.0083826 ], [ -83.005777, 40.0084047 ], [ -83.0057057, 40.0084004 ], [ -83.0057167, 40.0082919 ], [ -83.0057253, 40.0082924 ], [ -83.0057271, 40.0082743 ], [ -83.0058004, 40.0082787 ], [ -83.0057986, 40.0082974 ], [ -83.005809, 40.008298 ], [ -83.0058003, 40.0083838 ] ] ] } },
{ "type": "Feature", "properties": { "@id": "way/775462804", "amenity": null, "building": "house", "name": null, "shop": null, "GEOID": "39049001200" }, "geometry": { "type": "Polygon", "coordinates": [ [ [ -82.9979433, 40.0057326 ], [ -82.998111, 40.0057431 ], [ -82.9981393, 40.0057438 ], [ -82.9981415, 40.005696 ], [ -82.9981433, 40.0056529 ], [ -82.9981216, 40.0056536 ], [ -82.9981198, 40.0056468 ], [ -82.9979438, 40.0056387 ], [ -82.9979429, 40.0056428 ], [ -82.9979137, 40.0056411 ], [ -82.9979106, 40.0056746 ], [ -82.9979093, 40.0056912 ], [ -82.9979048, 40.0057299 ], [ -82.9979433, 40.0057326 ] ] ] } },
{ "type": "Feature", "properties": { "@id": "way/775462805", "amenity": null, "building": "house", "name": null, "shop": null, "GEOID": "39049001200" }, "geometry": { "type": "Polygon", "coordinates": [ [ [ -82.9981301, 40.0055418 ], [ -82.9979574, 40.0055327 ], [ -82.9979568, 40.0055392 ], [ -82.9979216, 40.0055374 ], [ -82.9979142, 40.0056195 ], [ -82.9979449, 40.0056211 ], [ -82.9979445, 40.0056262 ], [ -82.9981202, 40.0056355 ], [ -82.9981206, 40.0056303 ], [ -82.9981441, 40.0056315 ], [ -82.9981516, 40.0055484 ], [ -82.9981296, 40.0055472 ], [ -82.9981301, 40.0055418 ] ] ] } },
{ "type": "Feature", "properties": { "@id": "way/775462806", "amenity": null, "building": "house", "name": null, "shop": null, "GEOID": "39049001200" }, "geometry": { "type": "Polygon", "coordinates": [ [ [ -82.9980015, 40.0055167 ], [ -82.9981307, 40.0055242 ], [ -82.9981303, 40.0055191 ], [ -82.9981542, 40.0055205 ], [ -82.9981612, 40.0054439 ], [ -82.9981369, 40.0054435 ], [ -82.9981373, 40.005432 ], [ -82.9980095, 40.0054256 ], [ -82.9980082, 40.00543 ], [ -82.9979847, 40.0054283 ], [ -82.9979829, 40.0054818 ], [ -82.9980037, 40.0054818 ], [ -82.9980015, 40.0055167 ] ] ] } },
{ "type": "Feature", "properties": { "@id": "way/775462809", "amenity": null, "building": "house", "name": null, "shop": null, "GEOID": "39049001200" }, "geometry": { "type": "Polygon", "coordinates": [ [ [ -82.9981546, 40.0049274 ], [ -82.998157, 40.0048961 ], [ -82.9980338, 40.0048905 ], [ -82.9980333, 40.0048969 ], [ -82.998017, 40.0048961 ], [ -82.9980142, 40.0049329 ], [ -82.9980318, 40.0049337 ], [ -82.998029, 40.0049705 ], [ -82.9981674, 40.0049768 ], [ -82.9981711, 40.0049281 ], [ -82.9981546, 40.0049274 ] ] ] } },
{ "type": "Feature", "properties": { "@id": "way/775462810", "amenity": null, "building": "house", "name": null, "shop": null, "GEOID": "39049001200" }, "geometry": { "type": "Polygon", "coordinates": [ [ [ -82.9981592, 40.0048685 ], [ -82.9980193, 40.0048639 ], [ -82.9980249, 40.0047642 ], [ -82.9981694, 40.004769 ], [ -82.9981674, 40.0048035 ], [ -82.9981973, 40.0048045 ], [ -82.9981951, 40.0048441 ], [ -82.9981607, 40.004843 ], [ -82.9981592, 40.0048685 ] ] ] } },
{ "type": "Feature", "properties": { "@id": "way/775462811", "amenity": null, "building": "house", "name": null, "shop": null, "GEOID": "39049001200" }, "geometry": { "type": "Polygon", "coordinates": [ [ [ -82.998747, 40.0051532 ], [ -82.9986284, 40.0051484 ], [ -82.99862, 40.005223 ], [ -82.998739, 40.0052287 ], [ -82.998747, 40.0051532 ] ] ] } },
{ "type": "Feature", "properties": { "@id": "way/775462812", "amenity": null, "building": "house", "name": null, "shop": null, "GEOID": "39049001200" }, "geometry": { "type": "Polygon", "coordinates": [ [ [ -82.9988264, 40.0052511 ], [ -82.9988224, 40.005334 ], [ -82.9987826, 40.0053329 ], [ -82.9987808, 40.0053369 ], [ -82.9985809, 40.0053256 ], [ -82.9985895, 40.0052361 ], [ -82.998622, 40.005238 ], [ -82.9986225, 40.0052331 ], [ -82.9987954, 40.005243 ], [ -82.9988264, 40.0052511 ] ] ] } },
{ "type": "Feature", "properties": { "@id": "way/775462813", "amenity": null, "building": "house", "name": null, "shop": null, "GEOID": "39049001200" }, "geometry": { "type": "Polygon", "coordinates": [ [ [ -82.9987206, 40.0053552 ], [ -82.9986095, 40.0053501 ], [ -82.9986086, 40.0053596 ], [ -82.9985865, 40.0053599 ], [ -82.9985834, 40.0054186 ], [ -82.9986047, 40.0054192 ], [ -82.9986042, 40.005423 ], [ -82.9987166, 40.0054281 ], [ -82.9987206, 40.0053552 ] ] ] } },
{ "type": "Feature", "properties": { "@id": "way/775462815", "amenity": null, "building": "house", "name": null, "shop": null, "GEOID": "39049001200" }, "geometry": { "type": "Polygon", "coordinates": [ [ [ -82.9973882, 40.0052888 ], [ -82.9973807, 40.0053948 ], [ -82.9974705, 40.0053986 ], [ -82.997478, 40.0052926 ], [ -82.9973882, 40.0052888 ] ] ] } },
{ "type": "Feature", "properties": { "@id": "way/775462816", "amenity": null, "building": "house", "name": null, "shop": null, "GEOID": "39049001200" }, "geometry": { "type": "Polygon", "coordinates": [ [ [ -82.9974332, 40.0048834 ], [ -82.9974198, 40.0050226 ], [ -82.9975338, 40.0050278 ], [ -82.9975425, 40.0048865 ], [ -82.9974332, 40.0048834 ] ] ] } },
{ "type": "Feature", "properties": { "@id": "way/775462817", "amenity": null, "building": "house", "name": null, "shop": null, "GEOID": "39049001200" }, "geometry": { "type": "Polygon", "coordinates": [ [ [ -82.9975553, 40.0049034 ], [ -82.9975487, 40.0050354 ], [ -82.9976747, 40.0050404 ], [ -82.9976829, 40.0049042 ], [ -82.9975553, 40.0049034 ] ] ] } },
{ "type": "Feature", "properties": { "@id": "way/775666447", "amenity": null, "building": "house", "name": null, "shop": null, "GEOID": "39049001600" }, "geometry": { "type": "Polygon", "coordinates": [ [ [ -83.0004896, 39.9901816 ], [ -83.0004985, 39.9901007 ], [ -83.0004045, 39.9900946 ], [ -83.0003956, 39.9901756 ], [ -83.0004896, 39.9901816 ] ] ] } },
{ "type": "Feature", "properties": { "@id": "way/775666448", "amenity": null, "building": "house", "name": null, "shop": null, "GEOID": "39049001600" }, "geometry": { "type": "Polygon", "coordinates": [ [ [ -83.0003566, 39.9901886 ], [ -83.000363, 39.9900855 ], [ -83.0002974, 39.9900831 ], [ -83.0002956, 39.9901115 ], [ -83.0002788, 39.990125 ], [ -83.0002788, 39.9901399 ], [ -83.000293, 39.9901555 ], [ -83.000291, 39.9901862 ], [ -83.0003566, 39.9901886 ] ] ] } },
{ "type": "Feature", "properties": { "@id": "way/775666449", "amenity": null, "building": "house", "name": null, "shop": null, "GEOID": "39049001600" }, "geometry": { "type": "Polygon", "coordinates": [ [ [ -83.0002509, 39.9901834 ], [ -83.0002642, 39.9900808 ], [ -83.0001899, 39.9900751 ], [ -83.0001859, 39.990106 ], [ -83.0001735, 39.9901189 ], [ -83.0001709, 39.9901386 ], [ -83.0001877, 39.9901508 ], [ -83.0001841, 39.9901783 ], [ -83.0002509, 39.9901834 ] ] ] } },
{ "type": "Feature", "properties": { "@id": "way/775666450", "amenity": null, "building": "house", "name": null, "shop": null, "GEOID": "39049001600" }, "geometry": { "type": "Polygon", "coordinates": [ [ [ -83.0001503, 39.9901828 ], [ -83.0001592, 39.9900715 ], [ -83.000084, 39.990068 ], [ -83.0000813, 39.990102 ], [ -83.0000651, 39.9901126 ], [ -83.0000651, 39.9901344 ], [ -83.0000782, 39.990148 ], [ -83.0000757, 39.9901793 ], [ -83.0001503, 39.9901828 ] ] ] } },
{ "type": "Feature", "properties": { "@id": "way/775666451", "amenity": null, "building": "house", "name": null, "shop": null, "GEOID": "39049001600" }, "geometry": { "type": "Polygon", "coordinates": [ [ [ -82.9999934, 39.9900993 ], [ -83.0000005, 39.990026 ], [ -82.9998992, 39.9900203 ], [ -82.9998926, 39.9900885 ], [ -82.9998993, 39.9900916 ], [ -82.9998975, 39.9901106 ], [ -82.9999431, 39.9901132 ], [ -82.9999447, 39.9900965 ], [ -82.9999934, 39.9900993 ] ] ] } },
{ "type": "Feature", "properties": { "@id": "way/775666452", "amenity": null, "building": "house", "name": null, "shop": null, "GEOID": "39049001600" }, "geometry": { "type": "Polygon", "coordinates": [ [ [ -82.9998768, 39.9901103 ], [ -82.9998837, 39.9900168 ], [ -82.9998743, 39.9900164 ], [ -82.9998751, 39.9900056 ], [ -82.9998036, 39.9900024 ], [ -82.9998027, 39.9900151 ], [ -82.9997904, 39.9900146 ], [ -82.9997836, 39.9901062 ], [ -82.9998768, 39.9901103 ] ] ] } },
{ "type": "Feature", "properties": { "@id": "way/775666454", "amenity": null, "building": "house", "name": null, "shop": null, "GEOID": "39049001600" }, "geometry": { "type": "Polygon", "coordinates": [ [ [ -83.0004587, 39.9903925 ], [ -83.0004628, 39.9903272 ], [ -83.0002574, 39.9903198 ], [ -83.0002534, 39.9903851 ], [ -83.0004587, 39.9903925 ] ] ] } },
{ "type": "Feature", "properties": { "@id": "way/775666455", "amenity": null, "building": "house", "name": null, "shop": null, "GEOID": "39049001600" }, "geometry": { "type": "Polygon", "coordinates": [ [ [ -83.000452, 39.9904899 ], [ -83.0004583, 39.990422 ], [ -83.0002823, 39.9904124 ], [ -83.000276, 39.9904803 ], [ -83.000452, 39.9904899 ] ] ] } },
{ "type": "Feature", "properties": { "@id": "way/775670706", "amenity": null, "building": "house", "name": null, "shop": null, "GEOID": "39049001902" }, "geometry": { "type": "Polygon", "coordinates": [ [ [ -83.0485627, 39.9938569 ], [ -83.0485718, 39.9937655 ], [ -83.0484307, 39.9937573 ], [ -83.0484216, 39.9938487 ], [ -83.0485627, 39.9938569 ] ] ] } },
{ "type": "Feature", "properties": { "@id": "way/775699681", "amenity": null, "building": "house", "name": null, "shop": null, "GEOID": "39049001700" }, "geometry": { "type": "Polygon", "coordinates": [ [ [ -83.0035656, 39.994889 ], [ -83.0035799, 39.9947387 ], [ -83.003469, 39.9947325 ], [ -83.0034548, 39.9948828 ], [ -83.0035656, 39.994889 ] ] ] } },
{ "type": "Feature", "properties": { "@id": "way/775870889", "amenity": null, "building": "house", "name": null, "shop": null, "GEOID": "39049001810" }, "geometry": { "type": "Polygon", "coordinates": [ [ [ -83.0162149, 39.9921319 ], [ -83.016216, 39.9921108 ], [ -83.0162232, 39.9919768 ], [ -83.0161214, 39.9919736 ], [ -83.0161142, 39.9921075 ], [ -83.0161131, 39.9921286 ], [ -83.0162149, 39.9921319 ] ] ] } },
{ "type": "Feature", "properties": { "@id": "way/777159362", "amenity": null, "building": "house", "name": null, "shop": null, "GEOID": "39049001810" }, "geometry": { "type": "Polygon", "coordinates": [ [ [ -83.0130437, 39.991993 ], [ -83.0129224, 39.9919881 ], [ -83.0129324, 39.9918424 ], [ -83.0130537, 39.9918473 ], [ -83.0130437, 39.991993 ] ] ] } },
{ "type": "Feature", "properties": { "@id": "way/777159363", "amenity": null, "building": "house", "name": null, "shop": null, "GEOID": "39049001810" }, "geometry": { "type": "Polygon", "coordinates": [ [ [ -83.0128915, 39.9919854 ], [ -83.0127696, 39.9919807 ], [ -83.0127804, 39.9918169 ], [ -83.0129023, 39.9918217 ], [ -83.0128915, 39.9919854 ] ] ] } },
{ "type": "Feature", "properties": { "@id": "way/777159364", "amenity": null, "building": "house", "name": null, "shop": null, "GEOID": "39049001810" }, "geometry": { "type": "Polygon", "coordinates": [ [ [ -83.012757, 39.9919792 ], [ -83.0126351, 39.9919744 ], [ -83.0126459, 39.9918107 ], [ -83.0127678, 39.9918154 ], [ -83.012757, 39.9919792 ] ] ] } },
{ "type": "Feature", "properties": { "@id": "way/777159365", "amenity": null, "building": "house", "name": null, "shop": null, "GEOID": "39049001810" }, "geometry": { "type": "Polygon", "coordinates": [ [ [ -83.0126316, 39.9917984 ], [ -83.0125104, 39.9917935 ], [ -83.0125204, 39.9916478 ], [ -83.0126416, 39.9916527 ], [ -83.0126316, 39.9917984 ] ] ] } },
{ "type": "Feature", "properties": { "@id": "way/777207752", "amenity": null, "building": "house", "name": "Alpha Chi Omega Sorority", "shop": null, "GEOID": "39049001300" }, "geometry": { "type": "Polygon", "coordinates": [ [ [ -83.0052274, 39.999695 ], [ -83.0049338, 39.9996829 ], [ -83.0049422, 39.9995635 ], [ -83.0049774, 39.9995649 ], [ -83.0049812, 39.9995113 ], [ -83.0052122, 39.9995208 ], [ -83.0052083, 39.9995777 ], [ -83.0052356, 39.9995788 ], [ -83.0052274, 39.999695 ] ] ] } },
{ "type": "Feature", "properties": { "@id": "way/777207753", "amenity": null, "building": "house", "name": null, "shop": null, "GEOID": "39049001300" }, "geometry": { "type": "Polygon", "coordinates": [ [ [ -83.0048861, 39.9996839 ], [ -83.0046196, 39.9996728 ], [ -83.0046255, 39.9995893 ], [ -83.0046371, 39.9995897 ], [ -83.004644, 39.9994926 ], [ -83.0045907, 39.9994904 ], [ -83.004598, 39.9993866 ], [ -83.0048171, 39.9993957 ], [ -83.0048132, 39.9994502 ], [ -83.0048058, 39.9994499 ], [ -83.0048039, 39.9994766 ], [ -83.0047792, 39.9994755 ], [ -83.0047743, 39.9995445 ], [ -83.0048741, 39.9995486 ], [ -83.0048697, 39.9996116 ], [ -83.0048911, 39.9996125 ], [ -83.0048861, 39.9996839 ] ] ] } },
{ "type": "Feature", "properties": { "@id": "way/777208517", "amenity": null, "building": "house", "name": null, "shop": null, "GEOID": "39049001300" }, "geometry": { "type": "Polygon", "coordinates": [ [ [ -83.0026092, 39.995862 ], [ -83.0024989, 39.9958575 ], [ -83.0025095, 39.9957062 ], [ -83.002628, 39.9957111 ], [ -83.0026188, 39.9958434 ], [ -83.0026106, 39.9958414 ], [ -83.0026092, 39.995862 ] ] ] } },
{ "type": "Feature", "properties": { "@id": "way/777208518", "amenity": null, "building": "house", "name": null, "shop": null, "GEOID": "39049001300" }, "geometry": { "type": "Polygon", "coordinates": [ [ [ -83.0027706, 39.9958875 ], [ -83.0026636, 39.995883 ], [ -83.0026643, 39.9958738 ], [ -83.0026558, 39.9958734 ], [ -83.0026605, 39.9958083 ], [ -83.0026677, 39.9958086 ], [ -83.0026703, 39.9957723 ], [ -83.0026624, 39.9957719 ], [ -83.0026671, 39.9957065 ], [ -83.0026743, 39.9957068 ], [ -83.0026753, 39.9956934 ], [ -83.0027841, 39.995698 ], [ -83.0027706, 39.9958875 ] ] ] } },
{ "type": "Feature", "properties": { "@id": "way/777208606", "amenity": null, "building": "house", "name": null, "shop": null, "GEOID": "39049001300" }, "geometry": { "type": "Polygon", "coordinates": [ [ [ -83.0033062, 39.9968002 ], [ -83.0032524, 39.9967983 ], [ -83.0032534, 39.9967761 ], [ -83.0031995, 39.9967706 ], [ -83.0032, 39.9967944 ], [ -83.0031939, 39.9967944 ], [ -83.0031888, 39.996836 ], [ -83.003196, 39.9968364 ], [ -83.0031949, 39.9968575 ], [ -83.0031929, 39.996875 ], [ -83.0031858, 39.9968746 ], [ -83.0031848, 39.9969065 ], [ -83.0031965, 39.99691 ], [ -83.0031919, 39.9969474 ], [ -83.0031914, 39.9969711 ], [ -83.0032341, 39.9969731 ], [ -83.0032356, 39.9969489 ], [ -83.0032869, 39.9969505 ], [ -83.0032961, 39.9969505 ], [ -83.0032986, 39.9969124 ], [ -83.0033062, 39.9968002 ] ] ] } },
{ "type": "Feature", "properties": { "@id": "way/777208607", "amenity": null, "building": "house", "name": null, "shop": null, "GEOID": "39049001300" }, "geometry": { "type": "Polygon", "coordinates": [ [ [ -83.0031498, 39.9968772 ], [ -83.0031583, 39.9967966 ], [ -83.0030305, 39.9967887 ], [ -83.0030218, 39.9968714 ], [ -83.0030293, 39.9968718 ], [ -83.0030277, 39.9968865 ], [ -83.0030718, 39.9968893 ], [ -83.0030736, 39.9968725 ], [ -83.0031498, 39.9968772 ] ] ] } },
{ "type": "Feature", "properties": { "@id": "way/777208610", "amenity": null, "building": "house", "name": null, "shop": null, "GEOID": "39049001300" }, "geometry": { "type": "Polygon", "coordinates": [ [ [ -83.0036854, 39.9964944 ], [ -83.0037409, 39.9964967 ], [ -83.0037427, 39.9964714 ], [ -83.0037801, 39.996473 ], [ -83.0037783, 39.9964972 ], [ -83.0038257, 39.9964993 ], [ -83.0038403, 39.9962981 ], [ -83.0037001, 39.9962921 ], [ -83.0036854, 39.9964944 ] ] ] } },
{ "type": "Feature", "properties": { "@id": "way/777208647", "amenity": null, "building": "house", "name": null, "shop": null, "GEOID": "39049001700" }, "geometry": { "type": "Polygon", "coordinates": [ [ [ -83.0043129, 39.9954998 ], [ -83.0041932, 39.9954959 ], [ -83.0042012, 39.9953488 ], [ -83.0042188, 39.9953493 ], [ -83.0042191, 39.9953442 ], [ -83.0043084, 39.9953471 ], [ -83.0043082, 39.9953512 ], [ -83.004321, 39.9953516 ], [ -83.0043129, 39.9954998 ] ] ] } },
{ "type": "Feature", "properties": { "@id": "way/777208648", "amenity": null, "building": "house", "name": null, "shop": null, "GEOID": "39049001700" }, "geometry": { "type": "Polygon", "coordinates": [ [ [ -83.0041826, 39.9954775 ], [ -83.0040691, 39.995473 ], [ -83.0040723, 39.9954261 ], [ -83.0040654, 39.9954154 ], [ -83.0040662, 39.9954019 ], [ -83.0040723, 39.9953907 ], [ -83.0040771, 39.9953497 ], [ -83.0040919, 39.9953507 ], [ -83.0040939, 39.9953341 ], [ -83.0041777, 39.9953398 ], [ -83.0041762, 39.9953525 ], [ -83.0041931, 39.9953537 ], [ -83.0041879, 39.9953977 ], [ -83.0041925, 39.9954013 ], [ -83.0041917, 39.9954172 ], [ -83.0041863, 39.9954225 ], [ -83.0041826, 39.9954775 ] ] ] } },
{ "type": "Feature", "properties": { "@id": "way/777208651", "amenity": null, "building": "house", "name": null, "shop": null, "GEOID": "39049001700" }, "geometry": { "type": "Polygon", "coordinates": [ [ [ -83.0036624, 39.9954551 ], [ -83.0035552, 39.9954509 ], [ -83.0035614, 39.9953576 ], [ -83.0036122, 39.9953596 ], [ -83.0036134, 39.9953409 ], [ -83.0036613, 39.9953428 ], [ -83.0036601, 39.9953601 ], [ -83.0036687, 39.9953605 ], [ -83.0036624, 39.9954551 ] ] ] } },
{ "type": "Feature", "properties": { "@id": "way/777209317", "amenity": null, "building": "house", "name": null, "shop": null, "GEOID": "39049001200" }, "geometry": { "type": "Polygon", "coordinates": [ [ [ -82.9979112, 40.0015803 ], [ -82.9977845, 40.0015747 ], [ -82.9977951, 40.0014342 ], [ -82.9978041, 40.0014346 ], [ -82.9978058, 40.0014124 ], [ -82.9979172, 40.0014173 ], [ -82.9979153, 40.001442 ], [ -82.9979215, 40.0014438 ], [ -82.9979112, 40.0015803 ] ] ] } },
{ "type": "Feature", "properties": { "@id": "way/777209318", "amenity": null, "building": "house", "name": null, "shop": null, "GEOID": "39049001200" }, "geometry": { "type": "Polygon", "coordinates": [ [ [ -82.9977659, 40.0014194 ], [ -82.9976704, 40.0014152 ], [ -82.997669, 40.0014343 ], [ -82.9976564, 40.0014338 ], [ -82.9976469, 40.0015607 ], [ -82.9977595, 40.0015656 ], [ -82.9977689, 40.0014398 ], [ -82.9977645, 40.0014381 ], [ -82.9977659, 40.0014194 ] ] ] } },
{ "type": "Feature", "properties": { "@id": "way/777209321", "amenity": null, "building": "house", "name": null, "shop": null, "GEOID": "39049001200" }, "geometry": { "type": "Polygon", "coordinates": [ [ [ -82.997453, 40.0014029 ], [ -82.9973664, 40.0013987 ], [ -82.9973645, 40.001422 ], [ -82.9973578, 40.0014217 ], [ -82.9973509, 40.0015071 ], [ -82.9974441, 40.0015115 ], [ -82.997453, 40.0014029 ] ] ] } },
{ "type": "Feature", "properties": { "@id": "way/777209322", "amenity": null, "building": "house", "name": null, "shop": null, "GEOID": "39049001200" }, "geometry": { "type": "Polygon", "coordinates": [ [ [ -82.9973308, 40.0014211 ], [ -82.9972977, 40.0014196 ], [ -82.9972983, 40.0014124 ], [ -82.9972431, 40.0014099 ], [ -82.9972354, 40.0015073 ], [ -82.9972804, 40.0015094 ], [ -82.9972798, 40.0015172 ], [ -82.9973231, 40.0015192 ], [ -82.9973308, 40.0014211 ] ] ] } },
{ "type": "Feature", "properties": { "@id": "way/777209323", "amenity": null, "building": "house", "name": null, "shop": null, "GEOID": "39049001200" }, "geometry": { "type": "Polygon", "coordinates": [ [ [ -82.9972169, 40.0013916 ], [ -82.9971391, 40.0013897 ], [ -82.9971383, 40.0014098 ], [ -82.9971299, 40.0014096 ], [ -82.9971262, 40.0014981 ], [ -82.9971491, 40.0014987 ], [ -82.9971489, 40.0015021 ], [ -82.9972122, 40.0015037 ], [ -82.9972169, 40.0013916 ] ] ] } },
{ "type": "Feature", "properties": { "@id": "way/777209325", "amenity": null, "building": "house", "name": null, "shop": null, "GEOID": "39049001200" }, "geometry": { "type": "Polygon", "coordinates": [ [ [ -82.9969007, 40.001492 ], [ -82.9969891, 40.001495 ], [ -82.9969944, 40.001404 ], [ -82.996906, 40.001401 ], [ -82.9969007, 40.001492 ] ] ] } },
{ "type": "Feature", "properties": { "@id": "way/777209326", "amenity": null, "building": "house", "name": null, "shop": null, "GEOID": "39049001200" }, "geometry": { "type": "Polygon", "coordinates": [ [ [ -82.9968789, 40.0014131 ], [ -82.996862, 40.0014126 ], [ -82.9968629, 40.0013932 ], [ -82.9968027, 40.0013915 ], [ -82.996797, 40.0015084 ], [ -82.9968664, 40.0015104 ], [ -82.9968678, 40.0014817 ], [ -82.9968756, 40.0014819 ], [ -82.9968789, 40.0014131 ] ] ] } },
{ "type": "Feature", "properties": { "@id": "way/777209327", "amenity": null, "building": "house", "name": null, "shop": null, "GEOID": "39049001300" }, "geometry": { "type": "Polygon", "coordinates": [ [ [ -82.9969282, 40.0011194 ], [ -82.996936, 40.0010256 ], [ -82.9969639, 40.0010269 ], [ -82.9969655, 40.0010073 ], [ -82.9970149, 40.0010097 ], [ -82.997013, 40.001032 ], [ -82.9970189, 40.0010323 ], [ -82.9970118, 40.0011169 ], [ -82.9969726, 40.001115 ], [ -82.9969741, 40.0011216 ], [ -82.9969282, 40.0011194 ] ] ] } },
{ "type": "Feature", "properties": { "@id": "way/777209328", "amenity": null, "building": "house", "name": null, "shop": null, "GEOID": "39049001300" }, "geometry": { "type": "Polygon", "coordinates": [ [ [ -82.9970415, 40.0011177 ], [ -82.9971188, 40.0011199 ], [ -82.9971247, 40.0010024 ], [ -82.9970474, 40.0010001 ], [ -82.9970415, 40.0011177 ] ] ] } },
{ "type": "Feature", "properties": { "@id": "way/777209329", "amenity": null, "building": "house", "name": null, "shop": null, "GEOID": "39049001300" }, "geometry": { "type": "Polygon", "coordinates": [ [ [ -82.9971641, 40.0010006 ], [ -82.9971618, 40.0010315 ], [ -82.9971556, 40.0010312 ], [ -82.997149, 40.0011239 ], [ -82.9971611, 40.0011244 ], [ -82.9971597, 40.0011445 ], [ -82.9972501, 40.0011483 ], [ -82.9972514, 40.0011304 ], [ -82.9972563, 40.0011306 ], [ -82.9972624, 40.0010449 ], [ -82.9972676, 40.0010451 ], [ -82.9972705, 40.001005 ], [ -82.9971641, 40.0010006 ] ] ] } },
{ "type": "Feature", "properties": { "@id": "way/777209330", "amenity": null, "building": "house", "name": null, "shop": null, "GEOID": "39049001300" }, "geometry": { "type": "Polygon", "coordinates": [ [ [ -82.9973381, 40.0010458 ], [ -82.997281, 40.0010431 ], [ -82.9972736, 40.001133 ], [ -82.9972848, 40.0011336 ], [ -82.9972837, 40.0011462 ], [ -82.9973543, 40.0011496 ], [ -82.9973554, 40.0011359 ], [ -82.9973635, 40.0011363 ], [ -82.9973711, 40.0010448 ], [ -82.9973661, 40.0010446 ], [ -82.9973673, 40.0010303 ], [ -82.9973394, 40.0010289 ], [ -82.9973381, 40.0010458 ] ] ] } },
{ "type": "Feature", "properties": { "@id": "way/777209332", "amenity": null, "building": "house", "name": null, "shop": null, "GEOID": "39049001300" }, "geometry": { "type": "Polygon", "coordinates": [ [ [ -82.9974059, 40.0010436 ], [ -82.9974001, 40.0011421 ], [ -82.9975169, 40.0011461 ], [ -82.9975226, 40.0010496 ], [ -82.9974702, 40.0010478 ], [ -82.9974713, 40.0010294 ], [ -82.9974152, 40.0010274 ], [ -82.9974142, 40.0010438 ], [ -82.9974059, 40.0010436 ] ] ] } },
{ "type": "Feature", "properties": { "@id": "way/777209334", "amenity": null, "building": "house", "name": null, "shop": null, "GEOID": "39049001300" }, "geometry": { "type": "Polygon", "coordinates": [ [ [ -82.9975435, 40.0010148 ], [ -82.9975325, 40.0011459 ], [ -82.9975921, 40.0011489 ], [ -82.9975925, 40.0011449 ], [ -82.9976445, 40.0011475 ], [ -82.9976552, 40.0010183 ], [ -82.9976498, 40.001018 ], [ -82.9976512, 40.0010012 ], [ -82.9975532, 40.0009964 ], [ -82.9975516, 40.0010152 ], [ -82.9975435, 40.0010148 ] ] ] } },
{ "type": "Feature", "properties": { "@id": "way/777209335", "amenity": null, "building": "house", "name": null, "shop": null, "GEOID": "39049001300" }, "geometry": { "type": "Polygon", "coordinates": [ [ [ -82.9977071, 40.0011439 ], [ -82.9977474, 40.0011458 ], [ -82.9977467, 40.0011539 ], [ -82.997802, 40.0011564 ], [ -82.9978085, 40.0010725 ], [ -82.997707, 40.0010679 ], [ -82.9977035, 40.001113 ], [ -82.9977095, 40.0011133 ], [ -82.9977071, 40.0011439 ] ] ] } },
{ "type": "Feature", "properties": { "@id": "way/777671909", "amenity": null, "building": "house", "name": null, "shop": null, "GEOID": "39049001000" }, "geometry": { "type": "Polygon", "coordinates": [ [ [ -83.0003813, 40.0079264 ], [ -83.0002145, 40.0079203 ], [ -83.0002149, 40.0079137 ], [ -83.0001873, 40.0079127 ], [ -83.0001929, 40.0078227 ], [ -83.0002186, 40.0078236 ], [ -83.000219, 40.0078177 ], [ -83.0003918, 40.0078239 ], [ -83.0003911, 40.0078345 ], [ -83.0004129, 40.0078353 ], [ -83.0004075, 40.0079229 ], [ -83.0003816, 40.007922 ], [ -83.0003813, 40.0079264 ] ] ] } },
{ "type": "Feature", "properties": { "@id": "way/777671910", "amenity": null, "building": "house", "name": null, "shop": null, "GEOID": "39049001000" }, "geometry": { "type": "Polygon", "coordinates": [ [ [ -83.0004185, 40.0078113 ], [ -83.0002106, 40.0078047 ], [ -83.0002155, 40.0077158 ], [ -83.0004234, 40.0077224 ], [ -83.0004185, 40.0078113 ] ] ] } },
{ "type": "Feature", "properties": { "@id": "way/777671911", "amenity": null, "building": "house", "name": null, "shop": null, "GEOID": "39049001000" }, "geometry": { "type": "Polygon", "coordinates": [ [ [ -83.0004242, 40.0077016 ], [ -83.0002199, 40.0076964 ], [ -83.0002235, 40.0076117 ], [ -83.0004279, 40.0076169 ], [ -83.0004242, 40.0077016 ] ] ] } },
{ "type": "Feature", "properties": { "@id": "way/777671912", "amenity": null, "building": "house", "name": null, "shop": null, "GEOID": "39049001000" }, "geometry": { "type": "Polygon", "coordinates": [ [ [ -83.0004121, 40.0075935 ], [ -83.0002335, 40.0075855 ], [ -83.0002401, 40.0074983 ], [ -83.0004187, 40.0075063 ], [ -83.0004121, 40.0075935 ] ] ] } },
{ "type": "Feature", "properties": { "@id": "way/777671913", "amenity": null, "building": "house", "name": null, "shop": null, "GEOID": "39049001000" }, "geometry": { "type": "Polygon", "coordinates": [ [ [ -83.0004237, 40.0074884 ], [ -83.0002362, 40.0074781 ], [ -83.0002445, 40.0073893 ], [ -83.000432, 40.0073997 ], [ -83.0004237, 40.0074884 ] ] ] } },
{ "type": "Feature", "properties": { "@id": "way/777671914", "amenity": null, "building": "house", "name": null, "shop": null, "GEOID": "39049001200" }, "geometry": { "type": "Polygon", "coordinates": [ [ [ -83.0002569, 40.0071903 ], [ -83.000263, 40.0071043 ], [ -83.000484, 40.0071135 ], [ -83.0004779, 40.0071994 ], [ -83.0002569, 40.0071903 ] ] ] } },
{ "type": "Feature", "properties": { "@id": "way/777671915", "amenity": null, "building": "house", "name": null, "shop": null, "GEOID": "39049001200" }, "geometry": { "type": "Polygon", "coordinates": [ [ [ -83.0004544, 40.0070894 ], [ -83.0002757, 40.0070851 ], [ -83.0002759, 40.0070808 ], [ -83.0002401, 40.0070799 ], [ -83.0002417, 40.007042 ], [ -83.0002798, 40.0070429 ], [ -83.0002824, 40.0069819 ], [ -83.0004587, 40.0069861 ], [ -83.0004544, 40.0070894 ] ] ] } },
{ "type": "Feature", "properties": { "@id": "way/777672631", "amenity": null, "building": "house", "name": null, "shop": null, "GEOID": "39049001200" }, "geometry": { "type": "Polygon", "coordinates": [ [ [ -82.997617, 40.0060365 ], [ -82.9974968, 40.0060322 ], [ -82.9975059, 40.0058816 ], [ -82.9976261, 40.0058858 ], [ -82.997617, 40.0060365 ] ] ] } },
{ "type": "Feature", "properties": { "@id": "way/777672632", "amenity": null, "building": "house", "name": null, "shop": null, "GEOID": "39049001200" }, "geometry": { "type": "Polygon", "coordinates": [ [ [ -82.9974699, 40.0060303 ], [ -82.9973409, 40.0060239 ], [ -82.9973537, 40.0058732 ], [ -82.9974826, 40.0058796 ], [ -82.9974699, 40.0060303 ] ] ] } },
{ "type": "Feature", "properties": { "@id": "way/777672633", "amenity": null, "building": "house", "name": null, "shop": null, "GEOID": "39049001200" }, "geometry": { "type": "Polygon", "coordinates": [ [ [ -82.9973149, 40.0060186 ], [ -82.9971986, 40.0060139 ], [ -82.9972094, 40.0058585 ], [ -82.9973256, 40.0058632 ], [ -82.9973149, 40.0060186 ] ] ] } },
{ "type": "Feature", "properties": { "@id": "way/777672634", "amenity": null, "building": "house", "name": null, "shop": null, "GEOID": "39049001200" }, "geometry": { "type": "Polygon", "coordinates": [ [ [ -82.9977708, 40.006075 ], [ -82.9976984, 40.0060718 ], [ -82.997707, 40.0059563 ], [ -82.9977794, 40.0059594 ], [ -82.9977708, 40.006075 ] ] ] } },
{ "type": "Feature", "properties": { "@id": "way/777672635", "amenity": null, "building": "house", "name": null, "shop": null, "GEOID": "39049001200" }, "geometry": { "type": "Polygon", "coordinates": [ [ [ -82.9980917, 40.0060977 ], [ -82.9980371, 40.0060963 ], [ -82.9980376, 40.0060846 ], [ -82.9979418, 40.0060821 ], [ -82.9979464, 40.0059773 ], [ -82.998106, 40.0059814 ], [ -82.9981016, 40.0060819 ], [ -82.9980924, 40.0060817 ], [ -82.9980917, 40.0060977 ] ] ] } },
{ "type": "Feature", "properties": { "@id": "way/777672637", "amenity": null, "building": "house", "name": null, "shop": null, "GEOID": "39049001200" }, "geometry": { "type": "Polygon", "coordinates": [ [ [ -82.998096, 40.0059454 ], [ -82.9979493, 40.0059445 ], [ -82.9979501, 40.0058644 ], [ -82.9980896, 40.0058652 ], [ -82.9980894, 40.0058828 ], [ -82.9981038, 40.0058829 ], [ -82.9981034, 40.0059202 ], [ -82.9980963, 40.0059202 ], [ -82.998096, 40.0059454 ] ] ] } },
{ "type": "Feature", "properties": { "@id": "way/777672638", "amenity": null, "building": "house", "name": null, "shop": null, "GEOID": "39049001200" }, "geometry": { "type": "Polygon", "coordinates": [ [ [ -82.9981112, 40.0058347 ], [ -82.99799, 40.0058303 ], [ -82.9979953, 40.0057454 ], [ -82.9981164, 40.0057498 ], [ -82.9981112, 40.0058347 ] ] ] } },
{ "type": "Feature", "properties": { "@id": "way/777672994", "amenity": null, "building": "house", "name": null, "shop": null, "GEOID": "39049001200" }, "geometry": { "type": "Polygon", "coordinates": [ [ [ -83.0053385, 40.0014685 ], [ -83.0052988, 40.0014658 ], [ -83.0053004, 40.0014431 ], [ -83.0052853, 40.0014431 ], [ -83.0052684, 40.0014398 ], [ -83.0052684, 40.0014635 ], [ -83.0052318, 40.0014596 ], [ -83.0052403, 40.0012894 ], [ -83.0052484, 40.0012912 ], [ -83.0052491, 40.0012628 ], [ -83.0053512, 40.0012661 ], [ -83.0053489, 40.0012956 ], [ -83.0053581, 40.0012959 ], [ -83.005345, 40.0014419 ], [ -83.0053398, 40.001442 ], [ -83.0053385, 40.0014685 ] ] ] } },
{ "type": "Feature", "properties": { "@id": "way/777674760", "amenity": null, "building": "house", "name": null, "shop": null, "GEOID": "39049001200" }, "geometry": { "type": "Polygon", "coordinates": [ [ [ -83.0050929, 40.0050904 ], [ -83.0051602, 40.0050926 ], [ -83.0051689, 40.0049354 ], [ -83.0050642, 40.004932 ], [ -83.0050586, 40.0050335 ], [ -83.0051115, 40.0050352 ], [ -83.0051102, 40.0050588 ], [ -83.0050947, 40.0050583 ], [ -83.0050929, 40.0050904 ] ] ] } },
{ "type": "Feature", "properties": { "@id": "way/777674761", "amenity": null, "building": "house", "name": null, "shop": null, "GEOID": "39049001200" }, "geometry": { "type": "Polygon", "coordinates": [ [ [ -83.0050454, 40.0050192 ], [ -83.0049344, 40.0050144 ], [ -83.0049424, 40.0049056 ], [ -83.0049475, 40.0049058 ], [ -83.004948, 40.0049001 ], [ -83.0050538, 40.0049047 ], [ -83.0050454, 40.0050192 ] ] ] } },
{ "type": "Feature", "properties": { "@id": "way/777674762", "amenity": null, "building": "house", "name": null, "shop": null, "GEOID": "39049001200" }, "geometry": { "type": "Polygon", "coordinates": [ [ [ -83.0049049, 40.0050142 ], [ -83.0048796, 40.0050133 ], [ -83.00488, 40.0050069 ], [ -83.0048338, 40.0050053 ], [ -83.0048335, 40.0050104 ], [ -83.0047894, 40.0050089 ], [ -83.004795, 40.0049147 ], [ -83.0048018, 40.0049149 ], [ -83.0048028, 40.0048985 ], [ -83.0049019, 40.004902 ], [ -83.004901, 40.0049184 ], [ -83.0049105, 40.0049187 ], [ -83.0049049, 40.0050142 ] ] ] } },
{ "type": "Feature", "properties": { "@id": "way/777674763", "amenity": null, "building": "house", "name": null, "shop": null, "GEOID": "39049001200" }, "geometry": { "type": "Polygon", "coordinates": [ [ [ -83.0047534, 40.0050081 ], [ -83.0046997, 40.0050056 ], [ -83.0046962, 40.0050497 ], [ -83.0046313, 40.0050466 ], [ -83.0046426, 40.0049044 ], [ -83.0046506, 40.0049048 ], [ -83.0046517, 40.0048904 ], [ -83.0047496, 40.0048949 ], [ -83.0047482, 40.0049134 ], [ -83.0047609, 40.0049139 ], [ -83.0047534, 40.0050081 ] ] ] } },
{ "type": "Feature", "properties": { "@id": "way/777674764", "amenity": null, "building": "house", "name": null, "shop": null, "GEOID": "39049001200" }, "geometry": { "type": "Polygon", "coordinates": [ [ [ -83.0046185, 40.0049957 ], [ -83.0045089, 40.0049908 ], [ -83.004516, 40.0048979 ], [ -83.0045202, 40.0048981 ], [ -83.0045214, 40.0048826 ], [ -83.0046169, 40.0048869 ], [ -83.0046152, 40.0049091 ], [ -83.0046251, 40.0049095 ], [ -83.0046185, 40.0049957 ] ] ] } },
{ "type": "Feature", "properties": { "@id": "way/777674765", "amenity": null, "building": "house", "name": null, "shop": null, "GEOID": "39049001200" }, "geometry": { "type": "Polygon", "coordinates": [ [ [ -83.0047138, 40.0046213 ], [ -83.004606, 40.004617 ], [ -83.0046123, 40.0045255 ], [ -83.0046194, 40.0045258 ], [ -83.0046229, 40.0044751 ], [ -83.0047145, 40.0044788 ], [ -83.0047112, 40.0045261 ], [ -83.0047203, 40.0045264 ], [ -83.0047138, 40.0046213 ] ] ] } },
{ "type": "Feature", "properties": { "@id": "way/777674766", "amenity": null, "building": "house", "name": null, "shop": null, "GEOID": "39049001200" }, "geometry": { "type": "Polygon", "coordinates": [ [ [ -83.0048815, 40.004628 ], [ -83.0048498, 40.0046261 ], [ -83.0048504, 40.0046208 ], [ -83.0047774, 40.0046166 ], [ -83.00479, 40.0044892 ], [ -83.0048946, 40.0044952 ], [ -83.0048815, 40.004628 ] ] ] } },
{ "type": "Feature", "properties": { "@id": "way/777674767", "amenity": null, "building": "house", "name": null, "shop": null, "GEOID": "39049001200" }, "geometry": { "type": "Polygon", "coordinates": [ [ [ -83.0049301, 40.0046347 ], [ -83.0049371, 40.0045345 ], [ -83.0049678, 40.0045358 ], [ -83.0049698, 40.0045072 ], [ -83.0050482, 40.0045104 ], [ -83.0050463, 40.0045375 ], [ -83.0050547, 40.0045379 ], [ -83.0050479, 40.0046343 ], [ -83.0049748, 40.0046313 ], [ -83.0049744, 40.0046365 ], [ -83.0049301, 40.0046347 ] ] ] } },
{ "type": "Feature", "properties": { "@id": "way/777674768", "amenity": null, "building": "house", "name": null, "shop": null, "GEOID": "39049001200" }, "geometry": { "type": "Polygon", "coordinates": [ [ [ -83.0052116, 40.0046467 ], [ -83.005175, 40.0046455 ], [ -83.0051755, 40.0046368 ], [ -83.0051466, 40.0046359 ], [ -83.0051459, 40.0046478 ], [ -83.0051052, 40.0046464 ], [ -83.0051128, 40.0045125 ], [ -83.0051738, 40.0045145 ], [ -83.005172, 40.0045471 ], [ -83.0052172, 40.0045486 ], [ -83.0052116, 40.0046467 ] ] ] } },
{ "type": "Feature", "properties": { "@id": "way/777674972", "amenity": null, "building": "house", "name": null, "shop": null, "GEOID": "39049001000" }, "geometry": { "type": "Polygon", "coordinates": [ [ [ -83.0058364, 40.0070049 ], [ -83.0058454, 40.006864 ], [ -83.0057337, 40.0068599 ], [ -83.0057248, 40.0070007 ], [ -83.0058364, 40.0070049 ] ] ] } },
{ "type": "Feature", "properties": { "@id": "way/777674973", "amenity": null, "building": "house", "name": null, "shop": null, "GEOID": "39049001000" }, "geometry": { "type": "Polygon", "coordinates": [ [ [ -83.0056973, 40.0069988 ], [ -83.0057044, 40.0068751 ], [ -83.0057095, 40.0068753 ], [ -83.0057117, 40.0068373 ], [ -83.0055948, 40.0068334 ], [ -83.0055902, 40.0069134 ], [ -83.0055805, 40.0069211 ], [ -83.005579, 40.0069373 ], [ -83.0055871, 40.0069444 ], [ -83.0055842, 40.006995 ], [ -83.0056973, 40.0069988 ] ] ] } },
{ "type": "Feature", "properties": { "@id": "way/777677278", "amenity": null, "building": "house", "name": null, "shop": null, "GEOID": "39049001000" }, "geometry": { "type": "Polygon", "coordinates": [ [ [ -83.0026089, 40.0075146 ], [ -83.0025875, 40.0075139 ], [ -83.0025866, 40.0075209 ], [ -83.0024801, 40.0075158 ], [ -83.0024818, 40.0074387 ], [ -83.0025941, 40.007445 ], [ -83.0025957, 40.0074532 ], [ -83.0026131, 40.0074545 ], [ -83.0026089, 40.0075146 ] ] ] } },
{ "type": "Feature", "properties": { "@id": "way/777677279", "amenity": null, "building": "house", "name": null, "shop": null, "GEOID": "39049001000" }, "geometry": { "type": "Polygon", "coordinates": [ [ [ -83.0026195, 40.0074237 ], [ -83.0025941, 40.0074226 ], [ -83.0025941, 40.0074305 ], [ -83.0024863, 40.0074254 ], [ -83.0024857, 40.0074178 ], [ -83.0024662, 40.0074169 ], [ -83.0024659, 40.0073796 ], [ -83.0024873, 40.0073804 ], [ -83.0024885, 40.0073554 ], [ -83.0025998, 40.0073581 ], [ -83.002599, 40.0073654 ], [ -83.0026231, 40.0073662 ], [ -83.0026195, 40.0074237 ] ] ] } },
{ "type": "Feature", "properties": { "@id": "way/777677280", "amenity": null, "building": "house", "name": null, "shop": null, "GEOID": "39049001000" }, "geometry": { "type": "Polygon", "coordinates": [ [ [ -83.002628, 40.0073219 ], [ -83.0026051, 40.0073207 ], [ -83.0026045, 40.0073248 ], [ -83.0024945, 40.0073186 ], [ -83.002494, 40.0073282 ], [ -83.0024395, 40.0073248 ], [ -83.002446, 40.007218 ], [ -83.0024989, 40.0072197 ], [ -83.0024989, 40.0072285 ], [ -83.0026105, 40.0072339 ], [ -83.0026111, 40.0072401 ], [ -83.002633, 40.0072421 ], [ -83.002628, 40.0073219 ] ] ] } },
{ "type": "Feature", "properties": { "@id": "way/777677281", "amenity": null, "building": "house", "name": null, "shop": null, "GEOID": "39049001000" }, "geometry": { "type": "Polygon", "coordinates": [ [ [ -83.002635, 40.0072153 ], [ -83.0026108, 40.0072146 ], [ -83.0026104, 40.0072201 ], [ -83.0025041, 40.0072143 ], [ -83.0025027, 40.0071496 ], [ -83.0026137, 40.007154 ], [ -83.0026137, 40.007162 ], [ -83.0026369, 40.007162 ], [ -83.002635, 40.0072153 ] ] ] } },
{ "type": "Feature", "properties": { "@id": "way/777677282", "amenity": null, "building": "house", "name": null, "shop": null, "GEOID": "39049001000" }, "geometry": { "type": "Polygon", "coordinates": [ [ [ -83.0026431, 40.0071344 ], [ -83.0026194, 40.0071325 ], [ -83.0026179, 40.0071416 ], [ -83.0024942, 40.0071347 ], [ -83.0024966, 40.0070614 ], [ -83.0026232, 40.0070654 ], [ -83.0026232, 40.0070752 ], [ -83.0026459, 40.0070766 ], [ -83.0026431, 40.0071344 ] ] ] } },
{ "type": "Feature", "properties": { "@id": "way/777677283", "amenity": null, "building": "house", "name": null, "shop": null, "GEOID": "39049001000" }, "geometry": { "type": "Polygon", "coordinates": [ [ [ -83.0026412, 40.0070476 ], [ -83.0026241, 40.0070472 ], [ -83.0026236, 40.0070555 ], [ -83.0024866, 40.0070483 ], [ -83.0024861, 40.0070098 ], [ -83.0025146, 40.0070109 ], [ -83.0025146, 40.0069815 ], [ -83.0026246, 40.0069865 ], [ -83.0026246, 40.0069967 ], [ -83.0026426, 40.0069978 ], [ -83.0026412, 40.0070476 ] ] ] } },
{ "type": "Feature", "properties": { "@id": "way/777677284", "amenity": null, "building": "house", "name": null, "shop": null, "GEOID": "39049001000" }, "geometry": { "type": "Polygon", "coordinates": [ [ [ -83.002653, 40.0069092 ], [ -83.0026322, 40.0069085 ], [ -83.0026322, 40.0069037 ], [ -83.0025141, 40.0068968 ], [ -83.0025146, 40.0069016 ], [ -83.0024567, 40.0069005 ], [ -83.0024553, 40.0069633 ], [ -83.0025094, 40.0069648 ], [ -83.0025089, 40.0069687 ], [ -83.0026492, 40.0069749 ], [ -83.002653, 40.0069092 ] ] ] } },
{ "type": "Feature", "properties": { "@id": "way/777677285", "amenity": null, "building": "house", "name": null, "shop": null, "GEOID": "39049001000" }, "geometry": { "type": "Polygon", "coordinates": [ [ [ -83.0026605, 40.0068873 ], [ -83.0026634, 40.0068284 ], [ -83.0026393, 40.0068276 ], [ -83.0026397, 40.0068202 ], [ -83.0025179, 40.0068141 ], [ -83.0025164, 40.0068441 ], [ -83.0024938, 40.0068435 ], [ -83.0024924, 40.0068804 ], [ -83.0025136, 40.0068818 ], [ -83.0025132, 40.0068857 ], [ -83.0026336, 40.0068906 ], [ -83.0026332, 40.0068859 ], [ -83.0026605, 40.0068873 ] ] ] } },
{ "type": "Feature", "properties": { "@id": "way/777677286", "amenity": null, "building": "house", "name": null, "shop": null, "GEOID": "39049001000" }, "geometry": { "type": "Polygon", "coordinates": [ [ [ -83.0026729, 40.0067639 ], [ -83.0026444, 40.0067626 ], [ -83.0026432, 40.0067851 ], [ -83.0024843, 40.0067784 ], [ -83.0024847, 40.0067614 ], [ -83.0024632, 40.0067591 ], [ -83.0024649, 40.0067063 ], [ -83.002488, 40.0067073 ], [ -83.0024884, 40.0066811 ], [ -83.0025978, 40.0066861 ], [ -83.0025969, 40.0067076 ], [ -83.0026754, 40.0067101 ], [ -83.0026729, 40.0067639 ] ] ] } },
{ "type": "Feature", "properties": { "@id": "way/777677287", "amenity": null, "building": "house", "name": null, "shop": null, "GEOID": "39049001000" }, "geometry": { "type": "Polygon", "coordinates": [ [ [ -83.0031052, 40.0072973 ], [ -83.0029125, 40.0072858 ], [ -83.0029188, 40.0071986 ], [ -83.0031146, 40.0072077 ], [ -83.0031052, 40.0072973 ] ] ] } },
{ "type": "Feature", "properties": { "@id": "way/777677288", "amenity": null, "building": "house", "name": null, "shop": null, "GEOID": "39049001000" }, "geometry": { "type": "Polygon", "coordinates": [ [ [ -83.0031065, 40.0071952 ], [ -83.002945, 40.0071871 ], [ -83.0029457, 40.0071804 ], [ -83.0029231, 40.0071794 ], [ -83.0029281, 40.0070874 ], [ -83.0029544, 40.0070888 ], [ -83.0029544, 40.0070797 ], [ -83.0031146, 40.0070884 ], [ -83.0031065, 40.0071952 ] ] ] } },
{ "type": "Feature", "properties": { "@id": "way/777677289", "amenity": null, "building": "house", "name": null, "shop": null, "GEOID": "39049001000" }, "geometry": { "type": "Polygon", "coordinates": [ [ [ -83.0026824, 40.0065621 ], [ -83.0025567, 40.0065583 ], [ -83.0025567, 40.0065185 ], [ -83.0025323, 40.006518 ], [ -83.0025329, 40.0064792 ], [ -83.0025704, 40.0064802 ], [ -83.002571, 40.0064734 ], [ -83.0026736, 40.0064778 ], [ -83.0026724, 40.0065132 ], [ -83.0026855, 40.0065137 ], [ -83.0026824, 40.0065621 ] ] ] } },
{ "type": "Feature", "properties": { "@id": "way/777677290", "amenity": null, "building": "house", "name": null, "shop": null, "GEOID": "39049001000" }, "geometry": { "type": "Polygon", "coordinates": [ [ [ -83.0026774, 40.0066762 ], [ -83.0025285, 40.0066709 ], [ -83.0025295, 40.0066517 ], [ -83.0024972, 40.0066522 ], [ -83.0024972, 40.0065837 ], [ -83.0026962, 40.0065861 ], [ -83.0026938, 40.0066492 ], [ -83.0026775, 40.0066488 ], [ -83.0026774, 40.0066762 ] ] ] } },
{ "type": "Feature", "properties": { "@id": "way/778495078", "amenity": null, "building": "house", "name": null, "shop": null, "GEOID": "39049001200" }, "geometry": { "type": "Polygon", "coordinates": [ [ [ -83.0022367, 40.0030631 ], [ -83.0022424, 40.0029859 ], [ -83.0022367, 40.0029748 ], [ -83.0022385, 40.0029504 ], [ -83.0021179, 40.0029452 ], [ -83.0021163, 40.0029667 ], [ -83.0021046, 40.0029662 ], [ -83.0020979, 40.0030571 ], [ -83.0022367, 40.0030631 ] ] ] } },
{ "type": "Feature", "properties": { "@id": "way/778495079", "amenity": null, "building": "house", "name": null, "shop": null, "GEOID": "39049001200" }, "geometry": { "type": "Polygon", "coordinates": [ [ [ -83.0023886, 40.003039 ], [ -83.0023909, 40.0030115 ], [ -83.0023748, 40.0029988 ], [ -83.0023764, 40.0029771 ], [ -83.0022579, 40.0029717 ], [ -83.0022561, 40.0029949 ], [ -83.0022439, 40.0030043 ], [ -83.0022344, 40.0031237 ], [ -83.0022632, 40.0031251 ], [ -83.0022648, 40.0031052 ], [ -83.0023265, 40.0031081 ], [ -83.0023271, 40.0031005 ], [ -83.002362, 40.0031021 ], [ -83.0023653, 40.0030594 ], [ -83.0023886, 40.003039 ] ] ] } },
{ "type": "Feature", "properties": { "@id": "way/778495080", "amenity": null, "building": "house", "name": null, "shop": null, "GEOID": "39049001200" }, "geometry": { "type": "Polygon", "coordinates": [ [ [ -83.0020692, 40.0030955 ], [ -83.0020804, 40.0029587 ], [ -83.0019586, 40.0029529 ], [ -83.0019475, 40.0030897 ], [ -83.0020692, 40.0030955 ] ] ] } },
{ "type": "Feature", "properties": { "@id": "way/778501202", "amenity": null, "building": "house", "name": null, "shop": null, "GEOID": "39049001700" }, "geometry": { "type": "Polygon", "coordinates": [ [ [ -83.0027469, 39.9930475 ], [ -83.0027439, 39.9931145 ], [ -83.0029136, 39.9931189 ], [ -83.0029165, 39.9930519 ], [ -83.0027469, 39.9930475 ] ] ] } },
{ "type": "Feature", "properties": { "@id": "way/778501203", "amenity": null, "building": "house", "name": null, "shop": null, "GEOID": "39049001700" }, "geometry": { "type": "Polygon", "coordinates": [ [ [ -83.0028955, 39.9929648 ], [ -83.0027914, 39.9929616 ], [ -83.0027899, 39.9929902 ], [ -83.0027742, 39.9929898 ], [ -83.0027725, 39.9930228 ], [ -83.0028916, 39.9930265 ], [ -83.0028918, 39.9930226 ], [ -83.0029107, 39.9930232 ], [ -83.0029133, 39.9929743 ], [ -83.002895, 39.9929737 ], [ -83.0028955, 39.9929648 ] ] ] } },
{ "type": "Feature", "properties": { "@id": "way/778501204", "amenity": null, "building": "house", "name": null, "shop": null, "GEOID": "39049001700" }, "geometry": { "type": "Polygon", "coordinates": [ [ [ -83.0029209, 39.9929389 ], [ -83.0029221, 39.9928844 ], [ -83.0028956, 39.992884 ], [ -83.0028958, 39.9928756 ], [ -83.002782, 39.9928741 ], [ -83.0027818, 39.9928803 ], [ -83.0027563, 39.9928799 ], [ -83.0027556, 39.9929129 ], [ -83.00278, 39.9929133 ], [ -83.0027794, 39.9929401 ], [ -83.0028962, 39.9929422 ], [ -83.0028969, 39.9929386 ], [ -83.0029209, 39.9929389 ] ] ] } },
{ "type": "Feature", "properties": { "@id": "way/778501206", "amenity": null, "building": "house", "name": null, "shop": null, "GEOID": "39049001700" }, "geometry": { "type": "Polygon", "coordinates": [ [ [ -83.0028973, 39.992776 ], [ -83.0026614, 39.9927662 ], [ -83.0026604, 39.9927796 ], [ -83.0026472, 39.992779 ], [ -83.0026431, 39.992838 ], [ -83.0026555, 39.9928385 ], [ -83.002655, 39.9928448 ], [ -83.002914, 39.9928556 ], [ -83.0029183, 39.9927946 ], [ -83.002896, 39.9927937 ], [ -83.0028973, 39.992776 ] ] ] } },
{ "type": "Feature", "properties": { "@id": "way/778501207", "amenity": null, "building": "house", "name": null, "shop": null, "GEOID": "39049001700" }, "geometry": { "type": "Polygon", "coordinates": [ [ [ -83.0026644, 39.9927556 ], [ -83.0026691, 39.992674 ], [ -83.0029064, 39.9926821 ], [ -83.0029017, 39.9927636 ], [ -83.0026644, 39.9927556 ] ] ] } },
{ "type": "Feature", "properties": { "@id": "way/778501208", "amenity": null, "building": "house", "name": null, "shop": null, "GEOID": "39049001700" }, "geometry": { "type": "Polygon", "coordinates": [ [ [ -83.0029024, 39.9925847 ], [ -83.0027396, 39.9925814 ], [ -83.0027394, 39.9925875 ], [ -83.002725, 39.9925872 ], [ -83.0027242, 39.99261 ], [ -83.0027361, 39.9926102 ], [ -83.0027351, 39.9926373 ], [ -83.0027183, 39.992637 ], [ -83.0027172, 39.9926674 ], [ -83.0028982, 39.9926712 ], [ -83.0029017, 39.9926685 ], [ -83.0029222, 39.9926689 ], [ -83.0029249, 39.9925921 ], [ -83.0029022, 39.9925916 ], [ -83.0029024, 39.9925847 ] ] ] } },
{ "type": "Feature", "properties": { "@id": "way/778501210", "amenity": null, "building": "house", "name": null, "shop": null, "GEOID": "39049001700" }, "geometry": { "type": "Polygon", "coordinates": [ [ [ -83.0029087, 39.9924987 ], [ -83.0027864, 39.9924943 ], [ -83.0027815, 39.9925751 ], [ -83.0029022, 39.9925794 ], [ -83.0029025, 39.9925755 ], [ -83.0029303, 39.9925765 ], [ -83.0029344, 39.9925079 ], [ -83.0029082, 39.992507 ], [ -83.0029087, 39.9924987 ] ] ] } },
{ "type": "Feature", "properties": { "@id": "way/778501211", "amenity": null, "building": "house", "name": null, "shop": null, "GEOID": "39049001700" }, "geometry": { "type": "Polygon", "coordinates": [ [ [ -83.0029402, 39.9924139 ], [ -83.0029143, 39.992413 ], [ -83.0029146, 39.9924081 ], [ -83.0027588, 39.9924028 ], [ -83.0027551, 39.9924672 ], [ -83.0029368, 39.9924733 ], [ -83.0029402, 39.9924139 ] ] ] } },
{ "type": "Feature", "properties": { "@id": "way/778501214", "amenity": null, "building": "house", "name": null, "shop": null, "GEOID": "39049001700" }, "geometry": { "type": "Polygon", "coordinates": [ [ [ -83.002011, 39.9927368 ], [ -83.001877, 39.9927324 ], [ -83.0018764, 39.9927424 ], [ -83.0018496, 39.9927415 ], [ -83.0018456, 39.9928134 ], [ -83.0018701, 39.9928142 ], [ -83.0018698, 39.9928202 ], [ -83.0020061, 39.9928247 ], [ -83.002011, 39.9927368 ] ] ] } },
{ "type": "Feature", "properties": { "@id": "way/778501215", "amenity": null, "building": "house", "name": null, "shop": null, "GEOID": "39049001700" }, "geometry": { "type": "Polygon", "coordinates": [ [ [ -83.0018704, 39.9928271 ], [ -83.0018685, 39.9928693 ], [ -83.0018482, 39.9928687 ], [ -83.0018465, 39.9929041 ], [ -83.0020182, 39.9929096 ], [ -83.002021, 39.9928484 ], [ -83.001979, 39.9928473 ], [ -83.0019797, 39.9928299 ], [ -83.0018704, 39.9928271 ] ] ] } },
{ "type": "Feature", "properties": { "@id": "way/778501216", "amenity": null, "building": "house", "name": null, "shop": null, "GEOID": "39049001700" }, "geometry": { "type": "Polygon", "coordinates": [ [ [ -83.0020011, 39.9929938 ], [ -83.0020035, 39.9929423 ], [ -83.0019822, 39.9929417 ], [ -83.0019835, 39.9929135 ], [ -83.0018663, 39.9929102 ], [ -83.0018658, 39.9929206 ], [ -83.001844, 39.99292 ], [ -83.001841, 39.9929838 ], [ -83.0018635, 39.9929844 ], [ -83.0018632, 39.99299 ], [ -83.0020011, 39.9929938 ] ] ] } },
{ "type": "Feature", "properties": { "@id": "way/778501217", "amenity": null, "building": "house", "name": null, "shop": null, "GEOID": "39049001700" }, "geometry": { "type": "Polygon", "coordinates": [ [ [ -83.0019927, 39.9930198 ], [ -83.0019409, 39.9930186 ], [ -83.001941, 39.9930148 ], [ -83.0019026, 39.9930139 ], [ -83.0019025, 39.9930175 ], [ -83.0018659, 39.9930167 ], [ -83.0018657, 39.9930233 ], [ -83.0018384, 39.9930227 ], [ -83.001836, 39.9930868 ], [ -83.0018553, 39.9930872 ], [ -83.0018551, 39.9930907 ], [ -83.0019905, 39.9930938 ], [ -83.0019914, 39.9930707 ], [ -83.0020123, 39.9930712 ], [ -83.0020126, 39.9930643 ], [ -83.002056, 39.9930653 ], [ -83.0020574, 39.9930291 ], [ -83.0019924, 39.9930276 ], [ -83.0019927, 39.9930198 ] ] ] } },
{ "type": "Feature", "properties": { "@id": "way/778501218", "amenity": null, "building": "house", "name": null, "shop": null, "GEOID": "39049001700" }, "geometry": { "type": "Polygon", "coordinates": [ [ [ -83.0018638, 39.9931004 ], [ -83.0018635, 39.9931046 ], [ -83.0018356, 39.9931034 ], [ -83.0018329, 39.99314 ], [ -83.0018579, 39.9931411 ], [ -83.0018557, 39.9931709 ], [ -83.0019625, 39.9931755 ], [ -83.0019642, 39.9931532 ], [ -83.0019884, 39.9931543 ], [ -83.001992, 39.993106 ], [ -83.0018638, 39.9931004 ] ] ] } },
{ "type": "Feature", "properties": { "@id": "way/778501220", "amenity": null, "building": "house", "name": null, "shop": null, "GEOID": "39049001700" }, "geometry": { "type": "Polygon", "coordinates": [ [ [ -83.0023176, 39.9932752 ], [ -83.0023208, 39.9932156 ], [ -83.0023043, 39.9932151 ], [ -83.0023055, 39.9931924 ], [ -83.0022084, 39.9931893 ], [ -83.0022059, 39.9932353 ], [ -83.0021842, 39.9932346 ], [ -83.0021822, 39.9932709 ], [ -83.0023176, 39.9932752 ] ] ] } },
{ "type": "Feature", "properties": { "@id": "way/779277465", "amenity": null, "building": "house", "name": null, "shop": null, "GEOID": "39049001000" }, "geometry": { "type": "Polygon", "coordinates": [ [ [ -83.0078409, 40.0097987 ], [ -83.0078472, 40.0097169 ], [ -83.0077334, 40.0097117 ], [ -83.0077271, 40.0097935 ], [ -83.0078409, 40.0097987 ] ] ] } },
{ "type": "Feature", "properties": { "@id": "way/779277466", "amenity": null, "building": "house", "name": null, "shop": null, "GEOID": "39049001000" }, "geometry": { "type": "Polygon", "coordinates": [ [ [ -83.0079687, 40.0098067 ], [ -83.0079737, 40.009718 ], [ -83.0079692, 40.0097178 ], [ -83.007971, 40.0096841 ], [ -83.0078628, 40.0096806 ], [ -83.0078608, 40.009716 ], [ -83.0078647, 40.0097162 ], [ -83.0078589, 40.0098195 ], [ -83.0079568, 40.0098228 ], [ -83.0079577, 40.0098064 ], [ -83.0079687, 40.0098067 ] ] ] } },
{ "type": "Feature", "properties": { "@id": "way/779277468", "amenity": null, "building": "house", "name": null, "shop": null, "GEOID": "39049001000" }, "geometry": { "type": "Polygon", "coordinates": [ [ [ -83.0082634, 40.0098187 ], [ -83.008272, 40.0096965 ], [ -83.0081613, 40.0096919 ], [ -83.0081546, 40.0097874 ], [ -83.0081985, 40.0097892 ], [ -83.0081966, 40.0098159 ], [ -83.0082634, 40.0098187 ] ] ] } },
{ "type": "Feature", "properties": { "@id": "way/779277469", "amenity": null, "building": "house", "name": null, "shop": null, "GEOID": "39049001000" }, "geometry": { "type": "Polygon", "coordinates": [ [ [ -83.0083799, 40.0098408 ], [ -83.00839, 40.0097102 ], [ -83.0082764, 40.009705 ], [ -83.0082663, 40.0098356 ], [ -83.0083799, 40.0098408 ] ] ] } },
{ "type": "Feature", "properties": { "@id": "way/779277470", "amenity": null, "building": "house", "name": null, "shop": null, "GEOID": "39049001000" }, "geometry": { "type": "Polygon", "coordinates": [ [ [ -83.0085163, 40.0098221 ], [ -83.0084823, 40.0097022 ], [ -83.0083945, 40.0097168 ], [ -83.0083911, 40.009759 ], [ -83.0084138, 40.0098391 ], [ -83.0085163, 40.0098221 ] ] ] } },
{ "type": "Feature", "properties": { "@id": "way/779278005", "amenity": null, "building": "house", "name": null, "shop": null, "GEOID": "39049001000" }, "geometry": { "type": "Polygon", "coordinates": [ [ [ -83.0078161, 40.0101863 ], [ -83.0077133, 40.0101832 ], [ -83.0077146, 40.010159 ], [ -83.0077094, 40.0101589 ], [ -83.0077154, 40.0100422 ], [ -83.0078286, 40.0100456 ], [ -83.0078274, 40.0100691 ], [ -83.0078326, 40.0100692 ], [ -83.0078278, 40.0101638 ], [ -83.0078173, 40.0101635 ], [ -83.0078161, 40.0101863 ] ] ] } },
{ "type": "Feature", "properties": { "@id": "way/779278006", "amenity": null, "building": "house", "name": null, "shop": null, "GEOID": "39049001000" }, "geometry": { "type": "Polygon", "coordinates": [ [ [ -83.007607, 40.010175 ], [ -83.0074899, 40.0101695 ], [ -83.0075005, 40.0100377 ], [ -83.0075062, 40.010038 ], [ -83.0075079, 40.0100163 ], [ -83.0076118, 40.0100212 ], [ -83.0076101, 40.010042 ], [ -83.0076177, 40.0100424 ], [ -83.007607, 40.010175 ] ] ] } },
{ "type": "Feature", "properties": { "@id": "way/779278007", "amenity": null, "building": "house", "name": null, "shop": null, "GEOID": "39049001000" }, "geometry": { "type": "Polygon", "coordinates": [ [ [ -83.007438, 40.0102028 ], [ -83.0073385, 40.0101989 ], [ -83.0073495, 40.0100297 ], [ -83.0074491, 40.0100335 ], [ -83.007438, 40.0102028 ] ] ] } },
{ "type": "Feature", "properties": { "@id": "way/779278008", "amenity": null, "building": "house", "name": null, "shop": null, "GEOID": "39049001000" }, "geometry": { "type": "Polygon", "coordinates": [ [ [ -83.0073201, 40.0101542 ], [ -83.0072049, 40.0101499 ], [ -83.0072138, 40.0100079 ], [ -83.007329, 40.0100121 ], [ -83.0073201, 40.0101542 ] ] ] } },
{ "type": "Feature", "properties": { "@id": "way/779278009", "amenity": null, "building": "house", "name": null, "shop": null, "GEOID": "39049001000" }, "geometry": { "type": "Polygon", "coordinates": [ [ [ -83.0071789, 40.0101484 ], [ -83.0070659, 40.0101443 ], [ -83.0070734, 40.0100218 ], [ -83.0071863, 40.0100259 ], [ -83.0071789, 40.0101484 ] ] ] } },
{ "type": "Feature", "properties": { "@id": "way/779278010", "amenity": null, "building": "house", "name": null, "shop": null, "GEOID": "39049001000" }, "geometry": { "type": "Polygon", "coordinates": [ [ [ -83.0070385, 40.010171 ], [ -83.0069313, 40.0101665 ], [ -83.0069364, 40.010094 ], [ -83.006981, 40.0100959 ], [ -83.0069825, 40.010074 ], [ -83.0069341, 40.010072 ], [ -83.0069398, 40.0099922 ], [ -83.0070438, 40.0099965 ], [ -83.0070423, 40.0100181 ], [ -83.0070493, 40.0100184 ], [ -83.0070385, 40.010171 ] ] ] } },
{ "type": "Feature", "properties": { "@id": "way/779278011", "amenity": null, "building": "house", "name": null, "shop": null, "GEOID": "39049001000" }, "geometry": { "type": "Polygon", "coordinates": [ [ [ -83.0069004, 40.0102085 ], [ -83.0069109, 40.0099924 ], [ -83.0068483, 40.0099906 ], [ -83.0068436, 40.0100859 ], [ -83.0068068, 40.0100848 ], [ -83.0068044, 40.0101334 ], [ -83.0068378, 40.0101343 ], [ -83.0068343, 40.0102066 ], [ -83.0069004, 40.0102085 ] ] ] } },
{ "type": "Feature", "properties": { "@id": "way/779278012", "amenity": null, "building": "house", "name": null, "shop": null, "GEOID": "39049001000" }, "geometry": { "type": "Polygon", "coordinates": [ [ [ -83.0067548, 40.0101322 ], [ -83.0067034, 40.0101304 ], [ -83.0067023, 40.0101501 ], [ -83.006637, 40.0101478 ], [ -83.0066471, 40.0099803 ], [ -83.0067311, 40.0099833 ], [ -83.0067298, 40.0100055 ], [ -83.0067623, 40.0100066 ], [ -83.0067548, 40.0101322 ] ] ] } },
{ "type": "Feature", "properties": { "@id": "way/779278013", "amenity": null, "building": "house", "name": null, "shop": null, "GEOID": "39049001000" }, "geometry": { "type": "Polygon", "coordinates": [ [ [ -83.0067292, 40.009772 ], [ -83.0066576, 40.0097681 ], [ -83.0066597, 40.0097458 ], [ -83.0066487, 40.0097452 ], [ -83.0066582, 40.0096431 ], [ -83.0067541, 40.0096483 ], [ -83.0067442, 40.0097563 ], [ -83.0067307, 40.0097555 ], [ -83.0067292, 40.009772 ] ] ] } },
{ "type": "Feature", "properties": { "@id": "way/779278014", "amenity": null, "building": "house", "name": null, "shop": null, "GEOID": "39049001000" }, "geometry": { "type": "Polygon", "coordinates": [ [ [ -83.0068263, 40.0097549 ], [ -83.006833, 40.0096384 ], [ -83.0068787, 40.00964 ], [ -83.00688, 40.0096178 ], [ -83.0069308, 40.0096195 ], [ -83.0069295, 40.0096422 ], [ -83.0069472, 40.0096428 ], [ -83.0069405, 40.0097588 ], [ -83.0068263, 40.0097549 ] ] ] } },
{ "type": "Feature", "properties": { "@id": "way/779278015", "amenity": null, "building": "house", "name": null, "shop": null, "GEOID": "39049001000" }, "geometry": { "type": "Polygon", "coordinates": [ [ [ -83.007068, 40.0097694 ], [ -83.0069741, 40.0097661 ], [ -83.0069798, 40.00967 ], [ -83.0070738, 40.0096732 ], [ -83.007068, 40.0097694 ] ] ] } },
{ "type": "Feature", "properties": { "@id": "way/779278016", "amenity": null, "building": "house", "name": null, "shop": null, "GEOID": "39049001000" }, "geometry": { "type": "Polygon", "coordinates": [ [ [ -83.0072094, 40.0097968 ], [ -83.0072201, 40.0096516 ], [ -83.0071826, 40.0096499 ], [ -83.0071835, 40.0096375 ], [ -83.0071052, 40.0096342 ], [ -83.0070936, 40.0097918 ], [ -83.0072094, 40.0097968 ] ] ] } },
{ "type": "Feature", "properties": { "@id": "way/779278017", "amenity": null, "building": "house", "name": null, "shop": null, "GEOID": "39049001000" }, "geometry": { "type": "Polygon", "coordinates": [ [ [ -83.0073639, 40.0096503 ], [ -83.0072395, 40.0096457 ], [ -83.0072301, 40.0097965 ], [ -83.0073545, 40.009801 ], [ -83.0073639, 40.0096503 ] ] ] } },
{ "type": "Feature", "properties": { "@id": "way/779278018", "amenity": null, "building": "house", "name": null, "shop": null, "GEOID": "39049001000" }, "geometry": { "type": "Polygon", "coordinates": [ [ [ -83.0074981, 40.0097898 ], [ -83.0073861, 40.0097875 ], [ -83.0073914, 40.0096331 ], [ -83.0074294, 40.0096339 ], [ -83.0074288, 40.0096523 ], [ -83.0075028, 40.0096538 ], [ -83.0074981, 40.0097898 ] ] ] } },
{ "type": "Feature", "properties": { "@id": "way/779278019", "amenity": null, "building": "house", "name": null, "shop": null, "GEOID": "39049001000" }, "geometry": { "type": "Polygon", "coordinates": [ [ [ -83.007629, 40.0098137 ], [ -83.0076351, 40.0096901 ], [ -83.0075228, 40.0096868 ], [ -83.0075167, 40.0098104 ], [ -83.007629, 40.0098137 ] ] ] } },
{ "type": "Feature", "properties": { "@id": "way/779278020", "amenity": null, "building": "house", "name": null, "shop": null, "GEOID": "39049001000" }, "geometry": { "type": "Polygon", "coordinates": [ [ [ -83.0081072, 40.0098308 ], [ -83.0080046, 40.0098278 ], [ -83.0080057, 40.009806 ], [ -83.0079993, 40.0098058 ], [ -83.0080068, 40.0096539 ], [ -83.008124, 40.0096574 ], [ -83.0081162, 40.0098137 ], [ -83.0081081, 40.0098135 ], [ -83.0081072, 40.0098308 ] ] ] } },
{ "type": "Feature", "properties": { "@id": "way/779278022", "amenity": null, "building": "house", "name": null, "shop": null, "GEOID": "39049001000" }, "geometry": { "type": "Polygon", "coordinates": [ [ [ -83.0079667, 40.0101683 ], [ -83.0079286, 40.0101668 ], [ -83.0079274, 40.0101847 ], [ -83.0078609, 40.0101821 ], [ -83.0078688, 40.0100638 ], [ -83.0078799, 40.0100642 ], [ -83.0078808, 40.0100514 ], [ -83.0079651, 40.0100546 ], [ -83.0079639, 40.0100726 ], [ -83.0079731, 40.010073 ], [ -83.0079667, 40.0101683 ] ] ] } },
{ "type": "Feature", "properties": { "@id": "way/779278027", "amenity": null, "building": "house", "name": null, "shop": null, "GEOID": "39049001000" }, "geometry": { "type": "Polygon", "coordinates": [ [ [ -83.0024712, 40.0096024 ], [ -83.002477, 40.0095319 ], [ -83.0023953, 40.0095279 ], [ -83.0023935, 40.0095506 ], [ -83.0022892, 40.0095455 ], [ -83.0022847, 40.0095986 ], [ -83.0024428, 40.0096063 ], [ -83.0024432, 40.009601 ], [ -83.0024712, 40.0096024 ] ] ] } },
{ "type": "Feature", "properties": { "@id": "way/779278028", "amenity": null, "building": "house", "name": null, "shop": null, "GEOID": "39049001000" }, "geometry": { "type": "Polygon", "coordinates": [ [ [ -83.0024601, 40.0096979 ], [ -83.0024636, 40.0096437 ], [ -83.0024402, 40.0096428 ], [ -83.0024406, 40.0096361 ], [ -83.0023066, 40.009631 ], [ -83.0023042, 40.0096684 ], [ -83.0022813, 40.0096675 ], [ -83.0022795, 40.0096952 ], [ -83.0022997, 40.009696 ], [ -83.0022993, 40.0097019 ], [ -83.0024389, 40.0097072 ], [ -83.0024396, 40.0096971 ], [ -83.0024601, 40.0096979 ] ] ] } },
{ "type": "Feature", "properties": { "@id": "way/779278029", "amenity": null, "building": "house", "name": null, "shop": null, "GEOID": "39049001000" }, "geometry": { "type": "Polygon", "coordinates": [ [ [ -83.0024609, 40.0098054 ], [ -83.0024644, 40.0097304 ], [ -83.0023125, 40.0097263 ], [ -83.0023123, 40.0097315 ], [ -83.0022934, 40.009731 ], [ -83.0022902, 40.0098008 ], [ -83.0024609, 40.0098054 ] ] ] } },
{ "type": "Feature", "properties": { "@id": "way/779278030", "amenity": null, "building": "house", "name": null, "shop": null, "GEOID": "39049001000" }, "geometry": { "type": "Polygon", "coordinates": [ [ [ -83.0024488, 40.0099039 ], [ -83.0024539, 40.0098157 ], [ -83.0022485, 40.0098088 ], [ -83.0022475, 40.0098267 ], [ -83.002265, 40.0098273 ], [ -83.002261, 40.0098975 ], [ -83.0024488, 40.0099039 ] ] ] } },
{ "type": "Feature", "properties": { "@id": "way/779278031", "amenity": null, "building": "house", "name": null, "shop": null, "GEOID": "39049001000" }, "geometry": { "type": "Polygon", "coordinates": [ [ [ -83.00246, 40.0099954 ], [ -83.0024643, 40.0099215 ], [ -83.0023687, 40.0099182 ], [ -83.002361, 40.0099149 ], [ -83.0023389, 40.0099134 ], [ -83.0023338, 40.0099159 ], [ -83.0023126, 40.0099152 ], [ -83.0023106, 40.0099501 ], [ -83.0022864, 40.0099493 ], [ -83.0022833, 40.0100019 ], [ -83.0024344, 40.0100071 ], [ -83.0024351, 40.0099946 ], [ -83.00246, 40.0099954 ] ] ] } },
{ "type": "Feature", "properties": { "@id": "way/779278519", "amenity": null, "building": "house", "name": null, "shop": null, "GEOID": "39049001200" }, "geometry": { "type": "Polygon", "coordinates": [ [ [ -83.0031747, 40.001268 ], [ -83.0031069, 40.0012645 ], [ -83.0031112, 40.0012156 ], [ -83.0030863, 40.0012143 ], [ -83.0030859, 40.0012185 ], [ -83.0030229, 40.0012152 ], [ -83.0030317, 40.0011163 ], [ -83.0030804, 40.0011189 ], [ -83.0030828, 40.0010916 ], [ -83.0031423, 40.0010947 ], [ -83.0031396, 40.0011246 ], [ -83.0031871, 40.0011271 ], [ -83.0031747, 40.001268 ] ] ] } },
{ "type": "Feature", "properties": { "@id": "way/779278520", "amenity": null, "building": "house", "name": null, "shop": null, "GEOID": "39049001300" }, "geometry": { "type": "Polygon", "coordinates": [ [ [ -83.0034905, 40.0007918 ], [ -83.0033695, 40.000782 ], [ -83.0033811, 40.0006505 ], [ -83.0034261, 40.0006542 ], [ -83.0034271, 40.0006705 ], [ -83.0034956, 40.0006726 ], [ -83.0034905, 40.0007918 ] ] ] } },
{ "type": "Feature", "properties": { "@id": "way/779278521", "amenity": null, "building": "house", "name": null, "shop": null, "GEOID": "39049001300" }, "geometry": { "type": "Polygon", "coordinates": [ [ [ -83.0033569, 40.0007791 ], [ -83.0032528, 40.0007733 ], [ -83.0032575, 40.0006722 ], [ -83.0032677, 40.0006702 ], [ -83.0032708, 40.0006533 ], [ -83.0033337, 40.0006561 ], [ -83.0033335, 40.0006717 ], [ -83.0033678, 40.0006729 ], [ -83.0033569, 40.0007791 ] ] ] } },
{ "type": "Feature", "properties": { "@id": "way/779278522", "amenity": null, "building": "house", "name": null, "shop": null, "GEOID": "39049001300" }, "geometry": { "type": "Polygon", "coordinates": [ [ [ -83.0032343, 40.0007739 ], [ -83.0031268, 40.0007743 ], [ -83.0031261, 40.0006576 ], [ -83.0032345, 40.0006572 ], [ -83.0032348, 40.0007038 ], [ -83.0032389, 40.0007038 ], [ -83.0032391, 40.0007353 ], [ -83.0032341, 40.0007353 ], [ -83.0032343, 40.0007739 ] ] ] } },
{ "type": "Feature", "properties": { "@id": "way/779278539", "amenity": null, "building": "house", "name": null, "shop": null, "GEOID": "39049001300" }, "geometry": { "type": "Polygon", "coordinates": [ [ [ -82.999504, 40.0007851 ], [ -82.9995147, 40.0006508 ], [ -82.9995069, 40.0006504 ], [ -82.9995086, 40.0006287 ], [ -82.9994051, 40.0006239 ], [ -82.9994031, 40.0006496 ], [ -82.9993966, 40.0006493 ], [ -82.9993862, 40.0007796 ], [ -82.999504, 40.0007851 ] ] ] } },
{ "type": "Feature", "properties": { "@id": "way/779278540", "amenity": null, "building": "house", "name": null, "shop": null, "GEOID": "39049001300" }, "geometry": { "type": "Polygon", "coordinates": [ [ [ -82.9996785, 40.0007045 ], [ -82.9996814, 40.0006634 ], [ -82.9996489, 40.000662 ], [ -82.9996501, 40.0006455 ], [ -82.9996086, 40.0006437 ], [ -82.9995636, 40.0006418 ], [ -82.9995564, 40.0007411 ], [ -82.9996428, 40.0007448 ], [ -82.9996458, 40.0007031 ], [ -82.9996785, 40.0007045 ] ] ] } },
{ "type": "Feature", "properties": { "@id": "way/779278541", "amenity": null, "building": "house", "name": null, "shop": null, "GEOID": "39049001300" }, "geometry": { "type": "Polygon", "coordinates": [ [ [ -82.9995294, 40.0003726 ], [ -82.9995376, 40.0002395 ], [ -82.999534, 40.0002394 ], [ -82.9995351, 40.0002205 ], [ -82.9994321, 40.0002168 ], [ -82.999431, 40.0002358 ], [ -82.9994253, 40.0002356 ], [ -82.9994171, 40.0003686 ], [ -82.9995294, 40.0003726 ] ] ] } },
{ "type": "Feature", "properties": { "@id": "way/779278543", "amenity": null, "building": "house", "name": null, "shop": null, "GEOID": "39049001300" }, "geometry": { "type": "Polygon", "coordinates": [ [ [ -82.9998997, 40.000381 ], [ -82.999905, 40.0002852 ], [ -82.9998376, 40.000283 ], [ -82.9998384, 40.0002682 ], [ -82.9998108, 40.0002673 ], [ -82.9998101, 40.0002799 ], [ -82.9997992, 40.0002796 ], [ -82.9997937, 40.0003775 ], [ -82.9998997, 40.000381 ] ] ] } },
{ "type": "Feature", "properties": { "@id": "way/780482014", "amenity": null, "building": "house", "name": null, "shop": null, "GEOID": "39049001200" }, "geometry": { "type": "Polygon", "coordinates": [ [ [ -82.9973211, 40.0054101 ], [ -82.9972728, 40.0054084 ], [ -82.9972739, 40.0053902 ], [ -82.9972376, 40.005389 ], [ -82.9972426, 40.0053026 ], [ -82.9973345, 40.0053057 ], [ -82.9973294, 40.0053941 ], [ -82.9973221, 40.0053938 ], [ -82.9973211, 40.0054101 ] ] ] } },
{ "type": "Feature", "properties": { "@id": "way/780483547", "amenity": null, "building": "house", "name": null, "shop": null, "GEOID": "39049001000" }, "geometry": { "type": "Polygon", "coordinates": [ [ [ -82.9971328, 40.0091712 ], [ -82.9971264, 40.0092714 ], [ -82.9970439, 40.0092682 ], [ -82.9970504, 40.0091681 ], [ -82.9971328, 40.0091712 ] ] ] } },
{ "type": "Feature", "properties": { "@id": "way/780483548", "amenity": null, "building": "house", "name": null, "shop": null, "GEOID": "39049001000" }, "geometry": { "type": "Polygon", "coordinates": [ [ [ -82.9970254, 40.0092693 ], [ -82.9969322, 40.0092647 ], [ -82.996941, 40.0091611 ], [ -82.9970342, 40.0091658 ], [ -82.9970254, 40.0092693 ] ] ] } },
{ "type": "Feature", "properties": { "@id": "way/780483549", "amenity": null, "building": "house", "name": null, "shop": null, "GEOID": "39049001000" }, "geometry": { "type": "Polygon", "coordinates": [ [ [ -82.9969242, 40.0092063 ], [ -82.9968956, 40.0092058 ], [ -82.9968941, 40.0092487 ], [ -82.9968086, 40.0092471 ], [ -82.9968115, 40.0091617 ], [ -82.9968188, 40.0091618 ], [ -82.9968192, 40.0091501 ], [ -82.9969146, 40.009152 ], [ -82.9969142, 40.0091636 ], [ -82.9969256, 40.0091638 ], [ -82.9969242, 40.0092063 ] ] ] } },
{ "type": "Feature", "properties": { "@id": "way/780483550", "amenity": null, "building": "house", "name": null, "shop": null, "GEOID": "39049001000" }, "geometry": { "type": "Polygon", "coordinates": [ [ [ -82.9967991, 40.0092725 ], [ -82.996694, 40.0092685 ], [ -82.9967037, 40.009125 ], [ -82.9968081, 40.009127 ], [ -82.9967991, 40.0092725 ] ] ] } },
{ "type": "Feature", "properties": { "@id": "way/780483551", "amenity": null, "building": "house", "name": null, "shop": null, "GEOID": "39049001000" }, "geometry": { "type": "Polygon", "coordinates": [ [ [ -82.9966799, 40.0092647 ], [ -82.9965759, 40.009261 ], [ -82.9965846, 40.0091165 ], [ -82.9966885, 40.0091201 ], [ -82.9966799, 40.0092647 ] ] ] } },
{ "type": "Feature", "properties": { "@id": "way/780483552", "amenity": null, "building": "house", "name": null, "shop": null, "GEOID": "39049001000" }, "geometry": { "type": "Polygon", "coordinates": [ [ [ -82.9965473, 40.0092218 ], [ -82.9965298, 40.0092211 ], [ -82.9965286, 40.0092375 ], [ -82.9964733, 40.0092352 ], [ -82.9964746, 40.0092176 ], [ -82.9964577, 40.0092169 ], [ -82.996464, 40.0091311 ], [ -82.9965537, 40.0091349 ], [ -82.9965473, 40.0092218 ] ] ] } },
{ "type": "Feature", "properties": { "@id": "way/780483553", "amenity": null, "building": "house", "name": null, "shop": null, "GEOID": "39049001000" }, "geometry": { "type": "Polygon", "coordinates": [ [ [ -82.9964314, 40.0093156 ], [ -82.9964273, 40.0093985 ], [ -82.9963255, 40.0093956 ], [ -82.9963278, 40.0093486 ], [ -82.9963548, 40.0093493 ], [ -82.9963563, 40.0093187 ], [ -82.9963817, 40.0093194 ], [ -82.9963819, 40.0093142 ], [ -82.9964314, 40.0093156 ] ] ] } },
{ "type": "Feature", "properties": { "@id": "way/780483555", "amenity": null, "building": "house", "name": null, "shop": null, "GEOID": "39049001000" }, "geometry": { "type": "Polygon", "coordinates": [ [ [ -82.99686, 40.0087532 ], [ -82.9968573, 40.0087956 ], [ -82.9968509, 40.0087954 ], [ -82.9968478, 40.0088451 ], [ -82.9968671, 40.0088459 ], [ -82.9968644, 40.0088871 ], [ -82.9969274, 40.0088895 ], [ -82.99693, 40.0088499 ], [ -82.9969636, 40.0088512 ], [ -82.9969669, 40.0087994 ], [ -82.9969621, 40.0087992 ], [ -82.9969648, 40.0087572 ], [ -82.99686, 40.0087532 ] ] ] } },
{ "type": "Feature", "properties": { "@id": "way/780483557", "amenity": null, "building": "house", "name": null, "shop": null, "GEOID": "39049001000" }, "geometry": { "type": "Polygon", "coordinates": [ [ [ -82.9968254, 40.0088833 ], [ -82.9968298, 40.0087883 ], [ -82.9967337, 40.0087857 ], [ -82.9967295, 40.0088772 ], [ -82.9967777, 40.0088785 ], [ -82.9967775, 40.008882 ], [ -82.9968254, 40.0088833 ] ] ] } },
{ "type": "Feature", "properties": { "@id": "way/780483560", "amenity": null, "building": "house", "name": null, "shop": null, "GEOID": "39049001000" }, "geometry": { "type": "Polygon", "coordinates": [ [ [ -82.9966992, 40.0088753 ], [ -82.9967041, 40.0087742 ], [ -82.9966069, 40.0087715 ], [ -82.9966021, 40.0088725 ], [ -82.9966992, 40.0088753 ] ] ] } },
{ "type": "Feature", "properties": { "@id": "way/780483561", "amenity": null, "building": "house", "name": null, "shop": null, "GEOID": "39049001000" }, "geometry": { "type": "Polygon", "coordinates": [ [ [ -82.996574, 40.0088633 ], [ -82.9965733, 40.0087794 ], [ -82.9964918, 40.0087798 ], [ -82.9964925, 40.0088637 ], [ -82.996574, 40.0088633 ] ] ] } },
{ "type": "Feature", "properties": { "@id": "way/780483564", "amenity": null, "building": "house", "name": null, "shop": null, "GEOID": "39049001000" }, "geometry": { "type": "Polygon", "coordinates": [ [ [ -82.9963913, 40.0088613 ], [ -82.9964554, 40.0088635 ], [ -82.9964598, 40.0087882 ], [ -82.9964554, 40.0087871 ], [ -82.9964565, 40.0087678 ], [ -82.996429, 40.0087669 ], [ -82.9964297, 40.0087553 ], [ -82.9964012, 40.0087543 ], [ -82.9964004, 40.0087675 ], [ -82.9963968, 40.0087673 ], [ -82.9963913, 40.0088613 ] ] ] } },
{ "type": "Feature", "properties": { "@id": "way/783141845", "amenity": null, "building": "house", "name": null, "shop": null, "GEOID": "39049001200" }, "geometry": { "type": "Polygon", "coordinates": [ [ [ -82.9987631, 40.0055511 ], [ -82.9987671, 40.0054566 ], [ -82.9985619, 40.0054494 ], [ -82.9985579, 40.0055419 ], [ -82.9987631, 40.0055511 ] ] ] } },
{ "type": "Feature", "properties": { "@id": "way/784852337", "amenity": null, "building": "house", "name": null, "shop": null, "GEOID": "39049002000" }, "geometry": { "type": "Polygon", "coordinates": [ [ [ -83.0114099, 39.9838481 ], [ -83.0114096, 39.9838521 ], [ -83.0112653, 39.9838458 ], [ -83.0112689, 39.9837972 ], [ -83.0112736, 39.9837332 ], [ -83.0113824, 39.983738 ], [ -83.0113816, 39.9837492 ], [ -83.0113784, 39.9837917 ], [ -83.0114139, 39.9837932 ], [ -83.0114099, 39.9838481 ] ] ] } },
{ "type": "Feature", "properties": { "@id": "way/788315377", "amenity": null, "building": "house", "name": null, "shop": null, "GEOID": "39049001901" }, "geometry": { "type": "Polygon", "coordinates": [ [ [ -83.0336656, 39.9910608 ], [ -83.0336201, 39.9910589 ], [ -83.0335755, 39.991057 ], [ -83.0335847, 39.9909262 ], [ -83.0336748, 39.9909299 ], [ -83.0336656, 39.9910608 ] ] ] } },
{ "type": "Feature", "properties": { "@id": "way/819516758", "amenity": null, "building": "house", "name": null, "shop": null, "GEOID": "39049003000" }, "geometry": { "type": "Polygon", "coordinates": [ [ [ -82.9854059, 39.9659973 ], [ -82.9853761, 39.9658552 ], [ -82.9853031, 39.9658641 ], [ -82.9853021, 39.9658597 ], [ -82.9852019, 39.965872 ], [ -82.9852031, 39.9658778 ], [ -82.9851468, 39.9658847 ], [ -82.9851583, 39.9659396 ], [ -82.9851199, 39.9659444 ], [ -82.9851396, 39.9660387 ], [ -82.985269, 39.9660228 ], [ -82.9852673, 39.9660143 ], [ -82.9854059, 39.9659973 ] ] ] } },
{ "type": "Feature", "properties": { "@id": "way/819516759", "amenity": null, "building": "house", "name": null, "shop": null, "GEOID": "39049003000" }, "geometry": { "type": "Polygon", "coordinates": [ [ [ -82.9853444, 39.9657902 ], [ -82.9851111, 39.9658162 ], [ -82.985104, 39.965779 ], [ -82.9850847, 39.9657811 ], [ -82.9850775, 39.9657432 ], [ -82.9852223, 39.965727 ], [ -82.9852246, 39.965739 ], [ -82.9853324, 39.965727 ], [ -82.9853444, 39.9657902 ] ] ] } },
{ "type": "Feature", "properties": { "@id": "way/819516760", "amenity": null, "building": "house", "name": null, "shop": null, "GEOID": "39049003000" }, "geometry": { "type": "Polygon", "coordinates": [ [ [ -82.9853739, 39.9655889 ], [ -82.9852471, 39.9656017 ], [ -82.9852495, 39.9656153 ], [ -82.9851702, 39.9656232 ], [ -82.9851684, 39.9656127 ], [ -82.9850663, 39.9656229 ], [ -82.9850549, 39.9655559 ], [ -82.9851583, 39.9655455 ], [ -82.9851568, 39.9655367 ], [ -82.9852316, 39.9655292 ], [ -82.9852338, 39.9655423 ], [ -82.9853637, 39.9655293 ], [ -82.9853739, 39.9655889 ] ] ] } },
{ "type": "Feature", "properties": { "@id": "way/819516761", "amenity": null, "building": "house", "name": null, "shop": null, "GEOID": "39049003000" }, "geometry": { "type": "Polygon", "coordinates": [ [ [ -82.9853323, 39.9654884 ], [ -82.9850741, 39.9655185 ], [ -82.9850586, 39.9654403 ], [ -82.9850661, 39.9654374 ], [ -82.9850608, 39.9654159 ], [ -82.985135, 39.9654051 ], [ -82.9851377, 39.9654163 ], [ -82.98517, 39.9654116 ], [ -82.9851956, 39.9654216 ], [ -82.985199, 39.9654372 ], [ -82.9852518, 39.9654305 ], [ -82.985247, 39.9654081 ], [ -82.985307, 39.9654006 ], [ -82.9853108, 39.9654183 ], [ -82.9853189, 39.9654207 ], [ -82.9853323, 39.9654884 ] ] ] } },
{ "type": "Feature", "properties": { "@id": "way/819516762", "amenity": null, "building": "house", "name": null, "shop": null, "GEOID": "39049003000" }, "geometry": { "type": "Polygon", "coordinates": [ [ [ -82.9852893, 39.9653471 ], [ -82.9852174, 39.9653549 ], [ -82.9852195, 39.9653667 ], [ -82.9850519, 39.9653847 ], [ -82.9850474, 39.9653603 ], [ -82.9850362, 39.9653551 ], [ -82.9850214, 39.9653375 ], [ -82.9850277, 39.9653241 ], [ -82.9850391, 39.9653126 ], [ -82.9850339, 39.9652848 ], [ -82.985113, 39.9652761 ], [ -82.9851156, 39.9652899 ], [ -82.985131, 39.9652882 ], [ -82.9851492, 39.9652994 ], [ -82.9852072, 39.9652931 ], [ -82.9852095, 39.9653055 ], [ -82.9852803, 39.9652978 ], [ -82.9852893, 39.9653471 ] ] ] } },
{ "type": "Feature", "properties": { "@id": "way/819516763", "amenity": null, "building": "house", "name": null, "shop": null, "GEOID": "39049003000" }, "geometry": { "type": "Polygon", "coordinates": [ [ [ -82.9853233, 39.9652132 ], [ -82.9853137, 39.9651675 ], [ -82.9852809, 39.9651716 ], [ -82.9852709, 39.965168 ], [ -82.9852625, 39.965171 ], [ -82.9852147, 39.9651716 ], [ -82.9852016, 39.9651639 ], [ -82.9851762, 39.9651651 ], [ -82.9851723, 39.9651692 ], [ -82.9851384, 39.965168 ], [ -82.9851307, 39.9651627 ], [ -82.98512, 39.9651609 ], [ -82.9851065, 39.9651629 ], [ -82.9851013, 39.9651417 ], [ -82.985011, 39.9651549 ], [ -82.9850166, 39.9651775 ], [ -82.9850105, 39.9651819 ], [ -82.9849851, 39.9651902 ], [ -82.9849748, 39.965203 ], [ -82.9849719, 39.9652165 ], [ -82.9849774, 39.965228 ], [ -82.9849917, 39.9652379 ], [ -82.9849973, 39.9652646 ], [ -82.9850229, 39.9652666 ], [ -82.9852161, 39.9652428 ], [ -82.9852128, 39.9652269 ], [ -82.9853233, 39.9652132 ] ] ] } },
{ "type": "Feature", "properties": { "@id": "way/828889440", "amenity": null, "building": "house", "name": null, "shop": null, "GEOID": "39049003600" }, "geometry": { "type": "Polygon", "coordinates": [ [ [ -82.9804114, 39.9682642 ], [ -82.9804117, 39.9682585 ], [ -82.9803862, 39.9682575 ], [ -82.9803868, 39.9682488 ], [ -82.98039, 39.9682007 ], [ -82.980578, 39.9682083 ], [ -82.9805752, 39.9682502 ], [ -82.9805171, 39.9682478 ], [ -82.9805157, 39.9682685 ], [ -82.9804114, 39.9682642 ] ] ] } },
{ "type": "Feature", "properties": { "@id": "way/828889441", "amenity": null, "building": "house", "name": null, "shop": null, "GEOID": "39049003600" }, "geometry": { "type": "Polygon", "coordinates": [ [ [ -82.9804025, 39.9683794 ], [ -82.9804028, 39.9683751 ], [ -82.980378, 39.9683741 ], [ -82.9803777, 39.9683632 ], [ -82.9803798, 39.9683177 ], [ -82.9804733, 39.9683213 ], [ -82.980566, 39.9683249 ], [ -82.9805634, 39.9683643 ], [ -82.9805071, 39.9683621 ], [ -82.9805057, 39.9683834 ], [ -82.9804025, 39.9683794 ] ] ] } },
{ "type": "Feature", "properties": { "@id": "way/828889442", "amenity": null, "building": "house", "name": null, "shop": null, "GEOID": "39049003600" }, "geometry": { "type": "Polygon", "coordinates": [ [ [ -82.9803694, 39.9684863 ], [ -82.9803721, 39.9684405 ], [ -82.9803891, 39.9684411 ], [ -82.9803901, 39.9684236 ], [ -82.9804963, 39.9684274 ], [ -82.9804953, 39.9684448 ], [ -82.9805548, 39.9684469 ], [ -82.9805521, 39.9684927 ], [ -82.9803694, 39.9684863 ] ] ] } },
{ "type": "Feature", "properties": { "@id": "way/828889443", "amenity": null, "building": "house", "name": null, "shop": null, "GEOID": "39049003600" }, "geometry": { "type": "Polygon", "coordinates": [ [ [ -82.9803572, 39.9685966 ], [ -82.9803621, 39.9685346 ], [ -82.9805506, 39.9685451 ], [ -82.9805478, 39.9685857 ], [ -82.9804885, 39.9685833 ], [ -82.9804872, 39.9686019 ], [ -82.9803572, 39.9685966 ] ] ] } },
{ "type": "Feature", "properties": { "@id": "way/828889444", "amenity": null, "building": "house", "name": null, "shop": null, "GEOID": "39049003600" }, "geometry": { "type": "Polygon", "coordinates": [ [ [ -82.9804412, 39.9687096 ], [ -82.9803505, 39.9687045 ], [ -82.9803531, 39.9686823 ], [ -82.980357, 39.9686469 ], [ -82.9803828, 39.9686474 ], [ -82.9804842, 39.9686521 ], [ -82.9804822, 39.9686735 ], [ -82.9805375, 39.9686765 ], [ -82.980534, 39.9687147 ], [ -82.9804412, 39.9687096 ] ] ] } },
{ "type": "Feature", "properties": { "@id": "way/828889445", "amenity": null, "building": "house", "name": null, "shop": null, "GEOID": "39049003600" }, "geometry": { "type": "Polygon", "coordinates": [ [ [ -82.9803626, 39.9688143 ], [ -82.9803642, 39.9687983 ], [ -82.9803367, 39.9687967 ], [ -82.9803413, 39.9687508 ], [ -82.9805319, 39.9687622 ], [ -82.9805279, 39.9688016 ], [ -82.9804716, 39.9687982 ], [ -82.9804694, 39.9688207 ], [ -82.9803626, 39.9688143 ] ] ] } },
{ "type": "Feature", "properties": { "@id": "way/828889446", "amenity": null, "building": "house", "name": null, "shop": null, "GEOID": "39049003600" }, "geometry": { "type": "Polygon", "coordinates": [ [ [ -82.9803678, 39.9689777 ], [ -82.9803717, 39.9689225 ], [ -82.980351, 39.9689216 ], [ -82.9803439, 39.9689213 ], [ -82.9803451, 39.9689037 ], [ -82.980348, 39.9688636 ], [ -82.9804761, 39.9688689 ], [ -82.9804719, 39.9689275 ], [ -82.9804527, 39.9689267 ], [ -82.9804488, 39.9689811 ], [ -82.9803678, 39.9689777 ] ] ] } },
{ "type": "Feature", "properties": { "@id": "way/828889447", "amenity": null, "building": "house", "name": null, "shop": null, "GEOID": "39049003600" }, "geometry": { "type": "Polygon", "coordinates": [ [ [ -82.980803, 39.9682856 ], [ -82.9808066, 39.9682446 ], [ -82.9808841, 39.9682485 ], [ -82.9808863, 39.968224 ], [ -82.9810097, 39.9682304 ], [ -82.9810047, 39.968288 ], [ -82.9808832, 39.9682818 ], [ -82.9808825, 39.9682897 ], [ -82.980803, 39.9682856 ] ] ] } },
{ "type": "Feature", "properties": { "@id": "way/828889447", "amenity": null, "building": "house", "name": null, "shop": null, "GEOID": "39049003000" }, "geometry": { "type": "Polygon", "coordinates": [ [ [ -82.980803, 39.9682856 ], [ -82.9808066, 39.9682446 ], [ -82.9808841, 39.9682485 ], [ -82.9808863, 39.968224 ], [ -82.9810097, 39.9682304 ], [ -82.9810047, 39.968288 ], [ -82.9808832, 39.9682818 ], [ -82.9808825, 39.9682897 ], [ -82.980803, 39.9682856 ] ] ] } },
{ "type": "Feature", "properties": { "@id": "way/828889448", "amenity": null, "building": "house", "name": null, "shop": null, "GEOID": "39049003600" }, "geometry": { "type": "Polygon", "coordinates": [ [ [ -82.9807992, 39.9684074 ], [ -82.9808017, 39.9683704 ], [ -82.9808642, 39.9683729 ], [ -82.9808658, 39.9683488 ], [ -82.9809698, 39.968353 ], [ -82.9809689, 39.9683664 ], [ -82.9809856, 39.968367 ], [ -82.9809823, 39.9684147 ], [ -82.9807992, 39.9684074 ] ] ] } },
{ "type": "Feature", "properties": { "@id": "way/828889448", "amenity": null, "building": "house", "name": null, "shop": null, "GEOID": "39049003000" }, "geometry": { "type": "Polygon", "coordinates": [ [ [ -82.9807992, 39.9684074 ], [ -82.9808017, 39.9683704 ], [ -82.9808642, 39.9683729 ], [ -82.9808658, 39.9683488 ], [ -82.9809698, 39.968353 ], [ -82.9809689, 39.9683664 ], [ -82.9809856, 39.968367 ], [ -82.9809823, 39.9684147 ], [ -82.9807992, 39.9684074 ] ] ] } },
{ "type": "Feature", "properties": { "@id": "way/828889449", "amenity": null, "building": "house", "name": null, "shop": null, "GEOID": "39049003600" }, "geometry": { "type": "Polygon", "coordinates": [ [ [ -82.9807973, 39.9685003 ], [ -82.9808567, 39.9684985 ], [ -82.9808553, 39.9684724 ], [ -82.9809789, 39.9684686 ], [ -82.98098, 39.9684902 ], [ -82.9809882, 39.9684975 ], [ -82.98099, 39.9685304 ], [ -82.9807992, 39.9685363 ], [ -82.9807973, 39.9685003 ] ] ] } },
{ "type": "Feature", "properties": { "@id": "way/828889449", "amenity": null, "building": "house", "name": null, "shop": null, "GEOID": "39049003000" }, "geometry": { "type": "Polygon", "coordinates": [ [ [ -82.9807973, 39.9685003 ], [ -82.9808567, 39.9684985 ], [ -82.9808553, 39.9684724 ], [ -82.9809789, 39.9684686 ], [ -82.98098, 39.9684902 ], [ -82.9809882, 39.9684975 ], [ -82.98099, 39.9685304 ], [ -82.9807992, 39.9685363 ], [ -82.9807973, 39.9685003 ] ] ] } },
{ "type": "Feature", "properties": { "@id": "way/828889450", "amenity": null, "building": "house", "name": null, "shop": null, "GEOID": "39049003600" }, "geometry": { "type": "Polygon", "coordinates": [ [ [ -82.9807931, 39.9686291 ], [ -82.9808552, 39.9686226 ], [ -82.9808515, 39.9686019 ], [ -82.9809482, 39.9685917 ], [ -82.9809504, 39.9686041 ], [ -82.9809759, 39.9686014 ], [ -82.9809843, 39.9686481 ], [ -82.9808, 39.9686676 ], [ -82.9807931, 39.9686291 ] ] ] } },
{ "type": "Feature", "properties": { "@id": "way/828889450", "amenity": null, "building": "house", "name": null, "shop": null, "GEOID": "39049003000" }, "geometry": { "type": "Polygon", "coordinates": [ [ [ -82.9807931, 39.9686291 ], [ -82.9808552, 39.9686226 ], [ -82.9808515, 39.9686019 ], [ -82.9809482, 39.9685917 ], [ -82.9809504, 39.9686041 ], [ -82.9809759, 39.9686014 ], [ -82.9809843, 39.9686481 ], [ -82.9808, 39.9686676 ], [ -82.9807931, 39.9686291 ] ] ] } },
{ "type": "Feature", "properties": { "@id": "way/828889451", "amenity": null, "building": "house", "name": null, "shop": null, "GEOID": "39049003600" }, "geometry": { "type": "Polygon", "coordinates": [ [ [ -82.9808531, 39.9687758 ], [ -82.9808407, 39.9687779 ], [ -82.9808241, 39.9687198 ], [ -82.98095, 39.9686987 ], [ -82.9809664, 39.968756 ], [ -82.98094, 39.9687605 ], [ -82.9809564, 39.9688182 ], [ -82.9808693, 39.9688328 ], [ -82.9808531, 39.9687758 ] ] ] } },
{ "type": "Feature", "properties": { "@id": "way/828889451", "amenity": null, "building": "house", "name": null, "shop": null, "GEOID": "39049003000" }, "geometry": { "type": "Polygon", "coordinates": [ [ [ -82.9808531, 39.9687758 ], [ -82.9808407, 39.9687779 ], [ -82.9808241, 39.9687198 ], [ -82.98095, 39.9686987 ], [ -82.9809664, 39.968756 ], [ -82.98094, 39.9687605 ], [ -82.9809564, 39.9688182 ], [ -82.9808693, 39.9688328 ], [ -82.9808531, 39.9687758 ] ] ] } },
{ "type": "Feature", "properties": { "@id": "way/828889452", "amenity": null, "building": "house", "name": null, "shop": null, "GEOID": "39049003600" }, "geometry": { "type": "Polygon", "coordinates": [ [ [ -82.9808359, 39.9689407 ], [ -82.9808412, 39.9689039 ], [ -82.9808701, 39.9689063 ], [ -82.980877, 39.9688582 ], [ -82.9810043, 39.9688691 ], [ -82.9809963, 39.9689255 ], [ -82.9809307, 39.96892 ], [ -82.9809266, 39.9689484 ], [ -82.9808359, 39.9689407 ] ] ] } },
{ "type": "Feature", "properties": { "@id": "way/828889452", "amenity": null, "building": "house", "name": null, "shop": null, "GEOID": "39049003000" }, "geometry": { "type": "Polygon", "coordinates": [ [ [ -82.9808359, 39.9689407 ], [ -82.9808412, 39.9689039 ], [ -82.9808701, 39.9689063 ], [ -82.980877, 39.9688582 ], [ -82.9810043, 39.9688691 ], [ -82.9809963, 39.9689255 ], [ -82.9809307, 39.96892 ], [ -82.9809266, 39.9689484 ], [ -82.9808359, 39.9689407 ] ] ] } },
{ "type": "Feature", "properties": { "@id": "way/828889453", "amenity": null, "building": "house", "name": null, "shop": null, "GEOID": "39049003600" }, "geometry": { "type": "Polygon", "coordinates": [ [ [ -82.9807749, 39.9690724 ], [ -82.9808099, 39.9690301 ], [ -82.9807919, 39.9690214 ], [ -82.980833, 39.9689716 ], [ -82.980906, 39.9690071 ], [ -82.9808699, 39.9690508 ], [ -82.9809167, 39.9690735 ], [ -82.9809247, 39.9690639 ], [ -82.9809504, 39.9690764 ], [ -82.9809282, 39.9691032 ], [ -82.9809076, 39.9690932 ], [ -82.9808819, 39.9691243 ], [ -82.9807749, 39.9690724 ] ] ] } },
{ "type": "Feature", "properties": { "@id": "way/828889453", "amenity": null, "building": "house", "name": null, "shop": null, "GEOID": "39049003000" }, "geometry": { "type": "Polygon", "coordinates": [ [ [ -82.9807749, 39.9690724 ], [ -82.9808099, 39.9690301 ], [ -82.9807919, 39.9690214 ], [ -82.980833, 39.9689716 ], [ -82.980906, 39.9690071 ], [ -82.9808699, 39.9690508 ], [ -82.9809167, 39.9690735 ], [ -82.9809247, 39.9690639 ], [ -82.9809504, 39.9690764 ], [ -82.9809282, 39.9691032 ], [ -82.9809076, 39.9690932 ], [ -82.9808819, 39.9691243 ], [ -82.9807749, 39.9690724 ] ] ] } },
{ "type": "Feature", "properties": { "@id": "way/828889454", "amenity": null, "building": "house", "name": null, "shop": null, "GEOID": "39049003600" }, "geometry": { "type": "Polygon", "coordinates": [ [ [ -82.980777, 39.9692613 ], [ -82.980752, 39.9692719 ], [ -82.9806917, 39.9691885 ], [ -82.9807126, 39.9691796 ], [ -82.9806752, 39.9691281 ], [ -82.9807241, 39.9691071 ], [ -82.980778, 39.9691817 ], [ -82.9808183, 39.9692375 ], [ -82.9808279, 39.9692334 ], [ -82.9808402, 39.9692504 ], [ -82.9807859, 39.9692736 ], [ -82.980777, 39.9692613 ] ] ] } },
{ "type": "Feature", "properties": { "@id": "way/828889455", "amenity": null, "building": "house", "name": null, "shop": null, "GEOID": "39049003600" }, "geometry": { "type": "Polygon", "coordinates": [ [ [ -82.9804635, 39.9693007 ], [ -82.980471, 39.9692046 ], [ -82.980503, 39.969206 ], [ -82.9805067, 39.9691595 ], [ -82.9805558, 39.9691618 ], [ -82.9805446, 39.9693045 ], [ -82.9804635, 39.9693007 ] ] ] } },
{ "type": "Feature", "properties": { "@id": "way/828889456", "amenity": null, "building": "house", "name": null, "shop": null, "GEOID": "39049003600" }, "geometry": { "type": "Polygon", "coordinates": [ [ [ -82.9802993, 39.9692951 ], [ -82.9803069, 39.9691997 ], [ -82.9803351, 39.969201 ], [ -82.9803388, 39.9691547 ], [ -82.9803869, 39.9691569 ], [ -82.9803756, 39.9692987 ], [ -82.9802993, 39.9692951 ] ] ] } },
{ "type": "Feature", "properties": { "@id": "way/843217005", "amenity": null, "building": "house", "name": null, "shop": null, "GEOID": "39049001000" }, "geometry": { "type": "Polygon", "coordinates": [ [ [ -83.0069195, 40.0062988 ], [ -83.0069283, 40.0061563 ], [ -83.006791, 40.0061513 ], [ -83.0067822, 40.0062938 ], [ -83.0069195, 40.0062988 ] ] ] } },
{ "type": "Feature", "properties": { "@id": "way/843217006", "amenity": null, "building": "house", "name": null, "shop": null, "GEOID": "39049001000" }, "geometry": { "type": "Polygon", "coordinates": [ [ [ -83.0069516, 40.0063077 ], [ -83.0069632, 40.0061369 ], [ -83.0072183, 40.006147 ], [ -83.0072067, 40.0063178 ], [ -83.0069516, 40.0063077 ] ] ] } },
{ "type": "Feature", "properties": { "@id": "way/843217007", "amenity": null, "building": "house", "name": null, "shop": null, "GEOID": "39049001000" }, "geometry": { "type": "Polygon", "coordinates": [ [ [ -83.006633, 40.0062515 ], [ -83.0065228, 40.0062465 ], [ -83.0065323, 40.006122 ], [ -83.0066426, 40.0061269 ], [ -83.006633, 40.0062515 ] ] ] } },
{ "type": "Feature", "properties": { "@id": "way/843217008", "amenity": null, "building": "house", "name": null, "shop": null, "GEOID": "39049001000" }, "geometry": { "type": "Polygon", "coordinates": [ [ [ -83.0064884, 40.006251 ], [ -83.0063782, 40.0062461 ], [ -83.0063878, 40.0061215 ], [ -83.006498, 40.0061265 ], [ -83.0064884, 40.006251 ] ] ] } },
{ "type": "Feature", "properties": { "@id": "way/843217011", "amenity": null, "building": "house", "name": null, "shop": null, "GEOID": "39049001000" }, "geometry": { "type": "Polygon", "coordinates": [ [ [ -83.005865, 40.0062408 ], [ -83.0058006, 40.0062372 ], [ -83.0058152, 40.0060837 ], [ -83.0059144, 40.0060892 ], [ -83.0059031, 40.0062088 ], [ -83.0058682, 40.0062068 ], [ -83.005865, 40.0062408 ] ] ] } },
{ "type": "Feature", "properties": { "@id": "way/843217012", "amenity": null, "building": "house", "name": null, "shop": null, "GEOID": "39049001000" }, "geometry": { "type": "Polygon", "coordinates": [ [ [ -83.0057761, 40.0062029 ], [ -83.0056532, 40.0061987 ], [ -83.0056601, 40.0060789 ], [ -83.005783, 40.006083 ], [ -83.0057761, 40.0062029 ] ] ] } },
{ "type": "Feature", "properties": { "@id": "way/843217013", "amenity": null, "building": "house", "name": null, "shop": null, "GEOID": "39049001000" }, "geometry": { "type": "Polygon", "coordinates": [ [ [ -83.0056211, 40.0061959 ], [ -83.0055234, 40.0061924 ], [ -83.0055306, 40.0060759 ], [ -83.0056283, 40.0060794 ], [ -83.0056211, 40.0061959 ] ] ] } },
{ "type": "Feature", "properties": { "@id": "way/843217014", "amenity": null, "building": "house", "name": null, "shop": null, "GEOID": "39049001000" }, "geometry": { "type": "Polygon", "coordinates": [ [ [ -83.0054804, 40.0061853 ], [ -83.0054856, 40.0061008 ], [ -83.0053642, 40.0060964 ], [ -83.005359, 40.0061809 ], [ -83.0054804, 40.0061853 ] ] ] } },
{ "type": "Feature", "properties": { "@id": "way/843217015", "amenity": null, "building": "house", "name": null, "shop": null, "GEOID": "39049001000" }, "geometry": { "type": "Polygon", "coordinates": [ [ [ -83.0051001, 40.0061877 ], [ -83.0050128, 40.0061848 ], [ -83.0050186, 40.0060834 ], [ -83.0050604, 40.0060848 ], [ -83.0050611, 40.0060719 ], [ -83.0051136, 40.0060737 ], [ -83.0051104, 40.0061294 ], [ -83.0051192, 40.0061297 ], [ -83.0051169, 40.0061698 ], [ -83.0051012, 40.0061693 ], [ -83.0051001, 40.0061877 ] ] ] } },
{ "type": "Feature", "properties": { "@id": "way/843217016", "amenity": null, "building": "house", "name": null, "shop": null, "GEOID": "39049001000" }, "geometry": { "type": "Polygon", "coordinates": [ [ [ -83.0049858, 40.0061696 ], [ -83.0049955, 40.0060577 ], [ -83.0048892, 40.0060523 ], [ -83.0048779, 40.0061831 ], [ -83.0049509, 40.0061868 ], [ -83.0049525, 40.0061679 ], [ -83.0049858, 40.0061696 ] ] ] } },
{ "type": "Feature", "properties": { "@id": "way/843217017", "amenity": null, "building": "house", "name": null, "shop": null, "GEOID": "39049001000" }, "geometry": { "type": "Polygon", "coordinates": [ [ [ -83.0048475, 40.0061865 ], [ -83.0048568, 40.0060592 ], [ -83.004761, 40.0060551 ], [ -83.0047517, 40.0061824 ], [ -83.0048475, 40.0061865 ] ] ] } },
{ "type": "Feature", "properties": { "@id": "way/843217018", "amenity": null, "building": "house", "name": null, "shop": null, "GEOID": "39049001000" }, "geometry": { "type": "Polygon", "coordinates": [ [ [ -83.0046904, 40.0062165 ], [ -83.0047027, 40.0060435 ], [ -83.004596, 40.006039 ], [ -83.0045835, 40.006212 ], [ -83.0046904, 40.0062165 ] ] ] } },
{ "type": "Feature", "properties": { "@id": "way/843217020", "amenity": null, "building": "house", "name": null, "shop": null, "GEOID": "39049001000" }, "geometry": { "type": "Polygon", "coordinates": [ [ [ -83.0044055, 40.0061479 ], [ -83.0042915, 40.0061433 ], [ -83.0042998, 40.0060244 ], [ -83.0044138, 40.0060291 ], [ -83.0044055, 40.0061479 ] ] ] } },
{ "type": "Feature", "properties": { "@id": "way/843217021", "amenity": null, "building": "house", "name": null, "shop": null, "GEOID": "39049001000" }, "geometry": { "type": "Polygon", "coordinates": [ [ [ -83.0042494, 40.0061382 ], [ -83.0041354, 40.0061336 ], [ -83.0041436, 40.0060147 ], [ -83.0042577, 40.0060194 ], [ -83.0042494, 40.0061382 ] ] ] } },
{ "type": "Feature", "properties": { "@id": "way/843217022", "amenity": null, "building": "house", "name": null, "shop": null, "GEOID": "39049001000" }, "geometry": { "type": "Polygon", "coordinates": [ [ [ -83.0038381, 40.0061183 ], [ -83.0037241, 40.0061136 ], [ -83.0037323, 40.0059948 ], [ -83.0038464, 40.0059994 ], [ -83.0038381, 40.0061183 ] ] ] } },
{ "type": "Feature", "properties": { "@id": "way/843217023", "amenity": null, "building": "house", "name": null, "shop": null, "GEOID": "39049001000" }, "geometry": { "type": "Polygon", "coordinates": [ [ [ -83.003973, 40.0061244 ], [ -83.0038589, 40.0061198 ], [ -83.0038672, 40.0060009 ], [ -83.0039812, 40.0060056 ], [ -83.003973, 40.0061244 ] ] ] } },
{ "type": "Feature", "properties": { "@id": "way/843217024", "amenity": null, "building": "house", "name": null, "shop": null, "GEOID": "39049001000" }, "geometry": { "type": "Polygon", "coordinates": [ [ [ -83.004104, 40.0062168 ], [ -83.0039935, 40.0062125 ], [ -83.0040071, 40.0060062 ], [ -83.0041177, 40.0060105 ], [ -83.004104, 40.0062168 ] ] ] } },
{ "type": "Feature", "properties": { "@id": "way/843217025", "amenity": null, "building": "house", "name": null, "shop": null, "GEOID": "39049001200" }, "geometry": { "type": "Polygon", "coordinates": [ [ [ -83.0027742, 40.0053076 ], [ -83.0025995, 40.0053031 ], [ -83.0026037, 40.0052079 ], [ -83.0027784, 40.0052124 ], [ -83.0027742, 40.0053076 ] ] ] } },
{ "type": "Feature", "properties": { "@id": "way/843217026", "amenity": null, "building": "house", "name": null, "shop": null, "GEOID": "39049001200" }, "geometry": { "type": "Polygon", "coordinates": [ [ [ -83.0027885, 40.0051786 ], [ -83.0026405, 40.0051755 ], [ -83.0026434, 40.0050938 ], [ -83.0027914, 40.0050969 ], [ -83.0027885, 40.0051786 ] ] ] } },
{ "type": "Feature", "properties": { "@id": "way/843217027", "amenity": null, "building": "house", "name": null, "shop": null, "GEOID": "39049001200" }, "geometry": { "type": "Polygon", "coordinates": [ [ [ -83.0023183, 40.0056108 ], [ -83.0022239, 40.0056072 ], [ -83.0022299, 40.0055136 ], [ -83.0022566, 40.0055146 ], [ -83.0022575, 40.0055011 ], [ -83.0023043, 40.0055028 ], [ -83.0023033, 40.0055175 ], [ -83.0023242, 40.0055182 ], [ -83.0023183, 40.0056108 ] ] ] } },
{ "type": "Feature", "properties": { "@id": "way/843217028", "amenity": null, "building": "house", "name": null, "shop": null, "GEOID": "39049001200" }, "geometry": { "type": "Polygon", "coordinates": [ [ [ -83.0020892, 40.0056234 ], [ -83.0020995, 40.0054847 ], [ -83.0020013, 40.0054804 ], [ -83.001991, 40.0056192 ], [ -83.0020892, 40.0056234 ] ] ] } },
{ "type": "Feature", "properties": { "@id": "way/843217035", "amenity": null, "building": "house", "name": null, "shop": null, "GEOID": "39049001200" }, "geometry": { "type": "Polygon", "coordinates": [ [ [ -83.002469, 40.0056248 ], [ -83.0023456, 40.0056182 ], [ -83.0023558, 40.0055067 ], [ -83.0024792, 40.0055134 ], [ -83.002469, 40.0056248 ] ] ] } },
{ "type": "Feature", "properties": { "@id": "way/843217036", "amenity": null, "building": "house", "name": null, "shop": null, "GEOID": "39049001200" }, "geometry": { "type": "Polygon", "coordinates": [ [ [ -83.0019639, 40.0056129 ], [ -83.0018415, 40.0056102 ], [ -83.0018454, 40.0055064 ], [ -83.0019678, 40.0055091 ], [ -83.0019639, 40.0056129 ] ] ] } },
{ "type": "Feature", "properties": { "@id": "way/843219238", "amenity": null, "building": "house", "name": null, "shop": null, "GEOID": "39049001200" }, "geometry": { "type": "Polygon", "coordinates": [ [ [ -83.0027971, 40.0046583 ], [ -83.0028348, 40.0046072 ], [ -83.0028025, 40.0045933 ], [ -83.0028299, 40.0045562 ], [ -83.0027454, 40.0045196 ], [ -83.0026466, 40.0046535 ], [ -83.0027394, 40.0046937 ], [ -83.0027732, 40.004648 ], [ -83.0027971, 40.0046583 ] ] ] } },
{ "type": "Feature", "properties": { "@id": "way/843219239", "amenity": null, "building": "house", "name": null, "shop": null, "GEOID": "39049001200" }, "geometry": { "type": "Polygon", "coordinates": [ [ [ -83.0027382, 40.0048327 ], [ -83.0028014, 40.0047607 ], [ -83.0026337, 40.0046744 ], [ -83.0025705, 40.0047463 ], [ -83.0027382, 40.0048327 ] ] ] } },
{ "type": "Feature", "properties": { "@id": "way/843219244", "amenity": null, "building": "house", "name": null, "shop": null, "GEOID": "39049001200" }, "geometry": { "type": "Polygon", "coordinates": [ [ [ -83.0011422, 40.0056085 ], [ -83.0009529, 40.0055978 ], [ -83.00096, 40.0055238 ], [ -83.0011493, 40.0055344 ], [ -83.0011422, 40.0056085 ] ] ] } },
{ "type": "Feature", "properties": { "@id": "way/843219246", "amenity": null, "building": "house", "name": null, "shop": null, "GEOID": "39049001000" }, "geometry": { "type": "Polygon", "coordinates": [ [ [ -83.0023147, 40.0060109 ], [ -83.0023132, 40.0058777 ], [ -83.0022138, 40.0058784 ], [ -83.002214, 40.005899 ], [ -83.0021964, 40.0058992 ], [ -83.0021974, 40.0059889 ], [ -83.0022383, 40.0059887 ], [ -83.0022385, 40.0060114 ], [ -83.0023147, 40.0060109 ] ] ] } },
{ "type": "Feature", "properties": { "@id": "way/843219247", "amenity": null, "building": "house", "name": null, "shop": null, "GEOID": "39049001000" }, "geometry": { "type": "Polygon", "coordinates": [ [ [ -83.002188, 40.0059919 ], [ -83.0021913, 40.0058936 ], [ -83.0020816, 40.0058915 ], [ -83.0020775, 40.0060141 ], [ -83.0021566, 40.0060157 ], [ -83.0021574, 40.0059913 ], [ -83.002188, 40.0059919 ] ] ] } },
{ "type": "Feature", "properties": { "@id": "way/843231005", "amenity": null, "building": "house", "name": null, "shop": null, "GEOID": "39049001200" }, "geometry": { "type": "Polygon", "coordinates": [ [ [ -83.0005323, 40.0057643 ], [ -83.0003207, 40.0057526 ], [ -83.0003297, 40.0056567 ], [ -83.0005413, 40.0056683 ], [ -83.0005323, 40.0057643 ] ] ] } },
{ "type": "Feature", "properties": { "@id": "way/843231007", "amenity": null, "building": "house", "name": null, "shop": null, "GEOID": "39049001200" }, "geometry": { "type": "Polygon", "coordinates": [ [ [ -83.0005042, 40.0058779 ], [ -83.0003388, 40.0058723 ], [ -83.0003441, 40.0057813 ], [ -83.0005095, 40.005787 ], [ -83.0005042, 40.0058779 ] ] ] } },
{ "type": "Feature", "properties": { "@id": "way/843231008", "amenity": null, "building": "house", "name": null, "shop": null, "GEOID": "39049001200" }, "geometry": { "type": "Polygon", "coordinates": [ [ [ -83.0004878, 40.0059807 ], [ -83.0003224, 40.0059751 ], [ -83.0003277, 40.0058842 ], [ -83.0004931, 40.0058898 ], [ -83.0004878, 40.0059807 ] ] ] } },
{ "type": "Feature", "properties": { "@id": "way/843231009", "amenity": null, "building": "house", "name": null, "shop": null, "GEOID": "39049001000" }, "geometry": { "type": "Polygon", "coordinates": [ [ [ -83.0011077, 40.0062558 ], [ -83.0009423, 40.0062501 ], [ -83.0009476, 40.0061592 ], [ -83.001113, 40.0061649 ], [ -83.0011077, 40.0062558 ] ] ] } },
{ "type": "Feature", "properties": { "@id": "way/843231010", "amenity": null, "building": "house", "name": null, "shop": null, "GEOID": "39049001000" }, "geometry": { "type": "Polygon", "coordinates": [ [ [ -83.0011522, 40.0061299 ], [ -83.0009402, 40.0061209 ], [ -83.0009453, 40.0060502 ], [ -83.0011573, 40.0060591 ], [ -83.0011522, 40.0061299 ] ] ] } },
{ "type": "Feature", "properties": { "@id": "way/843231011", "amenity": null, "building": "house", "name": null, "shop": null, "GEOID": "39049001000" }, "geometry": { "type": "Polygon", "coordinates": [ [ [ -83.0011325, 40.0060383 ], [ -83.0009672, 40.0060327 ], [ -83.0009725, 40.0059418 ], [ -83.0011378, 40.0059474 ], [ -83.0011325, 40.0060383 ] ] ] } },
{ "type": "Feature", "properties": { "@id": "way/843231012", "amenity": null, "building": "house", "name": null, "shop": null, "GEOID": "39049001000" }, "geometry": { "type": "Polygon", "coordinates": [ [ [ -83.0011497, 40.0059224 ], [ -83.0009744, 40.0059177 ], [ -83.0009792, 40.0058105 ], [ -83.0011546, 40.0058152 ], [ -83.0011497, 40.0059224 ] ] ] } },
{ "type": "Feature", "properties": { "@id": "way/843231013", "amenity": null, "building": "house", "name": null, "shop": null, "GEOID": "39049001000" }, "geometry": { "type": "Polygon", "coordinates": [ [ [ -83.0013509, 40.0058866 ], [ -83.0013126, 40.0058855 ], [ -83.0013116, 40.0059056 ], [ -83.0012314, 40.0059032 ], [ -83.0012325, 40.0058806 ], [ -83.0011857, 40.0058792 ], [ -83.0011903, 40.0057896 ], [ -83.0013556, 40.0057946 ], [ -83.0013509, 40.0058866 ] ] ] } },
{ "type": "Feature", "properties": { "@id": "way/843234520", "amenity": null, "building": "house", "name": null, "shop": null, "GEOID": "39049001000" }, "geometry": { "type": "Polygon", "coordinates": [ [ [ -83.00718, 40.0065595 ], [ -83.0071832, 40.0064268 ], [ -83.0070721, 40.0064252 ], [ -83.0070689, 40.0065579 ], [ -83.00718, 40.0065595 ] ] ] } },
{ "type": "Feature", "properties": { "@id": "way/843234521", "amenity": null, "building": "house", "name": null, "shop": null, "GEOID": "39049001000" }, "geometry": { "type": "Polygon", "coordinates": [ [ [ -83.0071673, 40.006759 ], [ -83.0070426, 40.0067537 ], [ -83.007051, 40.0066396 ], [ -83.0071756, 40.0066449 ], [ -83.0071673, 40.006759 ] ] ] } },
{ "type": "Feature", "properties": { "@id": "way/843234522", "amenity": null, "building": "house", "name": null, "shop": null, "GEOID": "39049001000" }, "geometry": { "type": "Polygon", "coordinates": [ [ [ -83.0071689, 40.0070828 ], [ -83.0070373, 40.0070738 ], [ -83.0070552, 40.0069202 ], [ -83.0071868, 40.0069292 ], [ -83.0071689, 40.0070828 ] ] ] } },
{ "type": "Feature", "properties": { "@id": "way/843234523", "amenity": null, "building": "house", "name": null, "shop": null, "GEOID": "39049001000" }, "geometry": { "type": "Polygon", "coordinates": [ [ [ -83.0073181, 40.0074774 ], [ -83.0070665, 40.0074616 ], [ -83.0070765, 40.0073682 ], [ -83.0073281, 40.0073841 ], [ -83.0073181, 40.0074774 ] ] ] } },
{ "type": "Feature", "properties": { "@id": "way/843234531", "amenity": null, "building": "house", "name": null, "shop": null, "GEOID": "39049001000" }, "geometry": { "type": "Polygon", "coordinates": [ [ [ -83.0061854, 40.0073819 ], [ -83.0061882, 40.0072993 ], [ -83.006102, 40.0072975 ], [ -83.0060992, 40.0073802 ], [ -83.0061854, 40.0073819 ] ] ] } },
{ "type": "Feature", "properties": { "@id": "way/843234532", "amenity": null, "building": "house", "name": null, "shop": null, "GEOID": "39049001000" }, "geometry": { "type": "Polygon", "coordinates": [ [ [ -83.006067, 40.0073837 ], [ -83.006075, 40.0072743 ], [ -83.0059811, 40.0072703 ], [ -83.0059715, 40.0074021 ], [ -83.0060453, 40.0074052 ], [ -83.0060469, 40.0073829 ], [ -83.006067, 40.0073837 ] ] ] } },
{ "type": "Feature", "properties": { "@id": "way/843234533", "amenity": null, "building": "house", "name": null, "shop": null, "GEOID": "39049001000" }, "geometry": { "type": "Polygon", "coordinates": [ [ [ -83.006131, 40.0077547 ], [ -83.0059708, 40.0077461 ], [ -83.0059776, 40.0076723 ], [ -83.0061055, 40.0076792 ], [ -83.0061037, 40.007699 ], [ -83.006136, 40.0077007 ], [ -83.006131, 40.0077547 ] ] ] } },
{ "type": "Feature", "properties": { "@id": "way/843234550", "amenity": null, "building": "house", "name": null, "shop": null, "GEOID": "39049001000" }, "geometry": { "type": "Polygon", "coordinates": [ [ [ -83.0034672, 40.0071251 ], [ -83.0034571, 40.0072489 ], [ -83.0034484, 40.0072484 ], [ -83.0034472, 40.0072657 ], [ -83.003327, 40.0072622 ], [ -83.0033288, 40.007242 ], [ -83.0033169, 40.007242 ], [ -83.0033277, 40.0071193 ], [ -83.0034672, 40.0071251 ] ] ] } },
{ "type": "Feature", "properties": { "@id": "way/843234559", "amenity": null, "building": "house", "name": null, "shop": null, "GEOID": "39049001000" }, "geometry": { "type": "Polygon", "coordinates": [ [ [ -83.0080476, 40.0075514 ], [ -83.007919, 40.0075487 ], [ -83.0079239, 40.0074101 ], [ -83.0080525, 40.0074128 ], [ -83.0080476, 40.0075514 ] ] ] } },
{ "type": "Feature", "properties": { "@id": "way/843234560", "amenity": null, "building": "house", "name": null, "shop": null, "GEOID": "39049001000" }, "geometry": { "type": "Polygon", "coordinates": [ [ [ -83.0080838, 40.0076623 ], [ -83.0080969, 40.007446 ], [ -83.0082449, 40.0074513 ], [ -83.0082402, 40.0075282 ], [ -83.0081663, 40.0075256 ], [ -83.0081579, 40.0076649 ], [ -83.0080838, 40.0076623 ] ] ] } },
{ "type": "Feature", "properties": { "@id": "way/845223997", "amenity": null, "building": "house", "name": null, "shop": null, "GEOID": "39049001200" }, "geometry": { "type": "Polygon", "coordinates": [ [ [ -83.0052354, 40.0043195 ], [ -83.0052605, 40.004084 ], [ -83.0050056, 40.004068 ], [ -83.0049869, 40.0042428 ], [ -83.005137, 40.0042522 ], [ -83.0051305, 40.0043129 ], [ -83.0052354, 40.0043195 ] ] ] } },
{ "type": "Feature", "properties": { "@id": "way/846783793", "amenity": null, "building": "house", "name": null, "shop": null, "GEOID": "39049001200" }, "geometry": { "type": "Polygon", "coordinates": [ [ [ -82.9994252, 40.0066892 ], [ -82.9995342, 40.0066399 ], [ -82.9994342, 40.0065101 ], [ -82.9993251, 40.0065595 ], [ -82.9994252, 40.0066892 ] ] ] } },
{ "type": "Feature", "properties": { "@id": "way/850191311", "amenity": null, "building": "house", "name": null, "shop": null, "GEOID": "39049001110" }, "geometry": { "type": "Polygon", "coordinates": [ [ [ -83.0143065, 40.0101705 ], [ -83.014162, 40.0101692 ], [ -83.0141627, 40.010126 ], [ -83.0141419, 40.0101258 ], [ -83.0141428, 40.0100692 ], [ -83.0141646, 40.0100694 ], [ -83.0141649, 40.0100523 ], [ -83.0143217, 40.0100537 ], [ -83.0143213, 40.010077 ], [ -83.0143411, 40.0100772 ], [ -83.01434, 40.0101425 ], [ -83.0143069, 40.0101422 ], [ -83.0143065, 40.0101705 ] ] ] } },
{ "type": "Feature", "properties": { "@id": "way/851136146", "amenity": null, "building": "house", "name": null, "shop": null, "GEOID": "39049001200" }, "geometry": { "type": "Polygon", "coordinates": [ [ [ -83.0083178, 40.005892 ], [ -83.008209, 40.0058871 ], [ -83.0082245, 40.0056852 ], [ -83.0083333, 40.0056901 ], [ -83.0083178, 40.005892 ] ] ] } },
{ "type": "Feature", "properties": { "@id": "way/851136147", "amenity": null, "building": "house", "name": null, "shop": null, "GEOID": "39049001200" }, "geometry": { "type": "Polygon", "coordinates": [ [ [ -83.0081688, 40.0058805 ], [ -83.0079942, 40.0058749 ], [ -83.008008, 40.00562 ], [ -83.0081827, 40.0056255 ], [ -83.0081688, 40.0058805 ] ] ] } },
{ "type": "Feature", "properties": { "@id": "way/851136148", "amenity": null, "building": "house", "name": null, "shop": null, "GEOID": "39049001200" }, "geometry": { "type": "Polygon", "coordinates": [ [ [ -83.0079362, 40.0058676 ], [ -83.0077857, 40.0058593 ], [ -83.0077951, 40.0057594 ], [ -83.0079456, 40.0057676 ], [ -83.0079362, 40.0058676 ] ] ] } },
{ "type": "Feature", "properties": { "@id": "way/851136149", "amenity": null, "building": "house", "name": null, "shop": null, "GEOID": "39049001200" }, "geometry": { "type": "Polygon", "coordinates": [ [ [ -83.007632, 40.0058543 ], [ -83.0074815, 40.005846 ], [ -83.0074908, 40.0057461 ], [ -83.0076414, 40.0057543 ], [ -83.007632, 40.0058543 ] ] ] } },
{ "type": "Feature", "properties": { "@id": "way/851136150", "amenity": null, "building": "house", "name": null, "shop": null, "GEOID": "39049001200" }, "geometry": { "type": "Polygon", "coordinates": [ [ [ -83.0077601, 40.0058551 ], [ -83.0076597, 40.0058514 ], [ -83.0076661, 40.0057501 ], [ -83.0077666, 40.0057538 ], [ -83.0077601, 40.0058551 ] ] ] } },
{ "type": "Feature", "properties": { "@id": "way/851136151", "amenity": null, "building": "house", "name": null, "shop": null, "GEOID": "39049001200" }, "geometry": { "type": "Polygon", "coordinates": [ [ [ -83.0076415, 40.0055 ], [ -83.0076372, 40.0056156 ], [ -83.0075064, 40.0056127 ], [ -83.0075107, 40.0054971 ], [ -83.0076415, 40.0055 ] ] ] } },
{ "type": "Feature", "properties": { "@id": "way/851136152", "amenity": null, "building": "house", "name": null, "shop": null, "GEOID": "39049001200" }, "geometry": { "type": "Polygon", "coordinates": [ [ [ -83.007655, 40.0052829 ], [ -83.0076507, 40.0053985 ], [ -83.00752, 40.0053956 ], [ -83.0075243, 40.00528 ], [ -83.007655, 40.0052829 ] ] ] } },
{ "type": "Feature", "properties": { "@id": "way/851136153", "amenity": null, "building": "house", "name": null, "shop": null, "GEOID": "39049001200" }, "geometry": { "type": "Polygon", "coordinates": [ [ [ -83.0076409, 40.0050199 ], [ -83.007637, 40.0051734 ], [ -83.0075226, 40.0051717 ], [ -83.0075265, 40.0050182 ], [ -83.0076409, 40.0050199 ] ] ] } },
{ "type": "Feature", "properties": { "@id": "way/851136154", "amenity": null, "building": "house", "name": null, "shop": null, "GEOID": "39049001200" }, "geometry": { "type": "Polygon", "coordinates": [ [ [ -83.0076758, 40.0050487 ], [ -83.0078264, 40.0050561 ], [ -83.0078181, 40.0051561 ], [ -83.0076675, 40.0051488 ], [ -83.0076758, 40.0050487 ] ] ] } },
{ "type": "Feature", "properties": { "@id": "way/851136155", "amenity": null, "building": "house", "name": null, "shop": null, "GEOID": "39049001200" }, "geometry": { "type": "Polygon", "coordinates": [ [ [ -83.0080317, 40.005043 ], [ -83.0080303, 40.0051536 ], [ -83.0078719, 40.0051524 ], [ -83.0078734, 40.0050418 ], [ -83.0080317, 40.005043 ] ] ] } },
{ "type": "Feature", "properties": { "@id": "way/851136156", "amenity": null, "building": "house", "name": null, "shop": null, "GEOID": "39049001200" }, "geometry": { "type": "Polygon", "coordinates": [ [ [ -83.008174, 40.0050949 ], [ -83.0081694, 40.0052796 ], [ -83.0081916, 40.0052799 ], [ -83.0081895, 40.0053656 ], [ -83.0080586, 40.0053637 ], [ -83.0080653, 40.0050934 ], [ -83.008174, 40.0050949 ] ] ] } },
{ "type": "Feature", "properties": { "@id": "way/865041191", "amenity": null, "building": "house", "name": null, "shop": null, "GEOID": "39049001300" }, "geometry": { "type": "Polygon", "coordinates": [ [ [ -83.0061148, 39.9976459 ], [ -83.0059881, 39.9976406 ], [ -83.0059981, 39.9974997 ], [ -83.0061248, 39.997505 ], [ -83.0061148, 39.9976459 ] ] ] } },
{ "type": "Feature", "properties": { "@id": "way/865041192", "amenity": null, "building": "house", "name": null, "shop": null, "GEOID": "39049001300" }, "geometry": { "type": "Polygon", "coordinates": [ [ [ -83.0059452, 39.9976421 ], [ -83.0058138, 39.9976359 ], [ -83.0058272, 39.9974694 ], [ -83.0059586, 39.9974756 ], [ -83.0059452, 39.9976421 ] ] ] } },
{ "type": "Feature", "properties": { "@id": "way/865041193", "amenity": null, "building": "house", "name": null, "shop": null, "GEOID": "39049001300" }, "geometry": { "type": "Polygon", "coordinates": [ [ [ -83.0057595, 39.9976309 ], [ -83.0056316, 39.9976256 ], [ -83.0056455, 39.9974293 ], [ -83.0057733, 39.9974346 ], [ -83.0057595, 39.9976309 ] ] ] } },
{ "type": "Feature", "properties": { "@id": "way/876131234", "amenity": null, "building": "house", "name": null, "shop": null, "GEOID": "39049001000" }, "geometry": { "type": "Polygon", "coordinates": [ [ [ -82.9992798, 40.0103222 ], [ -82.9991787, 40.0103175 ], [ -82.9991792, 40.0103108 ], [ -82.9991567, 40.0103098 ], [ -82.9991598, 40.0102705 ], [ -82.9991842, 40.0102698 ], [ -82.9991909, 40.0102142 ], [ -82.9992346, 40.0102166 ], [ -82.9992337, 40.0102238 ], [ -82.9992894, 40.0102264 ], [ -82.9992851, 40.0102663 ], [ -82.9992941, 40.010267 ], [ -82.9992908, 40.0103066 ], [ -82.9992811, 40.0103061 ], [ -82.9992798, 40.0103222 ] ] ] } },
{ "type": "Feature", "properties": { "@id": "way/876131235", "amenity": null, "building": "house", "name": null, "shop": null, "GEOID": "39049001000" }, "geometry": { "type": "Polygon", "coordinates": [ [ [ -82.9995791, 40.010324 ], [ -82.9994731, 40.0103194 ], [ -82.9994795, 40.0102317 ], [ -82.9994855, 40.0102319 ], [ -82.9994869, 40.0102134 ], [ -82.9995401, 40.0102157 ], [ -82.9995387, 40.0102343 ], [ -82.9995855, 40.0102363 ], [ -82.9995791, 40.010324 ] ] ] } },
{ "type": "Feature", "properties": { "@id": "way/892369510", "amenity": null, "building": "house", "name": null, "shop": null, "GEOID": "39049001902" }, "geometry": { "type": "Polygon", "coordinates": [ [ [ -83.0519363, 39.9857577 ], [ -83.0518433, 39.985753 ], [ -83.0518581, 39.9855813 ], [ -83.0519511, 39.985586 ], [ -83.0519363, 39.9857577 ] ] ] } },
{ "type": "Feature", "properties": { "@id": "way/892374605", "amenity": null, "building": "house", "name": null, "shop": null, "GEOID": "39049001810" }, "geometry": { "type": "Polygon", "coordinates": [ [ [ -83.013784, 39.9920716 ], [ -83.0136238, 39.9920828 ], [ -83.0136133, 39.9919943 ], [ -83.0137735, 39.9919832 ], [ -83.013784, 39.9920716 ] ] ] } },
{ "type": "Feature", "properties": { "@id": "way/892374609", "amenity": null, "building": "house", "name": null, "shop": null, "GEOID": "39049001810" }, "geometry": { "type": "Polygon", "coordinates": [ [ [ -83.0136408, 39.9914783 ], [ -83.0134858, 39.9914971 ], [ -83.0134797, 39.9914873 ], [ -83.0134061, 39.991496 ], [ -83.0134038, 39.9914841 ], [ -83.0133709, 39.9914881 ], [ -83.0133583, 39.9914257 ], [ -83.0133957, 39.9914213 ], [ -83.0133933, 39.9914096 ], [ -83.013446, 39.9914032 ], [ -83.0134434, 39.9913904 ], [ -83.0136181, 39.9913692 ], [ -83.0136408, 39.9914783 ] ] ] } },
{ "type": "Feature", "properties": { "@id": "way/892374610", "amenity": null, "building": "house", "name": null, "shop": null, "GEOID": "39049001810" }, "geometry": { "type": "Polygon", "coordinates": [ [ [ -83.0136211, 39.9913449 ], [ -83.0134635, 39.9913649 ], [ -83.0134361, 39.9912386 ], [ -83.0135937, 39.9912185 ], [ -83.0136211, 39.9913449 ] ] ] } },
{ "type": "Feature", "properties": { "@id": "way/892374611", "amenity": null, "building": "house", "name": null, "shop": null, "GEOID": "39049001810" }, "geometry": { "type": "Polygon", "coordinates": [ [ [ -83.0135935, 39.9911879 ], [ -83.013347, 39.9912214 ], [ -83.0133206, 39.9911072 ], [ -83.0135671, 39.9910737 ], [ -83.0135935, 39.9911879 ] ] ] } },
{ "type": "Feature", "properties": { "@id": "way/892374612", "amenity": null, "building": "house", "name": null, "shop": null, "GEOID": "39049001810" }, "geometry": { "type": "Polygon", "coordinates": [ [ [ -83.0135597, 39.9910495 ], [ -83.0133916, 39.9910716 ], [ -83.0133673, 39.9909631 ], [ -83.0135354, 39.990941 ], [ -83.0135597, 39.9910495 ] ] ] } },
{ "type": "Feature", "properties": { "@id": "way/892374613", "amenity": null, "building": "house", "name": null, "shop": null, "GEOID": "39049001810" }, "geometry": { "type": "Polygon", "coordinates": [ [ [ -83.0135977, 39.9909153 ], [ -83.0133228, 39.9909535 ], [ -83.0132954, 39.990838 ], [ -83.0135704, 39.9907997 ], [ -83.0135977, 39.9909153 ] ] ] } },
{ "type": "Feature", "properties": { "@id": "way/892374615", "amenity": null, "building": "house", "name": null, "shop": null, "GEOID": "39049001810" }, "geometry": { "type": "Polygon", "coordinates": [ [ [ -83.0133598, 39.9906524 ], [ -83.0133304, 39.9905236 ], [ -83.0132286, 39.990537 ], [ -83.0132584, 39.9906664 ], [ -83.0133598, 39.9906524 ] ] ] } },
{ "type": "Feature", "properties": { "@id": "way/892374616", "amenity": null, "building": "house", "name": null, "shop": null, "GEOID": "39049001810" }, "geometry": { "type": "Polygon", "coordinates": [ [ [ -83.0132286, 39.990537 ], [ -83.0130928, 39.9905553 ], [ -83.013131, 39.9907209 ], [ -83.0131952, 39.9907122 ], [ -83.0131869, 39.9906761 ], [ -83.0132584, 39.9906664 ], [ -83.0132286, 39.990537 ] ] ] } },
{ "type": "Feature", "properties": { "@id": "way/906853012", "amenity": null, "building": "house", "name": null, "shop": null, "GEOID": "39049001000" }, "geometry": { "type": "Polygon", "coordinates": [ [ [ -83.0045793, 40.0069547 ], [ -83.0044804, 40.0069504 ], [ -83.0044886, 40.0068406 ], [ -83.0045876, 40.006845 ], [ -83.0045793, 40.0069547 ] ] ] } },
{ "type": "Feature", "properties": { "@id": "way/906853015", "amenity": null, "building": "house", "name": null, "shop": null, "GEOID": "39049001000" }, "geometry": { "type": "Polygon", "coordinates": [ [ [ -83.0056738, 40.0080444 ], [ -83.0056741, 40.0080308 ], [ -83.0056868, 40.0080309 ], [ -83.0056887, 40.0079319 ], [ -83.0055834, 40.0079308 ], [ -83.0055813, 40.0080434 ], [ -83.0056738, 40.0080444 ] ] ] } },
{ "type": "Feature", "properties": { "@id": "way/906853016", "amenity": null, "building": "house", "name": null, "shop": null, "GEOID": "39049001000" }, "geometry": { "type": "Polygon", "coordinates": [ [ [ -83.0055643, 40.0080378 ], [ -83.0054576, 40.0080335 ], [ -83.0054654, 40.0079208 ], [ -83.0055722, 40.0079251 ], [ -83.0055643, 40.0080378 ] ] ] } },
{ "type": "Feature", "properties": { "@id": "way/906853017", "amenity": null, "building": "house", "name": null, "shop": null, "GEOID": "39049001000" }, "geometry": { "type": "Polygon", "coordinates": [ [ [ -83.0053987, 40.008029 ], [ -83.0053034, 40.0080254 ], [ -83.0053101, 40.0079211 ], [ -83.0054054, 40.0079247 ], [ -83.0053987, 40.008029 ] ] ] } },
{ "type": "Feature", "properties": { "@id": "way/906853018", "amenity": null, "building": "house", "name": null, "shop": null, "GEOID": "39049001000" }, "geometry": { "type": "Polygon", "coordinates": [ [ [ -83.0052426, 40.00803 ], [ -83.0051382, 40.0080215 ], [ -83.0051514, 40.0079263 ], [ -83.0052559, 40.0079349 ], [ -83.0052426, 40.00803 ] ] ] } },
{ "type": "Feature", "properties": { "@id": "way/906853019", "amenity": null, "building": "house", "name": null, "shop": null, "GEOID": "39049001000" }, "geometry": { "type": "Polygon", "coordinates": [ [ [ -83.0050969, 40.0080152 ], [ -83.0050113, 40.0080141 ], [ -83.0050135, 40.0079092 ], [ -83.0050991, 40.0079103 ], [ -83.0050969, 40.0080152 ] ] ] } },
{ "type": "Feature", "properties": { "@id": "way/906858799", "amenity": null, "building": "house", "name": null, "shop": null, "GEOID": "39049001000" }, "geometry": { "type": "Polygon", "coordinates": [ [ [ -83.0055259, 40.0083756 ], [ -83.0054224, 40.0083698 ], [ -83.0054314, 40.008275 ], [ -83.0055349, 40.0082808 ], [ -83.0055259, 40.0083756 ] ] ] } },
{ "type": "Feature", "properties": { "@id": "way/906858800", "amenity": null, "building": "house", "name": null, "shop": null, "GEOID": "39049001000" }, "geometry": { "type": "Polygon", "coordinates": [ [ [ -83.0053243, 40.0083819 ], [ -83.005262, 40.0083783 ], [ -83.0052719, 40.0082766 ], [ -83.0053498, 40.008281 ], [ -83.0053474, 40.0083064 ], [ -83.0053644, 40.0083073 ], [ -83.0053589, 40.0083639 ], [ -83.0053262, 40.0083621 ], [ -83.0053243, 40.0083819 ] ] ] } },
{ "type": "Feature", "properties": { "@id": "way/918650761", "amenity": null, "building": "house", "name": null, "shop": null, "GEOID": "39049003600" }, "geometry": { "type": "Polygon", "coordinates": [ [ [ -82.9722461, 39.9678934 ], [ -82.9723577, 39.9678893 ], [ -82.9723602, 39.96793 ], [ -82.9722485, 39.967934 ], [ -82.9722461, 39.9678934 ] ] ] } },
{ "type": "Feature", "properties": { "@id": "way/918650857", "amenity": null, "building": "house", "name": null, "shop": null, "GEOID": "39049003600" }, "geometry": { "type": "Polygon", "coordinates": [ [ [ -82.9722384, 39.9677689 ], [ -82.97235, 39.9677648 ], [ -82.9723526, 39.9678063 ], [ -82.972241, 39.9678103 ], [ -82.9722384, 39.9677689 ] ] ] } },
{ "type": "Feature", "properties": { "@id": "way/918650898", "amenity": null, "building": "house", "name": null, "shop": null, "GEOID": "39049003600" }, "geometry": { "type": "Polygon", "coordinates": [ [ [ -82.9722435, 39.9678514 ], [ -82.9723551, 39.9678474 ], [ -82.9723577, 39.9678893 ], [ -82.9722461, 39.9678934 ], [ -82.9722435, 39.9678514 ] ] ] } },
{ "type": "Feature", "properties": { "@id": "way/918650920", "amenity": null, "building": "house", "name": null, "shop": null, "GEOID": "39049003600" }, "geometry": { "type": "Polygon", "coordinates": [ [ [ -82.972241, 39.9678103 ], [ -82.9723526, 39.9678063 ], [ -82.9723551, 39.9678474 ], [ -82.9722435, 39.9678514 ], [ -82.972241, 39.9678103 ] ] ] } },
{ "type": "Feature", "properties": { "@id": "way/918651016", "amenity": null, "building": "house", "name": null, "shop": null, "GEOID": "39049003600" }, "geometry": { "type": "Polygon", "coordinates": [ [ [ -82.9722485, 39.967934 ], [ -82.9723602, 39.96793 ], [ -82.9723627, 39.9679712 ], [ -82.9722511, 39.9679752 ], [ -82.9722485, 39.967934 ] ] ] } },
{ "type": "Feature", "properties": { "@id": "way/977475019", "amenity": null, "building": "house", "name": null, "shop": null, "GEOID": "39049001000" }, "geometry": { "type": "Polygon", "coordinates": [ [ [ -82.9999234, 40.0087414 ], [ -82.9999644, 40.0087432 ], [ -82.9999636, 40.0087536 ], [ -83.0000593, 40.0087576 ], [ -83.0000632, 40.0087001 ], [ -82.9999265, 40.0086947 ], [ -82.9999234, 40.0087414 ] ] ] } },
{ "type": "Feature", "properties": { "@id": "way/977664761", "amenity": null, "building": "house", "name": null, "shop": null, "GEOID": "39049001810" }, "geometry": { "type": "Polygon", "coordinates": [ [ [ -83.0107699, 39.9930227 ], [ -83.0107776, 39.99289 ], [ -83.010651, 39.9928857 ], [ -83.0106433, 39.9930184 ], [ -83.0107699, 39.9930227 ] ] ] } },
{ "type": "Feature", "properties": { "@id": "way/977664783", "amenity": null, "building": "house", "name": null, "shop": null, "GEOID": "39049001810" }, "geometry": { "type": "Polygon", "coordinates": [ [ [ -83.0091262, 39.9920791 ], [ -83.0091187, 39.9922322 ], [ -83.0092343, 39.9922355 ], [ -83.0092419, 39.9920824 ], [ -83.0091262, 39.9920791 ] ] ] } },
{ "type": "Feature", "properties": { "@id": "way/977664793", "amenity": null, "building": "house", "name": null, "shop": null, "GEOID": "39049001810" }, "geometry": { "type": "Polygon", "coordinates": [ [ [ -83.0113312, 39.9921769 ], [ -83.0113274, 39.9923691 ], [ -83.0114051, 39.99237 ], [ -83.0114057, 39.992335 ], [ -83.0114424, 39.9923354 ], [ -83.0114455, 39.9921782 ], [ -83.0113312, 39.9921769 ] ] ] } },
{ "type": "Feature", "properties": { "@id": "way/977664794", "amenity": null, "building": "house", "name": null, "shop": null, "GEOID": "39049001810" }, "geometry": { "type": "Polygon", "coordinates": [ [ [ -83.0114649, 39.9921841 ], [ -83.0114595, 39.9923531 ], [ -83.0115672, 39.9923551 ], [ -83.0115727, 39.9921861 ], [ -83.0114649, 39.9921841 ] ] ] } },
{ "type": "Feature", "properties": { "@id": "way/977664800", "amenity": null, "building": "house", "name": null, "shop": null, "GEOID": "39049001810" }, "geometry": { "type": "Polygon", "coordinates": [ [ [ -83.0121553, 39.9918258 ], [ -83.0121487, 39.9919808 ], [ -83.0122594, 39.9919835 ], [ -83.012266, 39.9918286 ], [ -83.0121553, 39.9918258 ] ] ] } },
{ "type": "Feature", "properties": { "@id": "way/977664801", "amenity": null, "building": "house", "name": null, "shop": null, "GEOID": "39049001810" }, "geometry": { "type": "Polygon", "coordinates": [ [ [ -83.0121234, 39.9919775 ], [ -83.0121296, 39.9918359 ], [ -83.0120299, 39.9918334 ], [ -83.0120238, 39.991975 ], [ -83.0121234, 39.9919775 ] ] ] } },
{ "type": "Feature", "properties": { "@id": "way/977664802", "amenity": null, "building": "house", "name": null, "shop": null, "GEOID": "39049001810" }, "geometry": { "type": "Polygon", "coordinates": [ [ [ -83.0117528, 39.991738 ], [ -83.0117416, 39.991948 ], [ -83.0118086, 39.9919501 ], [ -83.0118097, 39.9919288 ], [ -83.0118566, 39.9919302 ], [ -83.0118616, 39.9918352 ], [ -83.0118182, 39.9918339 ], [ -83.0118232, 39.9917402 ], [ -83.0117528, 39.991738 ] ] ] } },
{ "type": "Feature", "properties": { "@id": "way/977664803", "amenity": null, "building": "house", "name": null, "shop": null, "GEOID": "39049001810" }, "geometry": { "type": "Polygon", "coordinates": [ [ [ -83.0117228, 39.9919506 ], [ -83.0117302, 39.9918276 ], [ -83.0116323, 39.9918241 ], [ -83.0116248, 39.9919471 ], [ -83.0117228, 39.9919506 ] ] ] } },
{ "type": "Feature", "properties": { "@id": "way/977666389", "amenity": null, "building": "house", "name": null, "shop": null, "GEOID": "39049001810" }, "geometry": { "type": "Polygon", "coordinates": [ [ [ -83.012763, 39.9905603 ], [ -83.0127587, 39.9906924 ], [ -83.0128508, 39.9906942 ], [ -83.0128551, 39.9905621 ], [ -83.012763, 39.9905603 ] ] ] } },
{ "type": "Feature", "properties": { "@id": "way/977666409", "amenity": null, "building": "house", "name": null, "shop": null, "GEOID": "39049001810" }, "geometry": { "type": "Polygon", "coordinates": [ [ [ -83.0094012, 39.9917871 ], [ -83.009405, 39.9916913 ], [ -83.0094916, 39.9916933 ], [ -83.0094878, 39.9917891 ], [ -83.0094012, 39.9917871 ] ] ] } },
{ "type": "Feature", "properties": { "@id": "way/977666410", "amenity": null, "building": "house", "name": null, "shop": null, "GEOID": "39049001810" }, "geometry": { "type": "Polygon", "coordinates": [ [ [ -83.0094066, 39.9916728 ], [ -83.0094104, 39.991577 ], [ -83.0094971, 39.991579 ], [ -83.0094933, 39.9916748 ], [ -83.0094066, 39.9916728 ] ] ] } },
{ "type": "Feature", "properties": { "@id": "way/977666411", "amenity": null, "building": "house", "name": null, "shop": null, "GEOID": "39049001810" }, "geometry": { "type": "Polygon", "coordinates": [ [ [ -83.009288, 39.9917827 ], [ -83.0092918, 39.9916869 ], [ -83.0093785, 39.9916889 ], [ -83.0093747, 39.9917847 ], [ -83.009288, 39.9917827 ] ] ] } },
{ "type": "Feature", "properties": { "@id": "way/977666412", "amenity": null, "building": "house", "name": null, "shop": null, "GEOID": "39049001810" }, "geometry": { "type": "Polygon", "coordinates": [ [ [ -83.0092956, 39.9916716 ], [ -83.0092994, 39.9915758 ], [ -83.0093861, 39.9915779 ], [ -83.0093823, 39.9916736 ], [ -83.0092956, 39.9916716 ] ] ] } },
{ "type": "Feature", "properties": { "@id": "way/977666413", "amenity": null, "building": "house", "name": null, "shop": null, "GEOID": "39049001810" }, "geometry": { "type": "Polygon", "coordinates": [ [ [ -83.0095234, 39.9918918 ], [ -83.0095946, 39.9918935 ], [ -83.0095988, 39.9917874 ], [ -83.0095277, 39.9917857 ], [ -83.0095234, 39.9918918 ] ] ] } },
{ "type": "Feature", "properties": { "@id": "way/977666414", "amenity": null, "building": "house", "name": null, "shop": null, "GEOID": "39049001810" }, "geometry": { "type": "Polygon", "coordinates": [ [ [ -83.0096091, 39.9919035 ], [ -83.0096138, 39.9917547 ], [ -83.0096947, 39.9917562 ], [ -83.00969, 39.991905 ], [ -83.0096091, 39.9919035 ] ] ] } },
{ "type": "Feature", "properties": { "@id": "way/977669720", "amenity": null, "building": "house", "name": null, "shop": null, "GEOID": "39049001810" }, "geometry": { "type": "Polygon", "coordinates": [ [ [ -83.0080115, 39.9908598 ], [ -83.0080175, 39.9907189 ], [ -83.0080979, 39.9907209 ], [ -83.0080919, 39.9908618 ], [ -83.0080115, 39.9908598 ] ] ] } },
{ "type": "Feature", "properties": { "@id": "way/977669721", "amenity": null, "building": "house", "name": null, "shop": null, "GEOID": "39049001810" }, "geometry": { "type": "Polygon", "coordinates": [ [ [ -83.0081078, 39.990862 ], [ -83.0081129, 39.99075 ], [ -83.0081996, 39.9907523 ], [ -83.0081945, 39.9908644 ], [ -83.0081078, 39.990862 ] ] ] } },
{ "type": "Feature", "properties": { "@id": "way/977669722", "amenity": null, "building": "house", "name": null, "shop": null, "GEOID": "39049001810" }, "geometry": { "type": "Polygon", "coordinates": [ [ [ -83.0082194, 39.9908624 ], [ -83.0082247, 39.9907399 ], [ -83.0082992, 39.9907417 ], [ -83.008294, 39.9908643 ], [ -83.0082194, 39.9908624 ] ] ] } },
{ "type": "Feature", "properties": { "@id": "way/977669723", "amenity": null, "building": "house", "name": null, "shop": null, "GEOID": "39049001810" }, "geometry": { "type": "Polygon", "coordinates": [ [ [ -83.0083139, 39.990865 ], [ -83.0083191, 39.9907425 ], [ -83.0083937, 39.9907443 ], [ -83.0083885, 39.9908669 ], [ -83.0083139, 39.990865 ] ] ] } },
{ "type": "Feature", "properties": { "@id": "way/977669733", "amenity": null, "building": "house", "name": null, "shop": null, "GEOID": "39049001810" }, "geometry": { "type": "Polygon", "coordinates": [ [ [ -83.0072809, 39.990292 ], [ -83.0072739, 39.9904403 ], [ -83.0073606, 39.9904427 ], [ -83.0073676, 39.9902944 ], [ -83.0072809, 39.990292 ] ] ] } },
{ "type": "Feature", "properties": { "@id": "way/977669734", "amenity": null, "building": "house", "name": null, "shop": null, "GEOID": "39049001810" }, "geometry": { "type": "Polygon", "coordinates": [ [ [ -83.0072646, 39.9902941 ], [ -83.0072589, 39.9904269 ], [ -83.0071861, 39.990425 ], [ -83.0071918, 39.9902923 ], [ -83.0072646, 39.9902941 ] ] ] } },
{ "type": "Feature", "properties": { "@id": "way/977669737", "amenity": null, "building": "house", "name": null, "shop": null, "GEOID": "39049001810" }, "geometry": { "type": "Polygon", "coordinates": [ [ [ -83.0080375, 39.9903302 ], [ -83.0080333, 39.990473 ], [ -83.0081176, 39.9904744 ], [ -83.0081217, 39.9903317 ], [ -83.0080375, 39.9903302 ] ] ] } },
{ "type": "Feature", "properties": { "@id": "way/977669738", "amenity": null, "building": "house", "name": null, "shop": null, "GEOID": "39049001810" }, "geometry": { "type": "Polygon", "coordinates": [ [ [ -83.0081337, 39.990329 ], [ -83.0081267, 39.9905229 ], [ -83.0082201, 39.9905249 ], [ -83.0082272, 39.990331 ], [ -83.0081337, 39.990329 ] ] ] } },
{ "type": "Feature", "properties": { "@id": "way/977669739", "amenity": null, "building": "house", "name": null, "shop": null, "GEOID": "39049001810" }, "geometry": { "type": "Polygon", "coordinates": [ [ [ -83.0082498, 39.9903336 ], [ -83.0082466, 39.990444 ], [ -83.0082585, 39.9904442 ], [ -83.0082573, 39.9904852 ], [ -83.0082727, 39.9904855 ], [ -83.0082715, 39.9905258 ], [ -83.0083316, 39.9905268 ], [ -83.0083371, 39.9903351 ], [ -83.0082498, 39.9903336 ] ] ] } },
{ "type": "Feature", "properties": { "@id": "way/977669740", "amenity": null, "building": "house", "name": null, "shop": null, "GEOID": "39049001810" }, "geometry": { "type": "Polygon", "coordinates": [ [ [ -83.0083526, 39.9903422 ], [ -83.0083475, 39.990499 ], [ -83.0084417, 39.9905008 ], [ -83.0084468, 39.990344 ], [ -83.0083526, 39.9903422 ] ] ] } },
{ "type": "Feature", "properties": { "@id": "way/977669748", "amenity": null, "building": "house", "name": null, "shop": null, "GEOID": "39049001810" }, "geometry": { "type": "Polygon", "coordinates": [ [ [ -83.0086396, 39.9903647 ], [ -83.0086333, 39.9905004 ], [ -83.0087191, 39.9905028 ], [ -83.0087255, 39.990367 ], [ -83.0086396, 39.9903647 ] ] ] } },
{ "type": "Feature", "properties": { "@id": "way/977669749", "amenity": null, "building": "house", "name": null, "shop": null, "GEOID": "39049001810" }, "geometry": { "type": "Polygon", "coordinates": [ [ [ -83.0087761, 39.9903667 ], [ -83.0087735, 39.9904162 ], [ -83.0087382, 39.9904151 ], [ -83.0087344, 39.9904869 ], [ -83.008837, 39.99049 ], [ -83.0088433, 39.9903688 ], [ -83.0087761, 39.9903667 ] ] ] } },
{ "type": "Feature", "properties": { "@id": "way/977669750", "amenity": null, "building": "house", "name": null, "shop": null, "GEOID": "39049001810" }, "geometry": { "type": "Polygon", "coordinates": [ [ [ -83.0089674, 39.9903736 ], [ -83.0089627, 39.9905046 ], [ -83.0090427, 39.9905063 ], [ -83.0090474, 39.9903753 ], [ -83.0089674, 39.9903736 ] ] ] } },
{ "type": "Feature", "properties": { "@id": "way/977669751", "amenity": null, "building": "house", "name": null, "shop": null, "GEOID": "39049001810" }, "geometry": { "type": "Polygon", "coordinates": [ [ [ -83.0090686, 39.9903755 ], [ -83.0090583, 39.9905484 ], [ -83.0092342, 39.9905545 ], [ -83.0092407, 39.9904457 ], [ -83.0091994, 39.9904443 ], [ -83.0092032, 39.9903802 ], [ -83.0090686, 39.9903755 ] ] ] } },
{ "type": "Feature", "properties": { "@id": "way/977669752", "amenity": null, "building": "house", "name": null, "shop": null, "GEOID": "39049001810" }, "geometry": { "type": "Polygon", "coordinates": [ [ [ -83.0093983, 39.9903748 ], [ -83.0093943, 39.9905135 ], [ -83.0094749, 39.9905149 ], [ -83.0094788, 39.9903762 ], [ -83.0093983, 39.9903748 ] ] ] } },
{ "type": "Feature", "properties": { "@id": "way/977669753", "amenity": null, "building": "house", "name": null, "shop": null, "GEOID": "39049001810" }, "geometry": { "type": "Polygon", "coordinates": [ [ [ -83.0094924, 39.9903816 ], [ -83.0094864, 39.9905155 ], [ -83.0095832, 39.9905181 ], [ -83.0095893, 39.9903842 ], [ -83.0094924, 39.9903816 ] ] ] } },
{ "type": "Feature", "properties": { "@id": "way/977669754", "amenity": null, "building": "house", "name": null, "shop": null, "GEOID": "39049001810" }, "geometry": { "type": "Polygon", "coordinates": [ [ [ -83.0096018, 39.9903948 ], [ -83.0095958, 39.9905196 ], [ -83.0096896, 39.9905222 ], [ -83.0096955, 39.9903974 ], [ -83.0096018, 39.9903948 ] ] ] } },
{ "type": "Feature", "properties": { "@id": "way/977669755", "amenity": null, "building": "house", "name": null, "shop": null, "GEOID": "39049001810" }, "geometry": { "type": "Polygon", "coordinates": [ [ [ -83.0097069, 39.9903855 ], [ -83.0096996, 39.9905209 ], [ -83.009799, 39.9905241 ], [ -83.0098064, 39.9903886 ], [ -83.0097069, 39.9903855 ] ] ] } },
{ "type": "Feature", "properties": { "@id": "way/977669765", "amenity": null, "building": "house", "name": null, "shop": null, "GEOID": "39049001810" }, "geometry": { "type": "Polygon", "coordinates": [ [ [ -83.0088308, 39.9907942 ], [ -83.0088278, 39.9908396 ], [ -83.008844, 39.9908402 ], [ -83.0088404, 39.990895 ], [ -83.0089138, 39.9908978 ], [ -83.0089204, 39.9907976 ], [ -83.0088308, 39.9907942 ] ] ] } },
{ "type": "Feature", "properties": { "@id": "way/977669766", "amenity": null, "building": "house", "name": null, "shop": null, "GEOID": "39049001810" }, "geometry": { "type": "Polygon", "coordinates": [ [ [ -83.0089367, 39.9907874 ], [ -83.0089321, 39.9908692 ], [ -83.0089584, 39.9908701 ], [ -83.0089563, 39.9909078 ], [ -83.0090228, 39.99091 ], [ -83.0090294, 39.9907904 ], [ -83.0089367, 39.9907874 ] ] ] } },
{ "type": "Feature", "properties": { "@id": "way/977669933", "amenity": null, "building": "house", "name": null, "shop": null, "GEOID": "39049001810" }, "geometry": { "type": "Polygon", "coordinates": [ [ [ -83.0093761, 39.9908009 ], [ -83.0093702, 39.9909299 ], [ -83.009447, 39.9909319 ], [ -83.0094529, 39.990803 ], [ -83.0093761, 39.9908009 ] ] ] } },
{ "type": "Feature", "properties": { "@id": "way/977669934", "amenity": null, "building": "house", "name": null, "shop": null, "GEOID": "39049001810" }, "geometry": { "type": "Polygon", "coordinates": [ [ [ -83.0094627, 39.9909235 ], [ -83.0095421, 39.9909253 ], [ -83.0095464, 39.9908117 ], [ -83.0094985, 39.9908106 ], [ -83.0094977, 39.9908305 ], [ -83.0094662, 39.9908298 ], [ -83.0094627, 39.9909235 ] ] ] } },
{ "type": "Feature", "properties": { "@id": "way/977669935", "amenity": null, "building": "house", "name": null, "shop": null, "GEOID": "39049001810" }, "geometry": { "type": "Polygon", "coordinates": [ [ [ -83.0095608, 39.9909389 ], [ -83.0095692, 39.990805 ], [ -83.0096234, 39.9908069 ], [ -83.0096222, 39.9908265 ], [ -83.0096606, 39.9908279 ], [ -83.0096535, 39.9909423 ], [ -83.0095608, 39.9909389 ] ] ] } },
{ "type": "Feature", "properties": { "@id": "way/980405689", "amenity": null, "building": "house", "name": null, "shop": null, "GEOID": "39049001300" }, "geometry": { "type": "Polygon", "coordinates": [ [ [ -83.0016533, 40.000717 ], [ -83.0016617, 40.0005964 ], [ -83.0016988, 40.000598 ], [ -83.0017, 40.0005808 ], [ -83.0017715, 40.0005838 ], [ -83.0017618, 40.0007214 ], [ -83.0016533, 40.000717 ] ] ] } },
{ "type": "Feature", "properties": { "@id": "way/980405690", "amenity": null, "building": "house", "name": null, "shop": null, "GEOID": "39049001300" }, "geometry": { "type": "Polygon", "coordinates": [ [ [ -83.0020823, 40.00073 ], [ -83.0020919, 40.0005705 ], [ -83.0021643, 40.0005731 ], [ -83.002162, 40.0006107 ], [ -83.002207, 40.0006123 ], [ -83.0021997, 40.0007342 ], [ -83.0020823, 40.00073 ] ] ] } },
{ "type": "Feature", "properties": { "@id": "way/980405691", "amenity": null, "building": "house", "name": null, "shop": null, "GEOID": "39049001300" }, "geometry": { "type": "Polygon", "coordinates": [ [ [ -83.002212, 40.0007336 ], [ -83.0022206, 40.0006004 ], [ -83.0022871, 40.000603 ], [ -83.0022858, 40.0006241 ], [ -83.0023199, 40.0006254 ], [ -83.0023126, 40.0007374 ], [ -83.002212, 40.0007336 ] ] ] } },
{ "type": "Feature", "properties": { "@id": "way/980405730", "amenity": null, "building": "house", "name": null, "shop": null, "GEOID": "39049001300" }, "geometry": { "type": "Polygon", "coordinates": [ [ [ -83.0047864, 39.9989506 ], [ -83.004653, 39.9989456 ], [ -83.0046389, 39.9991676 ], [ -83.0047723, 39.9991725 ], [ -83.0047864, 39.9989506 ] ] ] } },
{ "type": "Feature", "properties": { "@id": "way/980405738", "amenity": null, "building": "house", "name": null, "shop": null, "GEOID": "39049001300" }, "geometry": { "type": "Polygon", "coordinates": [ [ [ -83.0021365, 39.99562 ], [ -83.0020206, 39.9956161 ], [ -83.0020135, 39.995741 ], [ -83.0021294, 39.9957449 ], [ -83.0021365, 39.99562 ] ] ] } },
{ "type": "Feature", "properties": { "@id": "way/980405739", "amenity": null, "building": "house", "name": null, "shop": null, "GEOID": "39049001300" }, "geometry": { "type": "Polygon", "coordinates": [ [ [ -83.0016725, 39.9957012 ], [ -83.0018879, 39.9957075 ], [ -83.0018926, 39.9956131 ], [ -83.0018141, 39.9956108 ], [ -83.0018133, 39.9956276 ], [ -83.0016764, 39.9956236 ], [ -83.0016725, 39.9957012 ] ] ] } },
{ "type": "Feature", "properties": { "@id": "way/980405740", "amenity": null, "building": "house", "name": null, "shop": null, "GEOID": "39049001300" }, "geometry": { "type": "Polygon", "coordinates": [ [ [ -83.0016745, 39.9957399 ], [ -83.0016717, 39.9958259 ], [ -83.0018269, 39.9958288 ], [ -83.0018286, 39.9957767 ], [ -83.0018089, 39.9957763 ], [ -83.00181, 39.9957425 ], [ -83.0016745, 39.9957399 ] ] ] } },
{ "type": "Feature", "properties": { "@id": "way/980405741", "amenity": null, "building": "house", "name": null, "shop": null, "GEOID": "39049001300" }, "geometry": { "type": "Polygon", "coordinates": [ [ [ -83.0016696, 39.9958381 ], [ -83.0018215, 39.995841 ], [ -83.0018206, 39.9958685 ], [ -83.0018389, 39.9958688 ], [ -83.0018374, 39.9959162 ], [ -83.0016671, 39.9959129 ], [ -83.0016696, 39.9958381 ] ] ] } },
{ "type": "Feature", "properties": { "@id": "way/980405742", "amenity": null, "building": "house", "name": null, "shop": null, "GEOID": "39049001300" }, "geometry": { "type": "Polygon", "coordinates": [ [ [ -83.0016653, 39.9959229 ], [ -83.0016614, 39.9959929 ], [ -83.0018113, 39.9959978 ], [ -83.0018152, 39.9959278 ], [ -83.0016653, 39.9959229 ] ] ] } },
{ "type": "Feature", "properties": { "@id": "way/980405743", "amenity": null, "building": "house", "name": null, "shop": null, "GEOID": "39049001300" }, "geometry": { "type": "Polygon", "coordinates": [ [ [ -83.0016594, 39.9960028 ], [ -83.0018146, 39.9960076 ], [ -83.0018102, 39.9960894 ], [ -83.001655, 39.9960846 ], [ -83.0016594, 39.9960028 ] ] ] } },
{ "type": "Feature", "properties": { "@id": "way/980408037", "amenity": null, "building": "house", "name": null, "shop": null, "GEOID": "39049001700" }, "geometry": { "type": "Polygon", "coordinates": [ [ [ -83.0025443, 39.9954259 ], [ -83.0026602, 39.99543 ], [ -83.0026717, 39.9952501 ], [ -83.0025548, 39.995246 ], [ -83.0025443, 39.9954259 ] ] ] } },
{ "type": "Feature", "properties": { "@id": "way/980408048", "amenity": null, "building": "house", "name": null, "shop": null, "GEOID": "39049001700" }, "geometry": { "type": "Polygon", "coordinates": [ [ [ -83.0019731, 39.9953818 ], [ -83.0019829, 39.9952259 ], [ -83.0018864, 39.9952223 ], [ -83.0018765, 39.9953782 ], [ -83.0019731, 39.9953818 ] ] ] } },
{ "type": "Feature", "properties": { "@id": "way/980408094", "amenity": null, "building": "house", "name": null, "shop": null, "GEOID": "39049001700" }, "geometry": { "type": "Polygon", "coordinates": [ [ [ -83.0017196, 39.9941538 ], [ -83.0017149, 39.994239 ], [ -83.0019318, 39.994246 ], [ -83.0019365, 39.9941608 ], [ -83.0017196, 39.9941538 ] ] ] } },
{ "type": "Feature", "properties": { "@id": "way/980408095", "amenity": null, "building": "house", "name": null, "shop": null, "GEOID": "39049001700" }, "geometry": { "type": "Polygon", "coordinates": [ [ [ -83.0017131, 39.9942449 ], [ -83.0017087, 39.9943279 ], [ -83.0018787, 39.9943332 ], [ -83.0018816, 39.9942785 ], [ -83.0018577, 39.9942778 ], [ -83.0018592, 39.9942494 ], [ -83.0017131, 39.9942449 ] ] ] } },
{ "type": "Feature", "properties": { "@id": "way/980412385", "amenity": null, "building": "house", "name": null, "shop": null, "GEOID": "39049001700" }, "geometry": { "type": "Polygon", "coordinates": [ [ [ -83.0039924, 39.9903773 ], [ -83.0039852, 39.9905165 ], [ -83.0040809, 39.9905195 ], [ -83.0040873, 39.9903975 ], [ -83.0040453, 39.9903962 ], [ -83.0040462, 39.9903789 ], [ -83.0039924, 39.9903773 ] ] ] } },
{ "type": "Feature", "properties": { "@id": "way/980412387", "amenity": null, "building": "house", "name": null, "shop": null, "GEOID": "39049001700" }, "geometry": { "type": "Polygon", "coordinates": [ [ [ -83.0040958, 39.9905341 ], [ -83.0041048, 39.9904008 ], [ -83.0041895, 39.9904042 ], [ -83.0041805, 39.9905374 ], [ -83.0040958, 39.9905341 ] ] ] } },
{ "type": "Feature", "properties": { "@id": "way/980412395", "amenity": null, "building": "house", "name": null, "shop": null, "GEOID": "39049001700" }, "geometry": { "type": "Polygon", "coordinates": [ [ [ -83.0033622, 39.9909593 ], [ -83.0035553, 39.9909658 ], [ -83.00356, 39.9908827 ], [ -83.0033669, 39.9908763 ], [ -83.0033622, 39.9909593 ] ] ] } },
{ "type": "Feature", "properties": { "@id": "way/980412396", "amenity": null, "building": "house", "name": null, "shop": null, "GEOID": "39049001700" }, "geometry": { "type": "Polygon", "coordinates": [ [ [ -83.003368, 39.9908675 ], [ -83.0035611, 39.990874 ], [ -83.0035658, 39.9907909 ], [ -83.0033727, 39.9907845 ], [ -83.003368, 39.9908675 ] ] ] } },
{ "type": "Feature", "properties": { "@id": "way/980412397", "amenity": null, "building": "house", "name": null, "shop": null, "GEOID": "39049001700" }, "geometry": { "type": "Polygon", "coordinates": [ [ [ -83.0033713, 39.9907766 ], [ -83.0035645, 39.9907831 ], [ -83.0035692, 39.9907 ], [ -83.003376, 39.9906936 ], [ -83.0033713, 39.9907766 ] ] ] } },
{ "type": "Feature", "properties": { "@id": "way/980412398", "amenity": null, "building": "house", "name": null, "shop": null, "GEOID": "39049001700" }, "geometry": { "type": "Polygon", "coordinates": [ [ [ -83.003378, 39.990684 ], [ -83.0035711, 39.9906905 ], [ -83.0035758, 39.9906074 ], [ -83.0033827, 39.990601 ], [ -83.003378, 39.990684 ] ] ] } },
{ "type": "Feature", "properties": { "@id": "way/980412399", "amenity": null, "building": "house", "name": null, "shop": null, "GEOID": "39049001700" }, "geometry": { "type": "Polygon", "coordinates": [ [ [ -83.0033824, 39.990594 ], [ -83.0035756, 39.9906004 ], [ -83.0035803, 39.9905174 ], [ -83.0033871, 39.9905109 ], [ -83.0033824, 39.990594 ] ] ] } },
{ "type": "Feature", "properties": { "@id": "way/980412400", "amenity": null, "building": "house", "name": null, "shop": null, "GEOID": "39049001700" }, "geometry": { "type": "Polygon", "coordinates": [ [ [ -83.0033857, 39.9905022 ], [ -83.0035789, 39.9905087 ], [ -83.0035836, 39.9904256 ], [ -83.0033905, 39.9904192 ], [ -83.0033857, 39.9905022 ] ] ] } },
{ "type": "Feature", "properties": { "@id": "way/980412422", "amenity": null, "building": "house", "name": null, "shop": null, "GEOID": "39049001700" }, "geometry": { "type": "Polygon", "coordinates": [ [ [ -83.0051361, 39.9911918 ], [ -83.0051413, 39.9910783 ], [ -83.0050386, 39.9910755 ], [ -83.0050334, 39.991189 ], [ -83.0051361, 39.9911918 ] ] ] } },
{ "type": "Feature", "properties": { "@id": "way/980412423", "amenity": null, "building": "house", "name": null, "shop": null, "GEOID": "39049001700" }, "geometry": { "type": "Polygon", "coordinates": [ [ [ -83.0049233, 39.9911857 ], [ -83.0049302, 39.9910286 ], [ -83.0048715, 39.9910271 ], [ -83.0048696, 39.9910701 ], [ -83.0048304, 39.9910691 ], [ -83.0048254, 39.9911832 ], [ -83.0049233, 39.9911857 ] ] ] } },
{ "type": "Feature", "properties": { "@id": "way/980412424", "amenity": null, "building": "house", "name": null, "shop": null, "GEOID": "39049001700" }, "geometry": { "type": "Polygon", "coordinates": [ [ [ -83.0048126, 39.9911825 ], [ -83.0048195, 39.9910254 ], [ -83.0047608, 39.9910239 ], [ -83.0047589, 39.9910669 ], [ -83.0047197, 39.9910659 ], [ -83.0047147, 39.99118 ], [ -83.0048126, 39.9911825 ] ] ] } },
{ "type": "Feature", "properties": { "@id": "way/980412425", "amenity": null, "building": "house", "name": null, "shop": null, "GEOID": "39049001700" }, "geometry": { "type": "Polygon", "coordinates": [ [ [ -83.0047075, 39.9911787 ], [ -83.0047144, 39.9910217 ], [ -83.0046557, 39.9910201 ], [ -83.0046538, 39.9910632 ], [ -83.0046145, 39.9910622 ], [ -83.0046095, 39.9911762 ], [ -83.0047075, 39.9911787 ] ] ] } },
{ "type": "Feature", "properties": { "@id": "way/980412426", "amenity": null, "building": "house", "name": null, "shop": null, "GEOID": "39049001700" }, "geometry": { "type": "Polygon", "coordinates": [ [ [ -83.0045986, 39.9911692 ], [ -83.004606, 39.9910434 ], [ -83.0045525, 39.9910415 ], [ -83.004552, 39.9910511 ], [ -83.0045167, 39.9910499 ], [ -83.0045099, 39.9911662 ], [ -83.0045986, 39.9911692 ] ] ] } },
{ "type": "Feature", "properties": { "@id": "way/980412431", "amenity": null, "building": "house", "name": null, "shop": null, "GEOID": "39049001700" }, "geometry": { "type": "Polygon", "coordinates": [ [ [ -83.0029785, 39.9914837 ], [ -83.0029763, 39.9915586 ], [ -83.002816, 39.9915558 ], [ -83.0028182, 39.9914809 ], [ -83.0029785, 39.9914837 ] ] ] } },
{ "type": "Feature", "properties": { "@id": "way/980412444", "amenity": null, "building": "house", "name": null, "shop": null, "GEOID": "39049001700" }, "geometry": { "type": "Polygon", "coordinates": [ [ [ -83.0030485, 39.9904151 ], [ -83.0030424, 39.9904966 ], [ -83.0028359, 39.9904875 ], [ -83.002842, 39.990406 ], [ -83.0030485, 39.9904151 ] ] ] } },
{ "type": "Feature", "properties": { "@id": "way/980412445", "amenity": null, "building": "house", "name": null, "shop": null, "GEOID": "39049001700" }, "geometry": { "type": "Polygon", "coordinates": [ [ [ -83.0030144, 39.9905019 ], [ -83.003009, 39.9905863 ], [ -83.0028294, 39.9905796 ], [ -83.0028348, 39.9904952 ], [ -83.0030144, 39.9905019 ] ] ] } },
{ "type": "Feature", "properties": { "@id": "way/980412446", "amenity": null, "building": "house", "name": null, "shop": null, "GEOID": "39049001700" }, "geometry": { "type": "Polygon", "coordinates": [ [ [ -83.003008, 39.9905907 ], [ -83.0030026, 39.990675 ], [ -83.0028229, 39.9906683 ], [ -83.0028283, 39.9905839 ], [ -83.003008, 39.9905907 ] ] ] } },
{ "type": "Feature", "properties": { "@id": "way/980412447", "amenity": null, "building": "house", "name": null, "shop": null, "GEOID": "39049001700" }, "geometry": { "type": "Polygon", "coordinates": [ [ [ -83.0030004, 39.9906806 ], [ -83.002995, 39.990765 ], [ -83.0028153, 39.9907583 ], [ -83.0028207, 39.9906739 ], [ -83.0030004, 39.9906806 ] ] ] } },
{ "type": "Feature", "properties": { "@id": "way/980412448", "amenity": null, "building": "house", "name": null, "shop": null, "GEOID": "39049001700" }, "geometry": { "type": "Polygon", "coordinates": [ [ [ -83.0029838, 39.9911036 ], [ -83.0028283, 39.9910986 ], [ -83.0028247, 39.991165 ], [ -83.0029802, 39.99117 ], [ -83.0029838, 39.9911036 ] ] ] } },
{ "type": "Feature", "properties": { "@id": "way/980412454", "amenity": null, "building": "house", "name": null, "shop": null, "GEOID": "39049001700" }, "geometry": { "type": "Polygon", "coordinates": [ [ [ -83.0019533, 39.990534 ], [ -83.0021324, 39.9905403 ], [ -83.0021372, 39.9904609 ], [ -83.0019581, 39.9904546 ], [ -83.0019533, 39.990534 ] ] ] } },
{ "type": "Feature", "properties": { "@id": "way/980412455", "amenity": null, "building": "house", "name": null, "shop": null, "GEOID": "39049001700" }, "geometry": { "type": "Polygon", "coordinates": [ [ [ -83.0019382, 39.9904483 ], [ -83.0021282, 39.9904543 ], [ -83.0021323, 39.9903778 ], [ -83.0019424, 39.9903717 ], [ -83.0019382, 39.9904483 ] ] ] } },
{ "type": "Feature", "properties": { "@id": "way/980412459", "amenity": null, "building": "house", "name": null, "shop": null, "GEOID": "39049001700" }, "geometry": { "type": "Polygon", "coordinates": [ [ [ -83.0021049, 39.9909778 ], [ -83.0021083, 39.9909082 ], [ -83.0019835, 39.9909047 ], [ -83.0019822, 39.9909313 ], [ -83.0019639, 39.9909308 ], [ -83.0019618, 39.9909737 ], [ -83.0021049, 39.9909778 ] ] ] } },
{ "type": "Feature", "properties": { "@id": "way/980412464", "amenity": null, "building": "house", "name": null, "shop": null, "GEOID": "39049001700" }, "geometry": { "type": "Polygon", "coordinates": [ [ [ -83.0019337, 39.9909808 ], [ -83.0019297, 39.9910595 ], [ -83.0020974, 39.9910645 ], [ -83.0021015, 39.9909859 ], [ -83.0019337, 39.9909808 ] ] ] } },
{ "type": "Feature", "properties": { "@id": "way/980412465", "amenity": null, "building": "house", "name": null, "shop": null, "GEOID": "39049001700" }, "geometry": { "type": "Polygon", "coordinates": [ [ [ -83.0020744, 39.9910707 ], [ -83.0020716, 39.9911434 ], [ -83.0019481, 39.9911406 ], [ -83.00195, 39.9910919 ], [ -83.0019761, 39.9910925 ], [ -83.0019771, 39.9910684 ], [ -83.0020744, 39.9910707 ] ] ] } },
{ "type": "Feature", "properties": { "@id": "way/980412466", "amenity": null, "building": "house", "name": null, "shop": null, "GEOID": "39049001700" }, "geometry": { "type": "Polygon", "coordinates": [ [ [ -83.0019774, 39.9911536 ], [ -83.0021084, 39.9911567 ], [ -83.0021055, 39.9912269 ], [ -83.0019471, 39.9912231 ], [ -83.0019493, 39.9911704 ], [ -83.0019767, 39.991171 ], [ -83.0019774, 39.9911536 ] ] ] } },
{ "type": "Feature", "properties": { "@id": "way/980412467", "amenity": null, "building": "house", "name": null, "shop": null, "GEOID": "39049001700" }, "geometry": { "type": "Polygon", "coordinates": [ [ [ -83.0020813, 39.9912354 ], [ -83.0020784, 39.9913141 ], [ -83.0019417, 39.9913111 ], [ -83.0019446, 39.9912325 ], [ -83.0020813, 39.9912354 ] ] ] } },
{ "type": "Feature", "properties": { "@id": "way/980414663", "amenity": null, "building": "house", "name": null, "shop": null, "GEOID": "39049001200" }, "geometry": { "type": "Polygon", "coordinates": [ [ [ -83.0010834, 40.0041477 ], [ -83.0010766, 40.0042493 ], [ -83.0012288, 40.0042553 ], [ -83.0012356, 40.0041537 ], [ -83.0010834, 40.0041477 ] ] ] } },
{ "type": "Feature", "properties": { "@id": "way/980414664", "amenity": null, "building": "house", "name": null, "shop": null, "GEOID": "39049001200" }, "geometry": { "type": "Polygon", "coordinates": [ [ [ -83.0011065, 40.0041363 ], [ -83.0012549, 40.0041415 ], [ -83.0012602, 40.0040545 ], [ -83.0011118, 40.0040492 ], [ -83.0011065, 40.0041363 ] ] ] } },
{ "type": "Feature", "properties": { "@id": "way/980414673", "amenity": null, "building": "house", "name": null, "shop": null, "GEOID": "39049001200" }, "geometry": { "type": "Polygon", "coordinates": [ [ [ -83.0026223, 40.0055062 ], [ -83.0025103, 40.0055039 ], [ -83.0025057, 40.0056428 ], [ -83.0026177, 40.0056441 ], [ -83.0026223, 40.0055062 ] ] ] } },
{ "type": "Feature", "properties": { "@id": "way/980414674", "amenity": null, "building": "house", "name": null, "shop": null, "GEOID": "39049001200" }, "geometry": { "type": "Polygon", "coordinates": [ [ [ -83.0027571, 40.005504 ], [ -83.0026472, 40.0055011 ], [ -83.0026419, 40.005645 ], [ -83.0027518, 40.0056469 ], [ -83.0027571, 40.005504 ] ] ] } },
{ "type": "Feature", "properties": { "@id": "way/980417842", "amenity": null, "building": "house", "name": null, "shop": null, "GEOID": "39049001200" }, "geometry": { "type": "Polygon", "coordinates": [ [ [ -83.0056907, 40.0049258 ], [ -83.0056742, 40.0051247 ], [ -83.0057713, 40.0051294 ], [ -83.0057877, 40.0049305 ], [ -83.0056907, 40.0049258 ] ] ] } },
{ "type": "Feature", "properties": { "@id": "way/980417858", "amenity": null, "building": "house", "name": null, "shop": null, "GEOID": "39049001000" }, "geometry": { "type": "Polygon", "coordinates": [ [ [ -83.0055652, 40.0069909 ], [ -83.0055727, 40.0068748 ], [ -83.0054977, 40.0068719 ], [ -83.0054931, 40.0069428 ], [ -83.0055093, 40.0069434 ], [ -83.0055064, 40.0069887 ], [ -83.0055652, 40.0069909 ] ] ] } },
{ "type": "Feature", "properties": { "@id": "way/980417868", "amenity": null, "building": "house", "name": null, "shop": null, "GEOID": "39049001000" }, "geometry": { "type": "Polygon", "coordinates": [ [ [ -83.0047618, 40.0068139 ], [ -83.0047517, 40.0069402 ], [ -83.0048367, 40.0069442 ], [ -83.0048468, 40.0068179 ], [ -83.0047618, 40.0068139 ] ] ] } },
{ "type": "Feature", "properties": { "@id": "way/980417869", "amenity": null, "building": "house", "name": null, "shop": null, "GEOID": "39049001000" }, "geometry": { "type": "Polygon", "coordinates": [ [ [ -83.0044553, 40.0069471 ], [ -83.0043564, 40.0069427 ], [ -83.0043647, 40.0068329 ], [ -83.0044637, 40.0068373 ], [ -83.0044553, 40.0069471 ] ] ] } },
{ "type": "Feature", "properties": { "@id": "way/980417882", "amenity": null, "building": "house", "name": null, "shop": null, "GEOID": "39049001000" }, "geometry": { "type": "Polygon", "coordinates": [ [ [ -83.0030644, 40.0075936 ], [ -83.0028894, 40.0075855 ], [ -83.0028957, 40.0075066 ], [ -83.0030707, 40.0075147 ], [ -83.0030644, 40.0075936 ] ] ] } },
{ "type": "Feature", "properties": { "@id": "way/980744173", "amenity": null, "building": "house", "name": null, "shop": null, "GEOID": "39049001700" }, "geometry": { "type": "Polygon", "coordinates": [ [ [ -83.0017678, 39.9880335 ], [ -83.0017632, 39.9881175 ], [ -83.0015716, 39.9881113 ], [ -83.0015762, 39.9880273 ], [ -83.0017678, 39.9880335 ] ] ] } },
{ "type": "Feature", "properties": { "@id": "way/980744174", "amenity": null, "building": "house", "name": null, "shop": null, "GEOID": "39049001700" }, "geometry": { "type": "Polygon", "coordinates": [ [ [ -83.0017642, 39.9881263 ], [ -83.0015726, 39.98812 ], [ -83.0015681, 39.9882012 ], [ -83.0017596, 39.9882075 ], [ -83.0017642, 39.9881263 ] ] ] } },
{ "type": "Feature", "properties": { "@id": "way/980744175", "amenity": null, "building": "house", "name": null, "shop": null, "GEOID": "39049001700" }, "geometry": { "type": "Polygon", "coordinates": [ [ [ -83.0017769, 39.9878317 ], [ -83.0016168, 39.9878244 ], [ -83.0016232, 39.9877418 ], [ -83.0017833, 39.987749 ], [ -83.0017769, 39.9878317 ] ] ] } },
{ "type": "Feature", "properties": { "@id": "way/980744176", "amenity": null, "building": "house", "name": null, "shop": null, "GEOID": "39049001700" }, "geometry": { "type": "Polygon", "coordinates": [ [ [ -83.0017835, 39.9877427 ], [ -83.0017897, 39.9876597 ], [ -83.0016306, 39.9876526 ], [ -83.0016243, 39.9877356 ], [ -83.0017835, 39.9877427 ] ] ] } },
{ "type": "Feature", "properties": { "@id": "way/980744177", "amenity": null, "building": "house", "name": null, "shop": null, "GEOID": "39049001700" }, "geometry": { "type": "Polygon", "coordinates": [ [ [ -83.0017903, 39.9876531 ], [ -83.0017974, 39.9875648 ], [ -83.0016245, 39.9875566 ], [ -83.0016174, 39.9876449 ], [ -83.0017903, 39.9876531 ] ] ] } },
{ "type": "Feature", "properties": { "@id": "way/980744178", "amenity": null, "building": "house", "name": null, "shop": null, "GEOID": "39049001700" }, "geometry": { "type": "Polygon", "coordinates": [ [ [ -83.0017984, 39.9875535 ], [ -83.0016336, 39.9875457 ], [ -83.0016404, 39.9874611 ], [ -83.0018052, 39.9874689 ], [ -83.0017984, 39.9875535 ] ] ] } },
{ "type": "Feature", "properties": { "@id": "way/980744188", "amenity": null, "building": "house", "name": null, "shop": null, "GEOID": "39049001700" }, "geometry": { "type": "Polygon", "coordinates": [ [ [ -83.000872, 39.9884426 ], [ -83.0010026, 39.9884469 ], [ -83.0010061, 39.9883844 ], [ -83.0008755, 39.9883801 ], [ -83.000872, 39.9884426 ] ] ] } },
{ "type": "Feature", "properties": { "@id": "way/980744231", "amenity": null, "building": "house", "name": null, "shop": null, "GEOID": "39049001600" }, "geometry": { "type": "Polygon", "coordinates": [ [ [ -82.9972436, 39.9890764 ], [ -82.9974143, 39.9890824 ], [ -82.9974192, 39.989001 ], [ -82.9972485, 39.988995 ], [ -82.9972436, 39.9890764 ] ] ] } },
{ "type": "Feature", "properties": { "@id": "way/980744232", "amenity": null, "building": "house", "name": null, "shop": null, "GEOID": "39049001600" }, "geometry": { "type": "Polygon", "coordinates": [ [ [ -82.9972501, 39.9889801 ], [ -82.9974208, 39.9889861 ], [ -82.9974257, 39.9889046 ], [ -82.997255, 39.9888986 ], [ -82.9972501, 39.9889801 ] ] ] } },
{ "type": "Feature", "properties": { "@id": "way/980744233", "amenity": null, "building": "house", "name": null, "shop": null, "GEOID": "39049001600" }, "geometry": { "type": "Polygon", "coordinates": [ [ [ -82.9972549, 39.9888864 ], [ -82.997441, 39.9888928 ], [ -82.9974458, 39.9888113 ], [ -82.9972596, 39.9888049 ], [ -82.9972549, 39.9888864 ] ] ] } },
{ "type": "Feature", "properties": { "@id": "way/980744234", "amenity": null, "building": "house", "name": null, "shop": null, "GEOID": "39049001600" }, "geometry": { "type": "Polygon", "coordinates": [ [ [ -82.9972605, 39.9887905 ], [ -82.9974312, 39.9887965 ], [ -82.997436, 39.9887151 ], [ -82.9972653, 39.9887091 ], [ -82.9972605, 39.9887905 ] ] ] } },
{ "type": "Feature", "properties": { "@id": "way/980744235", "amenity": null, "building": "house", "name": null, "shop": null, "GEOID": "39049001600" }, "geometry": { "type": "Polygon", "coordinates": [ [ [ -82.9972631, 39.9886767 ], [ -82.9974485, 39.9886833 ], [ -82.9974535, 39.9886016 ], [ -82.9972681, 39.988595 ], [ -82.9972631, 39.9886767 ] ] ] } },
{ "type": "Feature", "properties": { "@id": "way/980744236", "amenity": null, "building": "house", "name": null, "shop": null, "GEOID": "39049001600" }, "geometry": { "type": "Polygon", "coordinates": [ [ [ -82.9972668, 39.9885834 ], [ -82.9974563, 39.9885899 ], [ -82.9974608, 39.9885125 ], [ -82.9972714, 39.988506 ], [ -82.9972668, 39.9885834 ] ] ] } },
{ "type": "Feature", "properties": { "@id": "way/980750363", "amenity": null, "building": "house", "name": null, "shop": null, "GEOID": "39049001600" }, "geometry": { "type": "Polygon", "coordinates": [ [ [ -82.997193, 39.989635 ], [ -82.9973334, 39.9896398 ], [ -82.9973377, 39.989565 ], [ -82.9971974, 39.9895602 ], [ -82.997193, 39.989635 ] ] ] } },
{ "type": "Feature", "properties": { "@id": "way/980750364", "amenity": null, "building": "house", "name": null, "shop": null, "GEOID": "39049001600" }, "geometry": { "type": "Polygon", "coordinates": [ [ [ -82.9972006, 39.9895414 ], [ -82.9973818, 39.9895456 ], [ -82.997385, 39.9894653 ], [ -82.9972038, 39.989461 ], [ -82.9972006, 39.9895414 ] ] ] } },
{ "type": "Feature", "properties": { "@id": "way/980750365", "amenity": null, "building": "house", "name": null, "shop": null, "GEOID": "39049001600" }, "geometry": { "type": "Polygon", "coordinates": [ [ [ -82.9972068, 39.9894516 ], [ -82.997388, 39.9894559 ], [ -82.9973913, 39.9893755 ], [ -82.9972101, 39.9893713 ], [ -82.9972068, 39.9894516 ] ] ] } },
{ "type": "Feature", "properties": { "@id": "way/980750366", "amenity": null, "building": "house", "name": null, "shop": null, "GEOID": "39049001600" }, "geometry": { "type": "Polygon", "coordinates": [ [ [ -82.9972115, 39.9893567 ], [ -82.9973927, 39.989361 ], [ -82.9973959, 39.9892806 ], [ -82.9972147, 39.9892764 ], [ -82.9972115, 39.9893567 ] ] ] } },
{ "type": "Feature", "properties": { "@id": "way/980750367", "amenity": null, "building": "house", "name": null, "shop": null, "GEOID": "39049001600" }, "geometry": { "type": "Polygon", "coordinates": [ [ [ -82.9972272, 39.9892542 ], [ -82.9974009, 39.9892594 ], [ -82.9974042, 39.9891942 ], [ -82.9972306, 39.9891889 ], [ -82.9972272, 39.9892542 ] ] ] } },
{ "type": "Feature", "properties": { "@id": "way/980750398", "amenity": null, "building": "house", "name": null, "shop": null, "GEOID": "39049001600" }, "geometry": { "type": "Polygon", "coordinates": [ [ [ -82.9992356, 39.9895155 ], [ -82.9990709, 39.9895122 ], [ -82.9990741, 39.989414 ], [ -82.9992389, 39.9894173 ], [ -82.9992356, 39.9895155 ] ] ] } },
{ "type": "Feature", "properties": { "@id": "way/980750414", "amenity": null, "building": "house", "name": null, "shop": null, "GEOID": "39049001600" }, "geometry": { "type": "Polygon", "coordinates": [ [ [ -82.9983359, 39.9896065 ], [ -82.9985344, 39.9896146 ], [ -82.9985284, 39.9897012 ], [ -82.9983299, 39.9896931 ], [ -82.9983359, 39.9896065 ] ] ] } },
{ "type": "Feature", "properties": { "@id": "way/980750415", "amenity": null, "building": "house", "name": null, "shop": null, "GEOID": "39049001600" }, "geometry": { "type": "Polygon", "coordinates": [ [ [ -82.9983306, 39.9897005 ], [ -82.9983253, 39.9897865 ], [ -82.9985182, 39.9897935 ], [ -82.9985235, 39.9897074 ], [ -82.9983306, 39.9897005 ] ] ] } },
{ "type": "Feature", "properties": { "@id": "way/980750434", "amenity": null, "building": "house", "name": null, "shop": null, "GEOID": "39049001600" }, "geometry": { "type": "Polygon", "coordinates": [ [ [ -82.9967988, 39.9918559 ], [ -82.9966278, 39.9918507 ], [ -82.9966315, 39.9917796 ], [ -82.9967008, 39.9917817 ], [ -82.9967002, 39.9917931 ], [ -82.9968019, 39.9917962 ], [ -82.9967988, 39.9918559 ] ] ] } },
{ "type": "Feature", "properties": { "@id": "way/980750435", "amenity": null, "building": "house", "name": null, "shop": null, "GEOID": "39049001600" }, "geometry": { "type": "Polygon", "coordinates": [ [ [ -82.9967518, 39.9918594 ], [ -82.9965971, 39.9918538 ], [ -82.9965915, 39.9919435 ], [ -82.9967462, 39.9919491 ], [ -82.9967518, 39.9918594 ] ] ] } },
{ "type": "Feature", "properties": { "@id": "way/980750437", "amenity": null, "building": "house", "name": null, "shop": null, "GEOID": "39049001600" }, "geometry": { "type": "Polygon", "coordinates": [ [ [ -82.9967716, 39.992156 ], [ -82.9967689, 39.9922244 ], [ -82.9966164, 39.9922208 ], [ -82.9966191, 39.9921524 ], [ -82.9967716, 39.992156 ] ] ] } },
{ "type": "Feature", "properties": { "@id": "way/980750444", "amenity": null, "building": "house", "name": null, "shop": null, "GEOID": "39049001600" }, "geometry": { "type": "Polygon", "coordinates": [ [ [ -82.997745, 39.9912965 ], [ -82.9979838, 39.9913027 ], [ -82.9979802, 39.9913844 ], [ -82.9977414, 39.9913782 ], [ -82.997745, 39.9912965 ] ] ] } },
{ "type": "Feature", "properties": { "@id": "way/980750446", "amenity": null, "building": "house", "name": null, "shop": null, "GEOID": "39049001600" }, "geometry": { "type": "Polygon", "coordinates": [ [ [ -82.9979818, 39.9912793 ], [ -82.9977453, 39.9912736 ], [ -82.9977484, 39.9911997 ], [ -82.9979849, 39.9912054 ], [ -82.9979818, 39.9912793 ] ] ] } },
{ "type": "Feature", "properties": { "@id": "way/980752825", "amenity": null, "building": "house", "name": null, "shop": null, "GEOID": "39049001600" }, "geometry": { "type": "Polygon", "coordinates": [ [ [ -82.9968464, 39.9908826 ], [ -82.9967004, 39.9908792 ], [ -82.9966977, 39.9909458 ], [ -82.9968437, 39.9909492 ], [ -82.9968464, 39.9908826 ] ] ] } },
{ "type": "Feature", "properties": { "@id": "way/980754225", "amenity": null, "building": "house", "name": null, "shop": null, "GEOID": "39049001600" }, "geometry": { "type": "Polygon", "coordinates": [ [ [ -82.999447, 39.9921542 ], [ -82.9996584, 39.9921607 ], [ -82.9996617, 39.9920973 ], [ -82.9995525, 39.9920939 ], [ -82.9995531, 39.9920834 ], [ -82.9994509, 39.9920802 ], [ -82.999447, 39.9921542 ] ] ] } },
{ "type": "Feature", "properties": { "@id": "way/980754226", "amenity": null, "building": "house", "name": null, "shop": null, "GEOID": "39049001600" }, "geometry": { "type": "Polygon", "coordinates": [ [ [ -82.9994507, 39.9920642 ], [ -82.9996621, 39.9920707 ], [ -82.9996654, 39.9920073 ], [ -82.9995562, 39.9920039 ], [ -82.9995568, 39.9919934 ], [ -82.9994546, 39.9919902 ], [ -82.9994507, 39.9920642 ] ] ] } },
{ "type": "Feature", "properties": { "@id": "way/980754227", "amenity": null, "building": "house", "name": null, "shop": null, "GEOID": "39049001600" }, "geometry": { "type": "Polygon", "coordinates": [ [ [ -82.9994539, 39.9919737 ], [ -82.9996653, 39.9919802 ], [ -82.9996686, 39.9919168 ], [ -82.9995594, 39.9919135 ], [ -82.99956, 39.9919029 ], [ -82.9994578, 39.9918998 ], [ -82.9994539, 39.9919737 ] ] ] } },
{ "type": "Feature", "properties": { "@id": "way/980754228", "amenity": null, "building": "house", "name": null, "shop": null, "GEOID": "39049001600" }, "geometry": { "type": "Polygon", "coordinates": [ [ [ -82.9994592, 39.9918825 ], [ -82.9996706, 39.9918889 ], [ -82.9996739, 39.9918255 ], [ -82.9995647, 39.9918222 ], [ -82.9995653, 39.9918116 ], [ -82.9994631, 39.9918085 ], [ -82.9994592, 39.9918825 ] ] ] } },
{ "type": "Feature", "properties": { "@id": "way/980754235", "amenity": null, "building": "house", "name": null, "shop": null, "GEOID": "39049001600" }, "geometry": { "type": "Polygon", "coordinates": [ [ [ -83.0004357, 39.9907048 ], [ -83.0002492, 39.9907004 ], [ -83.0002456, 39.990789 ], [ -83.0004321, 39.9907935 ], [ -83.0004357, 39.9907048 ] ] ] } },
{ "type": "Feature", "properties": { "@id": "way/980754236", "amenity": null, "building": "house", "name": null, "shop": null, "GEOID": "39049001600" }, "geometry": { "type": "Polygon", "coordinates": [ [ [ -83.0004313, 39.9908056 ], [ -83.0002448, 39.9908011 ], [ -83.0002412, 39.9908898 ], [ -83.0004277, 39.9908942 ], [ -83.0004313, 39.9908056 ] ] ] } },
{ "type": "Feature", "properties": { "@id": "way/980754237", "amenity": null, "building": "house", "name": null, "shop": null, "GEOID": "39049001600" }, "geometry": { "type": "Polygon", "coordinates": [ [ [ -83.0004134, 39.9910992 ], [ -83.0002269, 39.9910947 ], [ -83.0002233, 39.9911834 ], [ -83.0004098, 39.9911878 ], [ -83.0004134, 39.9910992 ] ] ] } },
{ "type": "Feature", "properties": { "@id": "way/980754238", "amenity": null, "building": "house", "name": null, "shop": null, "GEOID": "39049001600" }, "geometry": { "type": "Polygon", "coordinates": [ [ [ -83.0004092, 39.9911952 ], [ -83.000195, 39.9911899 ], [ -83.0001913, 39.9912786 ], [ -83.0004054, 39.9912839 ], [ -83.0004092, 39.9911952 ] ] ] } },
{ "type": "Feature", "properties": { "@id": "way/980754252", "amenity": null, "building": "house", "name": null, "shop": null, "GEOID": "39049001600" }, "geometry": { "type": "Polygon", "coordinates": [ [ [ -83.000692, 39.9906353 ], [ -83.0008565, 39.9906399 ], [ -83.0008599, 39.9905684 ], [ -83.0006954, 39.9905638 ], [ -83.000692, 39.9906353 ] ] ] } },
{ "type": "Feature", "properties": { "@id": "way/980754253", "amenity": null, "building": "house", "name": null, "shop": null, "GEOID": "39049001600" }, "geometry": { "type": "Polygon", "coordinates": [ [ [ -83.0006957, 39.9905535 ], [ -83.0008602, 39.9905581 ], [ -83.0008637, 39.9904867 ], [ -83.0006992, 39.990482 ], [ -83.0006957, 39.9905535 ] ] ] } },
{ "type": "Feature", "properties": { "@id": "way/980754263", "amenity": null, "building": "house", "name": null, "shop": null, "GEOID": "39049001600" }, "geometry": { "type": "Polygon", "coordinates": [ [ [ -83.001576, 39.9910406 ], [ -83.001355, 39.9910357 ], [ -83.0013582, 39.9909509 ], [ -83.0015792, 39.9909558 ], [ -83.001576, 39.9910406 ] ] ] } },
{ "type": "Feature", "properties": { "@id": "way/980754264", "amenity": null, "building": "house", "name": null, "shop": null, "GEOID": "39049001600" }, "geometry": { "type": "Polygon", "coordinates": [ [ [ -83.001371, 39.9909428 ], [ -83.0015791, 39.9909478 ], [ -83.0015826, 39.990863 ], [ -83.0013745, 39.990858 ], [ -83.001371, 39.9909428 ] ] ] } },
{ "type": "Feature", "properties": { "@id": "way/980754265", "amenity": null, "building": "house", "name": null, "shop": null, "GEOID": "39049001600" }, "geometry": { "type": "Polygon", "coordinates": [ [ [ -83.0015754, 39.9908518 ], [ -83.0015776, 39.9908056 ], [ -83.0015285, 39.9908042 ], [ -83.0015292, 39.9907894 ], [ -83.0014254, 39.9907866 ], [ -83.0014226, 39.9908477 ], [ -83.0015754, 39.9908518 ] ] ] } },
{ "type": "Feature", "properties": { "@id": "way/980756172", "amenity": null, "building": "house", "name": null, "shop": null, "GEOID": "39049001600" }, "geometry": { "type": "Polygon", "coordinates": [ [ [ -83.0003369, 39.9921836 ], [ -83.0001627, 39.9921767 ], [ -83.0001676, 39.9921048 ], [ -83.0003417, 39.9921117 ], [ -83.0003369, 39.9921836 ] ] ] } },
{ "type": "Feature", "properties": { "@id": "way/980756173", "amenity": null, "building": "house", "name": null, "shop": null, "GEOID": "39049001600" }, "geometry": { "type": "Polygon", "coordinates": [ [ [ -83.0003285, 39.9923033 ], [ -83.0001341, 39.992299 ], [ -83.0001308, 39.9923862 ], [ -83.0003252, 39.9923905 ], [ -83.0003285, 39.9923033 ] ] ] } },
{ "type": "Feature", "properties": { "@id": "way/980756174", "amenity": null, "building": "house", "name": null, "shop": null, "GEOID": "39049001600" }, "geometry": { "type": "Polygon", "coordinates": [ [ [ -83.0003276, 39.9924023 ], [ -83.0003245, 39.9924843 ], [ -83.0001369, 39.9924801 ], [ -83.0001401, 39.9923981 ], [ -83.0003276, 39.9924023 ] ] ] } },
{ "type": "Feature", "properties": { "@id": "way/980756189", "amenity": null, "building": "house", "name": null, "shop": null, "GEOID": "39049001600" }, "geometry": { "type": "Polygon", "coordinates": [ [ [ -83.0015233, 39.9921396 ], [ -83.0013377, 39.9921344 ], [ -83.0013414, 39.992057 ], [ -83.001527, 39.9920621 ], [ -83.0015233, 39.9921396 ] ] ] } },
{ "type": "Feature", "properties": { "@id": "way/980756190", "amenity": null, "building": "house", "name": null, "shop": null, "GEOID": "39049001600" }, "geometry": { "type": "Polygon", "coordinates": [ [ [ -83.0015222, 39.9920516 ], [ -83.0013367, 39.9920464 ], [ -83.0013404, 39.991969 ], [ -83.0015259, 39.9919742 ], [ -83.0015222, 39.9920516 ] ] ] } },
{ "type": "Feature", "properties": { "@id": "way/980756191", "amenity": null, "building": "house", "name": null, "shop": null, "GEOID": "39049001600" }, "geometry": { "type": "Polygon", "coordinates": [ [ [ -83.0014858, 39.9922488 ], [ -83.0014795, 39.9924206 ], [ -83.0013621, 39.9924181 ], [ -83.0013626, 39.992404 ], [ -83.0013229, 39.9924032 ], [ -83.0013251, 39.9923425 ], [ -83.001364, 39.9923434 ], [ -83.0013649, 39.9923178 ], [ -83.001332, 39.9923171 ], [ -83.0013342, 39.9922559 ], [ -83.001374, 39.9922567 ], [ -83.0013744, 39.9922464 ], [ -83.0014858, 39.9922488 ] ] ] } },
{ "type": "Feature", "properties": { "@id": "way/980756192", "amenity": null, "building": "house", "name": null, "shop": null, "GEOID": "39049001600" }, "geometry": { "type": "Polygon", "coordinates": [ [ [ -83.0014988, 39.9925217 ], [ -83.0013053, 39.9925143 ], [ -83.0013112, 39.9924221 ], [ -83.0015047, 39.9924295 ], [ -83.0014988, 39.9925217 ] ] ] } },
{ "type": "Feature", "properties": { "@id": "way/980756193", "amenity": null, "building": "house", "name": null, "shop": null, "GEOID": "39049001600" }, "geometry": { "type": "Polygon", "coordinates": [ [ [ -83.0014648, 39.9926018 ], [ -83.0013434, 39.9925973 ], [ -83.0013479, 39.9925253 ], [ -83.0014694, 39.9925298 ], [ -83.0014648, 39.9926018 ] ] ] } },
{ "type": "Feature", "properties": { "@id": "way/980756213", "amenity": null, "building": "house", "name": null, "shop": null, "GEOID": "39049001600" }, "geometry": { "type": "Polygon", "coordinates": [ [ [ -82.9990839, 39.9922681 ], [ -82.9989042, 39.992262 ], [ -82.9989098, 39.9921659 ], [ -82.9990895, 39.992172 ], [ -82.9990839, 39.9922681 ] ] ] } },
{ "type": "Feature", "properties": { "@id": "way/980756214", "amenity": null, "building": "house", "name": null, "shop": null, "GEOID": "39049001600" }, "geometry": { "type": "Polygon", "coordinates": [ [ [ -82.9990892, 39.9921626 ], [ -82.9988904, 39.9921568 ], [ -82.9988949, 39.9920667 ], [ -82.9990936, 39.9920725 ], [ -82.9990892, 39.9921626 ] ] ] } },
{ "type": "Feature", "properties": { "@id": "way/980757163", "amenity": null, "building": "house", "name": null, "shop": null, "GEOID": "39049001600" }, "geometry": { "type": "Polygon", "coordinates": [ [ [ -82.9981805, 39.9920428 ], [ -82.9983557, 39.9920475 ], [ -82.9983519, 39.9921308 ], [ -82.9981768, 39.9921262 ], [ -82.9981805, 39.9920428 ] ] ] } },
{ "type": "Feature", "properties": { "@id": "way/980757164", "amenity": null, "building": "house", "name": null, "shop": null, "GEOID": "39049001600" }, "geometry": { "type": "Polygon", "coordinates": [ [ [ -82.9983522, 39.9921422 ], [ -82.9983463, 39.9922335 ], [ -82.9981561, 39.9922263 ], [ -82.998162, 39.9921349 ], [ -82.9983522, 39.9921422 ] ] ] } },
{ "type": "Feature", "properties": { "@id": "way/980757174", "amenity": null, "building": "house", "name": null, "shop": null, "GEOID": "39049001600" }, "geometry": { "type": "Polygon", "coordinates": [ [ [ -82.9976888, 39.9925976 ], [ -82.9978802, 39.9926013 ], [ -82.997883, 39.9925173 ], [ -82.9976916, 39.9925136 ], [ -82.9976888, 39.9925976 ] ] ] } },
{ "type": "Feature", "properties": { "@id": "way/980757175", "amenity": null, "building": "house", "name": null, "shop": null, "GEOID": "39049001600" }, "geometry": { "type": "Polygon", "coordinates": [ [ [ -82.9976952, 39.9925038 ], [ -82.9978866, 39.9925075 ], [ -82.9978894, 39.9924235 ], [ -82.9976979, 39.9924198 ], [ -82.9976952, 39.9925038 ] ] ] } },
{ "type": "Feature", "properties": { "@id": "way/980757182", "amenity": null, "building": "house", "name": null, "shop": null, "GEOID": "39049001600" }, "geometry": { "type": "Polygon", "coordinates": [ [ [ -82.997242, 39.9917093 ], [ -82.997236, 39.9918168 ], [ -82.9973248, 39.9918197 ], [ -82.9973308, 39.9917122 ], [ -82.997242, 39.9917093 ] ] ] } },
{ "type": "Feature", "properties": { "@id": "way/980757183", "amenity": null, "building": "house", "name": null, "shop": null, "GEOID": "39049001600" }, "geometry": { "type": "Polygon", "coordinates": [ [ [ -82.9973478, 39.9917101 ], [ -82.9973388, 39.9918658 ], [ -82.9974506, 39.9918696 ], [ -82.9974595, 39.9917139 ], [ -82.9973478, 39.9917101 ] ] ] } },
{ "type": "Feature", "properties": { "@id": "way/981894234", "amenity": null, "building": "house", "name": null, "shop": null, "GEOID": "39049001820" }, "geometry": { "type": "Polygon", "coordinates": [ [ [ -83.0171546, 39.9874382 ], [ -83.0171648, 39.9872727 ], [ -83.0172459, 39.9872756 ], [ -83.0172357, 39.9874411 ], [ -83.0171546, 39.9874382 ] ] ] } },
{ "type": "Feature", "properties": { "@id": "way/981894237", "amenity": null, "building": "house", "name": null, "shop": null, "GEOID": "39049001820" }, "geometry": { "type": "Polygon", "coordinates": [ [ [ -83.0172493, 39.9874419 ], [ -83.0172595, 39.9872764 ], [ -83.0173406, 39.9872793 ], [ -83.0173304, 39.9874448 ], [ -83.0172493, 39.9874419 ] ] ] } },
{ "type": "Feature", "properties": { "@id": "way/981894239", "amenity": null, "building": "house", "name": null, "shop": null, "GEOID": "39049001820" }, "geometry": { "type": "Polygon", "coordinates": [ [ [ -83.0173478, 39.9874451 ], [ -83.017358, 39.9872796 ], [ -83.017439, 39.9872825 ], [ -83.0174288, 39.987448 ], [ -83.0173478, 39.9874451 ] ] ] } },
{ "type": "Feature", "properties": { "@id": "way/981894241", "amenity": null, "building": "house", "name": null, "shop": null, "GEOID": "39049001820" }, "geometry": { "type": "Polygon", "coordinates": [ [ [ -83.0174479, 39.9874489 ], [ -83.0174581, 39.9872834 ], [ -83.0175391, 39.9872863 ], [ -83.017529, 39.9874518 ], [ -83.0174479, 39.9874489 ] ] ] } },
{ "type": "Feature", "properties": { "@id": "way/981894243", "amenity": null, "building": "house", "name": null, "shop": null, "GEOID": "39049001820" }, "geometry": { "type": "Polygon", "coordinates": [ [ [ -83.0175472, 39.9874508 ], [ -83.0175574, 39.9872853 ], [ -83.0176384, 39.9872882 ], [ -83.0176282, 39.9874537 ], [ -83.0175472, 39.9874508 ] ] ] } },
{ "type": "Feature", "properties": { "@id": "way/981894245", "amenity": null, "building": "house", "name": null, "shop": null, "GEOID": "39049001820" }, "geometry": { "type": "Polygon", "coordinates": [ [ [ -83.0176442, 39.9874532 ], [ -83.0176544, 39.9872878 ], [ -83.0177355, 39.9872906 ], [ -83.0177253, 39.9874562 ], [ -83.0176442, 39.9874532 ] ] ] } },
{ "type": "Feature", "properties": { "@id": "way/981894247", "amenity": null, "building": "house", "name": null, "shop": null, "GEOID": "39049001820" }, "geometry": { "type": "Polygon", "coordinates": [ [ [ -83.0177448, 39.9874564 ], [ -83.017755, 39.9872909 ], [ -83.017836, 39.9872938 ], [ -83.0178258, 39.9874593 ], [ -83.0177448, 39.9874564 ] ] ] } },
{ "type": "Feature", "properties": { "@id": "way/981894249", "amenity": null, "building": "house", "name": null, "shop": null, "GEOID": "39049001820" }, "geometry": { "type": "Polygon", "coordinates": [ [ [ -83.0178413, 39.9874591 ], [ -83.0178515, 39.9872936 ], [ -83.0179326, 39.9872965 ], [ -83.0179224, 39.987462 ], [ -83.0178413, 39.9874591 ] ] ] } },
{ "type": "Feature", "properties": { "@id": "way/981894251", "amenity": null, "building": "house", "name": null, "shop": null, "GEOID": "39049001820" }, "geometry": { "type": "Polygon", "coordinates": [ [ [ -83.0179365, 39.9874627 ], [ -83.0179467, 39.9872973 ], [ -83.0180278, 39.9873002 ], [ -83.0180176, 39.9874657 ], [ -83.0179365, 39.9874627 ] ] ] } },
{ "type": "Feature", "properties": { "@id": "way/981894253", "amenity": null, "building": "house", "name": null, "shop": null, "GEOID": "39049001820" }, "geometry": { "type": "Polygon", "coordinates": [ [ [ -83.0180386, 39.9874654 ], [ -83.0180488, 39.9872999 ], [ -83.0181298, 39.9873028 ], [ -83.0181196, 39.9874683 ], [ -83.0180386, 39.9874654 ] ] ] } },
{ "type": "Feature", "properties": { "@id": "way/981894255", "amenity": null, "building": "house", "name": null, "shop": null, "GEOID": "39049001820" }, "geometry": { "type": "Polygon", "coordinates": [ [ [ -83.0181379, 39.9874675 ], [ -83.0181481, 39.987302 ], [ -83.0182291, 39.9873049 ], [ -83.018219, 39.9874704 ], [ -83.0181379, 39.9874675 ] ] ] } },
{ "type": "Feature", "properties": { "@id": "way/981894257", "amenity": null, "building": "house", "name": null, "shop": null, "GEOID": "39049001820" }, "geometry": { "type": "Polygon", "coordinates": [ [ [ -83.0182345, 39.9874717 ], [ -83.0182447, 39.9873063 ], [ -83.0183257, 39.9873092 ], [ -83.0183155, 39.9874747 ], [ -83.0182345, 39.9874717 ] ] ] } },
{ "type": "Feature", "properties": { "@id": "way/981894259", "amenity": null, "building": "house", "name": null, "shop": null, "GEOID": "39049001820" }, "geometry": { "type": "Polygon", "coordinates": [ [ [ -83.0183323, 39.987475 ], [ -83.0183425, 39.9873095 ], [ -83.0184235, 39.9873124 ], [ -83.0184134, 39.9874779 ], [ -83.0183323, 39.987475 ] ] ] } },
{ "type": "Feature", "properties": { "@id": "way/981894261", "amenity": null, "building": "house", "name": null, "shop": null, "GEOID": "39049001820" }, "geometry": { "type": "Polygon", "coordinates": [ [ [ -83.0184323, 39.9874799 ], [ -83.0184426, 39.9873144 ], [ -83.0185236, 39.9873173 ], [ -83.0185134, 39.9874828 ], [ -83.0184323, 39.9874799 ] ] ] } },
{ "type": "Feature", "properties": { "@id": "way/981894263", "amenity": null, "building": "house", "name": null, "shop": null, "GEOID": "39049001820" }, "geometry": { "type": "Polygon", "coordinates": [ [ [ -83.0185324, 39.9874827 ], [ -83.0185426, 39.9873172 ], [ -83.0186237, 39.9873201 ], [ -83.0186135, 39.9874856 ], [ -83.0185324, 39.9874827 ] ] ] } },
{ "type": "Feature", "properties": { "@id": "way/981894265", "amenity": null, "building": "house", "name": null, "shop": null, "GEOID": "39049001820" }, "geometry": { "type": "Polygon", "coordinates": [ [ [ -83.0186315, 39.9874862 ], [ -83.0186417, 39.9873208 ], [ -83.0187228, 39.9873237 ], [ -83.0187126, 39.9874892 ], [ -83.0186315, 39.9874862 ] ] ] } },
{ "type": "Feature", "properties": { "@id": "way/981894282", "amenity": null, "building": "house", "name": null, "shop": null, "GEOID": "39049001820" }, "geometry": { "type": "Polygon", "coordinates": [ [ [ -83.0191223, 39.9847004 ], [ -83.019335, 39.9847061 ], [ -83.0193378, 39.9846432 ], [ -83.0191252, 39.9846375 ], [ -83.0191223, 39.9847004 ] ] ] } },
{ "type": "Feature", "properties": { "@id": "way/981894284", "amenity": null, "building": "house", "name": null, "shop": null, "GEOID": "39049001820" }, "geometry": { "type": "Polygon", "coordinates": [ [ [ -83.0191194, 39.9847795 ], [ -83.019332, 39.9847852 ], [ -83.0193348, 39.9847223 ], [ -83.0191222, 39.9847166 ], [ -83.0191194, 39.9847795 ] ] ] } },
{ "type": "Feature", "properties": { "@id": "way/981894286", "amenity": null, "building": "house", "name": null, "shop": null, "GEOID": "39049001820" }, "geometry": { "type": "Polygon", "coordinates": [ [ [ -83.0191128, 39.9849377 ], [ -83.0193255, 39.9849435 ], [ -83.0193283, 39.9848806 ], [ -83.0191157, 39.9848749 ], [ -83.0191128, 39.9849377 ] ] ] } },
{ "type": "Feature", "properties": { "@id": "way/981894288", "amenity": null, "building": "house", "name": null, "shop": null, "GEOID": "39049001820" }, "geometry": { "type": "Polygon", "coordinates": [ [ [ -83.0191158, 39.9848587 ], [ -83.0193284, 39.9848644 ], [ -83.0193312, 39.9848015 ], [ -83.0191187, 39.9847958 ], [ -83.0191158, 39.9848587 ] ] ] } },
{ "type": "Feature", "properties": { "@id": "way/981894290", "amenity": null, "building": "house", "name": null, "shop": null, "GEOID": "39049001820" }, "geometry": { "type": "Polygon", "coordinates": [ [ [ -83.0191068, 39.9850973 ], [ -83.0193194, 39.9851031 ], [ -83.0193222, 39.9850402 ], [ -83.0191097, 39.9850345 ], [ -83.0191068, 39.9850973 ] ] ] } },
{ "type": "Feature", "properties": { "@id": "way/981894292", "amenity": null, "building": "house", "name": null, "shop": null, "GEOID": "39049001820" }, "geometry": { "type": "Polygon", "coordinates": [ [ [ -83.0191098, 39.9850182 ], [ -83.0193224, 39.985024 ], [ -83.0193252, 39.9849611 ], [ -83.0191127, 39.9849554 ], [ -83.0191098, 39.9850182 ] ] ] } },
{ "type": "Feature", "properties": { "@id": "way/981894296", "amenity": null, "building": "house", "name": null, "shop": null, "GEOID": "39049001820" }, "geometry": { "type": "Polygon", "coordinates": [ [ [ -83.0200522, 39.9849278 ], [ -83.0198396, 39.9849218 ], [ -83.0198367, 39.9849847 ], [ -83.0200492, 39.9849907 ], [ -83.0200522, 39.9849278 ] ] ] } },
{ "type": "Feature", "properties": { "@id": "way/981894297", "amenity": null, "building": "house", "name": null, "shop": null, "GEOID": "39049001820" }, "geometry": { "type": "Polygon", "coordinates": [ [ [ -83.0200553, 39.9848342 ], [ -83.0198427, 39.9848282 ], [ -83.0198398, 39.9848911 ], [ -83.0200523, 39.9848971 ], [ -83.0200553, 39.9848342 ] ] ] } },
{ "type": "Feature", "properties": { "@id": "way/981894301", "amenity": null, "building": "house", "name": null, "shop": null, "GEOID": "39049001820" }, "geometry": { "type": "Polygon", "coordinates": [ [ [ -83.0200599, 39.9846749 ], [ -83.0198473, 39.984669 ], [ -83.0198443, 39.9847318 ], [ -83.0200569, 39.9847378 ], [ -83.0200599, 39.9846749 ] ] ] } },
{ "type": "Feature", "properties": { "@id": "way/981894303", "amenity": null, "building": "house", "name": null, "shop": null, "GEOID": "39049001820" }, "geometry": { "type": "Polygon", "coordinates": [ [ [ -83.0200568, 39.984754 ], [ -83.0198441, 39.9847481 ], [ -83.0198412, 39.9848109 ], [ -83.0200537, 39.9848169 ], [ -83.0200568, 39.984754 ] ] ] } },
{ "type": "Feature", "properties": { "@id": "way/981904180", "amenity": null, "building": "house", "name": null, "shop": null, "GEOID": "39049001600" }, "geometry": { "type": "Polygon", "coordinates": [ [ [ -82.995233, 39.9884197 ], [ -82.9952417, 39.9885505 ], [ -82.995079, 39.9885569 ], [ -82.9950703, 39.9884261 ], [ -82.995233, 39.9884197 ] ] ] } },
{ "type": "Feature", "properties": { "@id": "way/981904183", "amenity": null, "building": "house", "name": null, "shop": null, "GEOID": "39049001600" }, "geometry": { "type": "Polygon", "coordinates": [ [ [ -82.9952179, 39.9882173 ], [ -82.9952266, 39.9883481 ], [ -82.9950639, 39.9883544 ], [ -82.9950552, 39.9882236 ], [ -82.9952179, 39.9882173 ] ] ] } },
{ "type": "Feature", "properties": { "@id": "way/981904185", "amenity": null, "building": "house", "name": null, "shop": null, "GEOID": "39049001600" }, "geometry": { "type": "Polygon", "coordinates": [ [ [ -82.9952074, 39.9880717 ], [ -82.9952161, 39.9882025 ], [ -82.9950535, 39.9882089 ], [ -82.9950448, 39.9880781 ], [ -82.9952074, 39.9880717 ] ] ] } },
{ "type": "Feature", "properties": { "@id": "way/981904187", "amenity": null, "building": "house", "name": null, "shop": null, "GEOID": "39049001600" }, "geometry": { "type": "Polygon", "coordinates": [ [ [ -82.9958136, 39.9886441 ], [ -82.9959716, 39.9886492 ], [ -82.9959638, 39.9887905 ], [ -82.9958057, 39.9887854 ], [ -82.9958136, 39.9886441 ] ] ] } },
{ "type": "Feature", "properties": { "@id": "way/981904188", "amenity": null, "building": "house", "name": null, "shop": null, "GEOID": "39049001600" }, "geometry": { "type": "Polygon", "coordinates": [ [ [ -82.9956324, 39.9886389 ], [ -82.9957904, 39.988644 ], [ -82.9957826, 39.9887853 ], [ -82.9956245, 39.9887802 ], [ -82.9956324, 39.9886389 ] ] ] } },
{ "type": "Feature", "properties": { "@id": "way/981904190", "amenity": null, "building": "house", "name": null, "shop": null, "GEOID": "39049001600" }, "geometry": { "type": "Polygon", "coordinates": [ [ [ -82.995451, 39.9886338 ], [ -82.9956091, 39.9886389 ], [ -82.9956012, 39.9887802 ], [ -82.9954432, 39.988775 ], [ -82.995451, 39.9886338 ] ] ] } },
{ "type": "Feature", "properties": { "@id": "way/981904192", "amenity": null, "building": "house", "name": null, "shop": null, "GEOID": "39049001600" }, "geometry": { "type": "Polygon", "coordinates": [ [ [ -82.9952752, 39.9886269 ], [ -82.9954333, 39.9886321 ], [ -82.9954254, 39.9887734 ], [ -82.9952674, 39.9887682 ], [ -82.9952752, 39.9886269 ] ] ] } },
{ "type": "Feature", "properties": { "@id": "way/981904194", "amenity": null, "building": "house", "name": null, "shop": null, "GEOID": "39049001600" }, "geometry": { "type": "Polygon", "coordinates": [ [ [ -82.9950983, 39.9886227 ], [ -82.9952564, 39.9886278 ], [ -82.9952485, 39.9887691 ], [ -82.9950905, 39.988764 ], [ -82.9950983, 39.9886227 ] ] ] } },
{ "type": "Feature", "properties": { "@id": "way/981904197", "amenity": null, "building": "house", "name": null, "shop": null, "GEOID": "39049001600" }, "geometry": { "type": "Polygon", "coordinates": [ [ [ -82.9957929, 39.9891087 ], [ -82.9958031, 39.9889592 ], [ -82.9959468, 39.9889649 ], [ -82.9959366, 39.9891144 ], [ -82.9957929, 39.9891087 ] ] ] } },
{ "type": "Feature", "properties": { "@id": "way/981904198", "amenity": null, "building": "house", "name": null, "shop": null, "GEOID": "39049001600" }, "geometry": { "type": "Polygon", "coordinates": [ [ [ -82.9956115, 39.9891018 ], [ -82.9956217, 39.9889522 ], [ -82.9957654, 39.988958 ], [ -82.9957552, 39.9891075 ], [ -82.9956115, 39.9891018 ] ] ] } },
{ "type": "Feature", "properties": { "@id": "way/981904199", "amenity": null, "building": "house", "name": null, "shop": null, "GEOID": "39049001600" }, "geometry": { "type": "Polygon", "coordinates": [ [ [ -82.9954292, 39.9890938 ], [ -82.9954394, 39.9889443 ], [ -82.9955831, 39.98895 ], [ -82.9955729, 39.9890996 ], [ -82.9954292, 39.9890938 ] ] ] } },
{ "type": "Feature", "properties": { "@id": "way/981904200", "amenity": null, "building": "house", "name": null, "shop": null, "GEOID": "39049001600" }, "geometry": { "type": "Polygon", "coordinates": [ [ [ -82.995248, 39.989085 ], [ -82.9952583, 39.9889354 ], [ -82.995402, 39.9889412 ], [ -82.9953918, 39.9890907 ], [ -82.995248, 39.989085 ] ] ] } },
{ "type": "Feature", "properties": { "@id": "way/981904201", "amenity": null, "building": "house", "name": null, "shop": null, "GEOID": "39049001600" }, "geometry": { "type": "Polygon", "coordinates": [ [ [ -82.9950715, 39.9890779 ], [ -82.9950817, 39.9889284 ], [ -82.9952254, 39.9889341 ], [ -82.9952152, 39.9890836 ], [ -82.9950715, 39.9890779 ] ] ] } },
{ "type": "Feature", "properties": { "@id": "way/984554699", "amenity": null, "building": "house", "name": null, "shop": null, "GEOID": "39049001600" }, "geometry": { "type": "Polygon", "coordinates": [ [ [ -83.0013896, 39.9941565 ], [ -83.0012382, 39.9941516 ], [ -83.0012405, 39.9941114 ], [ -83.0012133, 39.9941105 ], [ -83.0012154, 39.9940743 ], [ -83.0013938, 39.9940801 ], [ -83.0013896, 39.9941565 ] ] ] } },
{ "type": "Feature", "properties": { "@id": "way/984554700", "amenity": null, "building": "house", "name": null, "shop": null, "GEOID": "39049001600" }, "geometry": { "type": "Polygon", "coordinates": [ [ [ -83.0013937, 39.9940722 ], [ -83.0012353, 39.9940677 ], [ -83.0012385, 39.994001 ], [ -83.0012561, 39.9940015 ], [ -83.0012568, 39.993987 ], [ -83.0013976, 39.993991 ], [ -83.0013937, 39.9940722 ] ] ] } },
{ "type": "Feature", "properties": { "@id": "way/984554701", "amenity": null, "building": "house", "name": null, "shop": null, "GEOID": "39049001600" }, "geometry": { "type": "Polygon", "coordinates": [ [ [ -83.0014027, 39.9939851 ], [ -83.0012495, 39.9939801 ], [ -83.0012538, 39.9939028 ], [ -83.001407, 39.9939078 ], [ -83.0014027, 39.9939851 ] ] ] } },
{ "type": "Feature", "properties": { "@id": "way/984554702", "amenity": null, "building": "house", "name": null, "shop": null, "GEOID": "39049001600" }, "geometry": { "type": "Polygon", "coordinates": [ [ [ -83.0014066, 39.9939022 ], [ -83.0011725, 39.9938965 ], [ -83.0011741, 39.9938582 ], [ -83.0012008, 39.9938589 ], [ -83.0012016, 39.9938387 ], [ -83.0011759, 39.9938381 ], [ -83.0011771, 39.9938085 ], [ -83.0014103, 39.9938142 ], [ -83.0014066, 39.9939022 ] ] ] } },
{ "type": "Feature", "properties": { "@id": "way/984554703", "amenity": null, "building": "house", "name": null, "shop": null, "GEOID": "39049001600" }, "geometry": { "type": "Polygon", "coordinates": [ [ [ -83.0014143, 39.993805 ], [ -83.0012026, 39.9937984 ], [ -83.0012073, 39.99371 ], [ -83.001419, 39.9937166 ], [ -83.0014143, 39.993805 ] ] ] } },
{ "type": "Feature", "properties": { "@id": "way/984554704", "amenity": null, "building": "house", "name": null, "shop": null, "GEOID": "39049001600" }, "geometry": { "type": "Polygon", "coordinates": [ [ [ -83.0014185, 39.9937102 ], [ -83.0012123, 39.9937039 ], [ -83.0012169, 39.9936168 ], [ -83.0014231, 39.9936231 ], [ -83.0014185, 39.9937102 ] ] ] } },
{ "type": "Feature", "properties": { "@id": "way/984554711", "amenity": null, "building": "house", "name": null, "shop": null, "GEOID": "39049001600" }, "geometry": { "type": "Polygon", "coordinates": [ [ [ -83.0004891, 39.9939001 ], [ -83.0006298, 39.9939028 ], [ -83.000632, 39.9938366 ], [ -83.0004912, 39.9938339 ], [ -83.0004891, 39.9939001 ] ] ] } },
{ "type": "Feature", "properties": { "@id": "way/984554712", "amenity": null, "building": "house", "name": null, "shop": null, "GEOID": "39049001600" }, "geometry": { "type": "Polygon", "coordinates": [ [ [ -83.0004898, 39.9939112 ], [ -83.0006276, 39.9939142 ], [ -83.0006249, 39.9939859 ], [ -83.0004871, 39.9939828 ], [ -83.0004898, 39.9939112 ] ] ] } },
{ "type": "Feature", "properties": { "@id": "way/984554716", "amenity": null, "building": "house", "name": null, "shop": null, "GEOID": "39049001600" }, "geometry": { "type": "Polygon", "coordinates": [ [ [ -83.0005671, 39.9943494 ], [ -83.0006377, 39.9943517 ], [ -83.0006443, 39.9942293 ], [ -83.0005737, 39.9942271 ], [ -83.0005671, 39.9943494 ] ] ] } },
{ "type": "Feature", "properties": { "@id": "way/984554717", "amenity": null, "building": "house", "name": null, "shop": null, "GEOID": "39049001600" }, "geometry": { "type": "Polygon", "coordinates": [ [ [ -83.0006511, 39.9943502 ], [ -83.0007428, 39.9943534 ], [ -83.0007499, 39.9942351 ], [ -83.0006581, 39.9942319 ], [ -83.0006511, 39.9943502 ] ] ] } },
{ "type": "Feature", "properties": { "@id": "way/984554721", "amenity": null, "building": "house", "name": null, "shop": null, "GEOID": "39049001600" }, "geometry": { "type": "Polygon", "coordinates": [ [ [ -82.999977, 39.9943247 ], [ -82.9999853, 39.9941891 ], [ -82.999898, 39.9941859 ], [ -82.9998897, 39.9943216 ], [ -82.999977, 39.9943247 ] ] ] } },
{ "type": "Feature", "properties": { "@id": "way/984554742", "amenity": null, "building": "house", "name": null, "shop": null, "GEOID": "39049001600" }, "geometry": { "type": "Polygon", "coordinates": [ [ [ -82.9980598, 39.9937875 ], [ -82.9982642, 39.9937951 ], [ -82.9982592, 39.9938739 ], [ -82.9980548, 39.9938663 ], [ -82.9980598, 39.9937875 ] ] ] } },
{ "type": "Feature", "properties": { "@id": "way/984556684", "amenity": null, "building": "house", "name": null, "shop": null, "GEOID": "39049001600" }, "geometry": { "type": "Polygon", "coordinates": [ [ [ -82.9971912, 39.9950385 ], [ -82.9970913, 39.9950346 ], [ -82.9970838, 39.9951685 ], [ -82.9971837, 39.9951714 ], [ -82.9971912, 39.9950385 ] ] ] } },
{ "type": "Feature", "properties": { "@id": "way/984556696", "amenity": null, "building": "house", "name": null, "shop": null, "GEOID": "39049001600" }, "geometry": { "type": "Polygon", "coordinates": [ [ [ -83.0008503, 39.9953579 ], [ -83.0009443, 39.9953601 ], [ -83.0009497, 39.9952251 ], [ -83.0008557, 39.9952229 ], [ -83.0008503, 39.9953579 ] ] ] } },
{ "type": "Feature", "properties": { "@id": "way/984556697", "amenity": null, "building": "house", "name": null, "shop": null, "GEOID": "39049001600" }, "geometry": { "type": "Polygon", "coordinates": [ [ [ -83.0008226, 39.9951794 ], [ -83.0007117, 39.9951758 ], [ -83.0006994, 39.9953525 ], [ -83.0008113, 39.9953573 ], [ -83.0008226, 39.9951794 ] ] ] } },
{ "type": "Feature", "properties": { "@id": "way/984556700", "amenity": null, "building": "house", "name": null, "shop": null, "GEOID": "39049001600" }, "geometry": { "type": "Polygon", "coordinates": [ [ [ -83.0001624, 39.9953068 ], [ -83.0001724, 39.9951544 ], [ -83.0000612, 39.9951501 ], [ -83.0000512, 39.9953025 ], [ -83.0001624, 39.9953068 ] ] ] } },
{ "type": "Feature", "properties": { "@id": "way/984556701", "amenity": null, "building": "house", "name": null, "shop": null, "GEOID": "39049001600" }, "geometry": { "type": "Polygon", "coordinates": [ [ [ -83.000334, 39.9953089 ], [ -83.0003434, 39.9951845 ], [ -83.0004367, 39.9951886 ], [ -83.0004273, 39.9953131 ], [ -83.000334, 39.9953089 ] ] ] } },
{ "type": "Feature", "properties": { "@id": "way/984556702", "amenity": null, "building": "house", "name": null, "shop": null, "GEOID": "39049001600" }, "geometry": { "type": "Polygon", "coordinates": [ [ [ -83.0005412, 39.9952262 ], [ -83.0005363, 39.9953192 ], [ -83.0004355, 39.9953161 ], [ -83.0004404, 39.9952231 ], [ -83.0005412, 39.9952262 ] ] ] } },
{ "type": "Feature", "properties": { "@id": "way/984556722", "amenity": null, "building": "house", "name": null, "shop": null, "GEOID": "39049001600" }, "geometry": { "type": "Polygon", "coordinates": [ [ [ -82.9969344, 39.993633 ], [ -82.9969304, 39.993727 ], [ -82.9970921, 39.9937311 ], [ -82.9970961, 39.9936371 ], [ -82.9969344, 39.993633 ] ] ] } },
{ "type": "Feature", "properties": { "@id": "way/984556723", "amenity": null, "building": "house", "name": null, "shop": null, "GEOID": "39049001600" }, "geometry": { "type": "Polygon", "coordinates": [ [ [ -82.9969228, 39.993736 ], [ -82.9970849, 39.9937428 ], [ -82.9970797, 39.993815 ], [ -82.9969176, 39.9938082 ], [ -82.9969228, 39.993736 ] ] ] } },
{ "type": "Feature", "properties": { "@id": "way/984562279", "amenity": null, "building": "house", "name": null, "shop": null, "GEOID": "39049001300" }, "geometry": { "type": "Polygon", "coordinates": [ [ [ -83.0011845, 39.9962393 ], [ -83.0010279, 39.996236 ], [ -83.0010245, 39.9963278 ], [ -83.0011812, 39.9963311 ], [ -83.0011845, 39.9962393 ] ] ] } },
{ "type": "Feature", "properties": { "@id": "way/984562280", "amenity": null, "building": "house", "name": null, "shop": null, "GEOID": "39049001300" }, "geometry": { "type": "Polygon", "coordinates": [ [ [ -83.0011761, 39.9963452 ], [ -83.0010194, 39.9963419 ], [ -83.0010161, 39.9964337 ], [ -83.0011728, 39.996437 ], [ -83.0011761, 39.9963452 ] ] ] } },
{ "type": "Feature", "properties": { "@id": "way/984562282", "amenity": null, "building": "house", "name": null, "shop": null, "GEOID": "39049001300" }, "geometry": { "type": "Polygon", "coordinates": [ [ [ -83.0008126, 39.9955461 ], [ -83.0008075, 39.9956551 ], [ -83.0009474, 39.9956589 ], [ -83.0009525, 39.9955499 ], [ -83.0008126, 39.9955461 ] ] ] } },
{ "type": "Feature", "properties": { "@id": "way/984562283", "amenity": null, "building": "house", "name": null, "shop": null, "GEOID": "39049001300" }, "geometry": { "type": "Polygon", "coordinates": [ [ [ -83.0012037, 39.9957789 ], [ -83.0012074, 39.9956831 ], [ -83.0009478, 39.9956771 ], [ -83.0009441, 39.9957729 ], [ -83.0012037, 39.9957789 ] ] ] } },
{ "type": "Feature", "properties": { "@id": "way/984562284", "amenity": null, "building": "house", "name": null, "shop": null, "GEOID": "39049001300" }, "geometry": { "type": "Polygon", "coordinates": [ [ [ -83.0012288, 39.9956674 ], [ -83.0009744, 39.9956605 ], [ -83.0009783, 39.9955775 ], [ -83.0010811, 39.9955803 ], [ -83.0010825, 39.995552 ], [ -83.0012626, 39.9955569 ], [ -83.0012603, 39.9956059 ], [ -83.0012317, 39.9956051 ], [ -83.0012288, 39.9956674 ] ] ] } },
{ "type": "Feature", "properties": { "@id": "way/984562310", "amenity": null, "building": "house", "name": null, "shop": null, "GEOID": "39049001300" }, "geometry": { "type": "Polygon", "coordinates": [ [ [ -82.9997649, 39.9983836 ], [ -82.9998847, 39.9983882 ], [ -82.9998951, 39.9982264 ], [ -82.9997753, 39.9982218 ], [ -82.9997649, 39.9983836 ] ] ] } },
{ "type": "Feature", "properties": { "@id": "way/984562311", "amenity": null, "building": "house", "name": null, "shop": null, "GEOID": "39049001300" }, "geometry": { "type": "Polygon", "coordinates": [ [ [ -82.999722, 39.9982354 ], [ -82.999609, 39.9982327 ], [ -82.999603, 39.9983806 ], [ -82.999716, 39.9983833 ], [ -82.999722, 39.9982354 ] ] ] } },
{ "type": "Feature", "properties": { "@id": "way/984562313", "amenity": null, "building": "house", "name": null, "shop": null, "GEOID": "39049001300" }, "geometry": { "type": "Polygon", "coordinates": [ [ [ -82.9994036, 39.9984151 ], [ -82.9995155, 39.9984187 ], [ -82.9995244, 39.9982579 ], [ -82.9994125, 39.9982543 ], [ -82.9994036, 39.9984151 ] ] ] } },
{ "type": "Feature", "properties": { "@id": "way/984562328", "amenity": null, "building": "house", "name": null, "shop": null, "GEOID": "39049001300" }, "geometry": { "type": "Polygon", "coordinates": [ [ [ -83.0007546, 39.9993517 ], [ -83.0009717, 39.9993588 ], [ -83.0009768, 39.9992678 ], [ -83.0007596, 39.9992607 ], [ -83.0007546, 39.9993517 ] ] ] } },
{ "type": "Feature", "properties": { "@id": "way/984562329", "amenity": null, "building": "house", "name": null, "shop": null, "GEOID": "39049001300" }, "geometry": { "type": "Polygon", "coordinates": [ [ [ -83.0006774, 39.9993785 ], [ -83.0006665, 39.9995398 ], [ -83.0005462, 39.999535 ], [ -83.0005571, 39.9993738 ], [ -83.0006774, 39.9993785 ] ] ] } },
{ "type": "Feature", "properties": { "@id": "way/984572630", "amenity": null, "building": "house", "name": null, "shop": null, "GEOID": "39049001300" }, "geometry": { "type": "Polygon", "coordinates": [ [ [ -82.9990023, 39.9988004 ], [ -82.9992122, 39.9988066 ], [ -82.9992167, 39.9987246 ], [ -82.9990058, 39.9987184 ], [ -82.9990023, 39.9988004 ] ] ] } },
{ "type": "Feature", "properties": { "@id": "way/984572636", "amenity": null, "building": "house", "name": null, "shop": null, "GEOID": "39049001300" }, "geometry": { "type": "Polygon", "coordinates": [ [ [ -82.9999538, 39.9986719 ], [ -82.9999453, 39.9988588 ], [ -83.0000762, 39.9988621 ], [ -83.0000847, 39.9986752 ], [ -82.9999538, 39.9986719 ] ] ] } },
{ "type": "Feature", "properties": { "@id": "way/984572637", "amenity": null, "building": "house", "name": null, "shop": null, "GEOID": "39049001300" }, "geometry": { "type": "Polygon", "coordinates": [ [ [ -83.0001019, 39.9986823 ], [ -83.0000922, 39.9988591 ], [ -83.0002051, 39.9988627 ], [ -83.0002148, 39.9986859 ], [ -83.0001019, 39.9986823 ] ] ] } },
{ "type": "Feature", "properties": { "@id": "way/984572638", "amenity": null, "building": "house", "name": null, "shop": null, "GEOID": "39049001300" }, "geometry": { "type": "Polygon", "coordinates": [ [ [ -83.0002532, 39.9986885 ], [ -83.0002468, 39.9988365 ], [ -83.0003648, 39.9988395 ], [ -83.0003712, 39.9986915 ], [ -83.0002532, 39.9986885 ] ] ] } },
{ "type": "Feature", "properties": { "@id": "way/984572644", "amenity": null, "building": "house", "name": null, "shop": null, "GEOID": "39049001300" }, "geometry": { "type": "Polygon", "coordinates": [ [ [ -83.0000778, 40.0003999 ], [ -83.0000848, 40.0002777 ], [ -82.9999921, 40.0002746 ], [ -82.9999851, 40.0003968 ], [ -83.0000778, 40.0003999 ] ] ] } },
{ "type": "Feature", "properties": { "@id": "way/984572645", "amenity": null, "building": "house", "name": null, "shop": null, "GEOID": "39049001300" }, "geometry": { "type": "Polygon", "coordinates": [ [ [ -83.0000926, 40.0003957 ], [ -83.0002418, 40.000401 ], [ -83.00025, 40.0002646 ], [ -83.0001395, 40.0002607 ], [ -83.0001354, 40.0003274 ], [ -83.0000968, 40.0003261 ], [ -83.0000926, 40.0003957 ] ] ] } },
{ "type": "Feature", "properties": { "@id": "way/984572646", "amenity": null, "building": "house", "name": null, "shop": null, "GEOID": "39049001300" }, "geometry": { "type": "Polygon", "coordinates": [ [ [ -82.9993294, 40.0004116 ], [ -82.9993376, 40.0002785 ], [ -82.999334, 40.0002784 ], [ -82.9993351, 40.0002595 ], [ -82.9992321, 40.0002558 ], [ -82.999231, 40.0002748 ], [ -82.9992253, 40.0002746 ], [ -82.9992171, 40.0004076 ], [ -82.9993294, 40.0004116 ] ] ] } },
{ "type": "Feature", "properties": { "@id": "way/984572648", "amenity": null, "building": "house", "name": null, "shop": null, "GEOID": "39049001300" }, "geometry": { "type": "Polygon", "coordinates": [ [ [ -83.0008904, 40.0007697 ], [ -83.0006829, 40.0007588 ], [ -83.000685, 40.0007348 ], [ -83.0006187, 40.0007313 ], [ -83.0006264, 40.0006453 ], [ -83.0009003, 40.0006597 ], [ -83.0008904, 40.0007697 ] ] ] } },
{ "type": "Feature", "properties": { "@id": "way/984572650", "amenity": null, "building": "house", "name": null, "shop": null, "GEOID": "39049001300" }, "geometry": { "type": "Polygon", "coordinates": [ [ [ -82.999838, 40.0008044 ], [ -82.9998449, 40.0006435 ], [ -82.999711, 40.0006406 ], [ -82.9997041, 40.0008015 ], [ -82.999838, 40.0008044 ] ] ] } },
{ "type": "Feature", "properties": { "@id": "way/984572652", "amenity": null, "building": "house", "name": null, "shop": null, "GEOID": "39049001300" }, "geometry": { "type": "Polygon", "coordinates": [ [ [ -83.0003847, 40.0006663 ], [ -83.0002657, 40.0006627 ], [ -83.0002573, 40.0008247 ], [ -83.0003773, 40.0008283 ], [ -83.0003847, 40.0006663 ] ] ] } },
{ "type": "Feature", "properties": { "@id": "way/985677535", "amenity": null, "building": "house", "name": null, "shop": null, "GEOID": "39049001820" }, "geometry": { "type": "Polygon", "coordinates": [ [ [ -83.0191014, 39.985181 ], [ -83.0193141, 39.9851868 ], [ -83.0193169, 39.9851239 ], [ -83.0191043, 39.9851182 ], [ -83.0191014, 39.985181 ] ] ] } },
{ "type": "Feature", "properties": { "@id": "way/985677537", "amenity": null, "building": "house", "name": null, "shop": null, "GEOID": "39049001820" }, "geometry": { "type": "Polygon", "coordinates": [ [ [ -83.0190984, 39.9852615 ], [ -83.019311, 39.9852673 ], [ -83.0193138, 39.9852044 ], [ -83.0191013, 39.9851987 ], [ -83.0190984, 39.9852615 ] ] ] } },
{ "type": "Feature", "properties": { "@id": "way/985677539", "amenity": null, "building": "house", "name": null, "shop": null, "GEOID": "39049001820" }, "geometry": { "type": "Polygon", "coordinates": [ [ [ -83.0190954, 39.9853406 ], [ -83.019308, 39.9853464 ], [ -83.0193108, 39.9852835 ], [ -83.0190983, 39.9852778 ], [ -83.0190954, 39.9853406 ] ] ] } },
{ "type": "Feature", "properties": { "@id": "way/985677541", "amenity": null, "building": "house", "name": null, "shop": null, "GEOID": "39049001820" }, "geometry": { "type": "Polygon", "coordinates": [ [ [ -83.0200394, 39.9852605 ], [ -83.0198268, 39.9852545 ], [ -83.0198239, 39.9853174 ], [ -83.0200364, 39.9853234 ], [ -83.0200394, 39.9852605 ] ] ] } },
{ "type": "Feature", "properties": { "@id": "way/985677542", "amenity": null, "building": "house", "name": null, "shop": null, "GEOID": "39049001820" }, "geometry": { "type": "Polygon", "coordinates": [ [ [ -83.0200425, 39.9851814 ], [ -83.0198299, 39.9851754 ], [ -83.019827, 39.9852383 ], [ -83.0200395, 39.9852443 ], [ -83.0200425, 39.9851814 ] ] ] } },
{ "type": "Feature", "properties": { "@id": "way/985677543", "amenity": null, "building": "house", "name": null, "shop": null, "GEOID": "39049001820" }, "geometry": { "type": "Polygon", "coordinates": [ [ [ -83.020044, 39.9850813 ], [ -83.0198313, 39.9850754 ], [ -83.0198284, 39.9851382 ], [ -83.0200409, 39.9851442 ], [ -83.020044, 39.9850813 ] ] ] } },
{ "type": "Feature", "properties": { "@id": "way/985677544", "amenity": null, "building": "house", "name": null, "shop": null, "GEOID": "39049001820" }, "geometry": { "type": "Polygon", "coordinates": [ [ [ -83.0200471, 39.9850048 ], [ -83.0198345, 39.9849989 ], [ -83.0198315, 39.9850617 ], [ -83.0200441, 39.9850677 ], [ -83.0200471, 39.9850048 ] ] ] } },
{ "type": "Feature", "properties": { "@id": "way/985677549", "amenity": null, "building": "house", "name": null, "shop": null, "GEOID": "39049001820" }, "geometry": { "type": "Polygon", "coordinates": [ [ [ -83.0200352, 39.9853371 ], [ -83.0198226, 39.9853311 ], [ -83.0198197, 39.985394 ], [ -83.0200322, 39.9854 ], [ -83.0200352, 39.9853371 ] ] ] } },
{ "type": "Feature", "properties": { "@id": "way/988765549", "amenity": null, "building": "house", "name": null, "shop": null, "GEOID": "39049001200" }, "geometry": { "type": "Polygon", "coordinates": [ [ [ -82.9986274, 40.0046694 ], [ -82.9988132, 40.0046748 ], [ -82.9988179, 40.0045792 ], [ -82.9986321, 40.0045738 ], [ -82.9986274, 40.0046694 ] ] ] } },
{ "type": "Feature", "properties": { "@id": "way/988765550", "amenity": null, "building": "house", "name": null, "shop": null, "GEOID": "39049001200" }, "geometry": { "type": "Polygon", "coordinates": [ [ [ -82.9986305, 40.0045588 ], [ -82.9987788, 40.004564 ], [ -82.9987808, 40.0045293 ], [ -82.9988088, 40.0045303 ], [ -82.9988113, 40.0044884 ], [ -82.9986351, 40.0044822 ], [ -82.9986305, 40.0045588 ] ] ] } },
{ "type": "Feature", "properties": { "@id": "way/988765565", "amenity": null, "building": "house", "name": null, "shop": null, "GEOID": "39049001200" }, "geometry": { "type": "Polygon", "coordinates": [ [ [ -82.9993954, 40.0053107 ], [ -82.999262, 40.0052362 ], [ -82.9993066, 40.0051894 ], [ -82.999277, 40.0051728 ], [ -82.9993164, 40.0051314 ], [ -82.9994794, 40.0052225 ], [ -82.9993954, 40.0053107 ] ] ] } },
{ "type": "Feature", "properties": { "@id": "way/988765566", "amenity": null, "building": "house", "name": null, "shop": null, "GEOID": "39049001200" }, "geometry": { "type": "Polygon", "coordinates": [ [ [ -82.9994993, 40.0052115 ], [ -82.9993642, 40.0051352 ], [ -82.9994515, 40.0050445 ], [ -82.9995866, 40.0051208 ], [ -82.9994993, 40.0052115 ] ] ] } },
{ "type": "Feature", "properties": { "@id": "way/988765567", "amenity": null, "building": "house", "name": null, "shop": null, "GEOID": "39049001200" }, "geometry": { "type": "Polygon", "coordinates": [ [ [ -82.999579, 40.0050868 ], [ -82.999481, 40.0050382 ], [ -82.9995614, 40.0049429 ], [ -82.9996595, 40.0049915 ], [ -82.999579, 40.0050868 ] ] ] } },
{ "type": "Feature", "properties": { "@id": "way/988765570", "amenity": null, "building": "house", "name": null, "shop": null, "GEOID": "39049001200" }, "geometry": { "type": "Polygon", "coordinates": [ [ [ -82.9996977, 40.0047682 ], [ -82.9997447, 40.0047875 ], [ -82.9997018, 40.0048488 ], [ -82.9997805, 40.0048811 ], [ -82.9997965, 40.0048583 ], [ -82.9998221, 40.0048688 ], [ -82.9998581, 40.0048175 ], [ -82.9998315, 40.0048065 ], [ -82.999854, 40.0047744 ], [ -82.9997292, 40.0047231 ], [ -82.9996977, 40.0047682 ] ] ] } },
{ "type": "Feature", "properties": { "@id": "way/988778888", "amenity": null, "building": "house", "name": null, "shop": null, "GEOID": "39049001300" }, "geometry": { "type": "Polygon", "coordinates": [ [ [ -82.9979168, 39.9994217 ], [ -82.9979209, 39.9993082 ], [ -82.9978207, 39.9993061 ], [ -82.9978167, 39.9994196 ], [ -82.9979168, 39.9994217 ] ] ] } },
{ "type": "Feature", "properties": { "@id": "way/988778889", "amenity": null, "building": "house", "name": null, "shop": null, "GEOID": "39049001300" }, "geometry": { "type": "Polygon", "coordinates": [ [ [ -82.9980429, 39.9994231 ], [ -82.9980469, 39.9993097 ], [ -82.9979468, 39.9993076 ], [ -82.9979428, 39.999421 ], [ -82.9980429, 39.9994231 ] ] ] } },
{ "type": "Feature", "properties": { "@id": "way/996537274", "amenity": null, "building": "house", "name": null, "shop": null, "GEOID": "39049001300" }, "geometry": { "type": "Polygon", "coordinates": [ [ [ -82.9965821, 39.9974989 ], [ -82.9965757, 39.9975979 ], [ -82.9966694, 39.9976014 ], [ -82.9966758, 39.9975025 ], [ -82.9965821, 39.9974989 ] ] ] } },
{ "type": "Feature", "properties": { "@id": "way/996538363", "amenity": null, "building": "house", "name": null, "shop": null, "GEOID": "39049001300" }, "geometry": { "type": "Polygon", "coordinates": [ [ [ -82.9984597, 39.9972676 ], [ -82.9982429, 39.9972604 ], [ -82.9982393, 39.9973244 ], [ -82.9984561, 39.9973316 ], [ -82.9984597, 39.9972676 ] ] ] } },
{ "type": "Feature", "properties": { "@id": "way/996544953", "amenity": null, "building": "house", "name": null, "shop": null, "GEOID": "39049001000" }, "geometry": { "type": "Polygon", "coordinates": [ [ [ -83.0011001, 40.0063696 ], [ -83.0009347, 40.0063639 ], [ -83.00094, 40.006273 ], [ -83.0011054, 40.0062787 ], [ -83.0011001, 40.0063696 ] ] ] } },
{ "type": "Feature", "properties": { "@id": "way/996544954", "amenity": null, "building": "house", "name": null, "shop": null, "GEOID": "39049001000" }, "geometry": { "type": "Polygon", "coordinates": [ [ [ -83.0010941, 40.0064813 ], [ -83.0009287, 40.0064756 ], [ -83.000934, 40.0063847 ], [ -83.0010994, 40.0063904 ], [ -83.0010941, 40.0064813 ] ] ] } },
{ "type": "Feature", "properties": { "@id": "way/996544989", "amenity": null, "building": "house", "name": null, "shop": null, "GEOID": "39049001000" }, "geometry": { "type": "Polygon", "coordinates": [ [ [ -83.0003714, 40.0080399 ], [ -83.0002046, 40.0080338 ], [ -83.000205, 40.0080272 ], [ -83.0001774, 40.0080262 ], [ -83.000183, 40.0079362 ], [ -83.0002087, 40.0079371 ], [ -83.0002091, 40.0079312 ], [ -83.0003819, 40.0079374 ], [ -83.0003812, 40.007948 ], [ -83.000403, 40.0079488 ], [ -83.0003976, 40.0080364 ], [ -83.0003717, 40.0080355 ], [ -83.0003714, 40.0080399 ] ] ] } },
{ "type": "Feature", "properties": { "@id": "way/1021351048", "amenity": null, "building": "house", "name": null, "shop": null, "GEOID": "39049001500" }, "geometry": { "type": "Polygon", "coordinates": [ [ [ -82.9739456, 39.9963738 ], [ -82.9739534, 39.9962596 ], [ -82.9739303, 39.9962587 ], [ -82.9739386, 39.9961363 ], [ -82.9739646, 39.9961373 ], [ -82.9739724, 39.9960228 ], [ -82.9740931, 39.9960277 ], [ -82.9740849, 39.9961481 ], [ -82.9740585, 39.9961471 ], [ -82.9740511, 39.9962561 ], [ -82.9740755, 39.9962571 ], [ -82.9740671, 39.9963787 ], [ -82.9739456, 39.9963738 ] ] ] } },
{ "type": "Feature", "properties": { "@id": "way/1039216488", "amenity": null, "building": "house", "name": null, "shop": null, "GEOID": "39049001000" }, "geometry": { "type": "Polygon", "coordinates": [ [ [ -83.0090211, 40.0089451 ], [ -83.0090257, 40.008827 ], [ -83.0089103, 40.0088244 ], [ -83.0089058, 40.0089425 ], [ -83.0090211, 40.0089451 ] ] ] } },
{ "type": "Feature", "properties": { "@id": "way/1039216489", "amenity": null, "building": "house", "name": null, "shop": null, "GEOID": "39049001000" }, "geometry": { "type": "Polygon", "coordinates": [ [ [ -83.0088734, 40.0089385 ], [ -83.0088823, 40.0088139 ], [ -83.0087647, 40.0088089 ], [ -83.0087557, 40.0089335 ], [ -83.0088734, 40.0089385 ] ] ] } },
{ "type": "Feature", "properties": { "@id": "way/1039216490", "amenity": null, "building": "house", "name": null, "shop": null, "GEOID": "39049001000" }, "geometry": { "type": "Polygon", "coordinates": [ [ [ -83.0087254, 40.00893 ], [ -83.0087321, 40.0088053 ], [ -83.0086166, 40.0088017 ], [ -83.0086169, 40.0088409 ], [ -83.0086108, 40.0089271 ], [ -83.0087254, 40.00893 ] ] ] } },
{ "type": "Feature", "properties": { "@id": "way/1039216491", "amenity": null, "building": "house", "name": null, "shop": null, "GEOID": "39049001000" }, "geometry": { "type": "Polygon", "coordinates": [ [ [ -83.0091632, 40.0089485 ], [ -83.0091717, 40.008809 ], [ -83.0090488, 40.0088047 ], [ -83.0090404, 40.0089441 ], [ -83.0091632, 40.0089485 ] ] ] } },
{ "type": "Feature", "properties": { "@id": "way/1039216492", "amenity": null, "building": "house", "name": null, "shop": null, "GEOID": "39049001000" }, "geometry": { "type": "Polygon", "coordinates": [ [ [ -83.008569, 40.0089254 ], [ -83.0085665, 40.0089608 ], [ -83.0084967, 40.0089579 ], [ -83.0084993, 40.0089201 ], [ -83.0084563, 40.0089183 ], [ -83.0084622, 40.0088345 ], [ -83.0086169, 40.0088409 ], [ -83.0086108, 40.0089271 ], [ -83.008569, 40.0089254 ] ] ] } },
{ "type": "Feature", "properties": { "@id": "way/1039216809", "amenity": null, "building": "house", "name": null, "shop": null, "GEOID": "39049001000" }, "geometry": { "type": "Polygon", "coordinates": [ [ [ -83.0084415, 40.0089183 ], [ -83.0084443, 40.008829 ], [ -83.0083332, 40.0088269 ], [ -83.0083304, 40.0089162 ], [ -83.0084415, 40.0089183 ] ] ] } },
{ "type": "Feature", "properties": { "@id": "way/1039217092", "amenity": null, "building": "house", "name": null, "shop": null, "GEOID": "39049001000" }, "geometry": { "type": "Polygon", "coordinates": [ [ [ -83.007808, 40.0103599 ], [ -83.0078141, 40.0102804 ], [ -83.0076942, 40.010275 ], [ -83.0076881, 40.0103546 ], [ -83.007808, 40.0103599 ] ] ] } },
{ "type": "Feature", "properties": { "@id": "way/1039217093", "amenity": null, "building": "house", "name": null, "shop": null, "GEOID": "39049001000" }, "geometry": { "type": "Polygon", "coordinates": [ [ [ -83.0066185, 40.0087268 ], [ -83.0066106, 40.0088398 ], [ -83.0067139, 40.008844 ], [ -83.0067217, 40.008731 ], [ -83.0066185, 40.0087268 ] ] ] } },
{ "type": "Feature", "properties": { "@id": "way/1039217094", "amenity": null, "building": "house", "name": null, "shop": null, "GEOID": "39049001000" }, "geometry": { "type": "Polygon", "coordinates": [ [ [ -83.00686, 40.0087262 ], [ -83.0067459, 40.0087197 ], [ -83.0067329, 40.008854 ], [ -83.006847, 40.0088604 ], [ -83.00686, 40.0087262 ] ] ] } },
{ "type": "Feature", "properties": { "@id": "way/1039217095", "amenity": null, "building": "house", "name": null, "shop": null, "GEOID": "39049001000" }, "geometry": { "type": "Polygon", "coordinates": [ [ [ -83.0069886, 40.0088585 ], [ -83.0069977, 40.0087527 ], [ -83.0068804, 40.0087468 ], [ -83.0068714, 40.0088526 ], [ -83.0069886, 40.0088585 ] ] ] } },
{ "type": "Feature", "properties": { "@id": "way/1039217096", "amenity": null, "building": "house", "name": null, "shop": null, "GEOID": "39049001000" }, "geometry": { "type": "Polygon", "coordinates": [ [ [ -83.0071362, 40.0088606 ], [ -83.0071448, 40.0087511 ], [ -83.0070322, 40.0087459 ], [ -83.0070236, 40.0088554 ], [ -83.0071362, 40.0088606 ] ] ] } },
{ "type": "Feature", "properties": { "@id": "way/1039217097", "amenity": null, "building": "house", "name": null, "shop": null, "GEOID": "39049001000" }, "geometry": { "type": "Polygon", "coordinates": [ [ [ -83.0072979, 40.0088778 ], [ -83.0073056, 40.0087452 ], [ -83.0071896, 40.0087413 ], [ -83.007182, 40.0088738 ], [ -83.0072979, 40.0088778 ] ] ] } },
{ "type": "Feature", "properties": { "@id": "way/1039217098", "amenity": null, "building": "house", "name": null, "shop": null, "GEOID": "39049001000" }, "geometry": { "type": "Polygon", "coordinates": [ [ [ -83.0074254, 40.0088665 ], [ -83.00743, 40.0087606 ], [ -83.0073228, 40.0087579 ], [ -83.0073183, 40.0088638 ], [ -83.0074254, 40.0088665 ] ] ] } },
{ "type": "Feature", "properties": { "@id": "way/1039217099", "amenity": null, "building": "house", "name": null, "shop": null, "GEOID": "39049001000" }, "geometry": { "type": "Polygon", "coordinates": [ [ [ -83.0075821, 40.0088754 ], [ -83.0075903, 40.0087667 ], [ -83.0074679, 40.0087613 ], [ -83.0074597, 40.00887 ], [ -83.0075821, 40.0088754 ] ] ] } },
{ "type": "Feature", "properties": { "@id": "way/1039217100", "amenity": null, "building": "house", "name": null, "shop": null, "GEOID": "39049001000" }, "geometry": { "type": "Polygon", "coordinates": [ [ [ -83.0077274, 40.0088863 ], [ -83.0077379, 40.0087753 ], [ -83.0076221, 40.0087689 ], [ -83.0076116, 40.0088799 ], [ -83.0077274, 40.0088863 ] ] ] } },
{ "type": "Feature", "properties": { "@id": "way/1039217101", "amenity": null, "building": "house", "name": null, "shop": null, "GEOID": "39049001000" }, "geometry": { "type": "Polygon", "coordinates": [ [ [ -83.0078633, 40.0088862 ], [ -83.0078687, 40.0087801 ], [ -83.0077508, 40.0087765 ], [ -83.0077454, 40.0088827 ], [ -83.0078633, 40.0088862 ] ] ] } },
{ "type": "Feature", "properties": { "@id": "way/1039217729", "amenity": null, "building": "house", "name": null, "shop": null, "GEOID": "39049001000" }, "geometry": { "type": "Polygon", "coordinates": [ [ [ -83.0082895, 40.0089101 ], [ -83.0082969, 40.0088018 ], [ -83.0081787, 40.0087971 ], [ -83.0081713, 40.0089053 ], [ -83.0082895, 40.0089101 ] ] ] } },
{ "type": "Feature", "properties": { "@id": "way/1039217730", "amenity": null, "building": "house", "name": null, "shop": null, "GEOID": "39049001000" }, "geometry": { "type": "Polygon", "coordinates": [ [ [ -83.0081439, 40.0089039 ], [ -83.0081469, 40.008778 ], [ -83.0080338, 40.0087764 ], [ -83.0080307, 40.0089023 ], [ -83.0081439, 40.0089039 ] ] ] } },
{ "type": "Feature", "properties": { "@id": "way/1039217731", "amenity": null, "building": "house", "name": null, "shop": null, "GEOID": "39049001000" }, "geometry": { "type": "Polygon", "coordinates": [ [ [ -83.0079914, 40.0088954 ], [ -83.0079957, 40.0087694 ], [ -83.0078854, 40.0087672 ], [ -83.0078811, 40.0088932 ], [ -83.0079914, 40.0088954 ] ] ] } },
{ "type": "Feature", "properties": { "@id": "way/1039218218", "amenity": null, "building": "house", "name": null, "shop": null, "GEOID": "39049001000" }, "geometry": { "type": "Polygon", "coordinates": [ [ [ -83.0092975, 40.0093172 ], [ -83.0093134, 40.0092002 ], [ -83.0091909, 40.0091904 ], [ -83.0091704, 40.0093405 ], [ -83.0092558, 40.0093473 ], [ -83.0092975, 40.0093172 ] ] ] } },
{ "type": "Feature", "properties": { "@id": "way/1039218219", "amenity": null, "building": "house", "name": null, "shop": null, "GEOID": "39049001000" }, "geometry": { "type": "Polygon", "coordinates": [ [ [ -83.0091739, 40.0092133 ], [ -83.0090642, 40.0092054 ], [ -83.0090488, 40.0093312 ], [ -83.0091585, 40.009339 ], [ -83.0091739, 40.0092133 ] ] ] } },
{ "type": "Feature", "properties": { "@id": "way/1039218220", "amenity": null, "building": "house", "name": null, "shop": null, "GEOID": "39049001000" }, "geometry": { "type": "Polygon", "coordinates": [ [ [ -83.0090373, 40.0093317 ], [ -83.0090525, 40.0092009 ], [ -83.0089299, 40.0091925 ], [ -83.0089147, 40.0093234 ], [ -83.0090373, 40.0093317 ] ] ] } },
{ "type": "Feature", "properties": { "@id": "way/1039218221", "amenity": null, "building": "house", "name": null, "shop": null, "GEOID": "39049001000" }, "geometry": { "type": "Polygon", "coordinates": [ [ [ -83.0088195, 40.0092937 ], [ -83.0088332, 40.0091859 ], [ -83.0087246, 40.0091779 ], [ -83.0087076, 40.0093121 ], [ -83.0087748, 40.0093171 ], [ -83.0087782, 40.0092906 ], [ -83.0088195, 40.0092937 ] ] ] } },
{ "type": "Feature", "properties": { "@id": "way/1039218222", "amenity": null, "building": "house", "name": null, "shop": null, "GEOID": "39049001000" }, "geometry": { "type": "Polygon", "coordinates": [ [ [ -83.0084067, 40.009272 ], [ -83.0084139, 40.0091579 ], [ -83.0082986, 40.0091536 ], [ -83.0082913, 40.0092677 ], [ -83.0084067, 40.009272 ] ] ] } },
{ "type": "Feature", "properties": { "@id": "way/1039218223", "amenity": null, "building": "house", "name": null, "shop": null, "GEOID": "39049001000" }, "geometry": { "type": "Polygon", "coordinates": [ [ [ -83.0082749, 40.0092668 ], [ -83.0082796, 40.009157 ], [ -83.0081746, 40.0091544 ], [ -83.00817, 40.0092642 ], [ -83.0082749, 40.0092668 ] ] ] } },
{ "type": "Feature", "properties": { "@id": "way/1039218224", "amenity": null, "building": "house", "name": null, "shop": null, "GEOID": "39049001000" }, "geometry": { "type": "Polygon", "coordinates": [ [ [ -83.0081027, 40.009259 ], [ -83.0081085, 40.0091558 ], [ -83.0080081, 40.0091526 ], [ -83.0080023, 40.0092557 ], [ -83.0081027, 40.009259 ] ] ] } },
{ "type": "Feature", "properties": { "@id": "way/1039218225", "amenity": null, "building": "house", "name": null, "shop": null, "GEOID": "39049001000" }, "geometry": { "type": "Polygon", "coordinates": [ [ [ -83.0079728, 40.0092484 ], [ -83.0079859, 40.0091448 ], [ -83.0078853, 40.0091373 ], [ -83.0078722, 40.009241 ], [ -83.0079728, 40.0092484 ] ] ] } },
{ "type": "Feature", "properties": { "@id": "way/1039218226", "amenity": null, "building": "house", "name": null, "shop": null, "GEOID": "39049001000" }, "geometry": { "type": "Polygon", "coordinates": [ [ [ -83.0078261, 40.0092542 ], [ -83.0078362, 40.0091316 ], [ -83.0077151, 40.0091258 ], [ -83.007705, 40.0092484 ], [ -83.0078261, 40.0092542 ] ] ] } },
{ "type": "Feature", "properties": { "@id": "way/1039218227", "amenity": null, "building": "house", "name": null, "shop": null, "GEOID": "39049001000" }, "geometry": { "type": "Polygon", "coordinates": [ [ [ -83.0076777, 40.0092692 ], [ -83.0076899, 40.0091189 ], [ -83.0075769, 40.0091136 ], [ -83.0075647, 40.0092638 ], [ -83.0076777, 40.0092692 ] ] ] } },
{ "type": "Feature", "properties": { "@id": "way/1039218228", "amenity": null, "building": "house", "name": null, "shop": null, "GEOID": "39049001000" }, "geometry": { "type": "Polygon", "coordinates": [ [ [ -83.0075336, 40.0092632 ], [ -83.0075478, 40.0091164 ], [ -83.0074316, 40.0091098 ], [ -83.0074174, 40.0092566 ], [ -83.0075336, 40.0092632 ] ] ] } },
{ "type": "Feature", "properties": { "@id": "way/1039218229", "amenity": null, "building": "house", "name": null, "shop": null, "GEOID": "39049001000" }, "geometry": { "type": "Polygon", "coordinates": [ [ [ -83.0074024, 40.0092502 ], [ -83.0074141, 40.0091069 ], [ -83.0072935, 40.0091011 ], [ -83.0072818, 40.0092444 ], [ -83.0074024, 40.0092502 ] ] ] } },
{ "type": "Feature", "properties": { "@id": "way/1039218230", "amenity": null, "building": "house", "name": null, "shop": null, "GEOID": "39049001000" }, "geometry": { "type": "Polygon", "coordinates": [ [ [ -83.0072402, 40.0092245 ], [ -83.0072509, 40.0091122 ], [ -83.007134, 40.0091057 ], [ -83.0071233, 40.009218 ], [ -83.0072402, 40.0092245 ] ] ] } },
{ "type": "Feature", "properties": { "@id": "way/1039218446", "amenity": null, "building": "house", "name": null, "shop": null, "GEOID": "39049001000" }, "geometry": { "type": "Polygon", "coordinates": [ [ [ -83.0071083, 40.009214 ], [ -83.0071168, 40.0091057 ], [ -83.0070018, 40.0091004 ], [ -83.0069904, 40.0092462 ], [ -83.0070807, 40.0092503 ], [ -83.0070837, 40.0092129 ], [ -83.0071083, 40.009214 ] ] ] } },
{ "type": "Feature", "properties": { "@id": "way/1039218447", "amenity": null, "building": "house", "name": null, "shop": null, "GEOID": "39049001000" }, "geometry": { "type": "Polygon", "coordinates": [ [ [ -83.0069495, 40.0092131 ], [ -83.0069615, 40.0090901 ], [ -83.0068486, 40.0090836 ], [ -83.0068366, 40.0092067 ], [ -83.0069495, 40.0092131 ] ] ] } },
{ "type": "Feature", "properties": { "@id": "way/1039218448", "amenity": null, "building": "house", "name": null, "shop": null, "GEOID": "39049001000" }, "geometry": { "type": "Polygon", "coordinates": [ [ [ -83.0068113, 40.0092011 ], [ -83.006818, 40.0090794 ], [ -83.0067034, 40.0090756 ], [ -83.0066967, 40.0091974 ], [ -83.0068113, 40.0092011 ] ] ] } },
{ "type": "Feature", "properties": { "@id": "way/1039219589", "amenity": null, "building": "house", "name": null, "shop": null, "GEOID": "39049001000" }, "geometry": { "type": "Polygon", "coordinates": [ [ [ -83.0062691, 40.0106351 ], [ -83.0062707, 40.0105378 ], [ -83.0061762, 40.0105369 ], [ -83.0061746, 40.0106342 ], [ -83.0062691, 40.0106351 ] ] ] } },
{ "type": "Feature", "properties": { "@id": "way/1039219590", "amenity": null, "building": "house", "name": null, "shop": null, "GEOID": "39049001000" }, "geometry": { "type": "Polygon", "coordinates": [ [ [ -83.0061618, 40.0106437 ], [ -83.0061675, 40.0105244 ], [ -83.0060747, 40.0105218 ], [ -83.006069, 40.010641 ], [ -83.0061618, 40.0106437 ] ] ] } },
{ "type": "Feature", "properties": { "@id": "way/1039219591", "amenity": null, "building": "house", "name": null, "shop": null, "GEOID": "39049001000" }, "geometry": { "type": "Polygon", "coordinates": [ [ [ -83.0060474, 40.0106357 ], [ -83.0060536, 40.0104873 ], [ -83.0059275, 40.0104842 ], [ -83.0059213, 40.0106326 ], [ -83.0060474, 40.0106357 ] ] ] } },
{ "type": "Feature", "properties": { "@id": "way/1039219592", "amenity": null, "building": "house", "name": null, "shop": null, "GEOID": "39049001000" }, "geometry": { "type": "Polygon", "coordinates": [ [ [ -83.0059098, 40.0106294 ], [ -83.0058344, 40.0106272 ], [ -83.0058398, 40.0105218 ], [ -83.0059152, 40.010524 ], [ -83.0059098, 40.0106294 ] ] ] } },
{ "type": "Feature", "properties": { "@id": "way/1039219593", "amenity": null, "building": "house", "name": null, "shop": null, "GEOID": "39049001000" }, "geometry": { "type": "Polygon", "coordinates": [ [ [ -83.0058217, 40.0106276 ], [ -83.0057153, 40.010623 ], [ -83.005724, 40.0105063 ], [ -83.0058304, 40.0105109 ], [ -83.0058217, 40.0106276 ] ] ] } },
{ "type": "Feature", "properties": { "@id": "way/1039219594", "amenity": null, "building": "house", "name": null, "shop": null, "GEOID": "39049001000" }, "geometry": { "type": "Polygon", "coordinates": [ [ [ -83.0057018, 40.0106283 ], [ -83.0057114, 40.0104687 ], [ -83.0056144, 40.0104653 ], [ -83.0056049, 40.0106249 ], [ -83.0057018, 40.0106283 ] ] ] } },
{ "type": "Feature", "properties": { "@id": "way/1039219595", "amenity": null, "building": "house", "name": null, "shop": null, "GEOID": "39049001000" }, "geometry": { "type": "Polygon", "coordinates": [ [ [ -83.0055817, 40.0106054 ], [ -83.0055861, 40.0104901 ], [ -83.0054892, 40.0104879 ], [ -83.0054848, 40.0106033 ], [ -83.0055817, 40.0106054 ] ] ] } },
{ "type": "Feature", "properties": { "@id": "way/1039219596", "amenity": null, "building": "house", "name": null, "shop": null, "GEOID": "39049001000" }, "geometry": { "type": "Polygon", "coordinates": [ [ [ -83.0054651, 40.0105909 ], [ -83.0054693, 40.0104987 ], [ -83.0053763, 40.0104962 ], [ -83.0053721, 40.0105884 ], [ -83.0054651, 40.0105909 ] ] ] } },
{ "type": "Feature", "properties": { "@id": "way/1039219597", "amenity": null, "building": "house", "name": null, "shop": null, "GEOID": "39049001000" }, "geometry": { "type": "Polygon", "coordinates": [ [ [ -83.005262, 40.010486 ], [ -83.0053578, 40.010489 ], [ -83.0053524, 40.0105909 ], [ -83.0052566, 40.0105879 ], [ -83.005262, 40.010486 ] ] ] } },
{ "type": "Feature", "properties": { "@id": "way/1039219598", "amenity": null, "building": "house", "name": null, "shop": null, "GEOID": "39049001000" }, "geometry": { "type": "Polygon", "coordinates": [ [ [ -83.0052351, 40.010583 ], [ -83.0052383, 40.0104818 ], [ -83.0051489, 40.0104802 ], [ -83.0051458, 40.0105814 ], [ -83.0052351, 40.010583 ] ] ] } },
{ "type": "Feature", "properties": { "@id": "way/1039219599", "amenity": null, "building": "house", "name": null, "shop": null, "GEOID": "39049001000" }, "geometry": { "type": "Polygon", "coordinates": [ [ [ -83.0051372, 40.010586 ], [ -83.0051388, 40.0104566 ], [ -83.0050412, 40.0104559 ], [ -83.0050397, 40.0105853 ], [ -83.0051372, 40.010586 ] ] ] } },
{ "type": "Feature", "properties": { "@id": "way/1039219600", "amenity": null, "building": "house", "name": null, "shop": null, "GEOID": "39049001000" }, "geometry": { "type": "Polygon", "coordinates": [ [ [ -83.0050168, 40.0105795 ], [ -83.0049191, 40.0105726 ], [ -83.0049358, 40.0104333 ], [ -83.0050335, 40.0104402 ], [ -83.0050168, 40.0105795 ] ] ] } },
{ "type": "Feature", "properties": { "@id": "way/1039219601", "amenity": null, "building": "house", "name": null, "shop": null, "GEOID": "39049001000" }, "geometry": { "type": "Polygon", "coordinates": [ [ [ -83.0048971, 40.0105711 ], [ -83.0048008, 40.0105682 ], [ -83.0048062, 40.0104638 ], [ -83.0049025, 40.0104667 ], [ -83.0048971, 40.0105711 ] ] ] } },
{ "type": "Feature", "properties": { "@id": "way/1104506114", "amenity": null, "building": "house", "name": null, "shop": null, "GEOID": "39049001000" }, "geometry": { "type": "Polygon", "coordinates": [ [ [ -82.9976339, 40.0128437 ], [ -82.9974426, 40.0128363 ], [ -82.9974482, 40.0127505 ], [ -82.9976412, 40.0127568 ], [ -82.9976339, 40.0128437 ] ] ] } },
{ "type": "Feature", "properties": { "@id": "way/1104506115", "amenity": null, "building": "house", "name": null, "shop": null, "GEOID": "39049001000" }, "geometry": { "type": "Polygon", "coordinates": [ [ [ -82.9976416, 40.0127199 ], [ -82.9974492, 40.0127098 ], [ -82.997457, 40.0126225 ], [ -82.9976494, 40.0126326 ], [ -82.9976416, 40.0127199 ] ] ] } },
{ "type": "Feature", "properties": { "@id": "way/1104506116", "amenity": null, "building": "house", "name": null, "shop": null, "GEOID": "39049001000" }, "geometry": { "type": "Polygon", "coordinates": [ [ [ -82.9976551, 40.0126091 ], [ -82.9974866, 40.0126023 ], [ -82.9974872, 40.0125946 ], [ -82.9974624, 40.0125936 ], [ -82.9974651, 40.0125545 ], [ -82.9974903, 40.0125555 ], [ -82.9974909, 40.0125474 ], [ -82.9976588, 40.0125542 ], [ -82.9976551, 40.0126091 ] ] ] } },
{ "type": "Feature", "properties": { "@id": "way/1104506118", "amenity": null, "building": "house", "name": null, "shop": null, "GEOID": "39049001000" }, "geometry": { "type": "Polygon", "coordinates": [ [ [ -82.997659, 40.0125125 ], [ -82.9976351, 40.0125113 ], [ -82.9976345, 40.0125181 ], [ -82.9975273, 40.0125128 ], [ -82.9975281, 40.0125035 ], [ -82.9975169, 40.0125029 ], [ -82.9975196, 40.0124714 ], [ -82.9975326, 40.012472 ], [ -82.9975353, 40.0124396 ], [ -82.9976373, 40.0124446 ], [ -82.9976365, 40.0124541 ], [ -82.9976638, 40.0124554 ], [ -82.997659, 40.0125125 ] ] ] } },
{ "type": "Feature", "properties": { "@id": "way/1104506119", "amenity": null, "building": "house", "name": null, "shop": null, "GEOID": "39049001000" }, "geometry": { "type": "Polygon", "coordinates": [ [ [ -82.9976358, 40.0124226 ], [ -82.9975259, 40.0124182 ], [ -82.9975305, 40.0123502 ], [ -82.9976405, 40.0123546 ], [ -82.9976358, 40.0124226 ] ] ] } },
{ "type": "Feature", "properties": { "@id": "way/1104506120", "amenity": null, "building": "house", "name": null, "shop": null, "GEOID": "39049001000" }, "geometry": { "type": "Polygon", "coordinates": [ [ [ -82.9976734, 40.0123131 ], [ -82.997644, 40.0123118 ], [ -82.9976435, 40.0123191 ], [ -82.9975403, 40.0123145 ], [ -82.9975458, 40.0122418 ], [ -82.997648, 40.0122463 ], [ -82.9976477, 40.0122512 ], [ -82.9976779, 40.0122526 ], [ -82.9976734, 40.0123131 ] ] ] } },
{ "type": "Feature", "properties": { "@id": "way/1104506121", "amenity": null, "building": "house", "name": null, "shop": null, "GEOID": "39049001000" }, "geometry": { "type": "Polygon", "coordinates": [ [ [ -82.9976492, 40.0122351 ], [ -82.9974904, 40.0122284 ], [ -82.9974874, 40.0122167 ], [ -82.9974684, 40.0122159 ], [ -82.9974732, 40.0121482 ], [ -82.9974926, 40.012149 ], [ -82.9974935, 40.0121361 ], [ -82.9976558, 40.0121429 ], [ -82.9976492, 40.0122351 ] ] ] } },
{ "type": "Feature", "properties": { "@id": "way/1104506123", "amenity": null, "building": "house", "name": null, "shop": null, "GEOID": "39049001000" }, "geometry": { "type": "Polygon", "coordinates": [ [ [ -82.9972253, 40.012154 ], [ -82.9972004, 40.012153 ], [ -82.9971993, 40.0121716 ], [ -82.9971442, 40.0121695 ], [ -82.9971453, 40.0121506 ], [ -82.9971307, 40.01215 ], [ -82.9971361, 40.0120622 ], [ -82.9971521, 40.0120628 ], [ -82.9971532, 40.012045 ], [ -82.9972239, 40.0120476 ], [ -82.9972227, 40.0120673 ], [ -82.9972307, 40.0120676 ], [ -82.9972253, 40.012154 ] ] ] } },
{ "type": "Feature", "properties": { "@id": "way/1104506124", "amenity": null, "building": "house", "name": null, "shop": null, "GEOID": "39049001000" }, "geometry": { "type": "Polygon", "coordinates": [ [ [ -82.9970876, 40.012148 ], [ -82.997071, 40.0121475 ], [ -82.9970699, 40.0121701 ], [ -82.9970169, 40.0121685 ], [ -82.9970179, 40.0121496 ], [ -82.9969761, 40.0121484 ], [ -82.9969807, 40.0120564 ], [ -82.9969983, 40.012057 ], [ -82.9969991, 40.0120395 ], [ -82.9970929, 40.0120423 ], [ -82.9970876, 40.012148 ] ] ] } },
{ "type": "Feature", "properties": { "@id": "way/1104506125", "amenity": null, "building": "house", "name": null, "shop": null, "GEOID": "39049001000" }, "geometry": { "type": "Polygon", "coordinates": [ [ [ -82.9969444, 40.0121384 ], [ -82.9968569, 40.0121348 ], [ -82.9968626, 40.0120547 ], [ -82.9968715, 40.0120551 ], [ -82.9968724, 40.0120416 ], [ -82.9969404, 40.0120444 ], [ -82.9969396, 40.0120566 ], [ -82.9969501, 40.0120571 ], [ -82.9969444, 40.0121384 ] ] ] } },
{ "type": "Feature", "properties": { "@id": "way/1104506126", "amenity": null, "building": "house", "name": null, "shop": null, "GEOID": "39049001000" }, "geometry": { "type": "Polygon", "coordinates": [ [ [ -82.9968451, 40.0121717 ], [ -82.9967708, 40.0121692 ], [ -82.9967732, 40.0121262 ], [ -82.9967567, 40.0121256 ], [ -82.9967586, 40.0120918 ], [ -82.9967648, 40.012092 ], [ -82.9967672, 40.0120497 ], [ -82.9967742, 40.0120499 ], [ -82.9967753, 40.0120294 ], [ -82.9968422, 40.0120316 ], [ -82.9968411, 40.0120519 ], [ -82.9968517, 40.0120522 ], [ -82.9968451, 40.0121717 ] ] ] } },
{ "type": "Feature", "properties": { "@id": "way/1104506127", "amenity": null, "building": "house", "name": null, "shop": null, "GEOID": "39049001000" }, "geometry": { "type": "Polygon", "coordinates": [ [ [ -82.9967476, 40.0120529 ], [ -82.9967412, 40.0121277 ], [ -82.9966563, 40.0121234 ], [ -82.9966568, 40.0121177 ], [ -82.9966448, 40.0121171 ], [ -82.9966476, 40.0120836 ], [ -82.9966565, 40.012084 ], [ -82.9966599, 40.0120441 ], [ -82.9966725, 40.0120447 ], [ -82.996674, 40.0120266 ], [ -82.9967412, 40.0120299 ], [ -82.99674, 40.0120445 ], [ -82.9967476, 40.0120529 ] ] ] } },
{ "type": "Feature", "properties": { "@id": "way/1104506128", "amenity": null, "building": "house", "name": null, "shop": null, "GEOID": "39049001000" }, "geometry": { "type": "Polygon", "coordinates": [ [ [ -82.9966293, 40.0121568 ], [ -82.9965376, 40.0121527 ], [ -82.9965475, 40.0120203 ], [ -82.9966392, 40.0120244 ], [ -82.9966293, 40.0121568 ] ] ] } },
{ "type": "Feature", "properties": { "@id": "way/1104506134", "amenity": null, "building": "house", "name": null, "shop": null, "GEOID": "39049001000" }, "geometry": { "type": "Polygon", "coordinates": [ [ [ -82.997144, 40.0127824 ], [ -82.9970835, 40.0127797 ], [ -82.9970917, 40.0126725 ], [ -82.9971472, 40.012675 ], [ -82.9971444, 40.0127117 ], [ -82.9971932, 40.0127139 ], [ -82.9971897, 40.0127594 ], [ -82.9971459, 40.0127574 ], [ -82.997144, 40.0127824 ] ] ] } },
{ "type": "Feature", "properties": { "@id": "way/1104506135", "amenity": null, "building": "house", "name": null, "shop": null, "GEOID": "39049001000" }, "geometry": { "type": "Polygon", "coordinates": [ [ [ -82.9970718, 40.012782 ], [ -82.99699, 40.0127794 ], [ -82.9969925, 40.0127349 ], [ -82.9969817, 40.0127311 ], [ -82.996984, 40.01269 ], [ -82.9970024, 40.0126906 ], [ -82.9970036, 40.0126687 ], [ -82.9970746, 40.0126711 ], [ -82.9970734, 40.0126931 ], [ -82.9970863, 40.0126936 ], [ -82.9970835, 40.0127436 ], [ -82.997074, 40.0127432 ], [ -82.9970718, 40.012782 ] ] ] } },
{ "type": "Feature", "properties": { "@id": "way/1104506136", "amenity": null, "building": "house", "name": null, "shop": null, "GEOID": "39049001000" }, "geometry": { "type": "Polygon", "coordinates": [ [ [ -82.99695, 40.0127722 ], [ -82.9969362, 40.0127717 ], [ -82.9969353, 40.0127847 ], [ -82.9968778, 40.0127826 ], [ -82.9968786, 40.0127698 ], [ -82.9968689, 40.0127695 ], [ -82.9968715, 40.0127282 ], [ -82.9968636, 40.0127279 ], [ -82.9968655, 40.0126987 ], [ -82.9968743, 40.012699 ], [ -82.9968752, 40.012685 ], [ -82.9969547, 40.0126879 ], [ -82.9969543, 40.0126937 ], [ -82.9969616, 40.012694 ], [ -82.9969605, 40.0127116 ], [ -82.9969538, 40.0127114 ], [ -82.99695, 40.0127722 ] ] ] } },
{ "type": "Feature", "properties": { "@id": "way/1104506137", "amenity": null, "building": "house", "name": null, "shop": null, "GEOID": "39049001000" }, "geometry": { "type": "Polygon", "coordinates": [ [ [ -82.9968341, 40.012775 ], [ -82.9967323, 40.0127704 ], [ -82.9967395, 40.0126762 ], [ -82.996751, 40.0126768 ], [ -82.9967526, 40.0126562 ], [ -82.996792, 40.012658 ], [ -82.9967905, 40.0126779 ], [ -82.9968413, 40.0126802 ], [ -82.9968341, 40.012775 ] ] ] } },
{ "type": "Feature", "properties": { "@id": "way/1104506138", "amenity": null, "building": "house", "name": null, "shop": null, "GEOID": "39049001000" }, "geometry": { "type": "Polygon", "coordinates": [ [ [ -82.9966985, 40.0127617 ], [ -82.9966026, 40.0127584 ], [ -82.9966076, 40.012674 ], [ -82.9966176, 40.0126743 ], [ -82.9966188, 40.0126538 ], [ -82.9966785, 40.0126558 ], [ -82.9966772, 40.0126774 ], [ -82.9967034, 40.0126783 ], [ -82.9966985, 40.0127617 ] ] ] } },
{ "type": "Feature", "properties": { "@id": "way/1104506143", "amenity": null, "building": "house", "name": null, "shop": null, "GEOID": "39049001000" }, "geometry": { "type": "Polygon", "coordinates": [ [ [ -82.9982022, 40.0128677 ], [ -82.9980333, 40.0128612 ], [ -82.998034, 40.0128514 ], [ -82.9980029, 40.0128502 ], [ -82.9980079, 40.0127745 ], [ -82.9980364, 40.0127756 ], [ -82.9980368, 40.0127696 ], [ -82.9982082, 40.0127762 ], [ -82.9982022, 40.0128677 ] ] ] } },
{ "type": "Feature", "properties": { "@id": "way/1104506145", "amenity": null, "building": "house", "name": null, "shop": null, "GEOID": "39049001000" }, "geometry": { "type": "Polygon", "coordinates": [ [ [ -82.9980052, 40.0127548 ], [ -82.9980103, 40.0126765 ], [ -82.9981799, 40.012683 ], [ -82.9981748, 40.0127613 ], [ -82.9980052, 40.0127548 ] ] ] } },
{ "type": "Feature", "properties": { "@id": "way/1104506147", "amenity": null, "building": "house", "name": null, "shop": null, "GEOID": "39049001000" }, "geometry": { "type": "Polygon", "coordinates": [ [ [ -82.9981615, 40.012672 ], [ -82.9980452, 40.0126669 ], [ -82.9980458, 40.0126592 ], [ -82.9980171, 40.012658 ], [ -82.9980217, 40.0125975 ], [ -82.998054, 40.0125989 ], [ -82.9980544, 40.0125938 ], [ -82.9981635, 40.0125987 ], [ -82.998161, 40.0126314 ], [ -82.9981812, 40.0126323 ], [ -82.9981785, 40.0126677 ], [ -82.9981619, 40.0126669 ], [ -82.9981615, 40.012672 ] ] ] } },
{ "type": "Feature", "properties": { "@id": "way/1104506148", "amenity": null, "building": "house", "name": null, "shop": null, "GEOID": "39049001000" }, "geometry": { "type": "Polygon", "coordinates": [ [ [ -82.9981648, 40.0125862 ], [ -82.9980543, 40.0125831 ], [ -82.9980546, 40.0125774 ], [ -82.9980302, 40.0125767 ], [ -82.9980336, 40.0125059 ], [ -82.9981684, 40.0125097 ], [ -82.9981648, 40.0125862 ] ] ] } },
{ "type": "Feature", "properties": { "@id": "way/1104506149", "amenity": null, "building": "house", "name": null, "shop": null, "GEOID": "39049001000" }, "geometry": { "type": "Polygon", "coordinates": [ [ [ -82.9981666, 40.0124881 ], [ -82.998167, 40.0124792 ], [ -82.9981982, 40.01248 ], [ -82.9981997, 40.0124438 ], [ -82.9981791, 40.0124433 ], [ -82.9981805, 40.0124106 ], [ -82.9980341, 40.012407 ], [ -82.9980311, 40.0124798 ], [ -82.9980575, 40.0124804 ], [ -82.9980573, 40.0124855 ], [ -82.9981666, 40.0124881 ] ] ] } },
{ "type": "Feature", "properties": { "@id": "way/1104506150", "amenity": null, "building": "house", "name": null, "shop": null, "GEOID": "39049001000" }, "geometry": { "type": "Polygon", "coordinates": [ [ [ -82.9981783, 40.0123983 ], [ -82.9981788, 40.0123883 ], [ -82.998202, 40.012389 ], [ -82.9982037, 40.0123515 ], [ -82.9981823, 40.0123509 ], [ -82.9981837, 40.0123204 ], [ -82.9980403, 40.0123165 ], [ -82.9980369, 40.0123879 ], [ -82.9980642, 40.0123886 ], [ -82.9980639, 40.0123951 ], [ -82.9981783, 40.0123983 ] ] ] } },
{ "type": "Feature", "properties": { "@id": "way/1104506151", "amenity": null, "building": "house", "name": null, "shop": null, "GEOID": "39049001000" }, "geometry": { "type": "Polygon", "coordinates": [ [ [ -82.9982378, 40.0123057 ], [ -82.9980694, 40.0123001 ], [ -82.9980698, 40.0122928 ], [ -82.998036, 40.0122917 ], [ -82.9980407, 40.0122069 ], [ -82.998243, 40.0122136 ], [ -82.9982378, 40.0123057 ] ] ] } },
{ "type": "Feature", "properties": { "@id": "way/1104506152", "amenity": null, "building": "house", "name": null, "shop": null, "GEOID": "39049001000" }, "geometry": { "type": "Polygon", "coordinates": [ [ [ -82.9982539, 40.0121947 ], [ -82.9980484, 40.0121852 ], [ -82.9980553, 40.0120976 ], [ -82.9982608, 40.0121071 ], [ -82.9982539, 40.0121947 ] ] ] } },
{ "type": "Feature", "properties": { "@id": "way/1104506154", "amenity": null, "building": "house", "name": null, "shop": null, "GEOID": "39049001000" }, "geometry": { "type": "Polygon", "coordinates": [ [ [ -82.9982553, 40.0120865 ], [ -82.9980564, 40.0120775 ], [ -82.9980633, 40.0119883 ], [ -82.9982622, 40.0119974 ], [ -82.9982553, 40.0120865 ] ] ] } },
{ "type": "Feature", "properties": { "@id": "way/1104506155", "amenity": null, "building": "house", "name": null, "shop": null, "GEOID": "39049001000" }, "geometry": { "type": "Polygon", "coordinates": [ [ [ -82.9982666, 40.0119765 ], [ -82.9980682, 40.0119699 ], [ -82.9980732, 40.0118819 ], [ -82.9982716, 40.0118885 ], [ -82.9982666, 40.0119765 ] ] ] } },
{ "type": "Feature", "properties": { "@id": "way/1104506156", "amenity": null, "building": "house", "name": null, "shop": null, "GEOID": "39049001000" }, "geometry": { "type": "Polygon", "coordinates": [ [ [ -82.9982634, 40.0118687 ], [ -82.9980741, 40.0118584 ], [ -82.9980825, 40.0117688 ], [ -82.9982718, 40.0117791 ], [ -82.9982634, 40.0118687 ] ] ] } },
{ "type": "Feature", "properties": { "@id": "way/1104506157", "amenity": null, "building": "house", "name": null, "shop": null, "GEOID": "39049001000" }, "geometry": { "type": "Polygon", "coordinates": [ [ [ -82.998227, 40.0117492 ], [ -82.9982301, 40.0117131 ], [ -82.9982582, 40.0117145 ], [ -82.9982631, 40.0116576 ], [ -82.9981249, 40.0116506 ], [ -82.9981238, 40.0116634 ], [ -82.9980946, 40.0116619 ], [ -82.9980881, 40.0117371 ], [ -82.9981193, 40.0117387 ], [ -82.9981188, 40.0117437 ], [ -82.998227, 40.0117492 ] ] ] } },
{ "type": "Feature", "properties": { "@id": "way/1104506158", "amenity": null, "building": "house", "name": null, "shop": null, "GEOID": "39049001000" }, "geometry": { "type": "Polygon", "coordinates": [ [ [ -82.9980984, 40.0116174 ], [ -82.9983278, 40.0116297 ], [ -82.9983351, 40.0115505 ], [ -82.9981056, 40.0115382 ], [ -82.9980984, 40.0116174 ] ] ] } },
{ "type": "Feature", "properties": { "@id": "way/1104506159", "amenity": null, "building": "house", "name": null, "shop": null, "GEOID": "39049001000" }, "geometry": { "type": "Polygon", "coordinates": [ [ [ -82.9983603, 40.0115459 ], [ -82.9981207, 40.0115342 ], [ -82.9981268, 40.0114608 ], [ -82.9983664, 40.0114725 ], [ -82.9983603, 40.0115459 ] ] ] } },
{ "type": "Feature", "properties": { "@id": "way/1104506160", "amenity": null, "building": "house", "name": null, "shop": null, "GEOID": "39049001000" }, "geometry": { "type": "Polygon", "coordinates": [ [ [ -82.9982464, 40.0114433 ], [ -82.9981068, 40.0114378 ], [ -82.9981122, 40.0113585 ], [ -82.998252, 40.011364 ], [ -82.9982514, 40.011372 ], [ -82.9982732, 40.0113729 ], [ -82.9982714, 40.011399 ], [ -82.9982495, 40.0113981 ], [ -82.9982464, 40.0114433 ] ] ] } },
{ "type": "Feature", "properties": { "@id": "way/1104506162", "amenity": null, "building": "house", "name": null, "shop": null, "GEOID": "39049001000" }, "geometry": { "type": "Polygon", "coordinates": [ [ [ -82.9982811, 40.0113228 ], [ -82.998117, 40.0113144 ], [ -82.9981233, 40.0112416 ], [ -82.9982577, 40.0112485 ], [ -82.9982551, 40.0112778 ], [ -82.9982849, 40.0112794 ], [ -82.9982811, 40.0113228 ] ] ] } },
{ "type": "Feature", "properties": { "@id": "way/1104506163", "amenity": null, "building": "house", "name": null, "shop": null, "GEOID": "39049001000" }, "geometry": { "type": "Polygon", "coordinates": [ [ [ -82.9982426, 40.0112097 ], [ -82.9981253, 40.0112037 ], [ -82.9981334, 40.0111109 ], [ -82.9981577, 40.0111121 ], [ -82.99816, 40.0110866 ], [ -82.998227, 40.0110901 ], [ -82.9982254, 40.0111084 ], [ -82.9982514, 40.0111097 ], [ -82.9982426, 40.0112097 ] ] ] } },
{ "type": "Feature", "properties": { "@id": "way/1110651905", "amenity": null, "building": "house", "name": null, "shop": null, "GEOID": "39049001820" }, "geometry": { "type": "Polygon", "coordinates": [ [ [ -83.0190751, 39.9856781 ], [ -83.0192877, 39.9856839 ], [ -83.0192905, 39.985621 ], [ -83.019078, 39.9856153 ], [ -83.0190751, 39.9856781 ] ] ] } },
{ "type": "Feature", "properties": { "@id": "way/1110651906", "amenity": null, "building": "house", "name": null, "shop": null, "GEOID": "39049001820" }, "geometry": { "type": "Polygon", "coordinates": [ [ [ -83.0190781, 39.985599 ], [ -83.0192907, 39.9856048 ], [ -83.0192935, 39.9855419 ], [ -83.019081, 39.9855362 ], [ -83.0190781, 39.985599 ] ] ] } },
{ "type": "Feature", "properties": { "@id": "way/1110651909", "amenity": null, "building": "house", "name": null, "shop": null, "GEOID": "39049001820" }, "geometry": { "type": "Polygon", "coordinates": [ [ [ -83.0190811, 39.9855185 ], [ -83.0192938, 39.9855243 ], [ -83.0192966, 39.9854614 ], [ -83.019084, 39.9854557 ], [ -83.0190811, 39.9855185 ] ] ] } },
{ "type": "Feature", "properties": { "@id": "way/1110651912", "amenity": null, "building": "house", "name": null, "shop": null, "GEOID": "39049001820" }, "geometry": { "type": "Polygon", "coordinates": [ [ [ -83.0190865, 39.9854348 ], [ -83.0192991, 39.9854406 ], [ -83.0193019, 39.9853777 ], [ -83.0190894, 39.985372 ], [ -83.0190865, 39.9854348 ] ] ] } },
{ "type": "Feature", "properties": { "@id": "way/1110651913", "amenity": null, "building": "house", "name": null, "shop": null, "GEOID": "39049001820" }, "geometry": { "type": "Polygon", "coordinates": [ [ [ -83.0190707, 39.9857634 ], [ -83.0192833, 39.9857692 ], [ -83.0192861, 39.9857063 ], [ -83.0190736, 39.9857006 ], [ -83.0190707, 39.9857634 ] ] ] } },
{ "type": "Feature", "properties": { "@id": "way/1110651915", "amenity": null, "building": "house", "name": null, "shop": null, "GEOID": "39049001820" }, "geometry": { "type": "Polygon", "coordinates": [ [ [ -83.0200191, 39.9855488 ], [ -83.0198065, 39.9855428 ], [ -83.0198036, 39.9856057 ], [ -83.0200161, 39.9856117 ], [ -83.0200191, 39.9855488 ] ] ] } },
{ "type": "Feature", "properties": { "@id": "way/1110651916", "amenity": null, "building": "house", "name": null, "shop": null, "GEOID": "39049001820" }, "geometry": { "type": "Polygon", "coordinates": [ [ [ -83.0200206, 39.9854625 ], [ -83.0198079, 39.9854566 ], [ -83.019805, 39.9855194 ], [ -83.0200175, 39.9855254 ], [ -83.0200206, 39.9854625 ] ] ] } },
{ "type": "Feature", "properties": { "@id": "way/1110651917", "amenity": null, "building": "house", "name": null, "shop": null, "GEOID": "39049001820" }, "geometry": { "type": "Polygon", "coordinates": [ [ [ -83.020016, 39.9856339 ], [ -83.0198034, 39.9856279 ], [ -83.0198005, 39.9856908 ], [ -83.020013, 39.9856968 ], [ -83.020016, 39.9856339 ] ] ] } },
{ "type": "Feature", "properties": { "@id": "way/1110651918", "amenity": null, "building": "house", "name": null, "shop": null, "GEOID": "39049001820" }, "geometry": { "type": "Polygon", "coordinates": [ [ [ -83.0200118, 39.9857142 ], [ -83.0197992, 39.9857082 ], [ -83.0197963, 39.9857711 ], [ -83.0200088, 39.9857771 ], [ -83.0200118, 39.9857142 ] ] ] } },
{ "type": "Feature", "properties": { "@id": "way/1118814946", "amenity": null, "building": "house", "name": null, "shop": null, "GEOID": "39049001200" }, "geometry": { "type": "Polygon", "coordinates": [ [ [ -83.0015443, 40.0053244 ], [ -83.0015437, 40.0053352 ], [ -83.0015159, 40.0053343 ], [ -83.0015136, 40.0053783 ], [ -83.0015404, 40.0053791 ], [ -83.0015395, 40.0053954 ], [ -83.0016628, 40.0053993 ], [ -83.0016666, 40.0053283 ], [ -83.0015443, 40.0053244 ] ] ] } },
{ "type": "Feature", "properties": { "@id": "way/1118814948", "amenity": null, "building": "house", "name": null, "shop": null, "GEOID": "39049001200" }, "geometry": { "type": "Polygon", "coordinates": [ [ [ -83.0023906, 40.0050674 ], [ -83.0025029, 40.0050717 ], [ -83.0025045, 40.005047 ], [ -83.0025289, 40.0050227 ], [ -83.0025606, 40.0050227 ], [ -83.0026046, 40.0049845 ], [ -83.0025331, 40.0049363 ], [ -83.0024502, 40.0049513 ], [ -83.0023947, 40.0050026 ], [ -83.0023906, 40.0050674 ] ] ] } },
{ "type": "Feature", "properties": { "@id": "way/1118814949", "amenity": null, "building": "house", "name": null, "shop": null, "GEOID": "39049001200" }, "geometry": { "type": "Polygon", "coordinates": [ [ [ -83.0025363, 40.0049253 ], [ -83.0026394, 40.0049618 ], [ -83.0026781, 40.0048978 ], [ -83.002649, 40.0048875 ], [ -83.0026636, 40.0048633 ], [ -83.0026347, 40.0048531 ], [ -83.0026511, 40.0048259 ], [ -83.0025695, 40.004797 ], [ -83.0025194, 40.00488 ], [ -83.0025558, 40.0048929 ], [ -83.0025363, 40.0049253 ] ] ] } },
{ "type": "Feature", "properties": { "@id": "way/1118814952", "amenity": null, "building": "house", "name": null, "shop": null, "GEOID": "39049001200" }, "geometry": { "type": "Polygon", "coordinates": [ [ [ -83.0023233, 40.0052187 ], [ -83.0023312, 40.0050778 ], [ -83.0022827, 40.0050762 ], [ -83.0022795, 40.0051325 ], [ -83.0021973, 40.0051298 ], [ -83.0021925, 40.0052144 ], [ -83.0023233, 40.0052187 ] ] ] } },
{ "type": "Feature", "properties": { "@id": "way/1118814953", "amenity": null, "building": "house", "name": null, "shop": null, "GEOID": "39049001200" }, "geometry": { "type": "Polygon", "coordinates": [ [ [ -83.0021206, 40.0051821 ], [ -83.0021121, 40.0053168 ], [ -83.0020122, 40.0053132 ], [ -83.0020187, 40.0052098 ], [ -83.0020568, 40.0052113 ], [ -83.0020588, 40.0051798 ], [ -83.0021206, 40.0051821 ] ] ] } },
{ "type": "Feature", "properties": { "@id": "way/1118814957", "amenity": null, "building": "house", "name": null, "shop": null, "GEOID": "39049001200" }, "geometry": { "type": "Polygon", "coordinates": [ [ [ -83.001803, 40.0054262 ], [ -83.0019866, 40.0053867 ], [ -83.0019516, 40.0052911 ], [ -83.0019329, 40.0052952 ], [ -83.0019231, 40.0052684 ], [ -83.0017693, 40.0053015 ], [ -83.001776, 40.0053198 ], [ -83.0017602, 40.0053232 ], [ -83.0017754, 40.0053647 ], [ -83.0017482, 40.0053706 ], [ -83.0017669, 40.0054217 ], [ -83.0017989, 40.0054149 ], [ -83.001803, 40.0054262 ] ] ] } },
{ "type": "Feature", "properties": { "@id": "way/1118814958", "amenity": null, "building": "house", "name": null, "shop": null, "GEOID": "39049001200" }, "geometry": { "type": "Polygon", "coordinates": [ [ [ -83.0015098, 40.0056013 ], [ -83.0015109, 40.0055806 ], [ -83.0014831, 40.0055798 ], [ -83.0014877, 40.0054961 ], [ -83.0015009, 40.0054965 ], [ -83.0015017, 40.0054832 ], [ -83.0015547, 40.0054849 ], [ -83.001554, 40.0054982 ], [ -83.0016372, 40.0055009 ], [ -83.0016326, 40.005586 ], [ -83.0016086, 40.0055852 ], [ -83.0016076, 40.0056044 ], [ -83.0015098, 40.0056013 ] ] ] } },
{ "type": "Feature", "properties": { "@id": "way/1118814959", "amenity": null, "building": "house", "name": null, "shop": null, "GEOID": "39049001200" }, "geometry": { "type": "Polygon", "coordinates": [ [ [ -83.0013064, 40.005585 ], [ -83.0013172, 40.0054402 ], [ -83.0014371, 40.0054454 ], [ -83.0014264, 40.0055902 ], [ -83.0013064, 40.005585 ] ] ] } },
{ "type": "Feature", "properties": { "@id": "way/1118814968", "amenity": null, "building": "house", "name": null, "shop": null, "GEOID": "39049001200" }, "geometry": { "type": "Polygon", "coordinates": [ [ [ -82.9997634, 40.0064785 ], [ -82.9997098, 40.0063558 ], [ -82.9996019, 40.0063835 ], [ -82.9996556, 40.0065062 ], [ -82.9997634, 40.0064785 ] ] ] } },
{ "type": "Feature", "properties": { "@id": "way/1118814969", "amenity": null, "building": "house", "name": null, "shop": null, "GEOID": "39049001200" }, "geometry": { "type": "Polygon", "coordinates": [ [ [ -82.9996485, 40.006554 ], [ -82.99956, 40.0064451 ], [ -82.9994672, 40.0064893 ], [ -82.9995557, 40.0065982 ], [ -82.9996485, 40.006554 ] ] ] } },
{ "type": "Feature", "properties": { "@id": "way/1118814971", "amenity": null, "building": "house", "name": null, "shop": null, "GEOID": "39049001200" }, "geometry": { "type": "Polygon", "coordinates": [ [ [ -82.9993399, 40.0067556 ], [ -82.9992454, 40.006652 ], [ -82.9991015, 40.006729 ], [ -82.9991263, 40.0067563 ], [ -82.9991499, 40.0067436 ], [ -82.9991952, 40.0067933 ], [ -82.9992587, 40.0067594 ], [ -82.999283, 40.0067861 ], [ -82.9993399, 40.0067556 ] ] ] } },
{ "type": "Feature", "properties": { "@id": "way/1118814976", "amenity": null, "building": "house", "name": null, "shop": null, "GEOID": "39049001200" }, "geometry": { "type": "Polygon", "coordinates": [ [ [ -82.9993696, 40.0056991 ], [ -82.999271, 40.0056355 ], [ -82.9991854, 40.0057133 ], [ -82.999284, 40.0057769 ], [ -82.9993696, 40.0056991 ] ] ] } },
{ "type": "Feature", "properties": { "@id": "way/1118814977", "amenity": null, "building": "house", "name": null, "shop": null, "GEOID": "39049001200" }, "geometry": { "type": "Polygon", "coordinates": [ [ [ -82.9992811, 40.0058453 ], [ -82.9991593, 40.0057632 ], [ -82.9991005, 40.0058144 ], [ -82.9991175, 40.0058258 ], [ -82.9990913, 40.0058486 ], [ -82.9990595, 40.0058271 ], [ -82.9990194, 40.005862 ], [ -82.9990231, 40.0059212 ], [ -82.9990897, 40.005966 ], [ -82.9991498, 40.0059137 ], [ -82.9991796, 40.0059337 ], [ -82.9992811, 40.0058453 ] ] ] } },
{ "type": "Feature", "properties": { "@id": "way/1118814978", "amenity": null, "building": "house", "name": null, "shop": null, "GEOID": "39049001200" }, "geometry": { "type": "Polygon", "coordinates": [ [ [ -82.9990917, 40.00552 ], [ -82.9991844, 40.0055376 ], [ -82.9991775, 40.0055589 ], [ -82.9992533, 40.0055733 ], [ -82.999286, 40.0054725 ], [ -82.9992431, 40.0054643 ], [ -82.9992526, 40.0054351 ], [ -82.9991703, 40.0054194 ], [ -82.9991558, 40.0054642 ], [ -82.9991125, 40.0054559 ], [ -82.9990917, 40.00552 ] ] ] } },
{ "type": "Feature", "properties": { "@id": "way/1118814982", "amenity": null, "building": "house", "name": null, "shop": null, "GEOID": "39049001200" }, "geometry": { "type": "Polygon", "coordinates": [ [ [ -83.001484, 40.004497 ], [ -83.0014746, 40.004674 ], [ -83.0014162, 40.0046722 ], [ -83.0014172, 40.004653 ], [ -83.0013841, 40.004652 ], [ -83.0013768, 40.0046517 ], [ -83.00138, 40.0045912 ], [ -83.0013626, 40.0045907 ], [ -83.0013677, 40.0044934 ], [ -83.001484, 40.004497 ] ] ] } },
{ "type": "Feature", "properties": { "@id": "way/1118814983", "amenity": null, "building": "house", "name": null, "shop": null, "GEOID": "39049001200" }, "geometry": { "type": "Polygon", "coordinates": [ [ [ -83.00134, 40.004622 ], [ -83.0013505, 40.004489 ], [ -83.0012272, 40.0044833 ], [ -83.0012257, 40.0045031 ], [ -83.0012084, 40.0045023 ], [ -83.0012011, 40.004596 ], [ -83.0012391, 40.0045978 ], [ -83.0012383, 40.0046072 ], [ -83.00128, 40.0046092 ], [ -83.0012792, 40.0046192 ], [ -83.0012823, 40.0046193 ], [ -83.00134, 40.004622 ] ] ] } },
{ "type": "Feature", "properties": { "@id": "way/1118814984", "amenity": null, "building": "house", "name": null, "shop": null, "GEOID": "39049001200" }, "geometry": { "type": "Polygon", "coordinates": [ [ [ -83.001186, 40.0045988 ], [ -83.0010038, 40.0045891 ], [ -83.0010123, 40.0044953 ], [ -83.0011945, 40.004505 ], [ -83.001186, 40.0045988 ] ] ] } },
{ "type": "Feature", "properties": { "@id": "way/1118814985", "amenity": null, "building": "house", "name": null, "shop": null, "GEOID": "39049001200" }, "geometry": { "type": "Polygon", "coordinates": [ [ [ -83.0010651, 40.00438 ], [ -83.001175, 40.0043853 ], [ -83.0011669, 40.0044834 ], [ -83.0010571, 40.0044781 ], [ -83.0010651, 40.00438 ] ] ] } },
{ "type": "Feature", "properties": { "@id": "way/1168596934", "amenity": null, "building": "house", "name": null, "shop": null, "GEOID": "39049002200" }, "geometry": { "type": "Polygon", "coordinates": [ [ [ -82.9975319, 39.9844809 ], [ -82.9973313, 39.9844754 ], [ -82.9973347, 39.9844027 ], [ -82.9975353, 39.9844082 ], [ -82.9975319, 39.9844809 ] ] ] } },
{ "type": "Feature", "properties": { "@id": "way/1168596935", "amenity": null, "building": "house", "name": null, "shop": null, "GEOID": "39049002200" }, "geometry": { "type": "Polygon", "coordinates": [ [ [ -82.9975352, 39.9843842 ], [ -82.9973346, 39.984378 ], [ -82.9973385, 39.9843052 ], [ -82.997539, 39.9843115 ], [ -82.9975352, 39.9843842 ] ] ] } },
{ "type": "Feature", "properties": { "@id": "way/1168596936", "amenity": null, "building": "house", "name": null, "shop": null, "GEOID": "39049002200" }, "geometry": { "type": "Polygon", "coordinates": [ [ [ -82.9971689, 39.9845664 ], [ -82.9969684, 39.9845601 ], [ -82.9969723, 39.9844874 ], [ -82.9971728, 39.9844937 ], [ -82.9971689, 39.9845664 ] ] ] } },
{ "type": "Feature", "properties": { "@id": "way/1168596938", "amenity": null, "building": "house", "name": null, "shop": null, "GEOID": "39049002200" }, "geometry": { "type": "Polygon", "coordinates": [ [ [ -82.9972028, 39.9845727 ], [ -82.9972067, 39.9844747 ], [ -82.9972945, 39.9844768 ], [ -82.9972934, 39.9845052 ], [ -82.9973329, 39.9845062 ], [ -82.9973301, 39.9845757 ], [ -82.9972028, 39.9845727 ] ] ] } },
{ "type": "Feature", "properties": { "@id": "way/1174897110", "amenity": null, "building": "house", "name": null, "shop": null, "GEOID": "39049001000" }, "geometry": { "type": "Polygon", "coordinates": [ [ [ -83.002978, 40.008164 ], [ -83.0029726, 40.0082336 ], [ -83.0030974, 40.0082393 ], [ -83.0031027, 40.0081696 ], [ -83.002978, 40.008164 ] ] ] } },
{ "type": "Feature", "properties": { "@id": "way/1174897902", "amenity": null, "building": "house", "name": null, "shop": null, "GEOID": "39049001000" }, "geometry": { "type": "Polygon", "coordinates": [ [ [ -83.0041633, 40.0105351 ], [ -83.0041706, 40.0104336 ], [ -83.0041651, 40.0104334 ], [ -83.0041664, 40.0104149 ], [ -83.0041039, 40.0104123 ], [ -83.0040953, 40.0105322 ], [ -83.0041633, 40.0105351 ] ] ] } },
{ "type": "Feature", "properties": { "@id": "way/1174897945", "amenity": null, "building": "house", "name": null, "shop": null, "GEOID": "39049001000" }, "geometry": { "type": "Polygon", "coordinates": [ [ [ -83.0078496, 40.0108428 ], [ -83.0078638, 40.0106922 ], [ -83.0077856, 40.0106879 ], [ -83.0077715, 40.0108385 ], [ -83.0078496, 40.0108428 ] ] ] } },
{ "type": "Feature", "properties": { "@id": "way/1174897946", "amenity": null, "building": "house", "name": null, "shop": null, "GEOID": "39049001000" }, "geometry": { "type": "Polygon", "coordinates": [ [ [ -83.0077162, 40.010839 ], [ -83.0077304, 40.0106885 ], [ -83.0076522, 40.0106841 ], [ -83.0076381, 40.0108347 ], [ -83.0077162, 40.010839 ] ] ] } },
{ "type": "Feature", "properties": { "@id": "way/1174903045", "amenity": null, "building": "house", "name": null, "shop": null, "GEOID": "39049001000" }, "geometry": { "type": "Polygon", "coordinates": [ [ [ -83.0092201, 40.0108429 ], [ -83.0091299, 40.0108574 ], [ -83.009093, 40.0107219 ], [ -83.0091832, 40.0107074 ], [ -83.0092201, 40.0108429 ] ] ] } },
{ "type": "Feature", "properties": { "@id": "way/1174903046", "amenity": null, "building": "house", "name": null, "shop": null, "GEOID": "39049001000" }, "geometry": { "type": "Polygon", "coordinates": [ [ [ -83.0089938, 40.0108599 ], [ -83.0090884, 40.0108446 ], [ -83.0090587, 40.0107372 ], [ -83.0089641, 40.0107526 ], [ -83.0089938, 40.0108599 ] ] ] } },
{ "type": "Feature", "properties": { "@id": "way/1174903047", "amenity": null, "building": "house", "name": null, "shop": null, "GEOID": "39049001000" }, "geometry": { "type": "Polygon", "coordinates": [ [ [ -83.009732, 40.011281 ], [ -83.0097196, 40.0112233 ], [ -83.0096457, 40.0112327 ], [ -83.0096582, 40.0112903 ], [ -83.009732, 40.011281 ] ] ] } },
{ "type": "Feature", "properties": { "@id": "way/1174903048", "amenity": null, "building": "house", "name": null, "shop": null, "GEOID": "39049001000" }, "geometry": { "type": "Polygon", "coordinates": [ [ [ -83.0096338, 40.011292 ], [ -83.0095407, 40.0113045 ], [ -83.0095263, 40.0112418 ], [ -83.0096194, 40.0112293 ], [ -83.0096338, 40.011292 ] ] ] } },
{ "type": "Feature", "properties": { "@id": "way/1174903049", "amenity": null, "building": "house", "name": null, "shop": null, "GEOID": "39049001000" }, "geometry": { "type": "Polygon", "coordinates": [ [ [ -83.0081378, 40.0116354 ], [ -83.0080599, 40.0116322 ], [ -83.0080637, 40.0115783 ], [ -83.0081416, 40.0115815 ], [ -83.0081378, 40.0116354 ] ] ] } },
{ "type": "Feature", "properties": { "@id": "way/1174903051", "amenity": null, "building": "house", "name": null, "shop": null, "GEOID": "39049001000" }, "geometry": { "type": "Polygon", "coordinates": [ [ [ -83.0034003, 40.0124013 ], [ -83.0032478, 40.0123965 ], [ -83.0032516, 40.0123254 ], [ -83.0034041, 40.0123302 ], [ -83.0034003, 40.0124013 ] ] ] } },
{ "type": "Feature", "properties": { "@id": "way/1174903053", "amenity": null, "building": "house", "name": null, "shop": null, "GEOID": "39049001000" }, "geometry": { "type": "Polygon", "coordinates": [ [ [ -83.0031131, 40.0127731 ], [ -83.0030279, 40.0127695 ], [ -83.0030327, 40.0127038 ], [ -83.0031178, 40.0127074 ], [ -83.0031131, 40.0127731 ] ] ] } },
{ "type": "Feature", "properties": { "@id": "way/1174903054", "amenity": null, "building": "house", "name": null, "shop": null, "GEOID": "39049001000" }, "geometry": { "type": "Polygon", "coordinates": [ [ [ -83.0030964, 40.0128717 ], [ -83.0030112, 40.0128681 ], [ -83.003016, 40.0128024 ], [ -83.0031011, 40.012806 ], [ -83.0030964, 40.0128717 ] ] ] } },
{ "type": "Feature", "properties": { "@id": "way/1174903055", "amenity": null, "building": "house", "name": null, "shop": null, "GEOID": "39049001000" }, "geometry": { "type": "Polygon", "coordinates": [ [ [ -83.00292, 40.0127621 ], [ -83.0028348, 40.0127585 ], [ -83.0028396, 40.0126928 ], [ -83.0029247, 40.0126964 ], [ -83.00292, 40.0127621 ] ] ] } },
{ "type": "Feature", "properties": { "@id": "way/1174903057", "amenity": null, "building": "house", "name": null, "shop": null, "GEOID": "39049001000" }, "geometry": { "type": "Polygon", "coordinates": [ [ [ -83.0041573, 40.0127585 ], [ -83.0040721, 40.0127549 ], [ -83.0040769, 40.0126892 ], [ -83.004162, 40.0126928 ], [ -83.0041573, 40.0127585 ] ] ] } },
{ "type": "Feature", "properties": { "@id": "way/1174903058", "amenity": null, "building": "house", "name": null, "shop": null, "GEOID": "39049001000" }, "geometry": { "type": "Polygon", "coordinates": [ [ [ -83.0041706, 40.0128624 ], [ -83.0040841, 40.0128589 ], [ -83.0040875, 40.0128111 ], [ -83.004174, 40.0128147 ], [ -83.0041706, 40.0128624 ] ] ] } },
{ "type": "Feature", "properties": { "@id": "way/1198809182", "amenity": null, "building": "house", "name": null, "shop": null, "GEOID": "39049001000" }, "geometry": { "type": "Polygon", "coordinates": [ [ [ -82.9968745, 40.0107313 ], [ -82.9968681, 40.0108315 ], [ -82.9967856, 40.0108283 ], [ -82.9967921, 40.0107282 ], [ -82.9968745, 40.0107313 ] ] ] } },
{ "type": "Feature", "properties": { "@id": "way/1198841845", "amenity": null, "building": "house", "name": null, "shop": null, "GEOID": "39049002200" }, "geometry": { "type": "Polygon", "coordinates": [ [ [ -82.9979416, 39.9861453 ], [ -82.9979534, 39.9859914 ], [ -82.9978769, 39.985988 ], [ -82.9978652, 39.9861419 ], [ -82.9979416, 39.9861453 ] ] ] } },
{ "type": "Feature", "properties": { "@id": "way/1198841846", "amenity": null, "building": "house", "name": null, "shop": null, "GEOID": "39049002200" }, "geometry": { "type": "Polygon", "coordinates": [ [ [ -82.9972472, 39.9861105 ], [ -82.9972576, 39.9859566 ], [ -82.9971811, 39.9859536 ], [ -82.9971707, 39.9861075 ], [ -82.9972472, 39.9861105 ] ] ] } },
{ "type": "Feature", "properties": { "@id": "way/1198841847", "amenity": null, "building": "house", "name": null, "shop": null, "GEOID": "39049002200" }, "geometry": { "type": "Polygon", "coordinates": [ [ [ -82.9978879, 39.9858221 ], [ -82.9978978, 39.9856834 ], [ -82.9979798, 39.9856869 ], [ -82.9979699, 39.9858255 ], [ -82.9978879, 39.9858221 ] ] ] } },
{ "type": "Feature", "properties": { "@id": "way/1198841850", "amenity": null, "building": "house", "name": null, "shop": null, "GEOID": "39049002200" }, "geometry": { "type": "Polygon", "coordinates": [ [ [ -82.9971801, 39.9858308 ], [ -82.9972511, 39.9858334 ], [ -82.9972451, 39.9859303 ], [ -82.9971741, 39.9859277 ], [ -82.9971801, 39.9858308 ] ] ] } },
{ "type": "Feature", "properties": { "@id": "way/1198841851", "amenity": null, "building": "house", "name": null, "shop": null, "GEOID": "39049002200" }, "geometry": { "type": "Polygon", "coordinates": [ [ [ -82.9973264, 39.9858506 ], [ -82.9973215, 39.9859374 ], [ -82.9973943, 39.9859398 ], [ -82.9973992, 39.985853 ], [ -82.9973264, 39.9858506 ] ] ] } },
{ "type": "Feature", "properties": { "@id": "way/1198841852", "amenity": null, "building": "house", "name": null, "shop": null, "GEOID": "39049002200" }, "geometry": { "type": "Polygon", "coordinates": [ [ [ -82.9974095, 39.9859926 ], [ -82.9974024, 39.9861113 ], [ -82.9974834, 39.9861142 ], [ -82.9974905, 39.9859954 ], [ -82.9974095, 39.9859926 ] ] ] } },
{ "type": "Feature", "properties": { "@id": "way/1198841853", "amenity": null, "building": "house", "name": null, "shop": null, "GEOID": "39049002200" }, "geometry": { "type": "Polygon", "coordinates": [ [ [ -82.9973769, 39.9861101 ], [ -82.997385, 39.9859714 ], [ -82.9973023, 39.9859686 ], [ -82.9972943, 39.9861073 ], [ -82.9973769, 39.9861101 ] ] ] } },
{ "type": "Feature", "properties": { "@id": "way/1198841854", "amenity": null, "building": "house", "name": null, "shop": null, "GEOID": "39049002200" }, "geometry": { "type": "Polygon", "coordinates": [ [ [ -82.9969188, 39.9861104 ], [ -82.9969249, 39.9860064 ], [ -82.9968992, 39.9860055 ], [ -82.9969022, 39.985955 ], [ -82.9968293, 39.9859525 ], [ -82.9968201, 39.986107 ], [ -82.9969188, 39.9861104 ] ] ] } },
{ "type": "Feature", "properties": { "@id": "way/1198841855", "amenity": null, "building": "house", "name": null, "shop": null, "GEOID": "39049002200" }, "geometry": { "type": "Polygon", "coordinates": [ [ [ -82.9988674, 39.9861886 ], [ -82.9988412, 39.98605 ], [ -82.998915, 39.9860418 ], [ -82.9989412, 39.9861804 ], [ -82.9988674, 39.9861886 ] ] ] } },
{ "type": "Feature", "properties": { "@id": "way/1198841856", "amenity": null, "building": "house", "name": null, "shop": null, "GEOID": "39049002200" }, "geometry": { "type": "Polygon", "coordinates": [ [ [ -82.9987682, 39.9861841 ], [ -82.998742, 39.9860455 ], [ -82.9988159, 39.9860373 ], [ -82.9988421, 39.9861759 ], [ -82.9987682, 39.9861841 ] ] ] } },
{ "type": "Feature", "properties": { "@id": "way/1223378574", "amenity": null, "building": "house", "name": null, "shop": null, "GEOID": "39049003000" }, "geometry": { "type": "Polygon", "coordinates": [ [ [ -82.9947288, 39.9651611 ], [ -82.9945099, 39.9651852 ], [ -82.9945014, 39.9651399 ], [ -82.9946081, 39.9651281 ], [ -82.9946041, 39.9651072 ], [ -82.9947163, 39.9650948 ], [ -82.9947288, 39.9651611 ] ] ] } },
{ "type": "Feature", "properties": { "@id": "way/1223378575", "amenity": null, "building": "house", "name": null, "shop": null, "GEOID": "39049003000" }, "geometry": { "type": "Polygon", "coordinates": [ [ [ -82.9946932, 39.9650137 ], [ -82.994677, 39.9649345 ], [ -82.9945352, 39.9649515 ], [ -82.99454, 39.9649749 ], [ -82.9944974, 39.96498 ], [ -82.9945089, 39.9650359 ], [ -82.9946932, 39.9650137 ] ] ] } },
{ "type": "Feature", "properties": { "@id": "way/1223378577", "amenity": null, "building": "house", "name": null, "shop": null, "GEOID": "39049003000" }, "geometry": { "type": "Polygon", "coordinates": [ [ [ -82.9947097, 39.965085 ], [ -82.9945034, 39.9651106 ], [ -82.9944904, 39.9650491 ], [ -82.9946966, 39.9650234 ], [ -82.9947097, 39.965085 ] ] ] } },
{ "type": "Feature", "properties": { "@id": "way/1223378578", "amenity": null, "building": "house", "name": null, "shop": null, "GEOID": "39049003000" }, "geometry": { "type": "Polygon", "coordinates": [ [ [ -82.9946755, 39.9649238 ], [ -82.9944695, 39.9649504 ], [ -82.994456, 39.9648889 ], [ -82.994662, 39.9648623 ], [ -82.9946755, 39.9649238 ] ] ] } },
{ "type": "Feature", "properties": { "@id": "way/1223378579", "amenity": null, "building": "house", "name": null, "shop": null, "GEOID": "39049003000" }, "geometry": { "type": "Polygon", "coordinates": [ [ [ -82.9946616, 39.9648541 ], [ -82.9944555, 39.9648807 ], [ -82.994442, 39.9648192 ], [ -82.994648, 39.9647926 ], [ -82.9946616, 39.9648541 ] ] ] } },
{ "type": "Feature", "properties": { "@id": "way/1223378581", "amenity": null, "building": "house", "name": null, "shop": null, "GEOID": "39049003000" }, "geometry": { "type": "Polygon", "coordinates": [ [ [ -82.9942209, 39.9651524 ], [ -82.9941873, 39.9649819 ], [ -82.9940721, 39.9649952 ], [ -82.9941058, 39.9651657 ], [ -82.9942209, 39.9651524 ] ] ] } },
{ "type": "Feature", "properties": { "@id": "way/1223378582", "amenity": null, "building": "house", "name": null, "shop": null, "GEOID": "39049003000" }, "geometry": { "type": "Polygon", "coordinates": [ [ [ -82.9938415, 39.9652528 ], [ -82.9940631, 39.965228 ], [ -82.9940425, 39.9651199 ], [ -82.9938208, 39.9651448 ], [ -82.9938415, 39.9652528 ] ] ] } },
{ "type": "Feature", "properties": { "@id": "way/1226370542", "amenity": null, "building": "house", "name": null, "shop": null, "GEOID": "39049001000" }, "geometry": { "type": "Polygon", "coordinates": [ [ [ -83.0091814, 40.0082311 ], [ -83.00908, 40.0082277 ], [ -83.0090864, 40.0081164 ], [ -83.0091878, 40.0081199 ], [ -83.0091814, 40.0082311 ] ] ] } },
{ "type": "Feature", "properties": { "@id": "way/1226370559", "amenity": null, "building": "house", "name": null, "shop": null, "GEOID": "39049001110" }, "geometry": { "type": "Polygon", "coordinates": [ [ [ -83.0099571, 40.0085394 ], [ -83.0099854, 40.0086368 ], [ -83.0101241, 40.0086132 ], [ -83.0100958, 40.0085158 ], [ -83.0099571, 40.0085394 ] ] ] } },
{ "type": "Feature", "properties": { "@id": "way/1226370565", "amenity": null, "building": "house", "name": null, "shop": null, "GEOID": "39049001110" }, "geometry": { "type": "Polygon", "coordinates": [ [ [ -83.010024, 40.0087909 ], [ -83.0100523, 40.0088883 ], [ -83.010191, 40.0088647 ], [ -83.0101628, 40.0087673 ], [ -83.010024, 40.0087909 ] ] ] } },
{ "type": "Feature", "properties": { "@id": "way/1226370566", "amenity": null, "building": "house", "name": null, "shop": null, "GEOID": "39049001110" }, "geometry": { "type": "Polygon", "coordinates": [ [ [ -83.0100551, 40.0088961 ], [ -83.0100745, 40.0089642 ], [ -83.0101782, 40.0089469 ], [ -83.0101701, 40.0089184 ], [ -83.0101991, 40.0089135 ], [ -83.0101878, 40.0088739 ], [ -83.0100551, 40.0088961 ] ] ] } },
{ "type": "Feature", "properties": { "@id": "way/1229537491", "amenity": null, "building": "house", "name": null, "shop": null, "GEOID": "39049001400" }, "geometry": { "type": "Polygon", "coordinates": [ [ [ -82.9844636, 39.9931035 ], [ -82.9843806, 39.9931005 ], [ -82.9843886, 39.9929719 ], [ -82.9844716, 39.9929749 ], [ -82.9844636, 39.9931035 ] ] ] } },
{ "type": "Feature", "properties": { "@id": "way/1229537492", "amenity": null, "building": "house", "name": null, "shop": null, "GEOID": "39049001400" }, "geometry": { "type": "Polygon", "coordinates": [ [ [ -82.9838252, 39.9930703 ], [ -82.9837323, 39.9930667 ], [ -82.9837404, 39.9929439 ], [ -82.9838332, 39.9929475 ], [ -82.9838252, 39.9930703 ] ] ] } },
{ "type": "Feature", "properties": { "@id": "way/1229537493", "amenity": null, "building": "house", "name": null, "shop": null, "GEOID": "39049001400" }, "geometry": { "type": "Polygon", "coordinates": [ [ [ -82.9837094, 39.9929466 ], [ -82.9837027, 39.9930625 ], [ -82.9836291, 39.99306 ], [ -82.9836358, 39.9929441 ], [ -82.9837094, 39.9929466 ] ] ] } },
{ "type": "Feature", "properties": { "@id": "way/1229537494", "amenity": null, "building": "house", "name": null, "shop": null, "GEOID": "39049001400" }, "geometry": { "type": "Polygon", "coordinates": [ [ [ -82.9835956, 39.9929382 ], [ -82.9835875, 39.9930584 ], [ -82.9835184, 39.9930556 ], [ -82.9835224, 39.9929953 ], [ -82.9834887, 39.992994 ], [ -82.9834927, 39.9929341 ], [ -82.9835956, 39.9929382 ] ] ] } },
{ "type": "Feature", "properties": { "@id": "way/1229537495", "amenity": null, "building": "house", "name": null, "shop": null, "GEOID": "39049001400" }, "geometry": { "type": "Polygon", "coordinates": [ [ [ -82.9834799, 39.9929329 ], [ -82.9834745, 39.9930561 ], [ -82.9834148, 39.9930546 ], [ -82.9834161, 39.9930253 ], [ -82.9833982, 39.9930248 ], [ -82.9834005, 39.9929715 ], [ -82.9834213, 39.992972 ], [ -82.9834231, 39.9929315 ], [ -82.9834799, 39.9929329 ] ] ] } },
{ "type": "Feature", "properties": { "@id": "way/1229537496", "amenity": null, "building": "house", "name": null, "shop": null, "GEOID": "39049001400" }, "geometry": { "type": "Polygon", "coordinates": [ [ [ -82.9833597, 39.9929298 ], [ -82.9833575, 39.9930477 ], [ -82.983272, 39.9930468 ], [ -82.9832735, 39.9929684 ], [ -82.9833022, 39.9929687 ], [ -82.9833029, 39.9929292 ], [ -82.9833597, 39.9929298 ] ] ] } },
{ "type": "Feature", "properties": { "@id": "way/1229537497", "amenity": null, "building": "house", "name": null, "shop": null, "GEOID": "39049001400" }, "geometry": { "type": "Polygon", "coordinates": [ [ [ -82.9842858, 39.9948102 ], [ -82.9841323, 39.9948065 ], [ -82.9841338, 39.99477 ], [ -82.984182, 39.9947711 ], [ -82.9841834, 39.9947391 ], [ -82.9842886, 39.9947416 ], [ -82.9842858, 39.9948102 ] ] ] } },
{ "type": "Feature", "properties": { "@id": "way/1229537498", "amenity": null, "building": "house", "name": null, "shop": null, "GEOID": "39049001400" }, "geometry": { "type": "Polygon", "coordinates": [ [ [ -82.9842927, 39.9947183 ], [ -82.9841532, 39.9947111 ], [ -82.9841587, 39.994649 ], [ -82.9842982, 39.9946562 ], [ -82.9842927, 39.9947183 ] ] ] } },
{ "type": "Feature", "properties": { "@id": "way/1229537499", "amenity": null, "building": "house", "name": null, "shop": null, "GEOID": "39049001400" }, "geometry": { "type": "Polygon", "coordinates": [ [ [ -82.9843021, 39.9946289 ], [ -82.984201, 39.9946246 ], [ -82.9842057, 39.9945585 ], [ -82.9843068, 39.9945628 ], [ -82.9843021, 39.9946289 ] ] ] } },
{ "type": "Feature", "properties": { "@id": "way/1229537500", "amenity": null, "building": "house", "name": null, "shop": null, "GEOID": "39049001400" }, "geometry": { "type": "Polygon", "coordinates": [ [ [ -82.9843049, 39.9945416 ], [ -82.9843076, 39.9944781 ], [ -82.9842102, 39.9944757 ], [ -82.9842075, 39.9945391 ], [ -82.9843049, 39.9945416 ] ] ] } },
{ "type": "Feature", "properties": { "@id": "way/1229537501", "amenity": null, "building": "house", "name": null, "shop": null, "GEOID": "39049001400" }, "geometry": { "type": "Polygon", "coordinates": [ [ [ -82.9842706, 39.9949373 ], [ -82.984148, 39.9949311 ], [ -82.984154, 39.9948608 ], [ -82.9842767, 39.994867 ], [ -82.9842706, 39.9949373 ] ] ] } },
{ "type": "Feature", "properties": { "@id": "way/1229537502", "amenity": null, "building": "house", "name": null, "shop": null, "GEOID": "39049001400" }, "geometry": { "type": "Polygon", "coordinates": [ [ [ -82.9842346, 39.9951564 ], [ -82.9841162, 39.9951512 ], [ -82.9841207, 39.9950737 ], [ -82.9842405, 39.995079 ], [ -82.9842346, 39.9951564 ] ] ] } },
{ "type": "Feature", "properties": { "@id": "way/1229537503", "amenity": null, "building": "house", "name": null, "shop": null, "GEOID": "39049001400" }, "geometry": { "type": "Polygon", "coordinates": [ [ [ -82.9842326, 39.9951756 ], [ -82.9842272, 39.9952497 ], [ -82.984108, 39.9952446 ], [ -82.9841135, 39.9951704 ], [ -82.9842326, 39.9951756 ] ] ] } },
{ "type": "Feature", "properties": { "@id": "way/1229537504", "amenity": null, "building": "house", "name": null, "shop": null, "GEOID": "39049001400" }, "geometry": { "type": "Polygon", "coordinates": [ [ [ -82.9841034, 39.9952654 ], [ -82.9840991, 39.9953389 ], [ -82.9842207, 39.9953432 ], [ -82.9842251, 39.9952697 ], [ -82.9841034, 39.9952654 ] ] ] } },
{ "type": "Feature", "properties": { "@id": "way/1229537505", "amenity": null, "building": "house", "name": null, "shop": null, "GEOID": "39049001400" }, "geometry": { "type": "Polygon", "coordinates": [ [ [ -82.9842155, 39.9953625 ], [ -82.984211, 39.9954409 ], [ -82.9840954, 39.9954371 ], [ -82.9840999, 39.9953586 ], [ -82.9842155, 39.9953625 ] ] ] } },
{ "type": "Feature", "properties": { "@id": "way/1229537506", "amenity": null, "building": "house", "name": null, "shop": null, "GEOID": "39049001400" }, "geometry": { "type": "Polygon", "coordinates": [ [ [ -82.9842073, 39.9955301 ], [ -82.9842136, 39.9954535 ], [ -82.9840889, 39.9954475 ], [ -82.9840826, 39.9955241 ], [ -82.9842073, 39.9955301 ] ] ] } },
{ "type": "Feature", "properties": { "@id": "way/1229537507", "amenity": null, "building": "house", "name": null, "shop": null, "GEOID": "39049001400" }, "geometry": { "type": "Polygon", "coordinates": [ [ [ -82.984085, 39.9955442 ], [ -82.9842032, 39.9955474 ], [ -82.9841997, 39.9956218 ], [ -82.9840815, 39.9956186 ], [ -82.984085, 39.9955442 ] ] ] } },
{ "type": "Feature", "properties": { "@id": "way/1229537508", "amenity": null, "building": "house", "name": null, "shop": null, "GEOID": "39049001400" }, "geometry": { "type": "Polygon", "coordinates": [ [ [ -82.9841892, 39.9957157 ], [ -82.984074, 39.99571 ], [ -82.9840804, 39.9956339 ], [ -82.9841957, 39.9956396 ], [ -82.9841892, 39.9957157 ] ] ] } },
{ "type": "Feature", "properties": { "@id": "way/1229537509", "amenity": null, "building": "house", "name": null, "shop": null, "GEOID": "39049001400" }, "geometry": { "type": "Polygon", "coordinates": [ [ [ -82.9842612, 39.9959423 ], [ -82.9841542, 39.9959374 ], [ -82.9841444, 39.9960626 ], [ -82.9841651, 39.9960636 ], [ -82.9841637, 39.9960805 ], [ -82.9842265, 39.9960834 ], [ -82.984228, 39.9960652 ], [ -82.9842515, 39.9960663 ], [ -82.9842612, 39.9959423 ] ] ] } },
{ "type": "Feature", "properties": { "@id": "way/1229537510", "amenity": null, "building": "house", "name": null, "shop": null, "GEOID": "39049001400" }, "geometry": { "type": "Polygon", "coordinates": [ [ [ -82.9841268, 39.9959365 ], [ -82.9840198, 39.9959316 ], [ -82.98401, 39.9960568 ], [ -82.9840307, 39.9960578 ], [ -82.9840293, 39.9960747 ], [ -82.9840922, 39.9960776 ], [ -82.9840936, 39.9960594 ], [ -82.9841171, 39.9960605 ], [ -82.9841268, 39.9959365 ] ] ] } },
{ "type": "Feature", "properties": { "@id": "way/1229537511", "amenity": null, "building": "house", "name": null, "shop": null, "GEOID": "39049001400" }, "geometry": { "type": "Polygon", "coordinates": [ [ [ -82.9839823, 39.9959292 ], [ -82.9838753, 39.9959243 ], [ -82.9838655, 39.9960495 ], [ -82.9838861, 39.9960505 ], [ -82.9838848, 39.9960675 ], [ -82.9839476, 39.9960704 ], [ -82.983949, 39.9960522 ], [ -82.9839726, 39.9960532 ], [ -82.9839823, 39.9959292 ] ] ] } },
{ "type": "Feature", "properties": { "@id": "way/1229537512", "amenity": null, "building": "house", "name": null, "shop": null, "GEOID": "39049001400" }, "geometry": { "type": "Polygon", "coordinates": [ [ [ -82.9837678, 39.9959458 ], [ -82.9836612, 39.9959404 ], [ -82.9836528, 39.9960381 ], [ -82.9836733, 39.9960391 ], [ -82.9836719, 39.9960562 ], [ -82.9837343, 39.9960593 ], [ -82.9837359, 39.9960412 ], [ -82.9837595, 39.9960424 ], [ -82.9837678, 39.9959458 ] ] ] } },
{ "type": "Feature", "properties": { "@id": "way/1229537513", "amenity": null, "building": "house", "name": null, "shop": null, "GEOID": "39049001400" }, "geometry": { "type": "Polygon", "coordinates": [ [ [ -82.9836296, 39.9959371 ], [ -82.983523, 39.9959317 ], [ -82.9835146, 39.9960293 ], [ -82.9835351, 39.9960304 ], [ -82.9835336, 39.9960474 ], [ -82.983596, 39.9960506 ], [ -82.9835976, 39.9960325 ], [ -82.9836213, 39.9960337 ], [ -82.9836296, 39.9959371 ] ] ] } },
{ "type": "Feature", "properties": { "@id": "way/1229537514", "amenity": null, "building": "house", "name": null, "shop": null, "GEOID": "39049001400" }, "geometry": { "type": "Polygon", "coordinates": [ [ [ -82.9834931, 39.995932 ], [ -82.9833865, 39.9959266 ], [ -82.9833781, 39.9960242 ], [ -82.9833986, 39.9960253 ], [ -82.9833971, 39.9960423 ], [ -82.9834596, 39.9960455 ], [ -82.9834611, 39.9960274 ], [ -82.9834848, 39.9960286 ], [ -82.9834931, 39.995932 ] ] ] } },
{ "type": "Feature", "properties": { "@id": "way/1229537515", "amenity": null, "building": "house", "name": null, "shop": null, "GEOID": "39049001400" }, "geometry": { "type": "Polygon", "coordinates": [ [ [ -82.9831792, 39.995889 ], [ -82.9830784, 39.9958846 ], [ -82.9830706, 39.9959879 ], [ -82.9830903, 39.9959888 ], [ -82.983089, 39.9960057 ], [ -82.9831503, 39.9960084 ], [ -82.9831517, 39.9959902 ], [ -82.9831715, 39.9959911 ], [ -82.9831792, 39.995889 ] ] ] } },
{ "type": "Feature", "properties": { "@id": "way/1229537518", "amenity": null, "building": "house", "name": null, "shop": null, "GEOID": "39049001400" }, "geometry": { "type": "Polygon", "coordinates": [ [ [ -82.9835684, 39.9958835 ], [ -82.9834594, 39.9958808 ], [ -82.9834613, 39.9958382 ], [ -82.983446, 39.9958378 ], [ -82.9834476, 39.9957997 ], [ -82.9835719, 39.9958028 ], [ -82.9835684, 39.9958835 ] ] ] } },
{ "type": "Feature", "properties": { "@id": "way/1229537519", "amenity": null, "building": "house", "name": null, "shop": null, "GEOID": "39049001400" }, "geometry": { "type": "Polygon", "coordinates": [ [ [ -82.9835849, 39.9957952 ], [ -82.983469, 39.9957898 ], [ -82.9834699, 39.9957777 ], [ -82.9834365, 39.9957761 ], [ -82.9834403, 39.9957287 ], [ -82.9834712, 39.9957301 ], [ -82.9834723, 39.995716 ], [ -82.983548, 39.9957195 ], [ -82.9835448, 39.9957593 ], [ -82.9835876, 39.9957613 ], [ -82.9835849, 39.9957952 ] ] ] } },
{ "type": "Feature", "properties": { "@id": "way/1229537520", "amenity": null, "building": "house", "name": null, "shop": null, "GEOID": "39049001400" }, "geometry": { "type": "Polygon", "coordinates": [ [ [ -82.9835827, 39.9956906 ], [ -82.983469, 39.9956862 ], [ -82.9834736, 39.9956149 ], [ -82.9835873, 39.9956193 ], [ -82.9835827, 39.9956906 ] ] ] } },
{ "type": "Feature", "properties": { "@id": "way/1229537521", "amenity": null, "building": "house", "name": null, "shop": null, "GEOID": "39049001400" }, "geometry": { "type": "Polygon", "coordinates": [ [ [ -82.9835706, 39.9955368 ], [ -82.9835673, 39.9955808 ], [ -82.9834796, 39.9955769 ], [ -82.9834857, 39.9954975 ], [ -82.98362, 39.9955036 ], [ -82.9836173, 39.9955389 ], [ -82.9835706, 39.9955368 ] ] ] } },
{ "type": "Feature", "properties": { "@id": "way/1229537522", "amenity": null, "building": "house", "name": null, "shop": null, "GEOID": "39049001400" }, "geometry": { "type": "Polygon", "coordinates": [ [ [ -82.9836287, 39.9954182 ], [ -82.9834725, 39.9954111 ], [ -82.9834783, 39.9953356 ], [ -82.9836638, 39.995344 ], [ -82.9836606, 39.9953853 ], [ -82.9836313, 39.995384 ], [ -82.9836287, 39.9954182 ] ] ] } },
{ "type": "Feature", "properties": { "@id": "way/1229537523", "amenity": null, "building": "house", "name": null, "shop": null, "GEOID": "39049001400" }, "geometry": { "type": "Polygon", "coordinates": [ [ [ -82.9836052, 39.9952573 ], [ -82.983601, 39.9953272 ], [ -82.9834957, 39.9953235 ], [ -82.9834963, 39.9953134 ], [ -82.9834744, 39.9953126 ], [ -82.9834773, 39.9952629 ], [ -82.9834951, 39.9952635 ], [ -82.9834957, 39.9952535 ], [ -82.9836052, 39.9952573 ] ] ] } },
{ "type": "Feature", "properties": { "@id": "way/1229537524", "amenity": null, "building": "house", "name": null, "shop": null, "GEOID": "39049001400" }, "geometry": { "type": "Polygon", "coordinates": [ [ [ -82.983613, 39.9950695 ], [ -82.9836088, 39.9951395 ], [ -82.9835036, 39.9951358 ], [ -82.9835042, 39.9951256 ], [ -82.9834822, 39.9951248 ], [ -82.9834851, 39.9950751 ], [ -82.9835029, 39.9950758 ], [ -82.9835035, 39.9950657 ], [ -82.983613, 39.9950695 ] ] ] } },
{ "type": "Feature", "properties": { "@id": "way/1229537525", "amenity": null, "building": "house", "name": null, "shop": null, "GEOID": "39049001400" }, "geometry": { "type": "Polygon", "coordinates": [ [ [ -82.9836127, 39.9949708 ], [ -82.9836085, 39.9950408 ], [ -82.9835032, 39.9950371 ], [ -82.9835038, 39.9950269 ], [ -82.9834818, 39.9950261 ], [ -82.9834848, 39.9949764 ], [ -82.9835026, 39.9949771 ], [ -82.9835032, 39.994967 ], [ -82.9836127, 39.9949708 ] ] ] } },
{ "type": "Feature", "properties": { "@id": "way/1229537526", "amenity": null, "building": "house", "name": null, "shop": null, "GEOID": "39049001400" }, "geometry": { "type": "Polygon", "coordinates": [ [ [ -82.9836339, 39.9948538 ], [ -82.9836297, 39.9949238 ], [ -82.9835244, 39.9949201 ], [ -82.983525, 39.9949099 ], [ -82.983503, 39.9949091 ], [ -82.983506, 39.9948594 ], [ -82.9835238, 39.99486 ], [ -82.9835244, 39.99485 ], [ -82.9836339, 39.9948538 ] ] ] } },
{ "type": "Feature", "properties": { "@id": "way/1229537530", "amenity": null, "building": "house", "name": null, "shop": null, "GEOID": "39049001400" }, "geometry": { "type": "Polygon", "coordinates": [ [ [ -82.9836389, 39.994717 ], [ -82.9836347, 39.994787 ], [ -82.9835294, 39.9947833 ], [ -82.98353, 39.9947731 ], [ -82.983508, 39.9947723 ], [ -82.983511, 39.9947226 ], [ -82.9835288, 39.9947233 ], [ -82.9835294, 39.9947132 ], [ -82.9836389, 39.994717 ] ] ] } },
{ "type": "Feature", "properties": { "@id": "way/1229537531", "amenity": null, "building": "house", "name": null, "shop": null, "GEOID": "39049001400" }, "geometry": { "type": "Polygon", "coordinates": [ [ [ -82.9836588, 39.9946245 ], [ -82.9836544, 39.9946946 ], [ -82.9835321, 39.9946902 ], [ -82.9835328, 39.9946799 ], [ -82.9835108, 39.9946791 ], [ -82.9835139, 39.9946293 ], [ -82.9835317, 39.99463 ], [ -82.9835323, 39.99462 ], [ -82.9836588, 39.9946245 ] ] ] } },
{ "type": "Feature", "properties": { "@id": "way/1229537532", "amenity": null, "building": "house", "name": null, "shop": null, "GEOID": "39049001400" }, "geometry": { "type": "Polygon", "coordinates": [ [ [ -82.9836773, 39.9945188 ], [ -82.9835256, 39.9945142 ], [ -82.9835299, 39.994432 ], [ -82.9836815, 39.9944366 ], [ -82.9836773, 39.9945188 ] ] ] } },
{ "type": "Feature", "properties": { "@id": "way/1229537533", "amenity": null, "building": "house", "name": null, "shop": null, "GEOID": "39049001400" }, "geometry": { "type": "Polygon", "coordinates": [ [ [ -82.9837088, 39.9944288 ], [ -82.9835576, 39.9944245 ], [ -82.9835615, 39.9943424 ], [ -82.9837128, 39.9943467 ], [ -82.9837088, 39.9944288 ] ] ] } },
{ "type": "Feature", "properties": { "@id": "way/1229537534", "amenity": null, "building": "house", "name": null, "shop": null, "GEOID": "39049001400" }, "geometry": { "type": "Polygon", "coordinates": [ [ [ -82.9837111, 39.9943361 ], [ -82.9835598, 39.9943319 ], [ -82.9835638, 39.9942498 ], [ -82.983715, 39.994254 ], [ -82.9837111, 39.9943361 ] ] ] } },
{ "type": "Feature", "properties": { "@id": "way/1229537535", "amenity": null, "building": "house", "name": null, "shop": null, "GEOID": "39049001400" }, "geometry": { "type": "Polygon", "coordinates": [ [ [ -82.9838637, 39.994618 ], [ -82.9837251, 39.9946147 ], [ -82.9837283, 39.9945361 ], [ -82.9838084, 39.994538 ], [ -82.9838069, 39.994575 ], [ -82.9838654, 39.9945764 ], [ -82.9838637, 39.994618 ] ] ] } },
{ "type": "Feature", "properties": { "@id": "way/1229537536", "amenity": null, "building": "house", "name": null, "shop": null, "GEOID": "39049001400" }, "geometry": { "type": "Polygon", "coordinates": [ [ [ -82.9832301, 39.9951013 ], [ -82.9831255, 39.9950976 ], [ -82.9831319, 39.99499 ], [ -82.9832365, 39.9949937 ], [ -82.9832301, 39.9951013 ] ] ] } },
{ "type": "Feature", "properties": { "@id": "way/1229537537", "amenity": null, "building": "house", "name": null, "shop": null, "GEOID": "39049001400" }, "geometry": { "type": "Polygon", "coordinates": [ [ [ -82.9831038, 39.9950965 ], [ -82.9829992, 39.9950928 ], [ -82.9830056, 39.9949852 ], [ -82.9831102, 39.9949889 ], [ -82.9831038, 39.9950965 ] ] ] } },
{ "type": "Feature", "properties": { "@id": "way/1229537538", "amenity": null, "building": "house", "name": null, "shop": null, "GEOID": "39049001400" }, "geometry": { "type": "Polygon", "coordinates": [ [ [ -82.9829767, 39.9950907 ], [ -82.9828721, 39.995087 ], [ -82.9828785, 39.9949794 ], [ -82.9829831, 39.994983 ], [ -82.9829767, 39.9950907 ] ] ] } },
{ "type": "Feature", "properties": { "@id": "way/1229537539", "amenity": null, "building": "house", "name": null, "shop": null, "GEOID": "39049001400" }, "geometry": { "type": "Polygon", "coordinates": [ [ [ -82.9828467, 39.9950842 ], [ -82.9827421, 39.9950805 ], [ -82.9827485, 39.9949729 ], [ -82.9828531, 39.9949766 ], [ -82.9828467, 39.9950842 ] ] ] } },
{ "type": "Feature", "properties": { "@id": "way/1229537540", "amenity": null, "building": "house", "name": null, "shop": null, "GEOID": "39049001400" }, "geometry": { "type": "Polygon", "coordinates": [ [ [ -82.9827252, 39.995078 ], [ -82.9826206, 39.9950744 ], [ -82.982627, 39.9949668 ], [ -82.9827316, 39.9949704 ], [ -82.9827252, 39.995078 ] ] ] } },
{ "type": "Feature", "properties": { "@id": "way/1229537541", "amenity": null, "building": "house", "name": null, "shop": null, "GEOID": "39049001400" }, "geometry": { "type": "Polygon", "coordinates": [ [ [ -82.9825923, 39.9950745 ], [ -82.9824877, 39.9950708 ], [ -82.9824941, 39.9949632 ], [ -82.9825987, 39.9949669 ], [ -82.9825923, 39.9950745 ] ] ] } },
{ "type": "Feature", "properties": { "@id": "way/1229537542", "amenity": null, "building": "house", "name": null, "shop": null, "GEOID": "39049001400" }, "geometry": { "type": "Polygon", "coordinates": [ [ [ -82.9824607, 39.9950682 ], [ -82.9823561, 39.9950645 ], [ -82.9823625, 39.9949569 ], [ -82.982467, 39.9949606 ], [ -82.9824607, 39.9950682 ] ] ] } },
{ "type": "Feature", "properties": { "@id": "way/1229537550", "amenity": null, "building": "house", "name": null, "shop": null, "GEOID": "39049001400" }, "geometry": { "type": "Polygon", "coordinates": [ [ [ -82.983222, 39.9954692 ], [ -82.9831123, 39.9954644 ], [ -82.9831214, 39.9953415 ], [ -82.9831327, 39.995342 ], [ -82.9831342, 39.9953222 ], [ -82.9832326, 39.9953265 ], [ -82.983222, 39.9954692 ] ] ] } },
{ "type": "Feature", "properties": { "@id": "way/1229537551", "amenity": null, "building": "house", "name": null, "shop": null, "GEOID": "39049001400" }, "geometry": { "type": "Polygon", "coordinates": [ [ [ -82.9830006, 39.9954578 ], [ -82.9831046, 39.9954624 ], [ -82.9831136, 39.9953406 ], [ -82.9830097, 39.9953361 ], [ -82.9830006, 39.9954578 ] ] ] } },
{ "type": "Feature", "properties": { "@id": "way/1229537552", "amenity": null, "building": "house", "name": null, "shop": null, "GEOID": "39049001400" }, "geometry": { "type": "Polygon", "coordinates": [ [ [ -82.9829997, 39.9954009 ], [ -82.9829021, 39.9953963 ], [ -82.9829069, 39.9953365 ], [ -82.9829179, 39.995337 ], [ -82.9829194, 39.9953185 ], [ -82.982967, 39.9953207 ], [ -82.9829661, 39.9953325 ], [ -82.9830051, 39.9953344 ], [ -82.9829997, 39.9954009 ] ] ] } },
{ "type": "Feature", "properties": { "@id": "way/1229537553", "amenity": null, "building": "house", "name": null, "shop": null, "GEOID": "39049001400" }, "geometry": { "type": "Polygon", "coordinates": [ [ [ -82.982891, 39.9954093 ], [ -82.9828541, 39.9954082 ], [ -82.9828533, 39.9954239 ], [ -82.9827963, 39.9954223 ], [ -82.982801, 39.9953254 ], [ -82.9828139, 39.9953258 ], [ -82.9828148, 39.9953089 ], [ -82.9828958, 39.9953112 ], [ -82.982891, 39.9954093 ] ] ] } },
{ "type": "Feature", "properties": { "@id": "way/1229537554", "amenity": null, "building": "house", "name": null, "shop": null, "GEOID": "39049001400" }, "geometry": { "type": "Polygon", "coordinates": [ [ [ -82.9827518, 39.9954104 ], [ -82.9826646, 39.9954065 ], [ -82.9826703, 39.9953197 ], [ -82.9826822, 39.9953203 ], [ -82.982684, 39.9952935 ], [ -82.9827603, 39.9952979 ], [ -82.9827518, 39.9954104 ] ] ] } },
{ "type": "Feature", "properties": { "@id": "way/1229537555", "amenity": null, "building": "house", "name": null, "shop": null, "GEOID": "39049001400" }, "geometry": { "type": "Polygon", "coordinates": [ [ [ -82.9826618, 39.9952985 ], [ -82.9826566, 39.9953968 ], [ -82.9826483, 39.9953965 ], [ -82.9826473, 39.9954146 ], [ -82.9825699, 39.9954122 ], [ -82.982571, 39.9953912 ], [ -82.9825535, 39.9953907 ], [ -82.9825575, 39.9953154 ], [ -82.9825722, 39.9953158 ], [ -82.9825733, 39.9952958 ], [ -82.9826618, 39.9952985 ] ] ] } },
{ "type": "Feature", "properties": { "@id": "way/1229537556", "amenity": null, "building": "house", "name": null, "shop": null, "GEOID": "39049001400" }, "geometry": { "type": "Polygon", "coordinates": [ [ [ -82.9824392, 39.9954015 ], [ -82.9823587, 39.9953988 ], [ -82.9823601, 39.9953755 ], [ -82.9823526, 39.9953752 ], [ -82.9823573, 39.995292 ], [ -82.9823646, 39.9952923 ], [ -82.9823656, 39.9952742 ], [ -82.9824464, 39.995277 ], [ -82.9824392, 39.9954015 ] ] ] } },
{ "type": "Feature", "properties": { "@id": "way/1229537561", "amenity": null, "building": "house", "name": null, "shop": null, "GEOID": "39049001400" }, "geometry": { "type": "Polygon", "coordinates": [ [ [ -82.9830621, 39.9959888 ], [ -82.9829931, 39.9959871 ], [ -82.9829995, 39.9958768 ], [ -82.9830683, 39.9958797 ], [ -82.9830621, 39.9959888 ] ] ] } },
{ "type": "Feature", "properties": { "@id": "way/1229537562", "amenity": null, "building": "house", "name": null, "shop": null, "GEOID": "39049001400" }, "geometry": { "type": "Polygon", "coordinates": [ [ [ -82.9829251, 39.9959815 ], [ -82.9828405, 39.9959795 ], [ -82.9828565, 39.9957951 ], [ -82.9829396, 39.9957974 ], [ -82.9829251, 39.9959815 ] ] ] } },
{ "type": "Feature", "properties": { "@id": "way/1229537563", "amenity": null, "building": "house", "name": null, "shop": null, "GEOID": "39049001400" }, "geometry": { "type": "Polygon", "coordinates": [ [ [ -82.9828025, 39.9959777 ], [ -82.9827277, 39.9959739 ], [ -82.9827336, 39.9959073 ], [ -82.982712, 39.9959062 ], [ -82.9827167, 39.9958536 ], [ -82.982813, 39.9958586 ], [ -82.9828025, 39.9959777 ] ] ] } },
{ "type": "Feature", "properties": { "@id": "way/1229537564", "amenity": null, "building": "house", "name": null, "shop": null, "GEOID": "39049001400" }, "geometry": { "type": "Polygon", "coordinates": [ [ [ -82.9826781, 39.9959769 ], [ -82.9825784, 39.9959735 ], [ -82.9825852, 39.9958761 ], [ -82.9826829, 39.9958805 ], [ -82.9826781, 39.9959769 ] ] ] } },
{ "type": "Feature", "properties": { "@id": "way/1229537565", "amenity": null, "building": "house", "name": null, "shop": null, "GEOID": "39049001400" }, "geometry": { "type": "Polygon", "coordinates": [ [ [ -82.9824869, 39.9959873 ], [ -82.9824927, 39.9958732 ], [ -82.9825331, 39.9958744 ], [ -82.9825346, 39.9958446 ], [ -82.9825691, 39.9958456 ], [ -82.9825676, 39.9958753 ], [ -82.9825776, 39.9958756 ], [ -82.9825718, 39.9959899 ], [ -82.9824869, 39.9959873 ] ] ] } },
{ "type": "Feature", "properties": { "@id": "way/1229537566", "amenity": null, "building": "house", "name": null, "shop": null, "GEOID": "39049001400" }, "geometry": { "type": "Polygon", "coordinates": [ [ [ -82.98249, 39.995844 ], [ -82.9824811, 39.9960027 ], [ -82.9823585, 39.9959987 ], [ -82.9823666, 39.9958558 ], [ -82.9823795, 39.9958562 ], [ -82.9823804, 39.99584 ], [ -82.9824129, 39.995841 ], [ -82.9824119, 39.9958577 ], [ -82.9824553, 39.9958591 ], [ -82.9824562, 39.9958429 ], [ -82.98249, 39.995844 ] ] ] } },
{ "type": "Feature", "properties": { "@id": "way/1229537567", "amenity": null, "building": "house", "name": null, "shop": null, "GEOID": "39049001400" }, "geometry": { "type": "Polygon", "coordinates": [ [ [ -82.9823271, 39.9959768 ], [ -82.9822601, 39.9959746 ], [ -82.9822628, 39.995926 ], [ -82.9822487, 39.9959255 ], [ -82.9822526, 39.9958561 ], [ -82.9823444, 39.9958591 ], [ -82.9823419, 39.9959038 ], [ -82.9823312, 39.9959035 ], [ -82.9823271, 39.9959768 ] ] ] } },
{ "type": "Feature", "properties": { "@id": "way/1229537568", "amenity": null, "building": "house", "name": null, "shop": null, "GEOID": "39049001400" }, "geometry": { "type": "Polygon", "coordinates": [ [ [ -82.9820991, 39.9959761 ], [ -82.9820439, 39.9959741 ], [ -82.9820458, 39.9959433 ], [ -82.9820254, 39.9959426 ], [ -82.9820279, 39.9959031 ], [ -82.9820502, 39.9959039 ], [ -82.9820523, 39.9958705 ], [ -82.9821056, 39.9958724 ], [ -82.9820991, 39.9959761 ] ] ] } },
{ "type": "Feature", "properties": { "@id": "way/1229537570", "amenity": null, "building": "house", "name": null, "shop": null, "GEOID": "39049001400" }, "geometry": { "type": "Polygon", "coordinates": [ [ [ -82.9816521, 39.9959531 ], [ -82.9816571, 39.9958695 ], [ -82.9815709, 39.9958665 ], [ -82.9815649, 39.9959673 ], [ -82.9816091, 39.9959688 ], [ -82.9816101, 39.9959517 ], [ -82.9816521, 39.9959531 ] ] ] } },
{ "type": "Feature", "properties": { "@id": "way/1229537571", "amenity": null, "building": "house", "name": null, "shop": null, "GEOID": "39049001400" }, "geometry": { "type": "Polygon", "coordinates": [ [ [ -82.9815441, 39.9959745 ], [ -82.9814528, 39.995972 ], [ -82.9814614, 39.9958481 ], [ -82.9815529, 39.9958524 ], [ -82.9815441, 39.9959745 ] ] ] } },
{ "type": "Feature", "properties": { "@id": "way/1229537572", "amenity": null, "building": "house", "name": null, "shop": null, "GEOID": "39049001400" }, "geometry": { "type": "Polygon", "coordinates": [ [ [ -82.981451, 39.9958687 ], [ -82.9814486, 39.9959332 ], [ -82.9814359, 39.9959329 ], [ -82.9814348, 39.995963 ], [ -82.9814102, 39.9959625 ], [ -82.9814096, 39.9959789 ], [ -82.9813485, 39.9959776 ], [ -82.9813492, 39.9959576 ], [ -82.9813279, 39.9959571 ], [ -82.9813313, 39.9958661 ], [ -82.981451, 39.9958687 ] ] ] } },
{ "type": "Feature", "properties": { "@id": "way/1229537574", "amenity": null, "building": "house", "name": null, "shop": null, "GEOID": "39049001400" }, "geometry": { "type": "Polygon", "coordinates": [ [ [ -82.9812887, 39.995942 ], [ -82.9812369, 39.9959403 ], [ -82.9812364, 39.9959484 ], [ -82.9811852, 39.9959466 ], [ -82.9811892, 39.9958772 ], [ -82.9812133, 39.995878 ], [ -82.9812176, 39.9958033 ], [ -82.9812966, 39.9958059 ], [ -82.9812887, 39.995942 ] ] ] } },
{ "type": "Feature", "properties": { "@id": "way/1229537575", "amenity": null, "building": "house", "name": null, "shop": null, "GEOID": "39049001400" }, "geometry": { "type": "Polygon", "coordinates": [ [ [ -82.9810149, 39.9959279 ], [ -82.9809525, 39.9959258 ], [ -82.9809551, 39.995882 ], [ -82.9809271, 39.9958811 ], [ -82.9809319, 39.9957989 ], [ -82.9809849, 39.9958007 ], [ -82.9809859, 39.9957839 ], [ -82.9810232, 39.9957852 ], [ -82.9810149, 39.9959279 ] ] ] } },
{ "type": "Feature", "properties": { "@id": "way/1229537580", "amenity": null, "building": "house", "name": null, "shop": null, "GEOID": "39049001400" }, "geometry": { "type": "Polygon", "coordinates": [ [ [ -82.9821579, 39.9954018 ], [ -82.9820616, 39.9953984 ], [ -82.9820684, 39.9952536 ], [ -82.9821651, 39.9952561 ], [ -82.9821579, 39.9954018 ] ] ] } },
{ "type": "Feature", "properties": { "@id": "way/1229537581", "amenity": null, "building": "house", "name": null, "shop": null, "GEOID": "39049001400" }, "geometry": { "type": "Polygon", "coordinates": [ [ [ -82.9820041, 39.9953645 ], [ -82.9820056, 39.9953164 ], [ -82.9819673, 39.9953145 ], [ -82.9819719, 39.9952698 ], [ -82.98191, 39.9952685 ], [ -82.9819049, 39.9953609 ], [ -82.9820041, 39.9953645 ] ] ] } },
{ "type": "Feature", "properties": { "@id": "way/1229537582", "amenity": null, "building": "house", "name": null, "shop": null, "GEOID": "39049001400" }, "geometry": { "type": "Polygon", "coordinates": [ [ [ -82.9818283, 39.9953496 ], [ -82.9817246, 39.9953455 ], [ -82.9817315, 39.9952442 ], [ -82.9817796, 39.9952461 ], [ -82.9817784, 39.9952644 ], [ -82.9818339, 39.9952666 ], [ -82.9818283, 39.9953496 ] ] ] } },
{ "type": "Feature", "properties": { "@id": "way/1229537583", "amenity": null, "building": "house", "name": null, "shop": null, "GEOID": "39049001400" }, "geometry": { "type": "Polygon", "coordinates": [ [ [ -82.9817054, 39.9953824 ], [ -82.9816182, 39.9953798 ], [ -82.9816243, 39.9952576 ], [ -82.9817115, 39.9952602 ], [ -82.9817054, 39.9953824 ] ] ] } },
{ "type": "Feature", "properties": { "@id": "way/1229537584", "amenity": null, "building": "house", "name": null, "shop": null, "GEOID": "39049001400" }, "geometry": { "type": "Polygon", "coordinates": [ [ [ -82.9815964, 39.9954173 ], [ -82.981607, 39.9952747 ], [ -82.9815945, 39.9952746 ], [ -82.9815967, 39.9952574 ], [ -82.9815192, 39.9952556 ], [ -82.981519, 39.9952713 ], [ -82.9815078, 39.9952719 ], [ -82.9814967, 39.9954136 ], [ -82.9815964, 39.9954173 ] ] ] } },
{ "type": "Feature", "properties": { "@id": "way/1229537585", "amenity": null, "building": "house", "name": null, "shop": null, "GEOID": "39049001400" }, "geometry": { "type": "Polygon", "coordinates": [ [ [ -82.9814847, 39.9953632 ], [ -82.9814878, 39.995273 ], [ -82.9813916, 39.9952692 ], [ -82.9813876, 39.9953603 ], [ -82.9814847, 39.9953632 ] ] ] } },
{ "type": "Feature", "properties": { "@id": "way/1229537586", "amenity": null, "building": "house", "name": null, "shop": null, "GEOID": "39049001400" }, "geometry": { "type": "Polygon", "coordinates": [ [ [ -82.9813738, 39.9953572 ], [ -82.9813789, 39.9952668 ], [ -82.9813703, 39.9952665 ], [ -82.9813713, 39.9952467 ], [ -82.9813069, 39.9952447 ], [ -82.9813058, 39.9952647 ], [ -82.9812941, 39.9952643 ], [ -82.9812899, 39.9953389 ], [ -82.9813321, 39.9953402 ], [ -82.9813312, 39.9953558 ], [ -82.9813738, 39.9953572 ] ] ] } },
{ "type": "Feature", "properties": { "@id": "way/1229537587", "amenity": null, "building": "house", "name": null, "shop": null, "GEOID": "39049001400" }, "geometry": { "type": "Polygon", "coordinates": [ [ [ -82.9812614, 39.9953384 ], [ -82.981213, 39.9953372 ], [ -82.9812125, 39.9953485 ], [ -82.9811754, 39.9953476 ], [ -82.9811798, 39.9952423 ], [ -82.9812654, 39.9952444 ], [ -82.9812614, 39.9953384 ] ] ] } },
{ "type": "Feature", "properties": { "@id": "way/1229537588", "amenity": null, "building": "house", "name": null, "shop": null, "GEOID": "39049001400" }, "geometry": { "type": "Polygon", "coordinates": [ [ [ -82.9811479, 39.9953385 ], [ -82.9811538, 39.9952551 ], [ -82.9811421, 39.9952546 ], [ -82.9811432, 39.995239 ], [ -82.9810798, 39.9952363 ], [ -82.9810786, 39.9952526 ], [ -82.9810666, 39.9952521 ], [ -82.9810595, 39.9953517 ], [ -82.9811061, 39.9953536 ], [ -82.9811073, 39.9953368 ], [ -82.9811479, 39.9953385 ] ] ] } },
{ "type": "Feature", "properties": { "@id": "way/1229537589", "amenity": null, "building": "house", "name": null, "shop": null, "GEOID": "39049001400" }, "geometry": { "type": "Polygon", "coordinates": [ [ [ -82.9810381, 39.99533 ], [ -82.9809816, 39.9953279 ], [ -82.9809809, 39.9953404 ], [ -82.9809497, 39.9953393 ], [ -82.9809565, 39.9952288 ], [ -82.9810442, 39.9952319 ], [ -82.9810381, 39.99533 ] ] ] } },
{ "type": "Feature", "properties": { "@id": "way/1230422300", "amenity": null, "building": "house", "name": null, "shop": null, "GEOID": "39049001400" }, "geometry": { "type": "Polygon", "coordinates": [ [ [ -82.9843426, 39.9964655 ], [ -82.9842277, 39.9964625 ], [ -82.9842331, 39.9963402 ], [ -82.984348, 39.9963431 ], [ -82.9843426, 39.9964655 ] ] ] } },
{ "type": "Feature", "properties": { "@id": "way/1230422301", "amenity": null, "building": "house", "name": null, "shop": null, "GEOID": "39049001400" }, "geometry": { "type": "Polygon", "coordinates": [ [ [ -82.9840315, 39.9963322 ], [ -82.9840193, 39.9963317 ], [ -82.9840122, 39.996425 ], [ -82.9840931, 39.9964286 ], [ -82.9841001, 39.9963365 ], [ -82.9840922, 39.9963362 ], [ -82.9840934, 39.9963205 ], [ -82.9840326, 39.9963178 ], [ -82.9840315, 39.9963322 ] ] ] } },
{ "type": "Feature", "properties": { "@id": "way/1230422302", "amenity": null, "building": "house", "name": null, "shop": null, "GEOID": "39049001400" }, "geometry": { "type": "Polygon", "coordinates": [ [ [ -82.9839042, 39.9963204 ], [ -82.9838919, 39.9963198 ], [ -82.9838849, 39.9964131 ], [ -82.9839657, 39.9964167 ], [ -82.9839727, 39.9963247 ], [ -82.9839649, 39.9963243 ], [ -82.9839661, 39.9963086 ], [ -82.9839052, 39.996306 ], [ -82.9839042, 39.9963204 ] ] ] } },
{ "type": "Feature", "properties": { "@id": "way/1230422303", "amenity": null, "building": "house", "name": null, "shop": null, "GEOID": "39049001400" }, "geometry": { "type": "Polygon", "coordinates": [ [ [ -82.9837848, 39.9963149 ], [ -82.9837725, 39.9963144 ], [ -82.9837655, 39.9964077 ], [ -82.9838463, 39.9964113 ], [ -82.9838533, 39.9963193 ], [ -82.9838455, 39.9963189 ], [ -82.9838466, 39.9963032 ], [ -82.9837858, 39.9963005 ], [ -82.9837848, 39.9963149 ] ] ] } },
{ "type": "Feature", "properties": { "@id": "way/1230422304", "amenity": null, "building": "house", "name": null, "shop": null, "GEOID": "39049001400" }, "geometry": { "type": "Polygon", "coordinates": [ [ [ -82.9836557, 39.9963072 ], [ -82.9836434, 39.9963067 ], [ -82.9836364, 39.9964 ], [ -82.9837172, 39.9964036 ], [ -82.9837242, 39.9963116 ], [ -82.9837164, 39.9963112 ], [ -82.9837176, 39.9962955 ], [ -82.9836568, 39.9962928 ], [ -82.9836557, 39.9963072 ] ] ] } },
{ "type": "Feature", "properties": { "@id": "way/1230422305", "amenity": null, "building": "house", "name": null, "shop": null, "GEOID": "39049001400" }, "geometry": { "type": "Polygon", "coordinates": [ [ [ -82.9835385, 39.9963053 ], [ -82.9835263, 39.9963047 ], [ -82.9835192, 39.996398 ], [ -82.9836001, 39.9964016 ], [ -82.983607, 39.9963096 ], [ -82.9835992, 39.9963092 ], [ -82.9836004, 39.9962935 ], [ -82.9835396, 39.9962909 ], [ -82.9835385, 39.9963053 ] ] ] } },
{ "type": "Feature", "properties": { "@id": "way/1230422306", "amenity": null, "building": "house", "name": null, "shop": null, "GEOID": "39049001400" }, "geometry": { "type": "Polygon", "coordinates": [ [ [ -82.9834173, 39.9963009 ], [ -82.983405, 39.9963003 ], [ -82.983398, 39.9963937 ], [ -82.9834788, 39.9963972 ], [ -82.9834858, 39.9963052 ], [ -82.983478, 39.9963049 ], [ -82.9834791, 39.9962892 ], [ -82.9834183, 39.9962865 ], [ -82.9834173, 39.9963009 ] ] ] } },
{ "type": "Feature", "properties": { "@id": "way/1230422307", "amenity": null, "building": "house", "name": null, "shop": null, "GEOID": "39049001400" }, "geometry": { "type": "Polygon", "coordinates": [ [ [ -82.9833737, 39.9964379 ], [ -82.9832516, 39.9964338 ], [ -82.9832595, 39.9962969 ], [ -82.9832693, 39.9962973 ], [ -82.9832702, 39.9962812 ], [ -82.9833727, 39.9962847 ], [ -82.9833718, 39.9962999 ], [ -82.9833817, 39.9963002 ], [ -82.9833737, 39.9964379 ] ] ] } },
{ "type": "Feature", "properties": { "@id": "way/1230422313", "amenity": null, "building": "house", "name": null, "shop": null, "GEOID": "39049001400" }, "geometry": { "type": "Polygon", "coordinates": [ [ [ -82.9842854, 39.9970668 ], [ -82.9842957, 39.99694 ], [ -82.9841977, 39.9969365 ], [ -82.9841898, 39.9970643 ], [ -82.9842854, 39.9970668 ] ] ] } },
{ "type": "Feature", "properties": { "@id": "way/1230422314", "amenity": null, "building": "house", "name": null, "shop": null, "GEOID": "39049001400" }, "geometry": { "type": "Polygon", "coordinates": [ [ [ -82.9839113, 39.9970518 ], [ -82.9838259, 39.9970473 ], [ -82.9838337, 39.9969478 ], [ -82.9839191, 39.9969518 ], [ -82.9839113, 39.9970518 ] ] ] } },
{ "type": "Feature", "properties": { "@id": "way/1230422315", "amenity": null, "building": "house", "name": null, "shop": null, "GEOID": "39049001400" }, "geometry": { "type": "Polygon", "coordinates": [ [ [ -82.983798, 39.997046 ], [ -82.983704, 39.9970403 ], [ -82.9837105, 39.9969559 ], [ -82.9838061, 39.9969605 ], [ -82.983798, 39.997046 ] ] ] } },
{ "type": "Feature", "properties": { "@id": "way/1230422316", "amenity": null, "building": "house", "name": null, "shop": null, "GEOID": "39049001400" }, "geometry": { "type": "Polygon", "coordinates": [ [ [ -82.9836757, 39.9970392 ], [ -82.9835829, 39.9970362 ], [ -82.9835911, 39.9969479 ], [ -82.9836834, 39.9969527 ], [ -82.9836757, 39.9970392 ] ] ] } },
{ "type": "Feature", "properties": { "@id": "way/1230422317", "amenity": null, "building": "house", "name": null, "shop": null, "GEOID": "39049001400" }, "geometry": { "type": "Polygon", "coordinates": [ [ [ -82.9835546, 39.9969498 ], [ -82.9835498, 39.9970552 ], [ -82.9834585, 39.9970519 ], [ -82.9834655, 39.9969447 ], [ -82.9835546, 39.9969498 ] ] ] } },
{ "type": "Feature", "properties": { "@id": "way/1230422318", "amenity": null, "building": "house", "name": null, "shop": null, "GEOID": "39049001400" }, "geometry": { "type": "Polygon", "coordinates": [ [ [ -82.983443, 39.996947 ], [ -82.9834397, 39.9970285 ], [ -82.9834208, 39.9970281 ], [ -82.9834201, 39.9970443 ], [ -82.9833626, 39.9970429 ], [ -82.9833633, 39.997025 ], [ -82.9833419, 39.9970244 ], [ -82.9833453, 39.9969446 ], [ -82.983443, 39.996947 ] ] ] } },
{ "type": "Feature", "properties": { "@id": "way/1230422319", "amenity": null, "building": "house", "name": null, "shop": null, "GEOID": "39049001400" }, "geometry": { "type": "Polygon", "coordinates": [ [ [ -82.9841112, 39.9974573 ], [ -82.984006, 39.9974536 ], [ -82.9840085, 39.9973789 ], [ -82.9841125, 39.9973844 ], [ -82.9841112, 39.9974573 ] ] ] } },
{ "type": "Feature", "properties": { "@id": "way/1230422320", "amenity": null, "building": "house", "name": null, "shop": null, "GEOID": "39049001400" }, "geometry": { "type": "Polygon", "coordinates": [ [ [ -82.9839546, 39.9974995 ], [ -82.9838534, 39.9974966 ], [ -82.9838662, 39.9973794 ], [ -82.9839621, 39.9973822 ], [ -82.9839546, 39.9974995 ] ] ] } },
{ "type": "Feature", "properties": { "@id": "way/1230422321", "amenity": null, "building": "house", "name": null, "shop": null, "GEOID": "39049001400" }, "geometry": { "type": "Polygon", "coordinates": [ [ [ -82.9838119, 39.9974555 ], [ -82.9837079, 39.9974506 ], [ -82.9837135, 39.9973812 ], [ -82.9837505, 39.9973829 ], [ -82.9837516, 39.9973691 ], [ -82.9837803, 39.9973705 ], [ -82.9837793, 39.9973839 ], [ -82.9838175, 39.9973857 ], [ -82.9838119, 39.9974555 ] ] ] } },
{ "type": "Feature", "properties": { "@id": "way/1230422322", "amenity": null, "building": "house", "name": null, "shop": null, "GEOID": "39049001400" }, "geometry": { "type": "Polygon", "coordinates": [ [ [ -82.9836627, 39.9974647 ], [ -82.9835581, 39.9974606 ], [ -82.9835652, 39.9973547 ], [ -82.9835796, 39.9973552 ], [ -82.9835813, 39.9973299 ], [ -82.9836605, 39.9973329 ], [ -82.9836588, 39.9973581 ], [ -82.9836698, 39.9973585 ], [ -82.9836627, 39.9974647 ] ] ] } },
{ "type": "Feature", "properties": { "@id": "way/1230422323", "amenity": null, "building": "house", "name": null, "shop": null, "GEOID": "39049001400" }, "geometry": { "type": "Polygon", "coordinates": [ [ [ -82.9835354, 39.9974984 ], [ -82.9834791, 39.9974967 ], [ -82.9834804, 39.9974591 ], [ -82.9833652, 39.9974542 ], [ -82.9833689, 39.9973914 ], [ -82.9834411, 39.9973925 ], [ -82.9834434, 39.9973492 ], [ -82.9834553, 39.9973492 ], [ -82.9834574, 39.9973278 ], [ -82.9835336, 39.9973297 ], [ -82.9835318, 39.9973544 ], [ -82.9835442, 39.9973547 ], [ -82.9835354, 39.9974984 ] ] ] } },
{ "type": "Feature", "properties": { "@id": "way/1230422324", "amenity": null, "building": "house", "name": null, "shop": null, "GEOID": "39049001400" }, "geometry": { "type": "Polygon", "coordinates": [ [ [ -82.9832848, 39.9974832 ], [ -82.9831971, 39.9974807 ], [ -82.9832047, 39.9973106 ], [ -82.9832954, 39.9973143 ], [ -82.9832848, 39.9974832 ] ] ] } },
{ "type": "Feature", "properties": { "@id": "way/1230422326", "amenity": null, "building": "house", "name": null, "shop": null, "GEOID": "39049001400" }, "geometry": { "type": "Polygon", "coordinates": [ [ [ -82.9831396, 39.9982882 ], [ -82.9831364, 39.9983584 ], [ -82.9830138, 39.9983551 ], [ -82.9830171, 39.9982849 ], [ -82.9831396, 39.9982882 ] ] ] } },
{ "type": "Feature", "properties": { "@id": "way/1230422327", "amenity": null, "building": "house", "name": null, "shop": null, "GEOID": "39049001400" }, "geometry": { "type": "Polygon", "coordinates": [ [ [ -82.9830933, 39.9984701 ], [ -82.9829723, 39.998467 ], [ -82.9829748, 39.9983983 ], [ -82.9830964, 39.9984013 ], [ -82.9830933, 39.9984701 ] ] ] } },
{ "type": "Feature", "properties": { "@id": "way/1230422328", "amenity": null, "building": "house", "name": null, "shop": null, "GEOID": "39049001400" }, "geometry": { "type": "Polygon", "coordinates": [ [ [ -82.9830856, 39.9985807 ], [ -82.9830813, 39.99865 ], [ -82.9829598, 39.9986456 ], [ -82.9829603, 39.9985788 ], [ -82.9830856, 39.9985807 ] ] ] } },
{ "type": "Feature", "properties": { "@id": "way/1230422329", "amenity": null, "building": "house", "name": null, "shop": null, "GEOID": "39049001400" }, "geometry": { "type": "Polygon", "coordinates": [ [ [ -82.9830045, 39.9986755 ], [ -82.9830001, 39.9987552 ], [ -82.983098, 39.9987587 ], [ -82.9831029, 39.9986798 ], [ -82.9830045, 39.9986755 ] ] ] } },
{ "type": "Feature", "properties": { "@id": "way/1230422330", "amenity": null, "building": "house", "name": null, "shop": null, "GEOID": "39049001400" }, "geometry": { "type": "Polygon", "coordinates": [ [ [ -82.9831399, 39.9988957 ], [ -82.9829797, 39.9988908 ], [ -82.9829857, 39.998814 ], [ -82.9831478, 39.9988173 ], [ -82.9831399, 39.9988957 ] ] ] } },
{ "type": "Feature", "properties": { "@id": "way/1230422333", "amenity": null, "building": "house", "name": null, "shop": null, "GEOID": "39049001400" }, "geometry": { "type": "Polygon", "coordinates": [ [ [ -82.983061, 39.9991773 ], [ -82.9829549, 39.9991736 ], [ -82.9829565, 39.9991466 ], [ -82.982936, 39.9991459 ], [ -82.9829386, 39.9991025 ], [ -82.9830651, 39.9991069 ], [ -82.983061, 39.9991773 ] ] ] } },
{ "type": "Feature", "properties": { "@id": "way/1230422334", "amenity": null, "building": "house", "name": null, "shop": null, "GEOID": "39049001400" }, "geometry": { "type": "Polygon", "coordinates": [ [ [ -82.9831079, 39.999266 ], [ -82.9831114, 39.999203 ], [ -82.9829549, 39.9991977 ], [ -82.9829505, 39.9992601 ], [ -82.9831079, 39.999266 ] ] ] } },
{ "type": "Feature", "properties": { "@id": "way/1230422335", "amenity": null, "building": "house", "name": null, "shop": null, "GEOID": "39049001400" }, "geometry": { "type": "Polygon", "coordinates": [ [ [ -82.9831016, 39.9993609 ], [ -82.9829475, 39.9993558 ], [ -82.9829485, 39.9992953 ], [ -82.9831064, 39.9992972 ], [ -82.9831016, 39.9993609 ] ] ] } },
{ "type": "Feature", "properties": { "@id": "way/1230422336", "amenity": null, "building": "house", "name": null, "shop": null, "GEOID": "39049001400" }, "geometry": { "type": "Polygon", "coordinates": [ [ [ -82.9830406, 39.9995514 ], [ -82.9829304, 39.9995472 ], [ -82.982938, 39.9994757 ], [ -82.9830478, 39.9994781 ], [ -82.9830406, 39.9995514 ] ] ] } },
{ "type": "Feature", "properties": { "@id": "way/1230422337", "amenity": null, "building": "house", "name": null, "shop": null, "GEOID": "39049001400" }, "geometry": { "type": "Polygon", "coordinates": [ [ [ -82.983033, 39.9996505 ], [ -82.9829247, 39.9996438 ], [ -82.9829299, 39.9995724 ], [ -82.9830384, 39.9995771 ], [ -82.983033, 39.9996505 ] ] ] } },
{ "type": "Feature", "properties": { "@id": "way/1230422338", "amenity": null, "building": "house", "name": null, "shop": null, "GEOID": "39049001400" }, "geometry": { "type": "Polygon", "coordinates": [ [ [ -82.9830212, 39.9998504 ], [ -82.9828814, 39.9998465 ], [ -82.9828883, 39.9997619 ], [ -82.9830254, 39.9997667 ], [ -82.9830212, 39.9998504 ] ] ] } },
{ "type": "Feature", "properties": { "@id": "way/1230422339", "amenity": null, "building": "house", "name": null, "shop": null, "GEOID": "39049001400" }, "geometry": { "type": "Polygon", "coordinates": [ [ [ -82.9829918, 40.0002012 ], [ -82.9829978, 40.0001155 ], [ -82.9829564, 40.0001138 ], [ -82.9829575, 40.0000984 ], [ -82.9829786, 40.0000993 ], [ -82.9829809, 40.0000662 ], [ -82.9828998, 40.0000628 ], [ -82.9828973, 40.0000976 ], [ -82.9829087, 40.000098 ], [ -82.9829081, 40.0001059 ], [ -82.9828944, 40.0001054 ], [ -82.9828912, 40.0001508 ], [ -82.9829012, 40.0001512 ], [ -82.982898, 40.0001973 ], [ -82.9829918, 40.0002012 ] ] ] } },
{ "type": "Feature", "properties": { "@id": "way/1230422341", "amenity": null, "building": "house", "name": null, "shop": null, "GEOID": "39049001400" }, "geometry": { "type": "Polygon", "coordinates": [ [ [ -82.9831374, 40.0005565 ], [ -82.9832098, 40.0005603 ], [ -82.9832231, 40.0004529 ], [ -82.9831459, 40.0004501 ], [ -82.9831374, 40.0005565 ] ] ] } },
{ "type": "Feature", "properties": { "@id": "way/1230422342", "amenity": null, "building": "house", "name": null, "shop": null, "GEOID": "39049001400" }, "geometry": { "type": "Polygon", "coordinates": [ [ [ -82.9830742, 40.0005735 ], [ -82.9830836, 40.0004475 ], [ -82.9830204, 40.0004437 ], [ -82.9830099, 40.0005695 ], [ -82.9830742, 40.0005735 ] ] ] } },
{ "type": "Feature", "properties": { "@id": "way/1230422343", "amenity": null, "building": "house", "name": null, "shop": null, "GEOID": "39049001400" }, "geometry": { "type": "Polygon", "coordinates": [ [ [ -82.9829138, 40.0004499 ], [ -82.9829068, 40.0005303 ], [ -82.9829206, 40.000531 ], [ -82.9829194, 40.0005442 ], [ -82.9829957, 40.0005481 ], [ -82.9829966, 40.0005372 ], [ -82.9830075, 40.0005378 ], [ -82.9830159, 40.000441 ], [ -82.9829745, 40.0004389 ], [ -82.9829733, 40.0004529 ], [ -82.9829138, 40.0004499 ] ] ] } },
{ "type": "Feature", "properties": { "@id": "way/1230422344", "amenity": null, "building": "house", "name": null, "shop": null, "GEOID": "39049001400" }, "geometry": { "type": "Polygon", "coordinates": [ [ [ -82.9828827, 40.0005277 ], [ -82.9828691, 40.0005273 ], [ -82.9828675, 40.0005464 ], [ -82.9828066, 40.0005428 ], [ -82.9828069, 40.000524 ], [ -82.9827937, 40.0005225 ], [ -82.9827966, 40.0004463 ], [ -82.9828072, 40.0004465 ], [ -82.9828086, 40.0004252 ], [ -82.9828835, 40.0004295 ], [ -82.9828807, 40.0004494 ], [ -82.9828905, 40.0004504 ], [ -82.9828827, 40.0005277 ] ] ] } },
{ "type": "Feature", "properties": { "@id": "way/1230422345", "amenity": null, "building": "house", "name": null, "shop": null, "GEOID": "39049001400" }, "geometry": { "type": "Polygon", "coordinates": [ [ [ -82.9825668, 40.0005333 ], [ -82.9825722, 40.0004248 ], [ -82.9824846, 40.0004234 ], [ -82.9824767, 40.0005296 ], [ -82.9825668, 40.0005333 ] ] ] } },
{ "type": "Feature", "properties": { "@id": "way/1230422346", "amenity": null, "building": "house", "name": null, "shop": null, "GEOID": "39049001400" }, "geometry": { "type": "Polygon", "coordinates": [ [ [ -82.9824161, 40.0005252 ], [ -82.9824256, 40.0004055 ], [ -82.9823605, 40.000403 ], [ -82.9823533, 40.0005222 ], [ -82.9824161, 40.0005252 ] ] ] } },
{ "type": "Feature", "properties": { "@id": "way/1230422348", "amenity": null, "building": "house", "name": null, "shop": null, "GEOID": "39049001400" }, "geometry": { "type": "Polygon", "coordinates": [ [ [ -82.9823307, 40.0005248 ], [ -82.9822307, 40.0005218 ], [ -82.9822394, 40.0004298 ], [ -82.98234, 40.0004355 ], [ -82.9823307, 40.0005248 ] ] ] } },
{ "type": "Feature", "properties": { "@id": "way/1230422349", "amenity": null, "building": "house", "name": null, "shop": null, "GEOID": "39049001400" }, "geometry": { "type": "Polygon", "coordinates": [ [ [ -82.9822159, 40.0005203 ], [ -82.9820972, 40.0005155 ], [ -82.9821061, 40.0003871 ], [ -82.9822248, 40.000392 ], [ -82.9822159, 40.0005203 ] ] ] } },
{ "type": "Feature", "properties": { "@id": "way/1230422350", "amenity": null, "building": "house", "name": null, "shop": null, "GEOID": "39049001400" }, "geometry": { "type": "Polygon", "coordinates": [ [ [ -82.9819885, 40.0004291 ], [ -82.9819836, 40.0005101 ], [ -82.9820844, 40.0005144 ], [ -82.9820916, 40.0004318 ], [ -82.9819885, 40.0004291 ] ] ] } },
{ "type": "Feature", "properties": { "@id": "way/1230422353", "amenity": null, "building": "house", "name": null, "shop": null, "GEOID": "39049001400" }, "geometry": { "type": "Polygon", "coordinates": [ [ [ -82.9819651, 40.0005065 ], [ -82.9818783, 40.0005046 ], [ -82.9818843, 40.0004176 ], [ -82.9819716, 40.0004218 ], [ -82.9819651, 40.0005065 ] ] ] } },
{ "type": "Feature", "properties": { "@id": "way/1230422354", "amenity": null, "building": "house", "name": null, "shop": null, "GEOID": "39049001400" }, "geometry": { "type": "Polygon", "coordinates": [ [ [ -82.9818297, 40.0005062 ], [ -82.9817156, 40.0004996 ], [ -82.9817232, 40.0003663 ], [ -82.9818402, 40.0003729 ], [ -82.9818297, 40.0005062 ] ] ] } },
{ "type": "Feature", "properties": { "@id": "way/1230422405", "amenity": null, "building": "house", "name": null, "shop": null, "GEOID": "39049001400" }, "geometry": { "type": "Polygon", "coordinates": [ [ [ -82.9830729, 39.9963766 ], [ -82.9829582, 39.9963725 ], [ -82.9829652, 39.9962877 ], [ -82.9830796, 39.9962932 ], [ -82.9830729, 39.9963766 ] ] ] } },
{ "type": "Feature", "properties": { "@id": "way/1230422406", "amenity": null, "building": "house", "name": null, "shop": null, "GEOID": "39049001400" }, "geometry": { "type": "Polygon", "coordinates": [ [ [ -82.9829443, 39.9962919 ], [ -82.9829383, 39.9963719 ], [ -82.98283, 39.9963671 ], [ -82.9828378, 39.9962634 ], [ -82.982904, 39.9962663 ], [ -82.9829022, 39.9962901 ], [ -82.9829443, 39.9962919 ] ] ] } },
{ "type": "Feature", "properties": { "@id": "way/1230422407", "amenity": null, "building": "house", "name": null, "shop": null, "GEOID": "39049001400" }, "geometry": { "type": "Polygon", "coordinates": [ [ [ -82.9826801, 39.9962436 ], [ -82.9826681, 39.9963805 ], [ -82.9826436, 39.9963787 ], [ -82.9826427, 39.9963999 ], [ -82.9825709, 39.9963984 ], [ -82.9825867, 39.9962363 ], [ -82.9826801, 39.9962436 ] ] ] } },
{ "type": "Feature", "properties": { "@id": "way/1230422408", "amenity": null, "building": "house", "name": null, "shop": null, "GEOID": "39049001400" }, "geometry": { "type": "Polygon", "coordinates": [ [ [ -82.9825624, 39.9962518 ], [ -82.9825604, 39.9963375 ], [ -82.9824636, 39.9963326 ], [ -82.9824664, 39.9962454 ], [ -82.9825624, 39.9962518 ] ] ] } },
{ "type": "Feature", "properties": { "@id": "way/1230422409", "amenity": null, "building": "house", "name": null, "shop": null, "GEOID": "39049001400" }, "geometry": { "type": "Polygon", "coordinates": [ [ [ -82.9824451, 39.9962441 ], [ -82.9824402, 39.9963469 ], [ -82.9823498, 39.9963425 ], [ -82.9823557, 39.9962373 ], [ -82.9824451, 39.9962441 ] ] ] } },
{ "type": "Feature", "properties": { "@id": "way/1230422416", "amenity": null, "building": "house", "name": null, "shop": null, "GEOID": "39049001400" }, "geometry": { "type": "Polygon", "coordinates": [ [ [ -82.9823709, 39.9970091 ], [ -82.9823716, 39.9969851 ], [ -82.9823873, 39.9969854 ], [ -82.9823914, 39.9969138 ], [ -82.9822981, 39.9969113 ], [ -82.9822927, 39.9969854 ], [ -82.9823048, 39.9969852 ], [ -82.9823036, 39.9970087 ], [ -82.9823709, 39.9970091 ] ] ] } },
{ "type": "Feature", "properties": { "@id": "way/1230422417", "amenity": null, "building": "house", "name": null, "shop": null, "GEOID": "39049001400" }, "geometry": { "type": "Polygon", "coordinates": [ [ [ -82.9825118, 39.9969885 ], [ -82.9824145, 39.9969846 ], [ -82.98242, 39.9969037 ], [ -82.9825173, 39.9969076 ], [ -82.9825118, 39.9969885 ] ] ] } },
{ "type": "Feature", "properties": { "@id": "way/1230422418", "amenity": null, "building": "house", "name": null, "shop": null, "GEOID": "39049001400" }, "geometry": { "type": "Polygon", "coordinates": [ [ [ -82.9826359, 39.9969948 ], [ -82.9825423, 39.9969904 ], [ -82.9825436, 39.9968904 ], [ -82.9825937, 39.996894 ], [ -82.9825934, 39.9969155 ], [ -82.9826386, 39.9969172 ], [ -82.9826359, 39.9969948 ] ] ] } },
{ "type": "Feature", "properties": { "@id": "way/1230422419", "amenity": null, "building": "house", "name": null, "shop": null, "GEOID": "39049001400" }, "geometry": { "type": "Polygon", "coordinates": [ [ [ -82.9826642, 39.9969951 ], [ -82.9827599, 39.997 ], [ -82.9827631, 39.9969196 ], [ -82.9826713, 39.9969177 ], [ -82.9826642, 39.9969951 ] ] ] } },
{ "type": "Feature", "properties": { "@id": "way/1230422420", "amenity": null, "building": "house", "name": null, "shop": null, "GEOID": "39049001400" }, "geometry": { "type": "Polygon", "coordinates": [ [ [ -82.9828001, 39.9969898 ], [ -82.982947, 39.9969974 ], [ -82.9829467, 39.9970127 ], [ -82.9830164, 39.9970143 ], [ -82.9830212, 39.9969341 ], [ -82.9829715, 39.9969308 ], [ -82.9829711, 39.9969176 ], [ -82.9829487, 39.9969164 ], [ -82.9829483, 39.9969073 ], [ -82.9828547, 39.9969031 ], [ -82.9828532, 39.9969332 ], [ -82.9828036, 39.9969322 ], [ -82.9828001, 39.9969898 ] ] ] } },
{ "type": "Feature", "properties": { "@id": "way/1230422421", "amenity": null, "building": "house", "name": null, "shop": null, "GEOID": "39049001400" }, "geometry": { "type": "Polygon", "coordinates": [ [ [ -82.982078, 39.997345 ], [ -82.9819668, 39.9973377 ], [ -82.9819682, 39.9972478 ], [ -82.982086, 39.9972537 ], [ -82.982078, 39.997345 ] ] ] } },
{ "type": "Feature", "properties": { "@id": "way/1230422422", "amenity": null, "building": "house", "name": null, "shop": null, "GEOID": "39049001400" }, "geometry": { "type": "Polygon", "coordinates": [ [ [ -82.9822362, 39.997376 ], [ -82.9823369, 39.9973785 ], [ -82.982344, 39.9972697 ], [ -82.9822395, 39.9972668 ], [ -82.9822362, 39.997376 ] ] ] } },
{ "type": "Feature", "properties": { "@id": "way/1230422423", "amenity": null, "building": "house", "name": null, "shop": null, "GEOID": "39049001400" }, "geometry": { "type": "Polygon", "coordinates": [ [ [ -82.9823595, 39.9973499 ], [ -82.9824655, 39.9973534 ], [ -82.9824661, 39.9972807 ], [ -82.9823615, 39.9972777 ], [ -82.9823595, 39.9973499 ] ] ] } },
{ "type": "Feature", "properties": { "@id": "way/1230422424", "amenity": null, "building": "house", "name": null, "shop": null, "GEOID": "39049001400" }, "geometry": { "type": "Polygon", "coordinates": [ [ [ -82.9825132, 39.9972815 ], [ -82.9825072, 39.9973603 ], [ -82.9824955, 39.99736 ], [ -82.9824894, 39.9974478 ], [ -82.982656, 39.9974558 ], [ -82.9826638, 39.9973814 ], [ -82.982604, 39.997378 ], [ -82.9826056, 39.9973627 ], [ -82.9825896, 39.9973614 ], [ -82.982597, 39.9972835 ], [ -82.9825132, 39.9972815 ] ] ] } },
{ "type": "Feature", "properties": { "@id": "way/1230422425", "amenity": null, "building": "house", "name": null, "shop": null, "GEOID": "39049001400" }, "geometry": { "type": "Polygon", "coordinates": [ [ [ -82.9828635, 39.9974203 ], [ -82.9829815, 39.997426 ], [ -82.9829979, 39.9972886 ], [ -82.9828768, 39.997282 ], [ -82.9828635, 39.9974203 ] ] ] } },
{ "type": "Feature", "properties": { "@id": "way/1230422430", "amenity": null, "building": "house", "name": null, "shop": null, "GEOID": "39049001400" }, "geometry": { "type": "Polygon", "coordinates": [ [ [ -82.9819392, 39.9979256 ], [ -82.9819453, 39.9978495 ], [ -82.9820541, 39.9978538 ], [ -82.9820487, 39.9979291 ], [ -82.9819392, 39.9979256 ] ] ] } },
{ "type": "Feature", "properties": { "@id": "way/1230422431", "amenity": null, "building": "house", "name": null, "shop": null, "GEOID": "39049001400" }, "geometry": { "type": "Polygon", "coordinates": [ [ [ -82.9822001, 39.9978736 ], [ -82.9821964, 39.9979379 ], [ -82.9822131, 39.9979385 ], [ -82.982212, 39.9979585 ], [ -82.9823007, 39.9979614 ], [ -82.9823069, 39.9978518 ], [ -82.9822456, 39.9978497 ], [ -82.9822442, 39.9978751 ], [ -82.9822001, 39.9978736 ] ] ] } },
{ "type": "Feature", "properties": { "@id": "way/1230422432", "amenity": null, "building": "house", "name": null, "shop": null, "GEOID": "39049001400" }, "geometry": { "type": "Polygon", "coordinates": [ [ [ -82.9823245, 39.9979413 ], [ -82.9823271, 39.9978593 ], [ -82.9824248, 39.997863 ], [ -82.9824205, 39.9979465 ], [ -82.9823245, 39.9979413 ] ] ] } },
{ "type": "Feature", "properties": { "@id": "way/1230422433", "amenity": null, "building": "house", "name": null, "shop": null, "GEOID": "39049001400" }, "geometry": { "type": "Polygon", "coordinates": [ [ [ -82.9825844, 39.9979518 ], [ -82.982594, 39.9978348 ], [ -82.982654, 39.9978377 ], [ -82.9826524, 39.9978564 ], [ -82.9826894, 39.9978582 ], [ -82.9826813, 39.9979564 ], [ -82.9825844, 39.9979518 ] ] ] } },
{ "type": "Feature", "properties": { "@id": "way/1230422434", "amenity": null, "building": "house", "name": null, "shop": null, "GEOID": "39049001400" }, "geometry": { "type": "Polygon", "coordinates": [ [ [ -82.9828068, 39.9979841 ], [ -82.9827295, 39.9979813 ], [ -82.9827307, 39.9979616 ], [ -82.9827175, 39.9979611 ], [ -82.9827222, 39.9978857 ], [ -82.9828127, 39.997889 ], [ -82.9828068, 39.9979841 ] ] ] } },
{ "type": "Feature", "properties": { "@id": "way/1230422435", "amenity": null, "building": "house", "name": null, "shop": null, "GEOID": "39049001400" }, "geometry": { "type": "Polygon", "coordinates": [ [ [ -82.982945, 39.9979007 ], [ -82.9829404, 39.9979656 ], [ -82.9829079, 39.9979642 ], [ -82.9829069, 39.9979776 ], [ -82.9828657, 39.9979759 ], [ -82.9828664, 39.9979664 ], [ -82.9828364, 39.9979651 ], [ -82.9828413, 39.9978963 ], [ -82.982945, 39.9979007 ] ] ] } },
{ "type": "Feature", "properties": { "@id": "way/1230422436", "amenity": null, "building": "house", "name": null, "shop": null, "GEOID": "39049001400" }, "geometry": { "type": "Polygon", "coordinates": [ [ [ -82.982422, 39.998251 ], [ -82.9826993, 39.9982655 ], [ -82.9827025, 39.9982047 ], [ -82.9824277, 39.9981898 ], [ -82.982422, 39.998251 ] ] ] } },
{ "type": "Feature", "properties": { "@id": "way/1230422437", "amenity": null, "building": "house", "name": null, "shop": null, "GEOID": "39049001400" }, "geometry": { "type": "Polygon", "coordinates": [ [ [ -82.9826889, 39.9983681 ], [ -82.9825698, 39.9983642 ], [ -82.9825692, 39.9984321 ], [ -82.9826861, 39.9984383 ], [ -82.9826889, 39.9983681 ] ] ] } },
{ "type": "Feature", "properties": { "@id": "way/1230422438", "amenity": null, "building": "house", "name": null, "shop": null, "GEOID": "39049001400" }, "geometry": { "type": "Polygon", "coordinates": [ [ [ -82.982686, 39.9985182 ], [ -82.9826892, 39.9984513 ], [ -82.9825997, 39.9984465 ], [ -82.982596, 39.9985149 ], [ -82.982686, 39.9985182 ] ] ] } },
{ "type": "Feature", "properties": { "@id": "way/1230422439", "amenity": null, "building": "house", "name": null, "shop": null, "GEOID": "39049001400" }, "geometry": { "type": "Polygon", "coordinates": [ [ [ -82.9821863, 39.9984702 ], [ -82.9821924, 39.9983833 ], [ -82.9819626, 39.9983738 ], [ -82.9819565, 39.9984607 ], [ -82.9821863, 39.9984702 ] ] ] } },
{ "type": "Feature", "properties": { "@id": "way/1230422440", "amenity": null, "building": "house", "name": null, "shop": null, "GEOID": "39049001400" }, "geometry": { "type": "Polygon", "coordinates": [ [ [ -82.9820536, 39.9983288 ], [ -82.9819346, 39.9983251 ], [ -82.9819382, 39.9982584 ], [ -82.9820572, 39.9982622 ], [ -82.9820536, 39.9983288 ] ] ] } },
{ "type": "Feature", "properties": { "@id": "way/1230422441", "amenity": null, "building": "house", "name": null, "shop": null, "GEOID": "39049001400" }, "geometry": { "type": "Polygon", "coordinates": [ [ [ -82.9827252, 39.9988567 ], [ -82.9826066, 39.998853 ], [ -82.9826219, 39.9986744 ], [ -82.9827365, 39.9986792 ], [ -82.9827252, 39.9988567 ] ] ] } },
{ "type": "Feature", "properties": { "@id": "way/1230422442", "amenity": null, "building": "house", "name": null, "shop": null, "GEOID": "39049001400" }, "geometry": { "type": "Polygon", "coordinates": [ [ [ -82.9825954, 39.9988527 ], [ -82.9825008, 39.9988501 ], [ -82.9825081, 39.9987464 ], [ -82.9825507, 39.9987478 ], [ -82.9825497, 39.9987335 ], [ -82.9826066, 39.9987358 ], [ -82.9825954, 39.9988527 ] ] ] } },
{ "type": "Feature", "properties": { "@id": "way/1230422443", "amenity": null, "building": "house", "name": null, "shop": null, "GEOID": "39049001400" }, "geometry": { "type": "Polygon", "coordinates": [ [ [ -82.9824526, 39.9988465 ], [ -82.9823614, 39.9988435 ], [ -82.9823659, 39.9987549 ], [ -82.9824567, 39.9987574 ], [ -82.9824526, 39.9988465 ] ] ] } },
{ "type": "Feature", "properties": { "@id": "way/1230422445", "amenity": null, "building": "house", "name": null, "shop": null, "GEOID": "39049001400" }, "geometry": { "type": "Polygon", "coordinates": [ [ [ -82.982326, 39.9987704 ], [ -82.9823175, 39.9988652 ], [ -82.9822281, 39.9988604 ], [ -82.9822366, 39.9987657 ], [ -82.982326, 39.9987704 ] ] ] } },
{ "type": "Feature", "properties": { "@id": "way/1230422446", "amenity": null, "building": "house", "name": null, "shop": null, "GEOID": "39049001400" }, "geometry": { "type": "Polygon", "coordinates": [ [ [ -82.9822005, 39.9987661 ], [ -82.982192, 39.9988609 ], [ -82.9821026, 39.9988561 ], [ -82.9821111, 39.9987614 ], [ -82.9822005, 39.9987661 ] ] ] } },
{ "type": "Feature", "properties": { "@id": "way/1230422447", "amenity": null, "building": "house", "name": null, "shop": null, "GEOID": "39049001400" }, "geometry": { "type": "Polygon", "coordinates": [ [ [ -82.9820881, 39.9987532 ], [ -82.9820796, 39.9988479 ], [ -82.9819902, 39.9988432 ], [ -82.9819987, 39.9987485 ], [ -82.9820881, 39.9987532 ] ] ] } },
{ "type": "Feature", "properties": { "@id": "way/1230422448", "amenity": null, "building": "house", "name": null, "shop": null, "GEOID": "39049001400" }, "geometry": { "type": "Polygon", "coordinates": [ [ [ -82.9819598, 39.9987338 ], [ -82.9819513, 39.9988286 ], [ -82.9818619, 39.9988239 ], [ -82.9818704, 39.9987291 ], [ -82.9819598, 39.9987338 ] ] ] } },
{ "type": "Feature", "properties": { "@id": "way/1230422450", "amenity": null, "building": "house", "name": null, "shop": null, "GEOID": "39049001400" }, "geometry": { "type": "Polygon", "coordinates": [ [ [ -82.9826889, 39.9991443 ], [ -82.982685, 39.9992454 ], [ -82.9826312, 39.9992452 ], [ -82.9826322, 39.9992338 ], [ -82.9825888, 39.9992304 ], [ -82.9825936, 39.9991419 ], [ -82.9826889, 39.9991443 ] ] ] } },
{ "type": "Feature", "properties": { "@id": "way/1230422451", "amenity": null, "building": "house", "name": null, "shop": null, "GEOID": "39049001400" }, "geometry": { "type": "Polygon", "coordinates": [ [ [ -82.9825474, 39.9991213 ], [ -82.9825439, 39.9992256 ], [ -82.9825092, 39.9992247 ], [ -82.9825093, 39.9992079 ], [ -82.9824524, 39.999206 ], [ -82.9824525, 39.9991352 ], [ -82.9824696, 39.9991355 ], [ -82.9824697, 39.9991183 ], [ -82.9825474, 39.9991213 ] ] ] } },
{ "type": "Feature", "properties": { "@id": "way/1230422452", "amenity": null, "building": "house", "name": null, "shop": null, "GEOID": "39049001400" }, "geometry": { "type": "Polygon", "coordinates": [ [ [ -82.9824405, 39.9991363 ], [ -82.9824346, 39.9992335 ], [ -82.9823343, 39.999228 ], [ -82.9823411, 39.9991327 ], [ -82.9823697, 39.9991319 ], [ -82.9823706, 39.9991164 ], [ -82.9824082, 39.9991187 ], [ -82.9824082, 39.9991349 ], [ -82.9824405, 39.9991363 ] ] ] } },
{ "type": "Feature", "properties": { "@id": "way/1230422453", "amenity": null, "building": "house", "name": null, "shop": null, "GEOID": "39049001400" }, "geometry": { "type": "Polygon", "coordinates": [ [ [ -82.9823126, 39.9992068 ], [ -82.982211, 39.999205 ], [ -82.9822177, 39.9990984 ], [ -82.9823228, 39.9991025 ], [ -82.9823126, 39.9992068 ] ] ] } },
{ "type": "Feature", "properties": { "@id": "way/1230422454", "amenity": null, "building": "house", "name": null, "shop": null, "GEOID": "39049001400" }, "geometry": { "type": "Polygon", "coordinates": [ [ [ -82.9821982, 39.9991003 ], [ -82.9821906, 39.9992019 ], [ -82.9820966, 39.9991978 ], [ -82.9821042, 39.9990961 ], [ -82.9821982, 39.9991003 ] ] ] } },
{ "type": "Feature", "properties": { "@id": "way/1230422455", "amenity": null, "building": "house", "name": null, "shop": null, "GEOID": "39049001400" }, "geometry": { "type": "Polygon", "coordinates": [ [ [ -82.9820657, 39.9991938 ], [ -82.9820303, 39.9991927 ], [ -82.98203, 39.999205 ], [ -82.9819692, 39.999204 ], [ -82.9819696, 39.9991921 ], [ -82.9819605, 39.9991924 ], [ -82.981962, 39.9991086 ], [ -82.981972, 39.9991088 ], [ -82.981974, 39.9990874 ], [ -82.9820691, 39.9990913 ], [ -82.9820657, 39.9991938 ] ] ] } },
{ "type": "Feature", "properties": { "@id": "way/1230422456", "amenity": null, "building": "house", "name": null, "shop": null, "GEOID": "39049001400" }, "geometry": { "type": "Polygon", "coordinates": [ [ [ -82.9819408, 39.9990869 ], [ -82.9819335, 39.9991943 ], [ -82.9818405, 39.9991933 ], [ -82.9818481, 39.9990843 ], [ -82.9819408, 39.9990869 ] ] ] } },
{ "type": "Feature", "properties": { "@id": "way/1230422461", "amenity": null, "building": "house", "name": null, "shop": null, "GEOID": "39049001400" }, "geometry": { "type": "Polygon", "coordinates": [ [ [ -82.9826078, 39.9995382 ], [ -82.9824834, 39.9995345 ], [ -82.9824889, 39.999464 ], [ -82.9826134, 39.9994685 ], [ -82.9826078, 39.9995382 ] ] ] } },
{ "type": "Feature", "properties": { "@id": "way/1230422462", "amenity": null, "building": "house", "name": null, "shop": null, "GEOID": "39049001400" }, "geometry": { "type": "Polygon", "coordinates": [ [ [ -82.9826047, 39.999632 ], [ -82.9824939, 39.9996283 ], [ -82.982496, 39.9995611 ], [ -82.9826099, 39.9995643 ], [ -82.9826047, 39.999632 ] ] ] } },
{ "type": "Feature", "properties": { "@id": "way/1230422463", "amenity": null, "building": "house", "name": null, "shop": null, "GEOID": "39049001400" }, "geometry": { "type": "Polygon", "coordinates": [ [ [ -82.9825841, 39.9999168 ], [ -82.9824507, 39.9999116 ], [ -82.9824541, 39.9998403 ], [ -82.9825865, 39.9998477 ], [ -82.9825841, 39.9999168 ] ] ] } },
{ "type": "Feature", "properties": { "@id": "way/1230422464", "amenity": null, "building": "house", "name": null, "shop": null, "GEOID": "39049001400" }, "geometry": { "type": "Polygon", "coordinates": [ [ [ -82.9825758, 40.0000047 ], [ -82.9824675, 40.0000004 ], [ -82.9824695, 39.9999652 ], [ -82.9824305, 39.9999627 ], [ -82.9824325, 39.9999351 ], [ -82.9825799, 39.9999395 ], [ -82.9825758, 40.0000047 ] ] ] } },
{ "type": "Feature", "properties": { "@id": "way/1230422465", "amenity": null, "building": "house", "name": null, "shop": null, "GEOID": "39049001400" }, "geometry": { "type": "Polygon", "coordinates": [ [ [ -82.9819374, 39.999982 ], [ -82.9818247, 39.9999777 ], [ -82.9818251, 39.9999712 ], [ -82.98181, 39.9999706 ], [ -82.9818135, 39.9999166 ], [ -82.9818357, 39.9999175 ], [ -82.9818361, 39.9999106 ], [ -82.9819418, 39.9999146 ], [ -82.9819374, 39.999982 ] ] ] } },
{ "type": "Feature", "properties": { "@id": "way/1230422466", "amenity": null, "building": "house", "name": null, "shop": null, "GEOID": "39049001400" }, "geometry": { "type": "Polygon", "coordinates": [ [ [ -82.9819415, 39.9998791 ], [ -82.9818348, 39.9998746 ], [ -82.9818421, 39.9997875 ], [ -82.9819463, 39.9997883 ], [ -82.9819415, 39.9998791 ] ] ] } },
{ "type": "Feature", "properties": { "@id": "way/1230422467", "amenity": null, "building": "house", "name": null, "shop": null, "GEOID": "39049001400" }, "geometry": { "type": "Polygon", "coordinates": [ [ [ -82.9819637, 39.9996983 ], [ -82.9818581, 39.9996934 ], [ -82.9818617, 39.9996275 ], [ -82.9819704, 39.9996294 ], [ -82.9819637, 39.9996983 ] ] ] } },
{ "type": "Feature", "properties": { "@id": "way/1230422468", "amenity": null, "building": "house", "name": null, "shop": null, "GEOID": "39049001400" }, "geometry": { "type": "Polygon", "coordinates": [ [ [ -82.9819694, 39.9996 ], [ -82.9818686, 39.999597 ], [ -82.9818684, 39.9995291 ], [ -82.9819713, 39.9995334 ], [ -82.9819694, 39.9996 ] ] ] } },
{ "type": "Feature", "properties": { "@id": "way/1230422469", "amenity": null, "building": "house", "name": null, "shop": null, "GEOID": "39049001400" }, "geometry": { "type": "Polygon", "coordinates": [ [ [ -82.9818716, 39.9995058 ], [ -82.9818732, 39.9994337 ], [ -82.9819794, 39.9994342 ], [ -82.9819776, 39.9994679 ], [ -82.982008, 39.9994676 ], [ -82.9820068, 39.9995083 ], [ -82.9818716, 39.9995058 ] ] ] } },
{ "type": "Feature", "properties": { "@id": "way/1230429782", "amenity": null, "building": "house", "name": null, "shop": null, "GEOID": "39049001400" }, "geometry": { "type": "Polygon", "coordinates": [ [ [ -82.9819414, 40.0001671 ], [ -82.9819443, 40.0001029 ], [ -82.9818248, 40.0000997 ], [ -82.9818219, 40.000164 ], [ -82.9819414, 40.0001671 ] ] ] } },
{ "type": "Feature", "properties": { "@id": "way/1230429784", "amenity": null, "building": "house", "name": null, "shop": null, "GEOID": "39049001400" }, "geometry": { "type": "Polygon", "coordinates": [ [ [ -82.982433, 40.0001904 ], [ -82.9825604, 40.0001957 ], [ -82.9825624, 40.0001688 ], [ -82.9825969, 40.0001702 ], [ -82.9826003, 40.0001223 ], [ -82.9824383, 40.0001156 ], [ -82.982433, 40.0001904 ] ] ] } },
{ "type": "Feature", "properties": { "@id": "way/1262909586", "amenity": null, "building": "house", "name": null, "shop": null, "GEOID": "39049001902" }, "geometry": { "type": "Polygon", "coordinates": [ [ [ -83.0426648, 39.9903897 ], [ -83.0427129, 39.9903928 ], [ -83.0427207, 39.9903054 ], [ -83.0426697, 39.9903032 ], [ -83.0426648, 39.9903897 ] ] ] } },
{ "type": "Feature", "properties": { "@id": "way/1262909587", "amenity": null, "building": "house", "name": null, "shop": null, "GEOID": "39049001902" }, "geometry": { "type": "Polygon", "coordinates": [ [ [ -83.0427129, 39.9903928 ], [ -83.0427748, 39.9903953 ], [ -83.042782, 39.9903091 ], [ -83.0427207, 39.9903054 ], [ -83.0427129, 39.9903928 ] ] ] } },
{ "type": "Feature", "properties": { "@id": "way/1262909588", "amenity": null, "building": "house", "name": null, "shop": null, "GEOID": "39049001902" }, "geometry": { "type": "Polygon", "coordinates": [ [ [ -83.0427748, 39.9903953 ], [ -83.0428486, 39.9903989 ], [ -83.0428559, 39.9903128 ], [ -83.042782, 39.9903091 ], [ -83.0427748, 39.9903953 ] ] ] } },
{ "type": "Feature", "properties": { "@id": "way/1262909589", "amenity": null, "building": "house", "name": null, "shop": null, "GEOID": "39049001902" }, "geometry": { "type": "Polygon", "coordinates": [ [ [ -83.0428486, 39.9903989 ], [ -83.0429076, 39.9904012 ], [ -83.0429127, 39.9903162 ], [ -83.0428559, 39.9903128 ], [ -83.0428486, 39.9903989 ] ] ] } },
{ "type": "Feature", "properties": { "@id": "way/1266933390", "amenity": null, "building": "house", "name": null, "shop": null, "GEOID": "39049001110" }, "geometry": { "type": "Polygon", "coordinates": [ [ [ -83.0105217, 40.007003 ], [ -83.0105307, 40.0068731 ], [ -83.0105576, 40.0068742 ], [ -83.0105596, 40.0068462 ], [ -83.0105798, 40.006847 ], [ -83.0106093, 40.0068482 ], [ -83.0106073, 40.0068763 ], [ -83.0106275, 40.0068771 ], [ -83.0106186, 40.0070069 ], [ -83.0105217, 40.007003 ] ] ] } },
{ "type": "Feature", "properties": { "@id": "way/1266933391", "amenity": null, "building": "house", "name": null, "shop": null, "GEOID": "39049001110" }, "geometry": { "type": "Polygon", "coordinates": [ [ [ -83.0104899, 40.0070111 ], [ -83.0104995, 40.0068599 ], [ -83.010482, 40.0068593 ], [ -83.0104606, 40.0068585 ], [ -83.0104599, 40.0068698 ], [ -83.0104299, 40.0068686 ], [ -83.0104308, 40.0068547 ], [ -83.0104042, 40.0068537 ], [ -83.0103916, 40.0068532 ], [ -83.0103818, 40.0070071 ], [ -83.0103882, 40.0070073 ], [ -83.0104899, 40.0070111 ] ] ] } }
]
}
