{
"type": "FeatureCollection",
"crs": { "type": "name", "properties": { "name": "urn:ogc:def:crs:EPSG::4269" } },
"features": [
{ "type": "Feature", "properties": { "@id": "way/231976895", "amenity": null, "building": "residential", "name": "Park-Stradley Hall", "GEOID": "39049001121" }, "geometry": { "type": "Polygon", "coordinates": [ [ [ -83.0110805, 39.9961156 ], [ -83.010937, 39.9961316 ], [ -83.0108976, 39.9959345 ], [ -83.0108197, 39.9959436 ], [ -83.0108089, 39.9958895 ], [ -83.0106784, 39.9959048 ], [ -83.0106862, 39.995944 ], [ -83.0106428, 39.9959491 ], [ -83.0105994, 39.9959542 ], [ -83.0105913, 39.9959133 ], [ -83.0105351, 39.9959199 ], [ -83.0105706, 39.996098 ], [ -83.0104459, 39.9961125 ], [ -83.0104011, 39.9958878 ], [ -83.0103418, 39.9958947 ], [ -83.0103209, 39.9957902 ], [ -83.0103173, 39.9957716 ], [ -83.0102846, 39.9956076 ], [ -83.0103428, 39.9956008 ], [ -83.010337, 39.9955716 ], [ -83.0104625, 39.995557 ], [ -83.0105017, 39.9957546 ], [ -83.0105922, 39.9957441 ], [ -83.0106022, 39.9957946 ], [ -83.0106438, 39.9957897 ], [ -83.0106364, 39.9957525 ], [ -83.0106767, 39.9957478 ], [ -83.010784, 39.9957353 ], [ -83.0107884, 39.9957577 ], [ -83.0107315, 39.9957644 ], [ -83.0107348, 39.9957806 ], [ -83.0108621, 39.9957657 ], [ -83.0108277, 39.9955927 ], [ -83.0109748, 39.9955755 ], [ -83.01098, 39.9956016 ], [ -83.0110279, 39.995596 ], [ -83.0110612, 39.9957629 ], [ -83.0110669, 39.9957913 ], [ -83.0110867, 39.9958905 ], [ -83.0110378, 39.9958962 ], [ -83.0110805, 39.9961156 ] ] ] } },
{ "type": "Feature", "properties": { "@id": "way/232073662", "amenity": null, "building": "residential", "name": "Phi Gamma Delta Fraternity", "GEOID": "39049001300" }, "geometry": { "type": "Polygon", "coordinates": [ [ [ -83.0054336, 40.0002851 ], [ -83.0054393, 40.0001156 ], [ -83.0052793, 40.0001106 ], [ -83.0052715, 40.0002106 ], [ -83.0053031, 40.0002109 ], [ -83.0052988, 40.0002804 ], [ -83.0054336, 40.0002851 ] ] ] } },
{ "type": "Feature", "properties": { "@id": "way/232073663", "amenity": null, "building": "residential", "name": null, "GEOID": "39049001300" }, "geometry": { "type": "Polygon", "coordinates": [ [ [ -83.0045964, 40.0003019 ], [ -83.0045986, 40.0002684 ], [ -83.0046125, 40.0002659 ], [ -83.00462, 40.0001543 ], [ -83.0046031, 40.0001519 ], [ -83.004608, 40.0001184 ], [ -83.0045978, 40.0001139 ], [ -83.0046005, 40.0000882 ], [ -83.004512, 40.0000831 ], [ -83.0045093, 40.0001026 ], [ -83.0044999, 40.0001026 ], [ -83.0044945, 40.0001457 ], [ -83.0044771, 40.0001447 ], [ -83.0044704, 40.0002608 ], [ -83.0044873, 40.0002632 ], [ -83.0044878, 40.0002978 ], [ -83.0045964, 40.0003019 ] ] ] } },
{ "type": "Feature", "properties": { "@id": "way/326171259", "amenity": null, "building": "residential", "name": null, "GEOID": "39049001121" }, "geometry": { "type": "Polygon", "coordinates": [ [ [ -83.009996, 39.9944744 ], [ -83.0100078, 39.9943423 ], [ -83.0098027, 39.9943315 ], [ -83.0097909, 39.9944636 ], [ -83.009996, 39.9944744 ] ] ] } },
{ "type": "Feature", "properties": { "@id": "way/326171260", "amenity": null, "building": "residential", "name": null, "GEOID": "39049001121" }, "geometry": { "type": "Polygon", "coordinates": [ [ [ -83.009773, 39.9946491 ], [ -83.0097862, 39.9944831 ], [ -83.0099605, 39.9944913 ], [ -83.0099473, 39.9946573 ], [ -83.009773, 39.9946491 ] ] ] } },
{ "type": "Feature", "properties": { "@id": "way/326171331", "amenity": null, "building": "residential", "name": null, "GEOID": "39049001121" }, "geometry": { "type": "Polygon", "coordinates": [ [ [ -83.0106784, 39.9946084 ], [ -83.0106901, 39.9943638 ], [ -83.0107975, 39.9943668 ], [ -83.0107859, 39.9946114 ], [ -83.0106784, 39.9946084 ] ] ] } },
{ "type": "Feature", "properties": { "@id": "way/326231104", "amenity": null, "building": "residential", "name": "Delta Tau Delta Fraternity", "GEOID": "39049001300" }, "geometry": { "type": "Polygon", "coordinates": [ [ [ -83.0060529, 39.9997351 ], [ -83.0060606, 39.9996384 ], [ -83.0060861, 39.9996348 ], [ -83.0061008, 39.9994533 ], [ -83.0063029, 39.9994629 ], [ -83.0062879, 39.999648 ], [ -83.0063152, 39.9996493 ], [ -83.0063071, 39.9997495 ], [ -83.0062554, 39.999747 ], [ -83.006254, 39.9997653 ], [ -83.0061319, 39.9997596 ], [ -83.0061336, 39.9997389 ], [ -83.0060529, 39.9997351 ] ] ] } },
{ "type": "Feature", "properties": { "@id": "way/373549897", "amenity": null, "building": "residential", "name": null, "GEOID": "39049001810" }, "geometry": { "type": "Polygon", "coordinates": [ [ [ -83.0145566, 39.9929087 ], [ -83.0145668, 39.9929638 ], [ -83.014473, 39.992974 ], [ -83.0144741, 39.9929803 ], [ -83.0145847, 39.9929683 ], [ -83.014592, 39.9930076 ], [ -83.0145752, 39.9930095 ], [ -83.0145824, 39.9930483 ], [ -83.0144344, 39.9930644 ], [ -83.0144331, 39.9930576 ], [ -83.0144196, 39.9930591 ], [ -83.014392, 39.9929101 ], [ -83.0144056, 39.9929086 ], [ -83.0144002, 39.9928798 ], [ -83.0145635, 39.992862 ], [ -83.0145718, 39.992907 ], [ -83.0145566, 39.9929087 ] ] ] } },
{ "type": "Feature", "properties": { "@id": "way/378174784", "amenity": null, "building": "residential", "name": "Pi Kappa Phi", "GEOID": "39049001300" }, "geometry": { "type": "Polygon", "coordinates": [ [ [ -83.0025723, 40.000173 ], [ -83.0025753, 40.0001248 ], [ -83.0026699, 40.0001282 ], [ -83.0026783, 39.9999905 ], [ -83.0023948, 39.9999803 ], [ -83.002387, 40.0001064 ], [ -83.0024355, 40.0001082 ], [ -83.0024319, 40.000168 ], [ -83.0025723, 40.000173 ] ] ] } },
{ "type": "Feature", "properties": { "@id": "way/423714008", "amenity": null, "building": "residential", "name": "Arena District Lofts", "GEOID": "39049003000" }, "geometry": { "type": "Polygon", "coordinates": [ [ [ -83.0034191, 39.9664273 ], [ -83.0034131, 39.9664281 ], [ -83.0034693, 39.9666848 ], [ -83.0040744, 39.966607 ], [ -83.0040183, 39.9663503 ], [ -83.0037142, 39.9663894 ], [ -83.0034191, 39.9664273 ] ] ] } },
{ "type": "Feature", "properties": { "@id": "way/451355043", "amenity": null, "building": "residential", "name": "The Condominiums at North Bank Park", "GEOID": "39049003200" }, "geometry": { "type": "Polygon", "coordinates": [ [ [ -83.0099436, 39.966026 ], [ -83.0099456, 39.9660161 ], [ -83.00995, 39.9660055 ], [ -83.0099597, 39.9659924 ], [ -83.0099755, 39.9659804 ], [ -83.0099922, 39.9659732 ], [ -83.0100088, 39.9659688 ], [ -83.0100266, 39.9659663 ], [ -83.0100399, 39.9659662 ], [ -83.0100533, 39.9659804 ], [ -83.0100843, 39.9659769 ], [ -83.0101205, 39.965975 ], [ -83.0101323, 39.9659654 ], [ -83.0102277, 39.9659692 ], [ -83.0102383, 39.9659783 ], [ -83.0102742, 39.9659824 ], [ -83.0103154, 39.9659899 ], [ -83.0103281, 39.9659806 ], [ -83.0103746, 39.9659824 ], [ -83.0103702, 39.9660477 ], [ -83.0103561, 39.9660472 ], [ -83.0103432, 39.9662383 ], [ -83.0103587, 39.9662389 ], [ -83.0103556, 39.9662841 ], [ -83.0103477, 39.9662838 ], [ -83.0099375, 39.9662674 ], [ -83.0099246, 39.9662669 ], [ -83.0099276, 39.9662223 ], [ -83.0099405, 39.9662227 ], [ -83.0099527, 39.9660436 ], [ -83.0099376, 39.966043 ], [ -83.0099388, 39.9660258 ], [ -83.0099436, 39.966026 ] ] ] } },
{ "type": "Feature", "properties": { "@id": "way/533070365", "amenity": null, "building": "residential", "name": "Delta Zeta Sorority", "GEOID": "39049001300" }, "geometry": { "type": "Polygon", "coordinates": [ [ [ -83.0022975, 40.0002503 ], [ -83.0021591, 40.000244 ], [ -83.0021637, 40.0001852 ], [ -83.0021248, 40.0001835 ], [ -83.0021318, 40.0000922 ], [ -83.0020989, 40.0000907 ], [ -83.0021084, 39.9999682 ], [ -83.0023186, 39.9999778 ], [ -83.0022975, 40.0002503 ] ] ] } },
{ "type": "Feature", "properties": { "@id": "way/533070452", "amenity": null, "building": "residential", "name": "Alpha Phi Sorority", "GEOID": "39049001300" }, "geometry": { "type": "Polygon", "coordinates": [ [ [ -83.0044377, 40.0003078 ], [ -83.0042903, 40.0003001 ], [ -83.0042945, 40.0002475 ], [ -83.0042101, 40.0002442 ], [ -83.0042173, 40.0000885 ], [ -83.0044491, 40.0000973 ], [ -83.0044377, 40.0003078 ] ] ] } },
{ "type": "Feature", "properties": { "@id": "way/533070509", "amenity": null, "building": "residential", "name": "Delta Gamma Sorority", "GEOID": "39049001300" }, "geometry": { "type": "Polygon", "coordinates": [ [ [ -83.0045323, 39.9996687 ], [ -83.0045392, 39.9995795 ], [ -83.0045617, 39.9995805 ], [ -83.0045671, 39.9995108 ], [ -83.0044464, 39.9995053 ], [ -83.0044492, 39.9994692 ], [ -83.0043253, 39.9994636 ], [ -83.0043185, 39.9995513 ], [ -83.0042937, 39.9995502 ], [ -83.0042854, 39.9996575 ], [ -83.0045323, 39.9996687 ] ] ] } },
{ "type": "Feature", "properties": { "@id": "way/533071154", "amenity": null, "building": "residential", "name": "Kappa Delta Sorority", "GEOID": "39049001300" }, "geometry": { "type": "Polygon", "coordinates": [ [ [ -83.0049118, 40.0003732 ], [ -83.004783, 40.0003721 ], [ -83.0047816, 40.0003538 ], [ -83.0047046, 40.0003477 ], [ -83.0047152, 40.000249 ], [ -83.0046993, 40.000247 ], [ -83.0047006, 40.0002134 ], [ -83.0046838, 40.0001994 ], [ -83.0046883, 40.0001609 ], [ -83.0046487, 40.0001553 ], [ -83.0046532, 40.0001063 ], [ -83.004876, 40.000114 ], [ -83.0048794, 40.0001309 ], [ -83.004904, 40.0001315 ], [ -83.0048975, 40.0001933 ], [ -83.0049242, 40.000197 ], [ -83.0049118, 40.0003732 ] ] ] } },
{ "type": "Feature", "properties": { "@id": "way/533071203", "amenity": null, "building": "residential", "name": null, "GEOID": "39049001300" }, "geometry": { "type": "Polygon", "coordinates": [ [ [ -83.0055762, 39.9997461 ], [ -83.005594, 39.9995124 ], [ -83.0055368, 39.9995098 ], [ -83.0055336, 39.9995525 ], [ -83.005404, 39.9995467 ], [ -83.0054014, 39.9995809 ], [ -83.0053577, 39.9995789 ], [ -83.0053457, 39.9997358 ], [ -83.0055762, 39.9997461 ] ] ] } },
{ "type": "Feature", "properties": { "@id": "way/533071213", "amenity": null, "building": "residential", "name": "Alpha Epilson Pi Fraternity", "GEOID": "39049001300" }, "geometry": { "type": "Polygon", "coordinates": [ [ [ -83.0059743, 39.9997311 ], [ -83.0058403, 39.9997229 ], [ -83.0058521, 39.9994985 ], [ -83.005992, 39.9995031 ], [ -83.0059743, 39.9997311 ] ] ] } },
{ "type": "Feature", "properties": { "@id": "way/533071218", "amenity": null, "building": "residential", "name": "Pi Beta Phi Sorority", "GEOID": "39049001300" }, "geometry": { "type": "Polygon", "coordinates": [ [ [ -83.0041748, 40.0006079 ], [ -83.0041823, 40.0004882 ], [ -83.0040706, 40.0004796 ], [ -83.0040718, 40.0004558 ], [ -83.0041239, 40.0004587 ], [ -83.0041314, 40.0002268 ], [ -83.0039713, 40.0002249 ], [ -83.0039664, 40.0003076 ], [ -83.0039328, 40.0003076 ], [ -83.0039217, 40.0004435 ], [ -83.0039552, 40.0004454 ], [ -83.0039453, 40.0005918 ], [ -83.0041748, 40.0006079 ] ] ] } },
{ "type": "Feature", "properties": { "@id": "way/533071257", "amenity": null, "building": "residential", "name": "Delta Delta Delta Sorority", "GEOID": "39049001300" }, "geometry": { "type": "Polygon", "coordinates": [ [ [ -83.0016815, 39.9995655 ], [ -83.0016913, 39.9993564 ], [ -83.0014864, 39.9993508 ], [ -83.0014855, 39.999371 ], [ -83.0014077, 39.9993689 ], [ -83.0013989, 39.9995578 ], [ -83.0016815, 39.9995655 ] ] ] } },
{ "type": "Feature", "properties": { "@id": "way/533071305", "amenity": null, "building": "residential", "name": "Delta Chi Fraternity", "GEOID": "39049001300" }, "geometry": { "type": "Polygon", "coordinates": [ [ [ -83.0027144, 39.9995926 ], [ -83.0027165, 39.9995692 ], [ -83.0028912, 39.9995782 ], [ -83.0029, 39.9994774 ], [ -83.0027289, 39.9994686 ], [ -83.0027358, 39.9993905 ], [ -83.0025986, 39.9993835 ], [ -83.0025808, 39.9995857 ], [ -83.0027144, 39.9995926 ] ] ] } },
{ "type": "Feature", "properties": { "@id": "way/533071457", "amenity": null, "building": "residential", "name": "Alpha Gamma Delta Sorority", "GEOID": "39049001300" }, "geometry": { "type": "Polygon", "coordinates": [ [ [ -83.0034982, 40.0002069 ], [ -83.0032117, 40.0001929 ], [ -83.0032223, 40.0000645 ], [ -83.0033888, 40.0000726 ], [ -83.0033911, 40.0000457 ], [ -83.00347, 40.0000496 ], [ -83.0034683, 40.0000695 ], [ -83.0034857, 40.0000703 ], [ -83.003483, 40.0001025 ], [ -83.0035067, 40.0001036 ], [ -83.0034982, 40.0002069 ] ] ] } },
{ "type": "Feature", "properties": { "@id": "way/533071468", "amenity": null, "building": "residential", "name": "Alpha Omicron Pi Sorority", "GEOID": "39049001300" }, "geometry": { "type": "Polygon", "coordinates": [ [ [ -83.0015971, 40.0001802 ], [ -83.001315, 40.0001678 ], [ -83.0013288, 39.9999853 ], [ -83.0013658, 39.9999906 ], [ -83.0013658, 39.9999534 ], [ -83.0016109, 39.9999641 ], [ -83.0015971, 40.0001802 ] ] ] } },
{ "type": "Feature", "properties": { "@id": "way/533071469", "amenity": null, "building": "residential", "name": "Phi Kappa Theta Fraternity", "GEOID": "39049001300" }, "geometry": { "type": "Polygon", "coordinates": [ [ [ -83.0019948, 39.9995425 ], [ -83.0017335, 39.9995318 ], [ -83.0017428, 39.9993387 ], [ -83.0020017, 39.9993494 ], [ -83.0019948, 39.9995425 ] ] ] } },
{ "type": "Feature", "properties": { "@id": "way/533071905", "amenity": null, "building": "residential", "name": "Chi Omega Sorority", "GEOID": "39049001300" }, "geometry": { "type": "Polygon", "coordinates": [ [ [ -83.0036034, 39.9991897 ], [ -83.0036278, 39.9988795 ], [ -83.0033682, 39.9988675 ], [ -83.0033595, 39.998978 ], [ -83.0034744, 39.9989833 ], [ -83.0034587, 39.9991831 ], [ -83.0036034, 39.9991897 ] ] ] } },
{ "type": "Feature", "properties": { "@id": "way/533071997", "amenity": null, "building": "residential", "name": "Alpha Gamma Sigma Chi Fraternity", "GEOID": "39049001300" }, "geometry": { "type": "Polygon", "coordinates": [ [ [ -83.0009127, 40.000115 ], [ -83.0009244, 39.9999087 ], [ -83.0007316, 39.9998998 ], [ -83.0007339, 39.9999656 ], [ -83.0007688, 39.9999674 ], [ -83.0007525, 40.0001044 ], [ -83.0008268, 40.0001061 ], [ -83.0008245, 40.0001346 ], [ -83.0008849, 40.0001417 ], [ -83.0008849, 40.0001133 ], [ -83.0009127, 40.000115 ] ] ] } },
{ "type": "Feature", "properties": { "@id": "way/533072160", "amenity": null, "building": "residential", "name": "Phi Kappa Tau Fraternity", "GEOID": "39049001300" }, "geometry": { "type": "Polygon", "coordinates": [ [ [ -83.0041481, 39.9996814 ], [ -83.0041499, 39.9996533 ], [ -83.0041801, 39.9996545 ], [ -83.0041925, 39.999469 ], [ -83.0040469, 39.9994633 ], [ -83.0040397, 39.9995701 ], [ -83.0039976, 39.9995684 ], [ -83.0039932, 39.9996339 ], [ -83.0040188, 39.9996349 ], [ -83.004016, 39.9996762 ], [ -83.0041481, 39.9996814 ] ] ] } },
{ "type": "Feature", "properties": { "@id": "way/569503027", "amenity": null, "building": "residential", "name": "Alpha Xi Delta Sorority", "GEOID": "39049001300" }, "geometry": { "type": "Polygon", "coordinates": [ [ [ -83.0059184, 40.000318 ], [ -83.0058821, 40.0003157 ], [ -83.0058707, 40.0004196 ], [ -83.0057742, 40.0004134 ], [ -83.0058015, 40.0001643 ], [ -83.0059343, 40.0001728 ], [ -83.0059184, 40.000318 ] ] ] } },
{ "type": "Feature", "properties": { "@id": "way/569503030", "amenity": null, "building": "residential", "name": "Zeta Tau Alpha Sorority", "GEOID": "39049001300" }, "geometry": { "type": "Polygon", "coordinates": [ [ [ -83.0057377, 40.0002325 ], [ -83.005741, 40.0001396 ], [ -83.0055182, 40.000135 ], [ -83.0055106, 40.000349 ], [ -83.0056301, 40.0003515 ], [ -83.0056345, 40.0002303 ], [ -83.0057377, 40.0002325 ] ] ] } },
{ "type": "Feature", "properties": { "@id": "way/569503480", "amenity": null, "building": "residential", "name": "Beta Theta Pi Fraternity", "GEOID": "39049001300" }, "geometry": { "type": "Polygon", "coordinates": [ [ [ -83.0035683, 39.9996197 ], [ -83.0034323, 39.9996135 ], [ -83.0034274, 39.9996782 ], [ -83.0032827, 39.9996716 ], [ -83.0032872, 39.9996135 ], [ -83.0031441, 39.999607 ], [ -83.0031505, 39.9995238 ], [ -83.0031934, 39.9995257 ], [ -83.0031979, 39.9994679 ], [ -83.0035787, 39.9994852 ], [ -83.0035683, 39.9996197 ] ] ] } },
{ "type": "Feature", "properties": { "@id": "way/569505601", "amenity": null, "building": "residential", "name": "Kappa Sigma", "GEOID": "39049001300" }, "geometry": { "type": "Polygon", "coordinates": [ [ [ -83.0026819, 40.0004071 ], [ -83.0026291, 40.0004048 ], [ -83.0026232, 40.0004848 ], [ -83.0024142, 40.0004758 ], [ -83.0024234, 40.0003516 ], [ -83.0024874, 40.0003544 ], [ -83.0024912, 40.000304 ], [ -83.0023761, 40.000299 ], [ -83.0023806, 40.0002377 ], [ -83.0024874, 40.0002423 ], [ -83.0024887, 40.0002243 ], [ -83.0025981, 40.000229 ], [ -83.0025925, 40.0003048 ], [ -83.0026892, 40.0003089 ], [ -83.0026819, 40.0004071 ] ] ] } },
{ "type": "Feature", "properties": { "@id": "way/569505605", "amenity": null, "building": "residential", "name": "Delta Zeta Sorority", "GEOID": "39049001300" }, "geometry": { "type": "Polygon", "coordinates": [ [ [ -83.0020814, 40.0000746 ], [ -83.0019991, 40.0000703 ], [ -83.001997, 40.0000944 ], [ -83.0019337, 40.0000912 ], [ -83.0019448, 39.9999642 ], [ -83.0020904, 39.9999716 ], [ -83.0020814, 40.0000746 ] ] ] } },
{ "type": "Feature", "properties": { "@id": "way/569505608", "amenity": null, "building": "residential", "name": "Evans Scholars", "GEOID": "39049001300" }, "geometry": { "type": "Polygon", "coordinates": [ [ [ -83.0050888, 40.0009198 ], [ -83.004789, 40.0009057 ], [ -83.0045902, 40.0009424 ], [ -83.0045326, 40.0007589 ], [ -83.0046729, 40.0007331 ], [ -83.0046783, 40.0007504 ], [ -83.00476, 40.0007354 ], [ -83.0051023, 40.0007515 ], [ -83.0050888, 40.0009198 ] ] ] } },
{ "type": "Feature", "properties": { "@id": "way/569505611", "amenity": null, "building": "residential", "name": "Kappa Alpha Theta", "GEOID": "39049001300" }, "geometry": { "type": "Polygon", "coordinates": [ [ [ -83.0043618, 40.0008558 ], [ -83.0043533, 40.0009608 ], [ -83.0039347, 40.0009409 ], [ -83.0039543, 40.0006989 ], [ -83.004239, 40.0007125 ], [ -83.0042279, 40.0008494 ], [ -83.0043618, 40.0008558 ] ] ] } },
{ "type": "Feature", "properties": { "@id": "way/569505990", "amenity": null, "building": "residential", "name": null, "GEOID": "39049001200" }, "geometry": { "type": "Polygon", "coordinates": [ [ [ -83.0047229, 40.002456 ], [ -83.0044746, 40.0026518 ], [ -83.0045048, 40.0026742 ], [ -83.0044579, 40.0027112 ], [ -83.0044413, 40.0026988 ], [ -83.0043907, 40.0027387 ], [ -83.0042063, 40.0026014 ], [ -83.0042794, 40.0025437 ], [ -83.0043909, 40.0026267 ], [ -83.0045778, 40.0024794 ], [ -83.0045432, 40.0024537 ], [ -83.0046289, 40.0023861 ], [ -83.0047229, 40.002456 ] ] ] } },
{ "type": "Feature", "properties": { "@id": "way/569505992", "amenity": null, "building": "residential", "name": "Phi Delta Theta", "GEOID": "39049001200" }, "geometry": { "type": "Polygon", "coordinates": [ [ [ -83.0057511, 40.0020409 ], [ -83.0055698, 40.0021057 ], [ -83.005403, 40.0018501 ], [ -83.0055142, 40.0017964 ], [ -83.0056568, 40.0019686 ], [ -83.0056955, 40.0019538 ], [ -83.0057511, 40.0020409 ] ] ] } },
{ "type": "Feature", "properties": { "@id": "way/670813212", "amenity": null, "building": "residential", "name": null, "GEOID": "39049001000" }, "geometry": { "type": "Polygon", "coordinates": [ [ [ -83.0070075, 40.0070682 ], [ -83.006879, 40.0070625 ], [ -83.0068955, 40.0068456 ], [ -83.0070239, 40.0068513 ], [ -83.0070075, 40.0070682 ] ] ] } },
{ "type": "Feature", "properties": { "@id": "way/717319707", "amenity": null, "building": "residential", "name": "Maloof Insurace Agency", "GEOID": "39049001000" }, "geometry": { "type": "Polygon", "coordinates": [ [ [ -83.0100997, 40.0104977 ], [ -83.009925, 40.0105282 ], [ -83.0099014, 40.0104492 ], [ -83.0100761, 40.0104186 ], [ -83.0100997, 40.0104977 ] ] ] } },
{ "type": "Feature", "properties": { "@id": "way/773824353", "amenity": null, "building": "residential", "name": null, "GEOID": "39049003200" }, "geometry": { "type": "Polygon", "coordinates": [ [ [ -83.0095977, 39.9772152 ], [ -83.0096057, 39.9770988 ], [ -83.0097014, 39.9771027 ], [ -83.0096934, 39.977219 ], [ -83.0096355, 39.9772167 ], [ -83.0095977, 39.9772152 ] ] ] } },
{ "type": "Feature", "properties": { "@id": "way/777207782", "amenity": null, "building": "residential", "name": null, "GEOID": "39049001300" }, "geometry": { "type": "Polygon", "coordinates": [ [ [ -83.004224, 39.9962854 ], [ -83.0042295, 39.9962015 ], [ -83.004097, 39.9961965 ], [ -83.004092, 39.9962738 ], [ -83.0041104, 39.9962745 ], [ -83.00411, 39.9962811 ], [ -83.004224, 39.9962854 ] ] ] } },
{ "type": "Feature", "properties": { "@id": "way/829247194", "amenity": null, "building": "residential", "name": null, "GEOID": "39049002520" }, "geometry": { "type": "Polygon", "coordinates": [ [ [ -82.9565002, 39.9733362 ], [ -82.9565049, 39.9732937 ], [ -82.9564704, 39.9732915 ], [ -82.9564759, 39.9732409 ], [ -82.9564245, 39.9732376 ], [ -82.9564309, 39.9731793 ], [ -82.9565029, 39.973184 ], [ -82.9565061, 39.9731546 ], [ -82.9565216, 39.9731556 ], [ -82.9565261, 39.9731143 ], [ -82.9565855, 39.9731181 ], [ -82.9565812, 39.9731578 ], [ -82.9566084, 39.9731596 ], [ -82.956603, 39.9732086 ], [ -82.9565947, 39.9732081 ], [ -82.9565903, 39.9732481 ], [ -82.9565999, 39.9732487 ], [ -82.9565947, 39.9732967 ], [ -82.9565664, 39.9732949 ], [ -82.9565615, 39.9733401 ], [ -82.9565002, 39.9733362 ] ] ] } },
{ "type": "Feature", "properties": { "@id": "way/829247196", "amenity": null, "building": "residential", "name": null, "GEOID": "39049002520" }, "geometry": { "type": "Polygon", "coordinates": [ [ [ -82.9574182, 39.9730923 ], [ -82.9574179, 39.9731108 ], [ -82.9574891, 39.9731138 ], [ -82.9574827, 39.9731967 ], [ -82.9574084, 39.9731932 ], [ -82.9574065, 39.9732184 ], [ -82.9572531, 39.973213 ], [ -82.9572539, 39.973202 ], [ -82.9572273, 39.9732006 ], [ -82.9572292, 39.973167 ], [ -82.9572239, 39.973167 ], [ -82.9572261, 39.9731194 ], [ -82.9572314, 39.9731201 ], [ -82.9572342, 39.9730904 ], [ -82.9572621, 39.973092 ], [ -82.9572628, 39.9730839 ], [ -82.957335, 39.973089 ], [ -82.9573513, 39.9730775 ], [ -82.9573921, 39.9730788 ], [ -82.9574077, 39.9730916 ], [ -82.9574182, 39.9730923 ] ] ] } },
{ "type": "Feature", "properties": { "@id": "way/829247201", "amenity": null, "building": "residential", "name": null, "GEOID": "39049002520" }, "geometry": { "type": "Polygon", "coordinates": [ [ [ -82.9590957, 39.9717393 ], [ -82.9590888, 39.9718235 ], [ -82.9588915, 39.971814 ], [ -82.9588984, 39.9717298 ], [ -82.9590957, 39.9717393 ] ] ] } },
{ "type": "Feature", "properties": { "@id": "way/829247204", "amenity": null, "building": "residential", "name": null, "GEOID": "39049002520" }, "geometry": { "type": "Polygon", "coordinates": [ [ [ -82.959941, 39.9713606 ], [ -82.9599284, 39.9715086 ], [ -82.9599224, 39.9715083 ], [ -82.9599207, 39.9715277 ], [ -82.9598797, 39.9715256 ], [ -82.9598812, 39.9715083 ], [ -82.959852, 39.9715068 ], [ -82.9598505, 39.9715244 ], [ -82.9598158, 39.9715227 ], [ -82.9598174, 39.9715034 ], [ -82.9598056, 39.9715028 ], [ -82.9598183, 39.9713545 ], [ -82.959941, 39.9713606 ] ] ] } },
{ "type": "Feature", "properties": { "@id": "way/829247205", "amenity": null, "building": "residential", "name": null, "GEOID": "39049002520" }, "geometry": { "type": "Polygon", "coordinates": [ [ [ -82.9602105, 39.9715358 ], [ -82.9602139, 39.9714936 ], [ -82.960171, 39.9714916 ], [ -82.9601801, 39.9713773 ], [ -82.9602787, 39.9713819 ], [ -82.9602662, 39.9715384 ], [ -82.9602105, 39.9715358 ] ] ] } },
{ "type": "Feature", "properties": { "@id": "way/829247208", "amenity": null, "building": "residential", "name": null, "GEOID": "39049002520" }, "geometry": { "type": "Polygon", "coordinates": [ [ [ -82.9607052, 39.9713994 ], [ -82.9606904, 39.9715782 ], [ -82.960584, 39.971573 ], [ -82.9605988, 39.9713943 ], [ -82.9607052, 39.9713994 ] ] ] } },
{ "type": "Feature", "properties": { "@id": "way/829247209", "amenity": null, "building": "residential", "name": null, "GEOID": "39049002520" }, "geometry": { "type": "Polygon", "coordinates": [ [ [ -82.9608432, 39.9714113 ], [ -82.9608294, 39.9715832 ], [ -82.9608019, 39.9715819 ], [ -82.9608031, 39.9715673 ], [ -82.9607581, 39.9715652 ], [ -82.9607569, 39.9715798 ], [ -82.960729, 39.9715785 ], [ -82.9607428, 39.9714065 ], [ -82.9608432, 39.9714113 ] ] ] } },
{ "type": "Feature", "properties": { "@id": "way/829247210", "amenity": null, "building": "residential", "name": null, "GEOID": "39049002520" }, "geometry": { "type": "Polygon", "coordinates": [ [ [ -82.9605755, 39.9713967 ], [ -82.9605653, 39.9715308 ], [ -82.9604642, 39.9715263 ], [ -82.9604744, 39.9713922 ], [ -82.9605755, 39.9713967 ] ] ] } },
{ "type": "Feature", "properties": { "@id": "way/829247212", "amenity": null, "building": "residential", "name": null, "GEOID": "39049002520" }, "geometry": { "type": "Polygon", "coordinates": [ [ [ -82.9611212, 39.9714288 ], [ -82.9611108, 39.9715574 ], [ -82.9610303, 39.9715535 ], [ -82.9610321, 39.9715313 ], [ -82.9610186, 39.9715307 ], [ -82.9610273, 39.9714243 ], [ -82.9611212, 39.9714288 ] ] ] } },
{ "type": "Feature", "properties": { "@id": "way/829247213", "amenity": null, "building": "residential", "name": null, "GEOID": "39049002800" }, "geometry": { "type": "Polygon", "coordinates": [ [ [ -82.9614573, 39.971895 ], [ -82.9614606, 39.9718603 ], [ -82.9614858, 39.9718617 ], [ -82.9614865, 39.9718546 ], [ -82.961462, 39.9718532 ], [ -82.9614655, 39.9718161 ], [ -82.9614901, 39.9718175 ], [ -82.9614915, 39.9718022 ], [ -82.9614633, 39.9718006 ], [ -82.961467, 39.9717621 ], [ -82.9616559, 39.9717728 ], [ -82.9616484, 39.9718505 ], [ -82.9616062, 39.9718481 ], [ -82.9616046, 39.971864 ], [ -82.9616476, 39.9718664 ], [ -82.9616438, 39.9719056 ], [ -82.9614573, 39.971895 ] ] ] } },
{ "type": "Feature", "properties": { "@id": "way/829247214", "amenity": null, "building": "residential", "name": null, "GEOID": "39049002800" }, "geometry": { "type": "Polygon", "coordinates": [ [ [ -82.9614746, 39.9720284 ], [ -82.9614816, 39.9719445 ], [ -82.961642, 39.9719524 ], [ -82.9616401, 39.9719747 ], [ -82.9616564, 39.9719755 ], [ -82.9616534, 39.9720121 ], [ -82.9616371, 39.9720113 ], [ -82.961635, 39.9720363 ], [ -82.9614746, 39.9720284 ] ] ] } },
{ "type": "Feature", "properties": { "@id": "way/829247215", "amenity": null, "building": "residential", "name": null, "GEOID": "39049002520" }, "geometry": { "type": "Polygon", "coordinates": [ [ [ -82.9610953, 39.972096 ], [ -82.9611044, 39.9719828 ], [ -82.9612403, 39.9719892 ], [ -82.9612312, 39.9721024 ], [ -82.9610953, 39.972096 ] ] ] } },
{ "type": "Feature", "properties": { "@id": "way/829247216", "amenity": null, "building": "residential", "name": null, "GEOID": "39049002520" }, "geometry": { "type": "Polygon", "coordinates": [ [ [ -82.9609637, 39.9721996 ], [ -82.9609741, 39.9720668 ], [ -82.9610775, 39.9720716 ], [ -82.9610671, 39.9722043 ], [ -82.9609637, 39.9721996 ] ] ] } },
{ "type": "Feature", "properties": { "@id": "way/829247217", "amenity": null, "building": "residential", "name": null, "GEOID": "39049002520" }, "geometry": { "type": "Polygon", "coordinates": [ [ [ -82.9609422, 39.9720478 ], [ -82.9609292, 39.9722056 ], [ -82.9608094, 39.9721998 ], [ -82.9608224, 39.972042 ], [ -82.9609422, 39.9720478 ] ] ] } },
{ "type": "Feature", "properties": { "@id": "way/829250181", "amenity": null, "building": "residential", "name": null, "GEOID": "39049002800" }, "geometry": { "type": "Polygon", "coordinates": [ [ [ -82.9658925, 39.9733221 ], [ -82.9658777, 39.9733247 ], [ -82.9658643, 39.9732801 ], [ -82.965902, 39.9732734 ], [ -82.9658854, 39.9732185 ], [ -82.9659225, 39.9732119 ], [ -82.9659158, 39.9731898 ], [ -82.965965, 39.9731811 ], [ -82.9660111, 39.9733338 ], [ -82.9659018, 39.9733531 ], [ -82.9658925, 39.9733221 ] ] ] } },
{ "type": "Feature", "properties": { "@id": "way/829250182", "amenity": null, "building": "residential", "name": null, "GEOID": "39049002800" }, "geometry": { "type": "Polygon", "coordinates": [ [ [ -82.9666195, 39.9731711 ], [ -82.9665994, 39.9731747 ], [ -82.9665877, 39.9731367 ], [ -82.9665628, 39.9731412 ], [ -82.9665525, 39.9731078 ], [ -82.9666521, 39.9730898 ], [ -82.9666861, 39.9732001 ], [ -82.9666315, 39.97321 ], [ -82.9666195, 39.9731711 ] ] ] } },
{ "type": "Feature", "properties": { "@id": "way/849957297", "amenity": null, "building": "residential", "name": null, "GEOID": "39049001200" }, "geometry": { "type": "Polygon", "coordinates": [ [ [ -83.002467, 40.0026629 ], [ -83.0023355, 40.0026535 ], [ -83.002369, 40.0023785 ], [ -83.0025005, 40.0023879 ], [ -83.002467, 40.0026629 ] ] ] } },
{ "type": "Feature", "properties": { "@id": "way/849957298", "amenity": null, "building": "residential", "name": null, "GEOID": "39049001200" }, "geometry": { "type": "Polygon", "coordinates": [ [ [ -83.0029466, 40.0030579 ], [ -83.0026485, 40.0030183 ], [ -83.0026713, 40.0029176 ], [ -83.0029694, 40.0029572 ], [ -83.0029466, 40.0030579 ] ] ] } },
{ "type": "Feature", "properties": { "@id": "way/891757835", "amenity": null, "building": "residential", "name": null, "GEOID": "39049002520" }, "geometry": { "type": "Polygon", "coordinates": [ [ [ -82.9571759, 39.9681209 ], [ -82.9571768, 39.9681077 ], [ -82.9572087, 39.9681089 ], [ -82.9572149, 39.9680154 ], [ -82.9571831, 39.9680142 ], [ -82.957184, 39.9680002 ], [ -82.9570293, 39.9679941 ], [ -82.9570212, 39.9681149 ], [ -82.9571759, 39.9681209 ] ] ] } },
{ "type": "Feature", "properties": { "@id": "way/891757836", "amenity": null, "building": "residential", "name": null, "GEOID": "39049002520" }, "geometry": { "type": "Polygon", "coordinates": [ [ [ -82.9571536, 39.9683268 ], [ -82.9571679, 39.9681454 ], [ -82.9570407, 39.9681395 ], [ -82.9570374, 39.9681813 ], [ -82.9569034, 39.968175 ], [ -82.9568952, 39.968278 ], [ -82.9570298, 39.9682842 ], [ -82.9570269, 39.9683209 ], [ -82.9571536, 39.9683268 ] ] ] } },
{ "type": "Feature", "properties": { "@id": "way/891757837", "amenity": null, "building": "residential", "name": null, "GEOID": "39049002520" }, "geometry": { "type": "Polygon", "coordinates": [ [ [ -82.9571352, 39.9684814 ], [ -82.9571361, 39.9684739 ], [ -82.9571758, 39.9684765 ], [ -82.957187, 39.9683777 ], [ -82.9571473, 39.968375 ], [ -82.957148, 39.9683684 ], [ -82.9570028, 39.9683587 ], [ -82.95699, 39.9684717 ], [ -82.9571352, 39.9684814 ] ] ] } },
{ "type": "Feature", "properties": { "@id": "way/892416699", "amenity": null, "building": "residential", "name": null, "GEOID": "39049002520" }, "geometry": { "type": "Polygon", "coordinates": [ [ [ -82.9596059, 39.9681482 ], [ -82.9596088, 39.9681204 ], [ -82.9596327, 39.9681219 ], [ -82.9596397, 39.9680554 ], [ -82.9596158, 39.9680539 ], [ -82.9596181, 39.9680321 ], [ -82.9594327, 39.9680206 ], [ -82.9594266, 39.9680791 ], [ -82.9594143, 39.9680784 ], [ -82.9594108, 39.9681119 ], [ -82.959423, 39.9681127 ], [ -82.9594205, 39.9681368 ], [ -82.9596059, 39.9681482 ] ] ] } },
{ "type": "Feature", "properties": { "@id": "way/918650726", "amenity": null, "building": "residential", "name": null, "GEOID": "39049003600" }, "geometry": { "type": "Polygon", "coordinates": [ [ [ -82.9793005, 39.9670897 ], [ -82.9792919, 39.967217 ], [ -82.9792007, 39.9672133 ], [ -82.9792011, 39.967207 ], [ -82.9791317, 39.9672043 ], [ -82.9791343, 39.9671655 ], [ -82.9792037, 39.9671682 ], [ -82.9792093, 39.967086 ], [ -82.9793005, 39.9670897 ] ] ] } },
{ "type": "Feature", "properties": { "@id": "way/918650727", "amenity": null, "building": "residential", "name": null, "GEOID": "39049003600" }, "geometry": { "type": "Polygon", "coordinates": [ [ [ -82.9727136, 39.9665411 ], [ -82.9727204, 39.966458 ], [ -82.9728948, 39.9664664 ], [ -82.9728921, 39.9664993 ], [ -82.9728752, 39.9664985 ], [ -82.9728711, 39.9665487 ], [ -82.9727136, 39.9665411 ] ] ] } },
{ "type": "Feature", "properties": { "@id": "way/918650728", "amenity": null, "building": "residential", "name": null, "GEOID": "39049003600" }, "geometry": { "type": "Polygon", "coordinates": [ [ [ -82.974714, 39.9667076 ], [ -82.9747216, 39.9665994 ], [ -82.9748866, 39.9666061 ], [ -82.9748841, 39.9666414 ], [ -82.9749191, 39.9666429 ], [ -82.9749163, 39.9666827 ], [ -82.9748795, 39.9666812 ], [ -82.9748772, 39.9667143 ], [ -82.974714, 39.9667076 ] ] ] } },
{ "type": "Feature", "properties": { "@id": "way/918650729", "amenity": null, "building": "residential", "name": null, "GEOID": "39049003600" }, "geometry": { "type": "Polygon", "coordinates": [ [ [ -82.977206, 39.9655895 ], [ -82.9772028, 39.9656673 ], [ -82.977029, 39.965663 ], [ -82.9770298, 39.965642 ], [ -82.977006, 39.9656414 ], [ -82.9770073, 39.9656097 ], [ -82.9770327, 39.9656104 ], [ -82.9770338, 39.9655853 ], [ -82.977206, 39.9655895 ] ] ] } },
{ "type": "Feature", "properties": { "@id": "way/918650731", "amenity": null, "building": "residential", "name": null, "GEOID": "39049003600" }, "geometry": { "type": "Polygon", "coordinates": [ [ [ -82.9788218, 39.9666157 ], [ -82.9788279, 39.966533 ], [ -82.9789232, 39.9665369 ], [ -82.9789246, 39.966518 ], [ -82.9789393, 39.9665071 ], [ -82.9789715, 39.966508 ], [ -82.9789924, 39.9665252 ], [ -82.9790109, 39.966526 ], [ -82.9790189, 39.9665263 ], [ -82.9790203, 39.9665051 ], [ -82.97903, 39.966498 ], [ -82.979083, 39.9665001 ], [ -82.9790984, 39.9665127 ], [ -82.979096, 39.9665502 ], [ -82.9791955, 39.9665542 ], [ -82.9791914, 39.9666177 ], [ -82.9789864, 39.9666099 ], [ -82.9789854, 39.9666222 ], [ -82.9788218, 39.9666157 ] ] ] } },
{ "type": "Feature", "properties": { "@id": "way/918650732", "amenity": null, "building": "residential", "name": null, "GEOID": "39049003600" }, "geometry": { "type": "Polygon", "coordinates": [ [ [ -82.9719603, 39.967963 ], [ -82.9720468, 39.9679535 ], [ -82.9720744, 39.9681019 ], [ -82.9720553, 39.968104 ], [ -82.9720586, 39.9681219 ], [ -82.9719913, 39.9681293 ], [ -82.9719603, 39.967963 ] ] ] } },
{ "type": "Feature", "properties": { "@id": "way/918650733", "amenity": null, "building": "residential", "name": null, "GEOID": "39049003600" }, "geometry": { "type": "Polygon", "coordinates": [ [ [ -82.9746203, 39.9673678 ], [ -82.9746221, 39.9673411 ], [ -82.9746419, 39.9673419 ], [ -82.9746451, 39.9672945 ], [ -82.9746202, 39.9672935 ], [ -82.9746227, 39.9672568 ], [ -82.9748651, 39.9672666 ], [ -82.9748644, 39.9672778 ], [ -82.9748986, 39.9672792 ], [ -82.9748922, 39.9673727 ], [ -82.9748596, 39.9673714 ], [ -82.9748592, 39.9673774 ], [ -82.9746203, 39.9673678 ] ] ] } },
{ "type": "Feature", "properties": { "@id": "way/918650736", "amenity": null, "building": "residential", "name": null, "GEOID": "39049003600" }, "geometry": { "type": "Polygon", "coordinates": [ [ [ -82.9721336, 39.9670136 ], [ -82.9721375, 39.9669505 ], [ -82.9722588, 39.9669561 ], [ -82.9722594, 39.966944 ], [ -82.9722787, 39.9669291 ], [ -82.9723193, 39.9669311 ], [ -82.972339, 39.9669458 ], [ -82.9723951, 39.9669478 ], [ -82.9723906, 39.9670242 ], [ -82.9721336, 39.9670136 ] ] ] } },
{ "type": "Feature", "properties": { "@id": "way/918650737", "amenity": null, "building": "residential", "name": null, "GEOID": "39049003600" }, "geometry": { "type": "Polygon", "coordinates": [ [ [ -82.9726548, 39.9670422 ], [ -82.9728973, 39.9670525 ], [ -82.9728935, 39.967105 ], [ -82.972849, 39.9671031 ], [ -82.9728481, 39.9671155 ], [ -82.9726501, 39.9671071 ], [ -82.9726548, 39.9670422 ] ] ] } },
{ "type": "Feature", "properties": { "@id": "way/918650738", "amenity": null, "building": "residential", "name": null, "GEOID": "39049003600" }, "geometry": { "type": "Polygon", "coordinates": [ [ [ -82.9773665, 39.9663277 ], [ -82.9775611, 39.9663052 ], [ -82.9775788, 39.9663949 ], [ -82.9773842, 39.9664174 ], [ -82.9773665, 39.9663277 ] ] ] } },
{ "type": "Feature", "properties": { "@id": "way/918650740", "amenity": null, "building": "residential", "name": null, "GEOID": "39049003600" }, "geometry": { "type": "Polygon", "coordinates": [ [ [ -82.9740373, 39.9671529 ], [ -82.9740333, 39.9672074 ], [ -82.9740244, 39.9672072 ], [ -82.9740228, 39.9672439 ], [ -82.9738958, 39.9672403 ], [ -82.9738958, 39.9672316 ], [ -82.9737864, 39.9672294 ], [ -82.9737889, 39.9671594 ], [ -82.9738881, 39.9671622 ], [ -82.9739066, 39.9671492 ], [ -82.9739403, 39.9671494 ], [ -82.973956, 39.9671646 ], [ -82.9739647, 39.9671647 ], [ -82.9739851, 39.9671507 ], [ -82.9740373, 39.9671529 ] ] ] } },
{ "type": "Feature", "properties": { "@id": "way/918650741", "amenity": null, "building": "residential", "name": null, "GEOID": "39049003600" }, "geometry": { "type": "Polygon", "coordinates": [ [ [ -82.9709745, 39.9669216 ], [ -82.9709767, 39.9668951 ], [ -82.9709418, 39.9668935 ], [ -82.9709453, 39.9668499 ], [ -82.9709781, 39.9668514 ], [ -82.9709793, 39.9668359 ], [ -82.9711979, 39.9668462 ], [ -82.971191, 39.9669318 ], [ -82.9709745, 39.9669216 ] ] ] } },
{ "type": "Feature", "properties": { "@id": "way/918650742", "amenity": null, "building": "residential", "name": null, "GEOID": "39049003600" }, "geometry": { "type": "Polygon", "coordinates": [ [ [ -82.9710552, 39.968078 ], [ -82.9710565, 39.9680609 ], [ -82.9710447, 39.9680604 ], [ -82.9710487, 39.9680086 ], [ -82.9711779, 39.9680144 ], [ -82.9711726, 39.9680833 ], [ -82.9710552, 39.968078 ] ] ] } },
{ "type": "Feature", "properties": { "@id": "way/918650743", "amenity": null, "building": "residential", "name": null, "GEOID": "39049003600" }, "geometry": { "type": "Polygon", "coordinates": [ [ [ -82.9747005, 39.9660068 ], [ -82.9747025, 39.965976 ], [ -82.9746839, 39.9659756 ], [ -82.9746845, 39.9659574 ], [ -82.974661, 39.9659564 ], [ -82.9746609, 39.9659466 ], [ -82.9746402, 39.965945 ], [ -82.9746434, 39.9658923 ], [ -82.974789, 39.9658989 ], [ -82.9748089, 39.9658856 ], [ -82.9748367, 39.9658871 ], [ -82.9748525, 39.965903 ], [ -82.9749546, 39.9659075 ], [ -82.9749477, 39.9660026 ], [ -82.9748899, 39.966 ], [ -82.9748782, 39.9660094 ], [ -82.9748487, 39.9660083 ], [ -82.9748349, 39.9659975 ], [ -82.9747965, 39.9659958 ], [ -82.9747955, 39.9660111 ], [ -82.9747005, 39.9660068 ] ] ] } },
{ "type": "Feature", "properties": { "@id": "way/918650744", "amenity": null, "building": "residential", "name": null, "GEOID": "39049003600" }, "geometry": { "type": "Polygon", "coordinates": [ [ [ -82.9702139, 39.9678012 ], [ -82.970185, 39.9677998 ], [ -82.9701897, 39.9677417 ], [ -82.9702187, 39.9677431 ], [ -82.9702197, 39.9677305 ], [ -82.9703579, 39.9677372 ], [ -82.9703507, 39.967824 ], [ -82.9702126, 39.9678174 ], [ -82.9702139, 39.9678012 ] ] ] } },
{ "type": "Feature", "properties": { "@id": "way/918650747", "amenity": null, "building": "residential", "name": null, "GEOID": "39049002800" }, "geometry": { "type": "Polygon", "coordinates": [ [ [ -82.9686292, 39.9677561 ], [ -82.9686298, 39.9677481 ], [ -82.9686, 39.9677467 ], [ -82.9686069, 39.967661 ], [ -82.9686367, 39.9676624 ], [ -82.9686371, 39.9676569 ], [ -82.9687881, 39.967664 ], [ -82.9687874, 39.9676729 ], [ -82.9688409, 39.9676755 ], [ -82.9688342, 39.9677595 ], [ -82.9687807, 39.967757 ], [ -82.9687802, 39.9677632 ], [ -82.9686292, 39.9677561 ] ] ] } },
{ "type": "Feature", "properties": { "@id": "way/918650749", "amenity": null, "building": "residential", "name": null, "GEOID": "39049003600" }, "geometry": { "type": "Polygon", "coordinates": [ [ [ -82.9732268, 39.9680035 ], [ -82.9731734, 39.9680094 ], [ -82.9731533, 39.9679039 ], [ -82.9732249, 39.9678959 ], [ -82.9732287, 39.9679158 ], [ -82.9732665, 39.9679116 ], [ -82.9732842, 39.9680041 ], [ -82.9732281, 39.9680104 ], [ -82.9732268, 39.9680035 ] ] ] } },
{ "type": "Feature", "properties": { "@id": "way/918650750", "amenity": null, "building": "residential", "name": null, "GEOID": "39049003000" }, "geometry": { "type": "Polygon", "coordinates": [ [ [ -82.9809579, 39.9662841 ], [ -82.9808719, 39.9662934 ], [ -82.9808631, 39.9662456 ], [ -82.9809003, 39.9662416 ], [ -82.9808915, 39.9661938 ], [ -82.980939, 39.9661886 ], [ -82.9809372, 39.966179 ], [ -82.9809429, 39.9661784 ], [ -82.9809406, 39.966166 ], [ -82.9810815, 39.9661508 ], [ -82.9810831, 39.9661597 ], [ -82.9810911, 39.9661588 ], [ -82.9811103, 39.9662634 ], [ -82.9810676, 39.966268 ], [ -82.9810701, 39.9662816 ], [ -82.9809596, 39.9662935 ], [ -82.9809579, 39.9662841 ] ] ] } },
{ "type": "Feature", "properties": { "@id": "way/918650751", "amenity": null, "building": "residential", "name": null, "GEOID": "39049003600" }, "geometry": { "type": "Polygon", "coordinates": [ [ [ -82.9746936, 39.9665891 ], [ -82.9746969, 39.9665437 ], [ -82.9747282, 39.966545 ], [ -82.9747322, 39.9664897 ], [ -82.9749307, 39.9664981 ], [ -82.9749234, 39.9665988 ], [ -82.9746936, 39.9665891 ] ] ] } },
{ "type": "Feature", "properties": { "@id": "way/918650752", "amenity": null, "building": "residential", "name": null, "GEOID": "39049003600" }, "geometry": { "type": "Polygon", "coordinates": [ [ [ -82.9732739, 39.9679059 ], [ -82.9733071, 39.9679021 ], [ -82.9733133, 39.9679344 ], [ -82.9733429, 39.9679311 ], [ -82.9733533, 39.967985 ], [ -82.9734089, 39.9679788 ], [ -82.9734181, 39.9680267 ], [ -82.9732997, 39.9680401 ], [ -82.9732739, 39.9679059 ] ] ] } },
{ "type": "Feature", "properties": { "@id": "way/918650754", "amenity": null, "building": "residential", "name": null, "GEOID": "39049003600" }, "geometry": { "type": "Polygon", "coordinates": [ [ [ -82.970274, 39.9670902 ], [ -82.9702758, 39.9670683 ], [ -82.9702443, 39.9670668 ], [ -82.9702487, 39.9670131 ], [ -82.9702755, 39.9670144 ], [ -82.970277, 39.9669958 ], [ -82.9704152, 39.9670025 ], [ -82.9704122, 39.9670394 ], [ -82.9704292, 39.9670402 ], [ -82.9704245, 39.9670975 ], [ -82.970274, 39.9670902 ] ] ] } },
{ "type": "Feature", "properties": { "@id": "way/918650756", "amenity": null, "building": "residential", "name": null, "GEOID": "39049003600" }, "geometry": { "type": "Polygon", "coordinates": [ [ [ -82.9769321, 39.9658794 ], [ -82.9771168, 39.965858 ], [ -82.9771265, 39.9659073 ], [ -82.9769418, 39.9659287 ], [ -82.9769321, 39.9658794 ] ] ] } },
{ "type": "Feature", "properties": { "@id": "way/918650757", "amenity": null, "building": "residential", "name": null, "GEOID": "39049003600" }, "geometry": { "type": "Polygon", "coordinates": [ [ [ -82.9732553, 39.9674483 ], [ -82.9732568, 39.9674271 ], [ -82.9732252, 39.9674258 ], [ -82.9732299, 39.967359 ], [ -82.9732643, 39.9673604 ], [ -82.973266, 39.9673363 ], [ -82.9735209, 39.9673469 ], [ -82.9735177, 39.9673924 ], [ -82.9734811, 39.9673909 ], [ -82.9734794, 39.9674151 ], [ -82.9735155, 39.9674166 ], [ -82.9735126, 39.9674589 ], [ -82.9732553, 39.9674483 ] ] ] } },
{ "type": "Feature", "properties": { "@id": "way/918650760", "amenity": null, "building": "residential", "name": null, "GEOID": "39049003600" }, "geometry": { "type": "Polygon", "coordinates": [ [ [ -82.975238, 39.9676972 ], [ -82.9752397, 39.9676581 ], [ -82.975274, 39.967659 ], [ -82.9752743, 39.967654 ], [ -82.9752401, 39.9676531 ], [ -82.9752417, 39.9676176 ], [ -82.9754857, 39.967624 ], [ -82.9754821, 39.9677037 ], [ -82.975238, 39.9676972 ] ] ] } },
{ "type": "Feature", "properties": { "@id": "way/918650762", "amenity": null, "building": "residential", "name": null, "GEOID": "39049003600" }, "geometry": { "type": "Polygon", "coordinates": [ [ [ -82.9703843, 39.9676393 ], [ -82.9703798, 39.9676954 ], [ -82.9703613, 39.9676945 ], [ -82.9703584, 39.967732 ], [ -82.9702212, 39.9677256 ], [ -82.9702286, 39.967632 ], [ -82.9703843, 39.9676393 ] ] ] } },
{ "type": "Feature", "properties": { "@id": "way/918650764", "amenity": null, "building": "residential", "name": null, "GEOID": "39049003000" }, "geometry": { "type": "Polygon", "coordinates": [ [ [ -82.9817529, 39.9654407 ], [ -82.9817314, 39.9654432 ], [ -82.981721, 39.9653919 ], [ -82.9819779, 39.9653615 ], [ -82.9819862, 39.9654028 ], [ -82.9819657, 39.9654052 ], [ -82.981983, 39.965491 ], [ -82.9817682, 39.9655164 ], [ -82.9817529, 39.9654407 ] ] ] } },
{ "type": "Feature", "properties": { "@id": "way/918650765", "amenity": null, "building": "residential", "name": null, "GEOID": "39049003600" }, "geometry": { "type": "Polygon", "coordinates": [ [ [ -82.9754976, 39.9663597 ], [ -82.9754969, 39.9663781 ], [ -82.975549, 39.9663793 ], [ -82.9755485, 39.9663901 ], [ -82.9755945, 39.9663911 ], [ -82.9755922, 39.9664501 ], [ -82.9753449, 39.9664444 ], [ -82.9753452, 39.9664381 ], [ -82.9753192, 39.9664375 ], [ -82.9753228, 39.9663448 ], [ -82.9754443, 39.9663476 ], [ -82.9754439, 39.9663585 ], [ -82.9754976, 39.9663597 ] ] ] } },
{ "type": "Feature", "properties": { "@id": "way/918650766", "amenity": null, "building": "residential", "name": null, "GEOID": "39049002800" }, "geometry": { "type": "Polygon", "coordinates": [ [ [ -82.9696553, 39.9672861 ], [ -82.9696543, 39.9673027 ], [ -82.9696834, 39.9673037 ], [ -82.9696805, 39.9673526 ], [ -82.9696514, 39.9673516 ], [ -82.9696502, 39.9673721 ], [ -82.9695208, 39.9673677 ], [ -82.9694857, 39.9673665 ], [ -82.9694897, 39.967298 ], [ -82.9695248, 39.9672992 ], [ -82.9695259, 39.9672816 ], [ -82.9696553, 39.9672861 ] ] ] } },
{ "type": "Feature", "properties": { "@id": "way/918650771", "amenity": null, "building": "residential", "name": null, "GEOID": "39049003600" }, "geometry": { "type": "Polygon", "coordinates": [ [ [ -82.9726427, 39.9673736 ], [ -82.9726466, 39.9673172 ], [ -82.9727023, 39.9673195 ], [ -82.9727035, 39.9673034 ], [ -82.9727678, 39.9673061 ], [ -82.9727666, 39.9673223 ], [ -82.9728807, 39.967327 ], [ -82.9728768, 39.9673832 ], [ -82.9726427, 39.9673736 ] ] ] } },
{ "type": "Feature", "properties": { "@id": "way/918650773", "amenity": null, "building": "residential", "name": null, "GEOID": "39049003600" }, "geometry": { "type": "Polygon", "coordinates": [ [ [ -82.978141, 39.967049 ], [ -82.9781462, 39.9669797 ], [ -82.9781566, 39.9669801 ], [ -82.9781574, 39.9669654 ], [ -82.9782224, 39.9669682 ], [ -82.9782431, 39.9669559 ], [ -82.9782887, 39.9669577 ], [ -82.9783061, 39.9669733 ], [ -82.9783055, 39.96698 ], [ -82.9783677, 39.9669816 ], [ -82.9783671, 39.9669901 ], [ -82.9783746, 39.9669904 ], [ -82.9783723, 39.9670203 ], [ -82.978395, 39.967021 ], [ -82.9783919, 39.9670601 ], [ -82.978141, 39.967049 ] ] ] } },
{ "type": "Feature", "properties": { "@id": "way/918650774", "amenity": null, "building": "residential", "name": null, "GEOID": "39049003600" }, "geometry": { "type": "Polygon", "coordinates": [ [ [ -82.9710159, 39.9673629 ], [ -82.9710169, 39.9673496 ], [ -82.9709656, 39.9673473 ], [ -82.970971, 39.9672769 ], [ -82.971026, 39.9672794 ], [ -82.9710271, 39.9672652 ], [ -82.9711292, 39.9672698 ], [ -82.9711274, 39.9672937 ], [ -82.9711552, 39.967295 ], [ -82.9711518, 39.9673388 ], [ -82.9711199, 39.9673373 ], [ -82.9711176, 39.9673675 ], [ -82.9710159, 39.9673629 ] ] ] } },
{ "type": "Feature", "properties": { "@id": "way/918650775", "amenity": null, "building": "residential", "name": null, "GEOID": "39049002800" }, "geometry": { "type": "Polygon", "coordinates": [ [ [ -82.9696525, 39.9675109 ], [ -82.9696795, 39.9675121 ], [ -82.9696738, 39.9675865 ], [ -82.9696466, 39.9675853 ], [ -82.9696461, 39.9675922 ], [ -82.9695258, 39.9675867 ], [ -82.9695326, 39.9674989 ], [ -82.969653, 39.9675044 ], [ -82.9696525, 39.9675109 ] ] ] } },
{ "type": "Feature", "properties": { "@id": "way/918650777", "amenity": null, "building": "residential", "name": null, "GEOID": "39049003600" }, "geometry": { "type": "Polygon", "coordinates": [ [ [ -82.9764909, 39.9668747 ], [ -82.9765067, 39.9666512 ], [ -82.9766173, 39.9666558 ], [ -82.9766029, 39.9668594 ], [ -82.9765898, 39.9668589 ], [ -82.9765884, 39.9668787 ], [ -82.9764909, 39.9668747 ] ] ] } },
{ "type": "Feature", "properties": { "@id": "way/918650779", "amenity": null, "building": "residential", "name": null, "GEOID": "39049003600" }, "geometry": { "type": "Polygon", "coordinates": [ [ [ -82.980898, 39.9665926 ], [ -82.9809414, 39.9665888 ], [ -82.9809435, 39.9666032 ], [ -82.9809865, 39.9665995 ], [ -82.9809997, 39.9666875 ], [ -82.9809133, 39.966695 ], [ -82.980898, 39.9665926 ] ] ] } },
{ "type": "Feature", "properties": { "@id": "way/918650779", "amenity": null, "building": "residential", "name": null, "GEOID": "39049003000" }, "geometry": { "type": "Polygon", "coordinates": [ [ [ -82.980898, 39.9665926 ], [ -82.9809414, 39.9665888 ], [ -82.9809435, 39.9666032 ], [ -82.9809865, 39.9665995 ], [ -82.9809997, 39.9666875 ], [ -82.9809133, 39.966695 ], [ -82.980898, 39.9665926 ] ] ] } },
{ "type": "Feature", "properties": { "@id": "way/918650780", "amenity": null, "building": "residential", "name": null, "GEOID": "39049003600" }, "geometry": { "type": "Polygon", "coordinates": [ [ [ -82.9789418, 39.9660476 ], [ -82.9789268, 39.9660353 ], [ -82.9788668, 39.9660321 ], [ -82.978874, 39.9659513 ], [ -82.9791262, 39.9659646 ], [ -82.9791202, 39.9660327 ], [ -82.9789948, 39.9660258 ], [ -82.9789939, 39.9660376 ], [ -82.978975, 39.9660496 ], [ -82.9789418, 39.9660476 ] ] ] } },
{ "type": "Feature", "properties": { "@id": "way/918650782", "amenity": null, "building": "residential", "name": null, "GEOID": "39049002800" }, "geometry": { "type": "Polygon", "coordinates": [ [ [ -82.9694104, 39.9683503 ], [ -82.9694226, 39.9683488 ], [ -82.9694168, 39.968321 ], [ -82.9694491, 39.968317 ], [ -82.9694383, 39.9682657 ], [ -82.9694924, 39.9682591 ], [ -82.9695096, 39.968341 ], [ -82.9695239, 39.9683392 ], [ -82.9695344, 39.968389 ], [ -82.969515, 39.9683914 ], [ -82.9695234, 39.9684314 ], [ -82.9694715, 39.9684377 ], [ -82.9694749, 39.9684539 ], [ -82.9694332, 39.968459 ], [ -82.9694104, 39.9683503 ] ] ] } },
{ "type": "Feature", "properties": { "@id": "way/918650783", "amenity": null, "building": "residential", "name": null, "GEOID": "39049003600" }, "geometry": { "type": "Polygon", "coordinates": [ [ [ -82.9735586, 39.9664566 ], [ -82.9735582, 39.9664616 ], [ -82.9734254, 39.9664554 ], [ -82.9734278, 39.9664244 ], [ -82.9733918, 39.9664227 ], [ -82.9733959, 39.966372 ], [ -82.9735647, 39.9663799 ], [ -82.9735641, 39.9663883 ], [ -82.9735862, 39.9663893 ], [ -82.9735808, 39.9664576 ], [ -82.9735586, 39.9664566 ] ] ] } },
{ "type": "Feature", "properties": { "@id": "way/918650787", "amenity": null, "building": "residential", "name": null, "GEOID": "39049003600" }, "geometry": { "type": "Polygon", "coordinates": [ [ [ -82.9747463, 39.9664787 ], [ -82.9747472, 39.9664661 ], [ -82.9747092, 39.9664644 ], [ -82.9747112, 39.9664391 ], [ -82.9746848, 39.9664379 ], [ -82.974688, 39.9663965 ], [ -82.9747115, 39.9663976 ], [ -82.974713, 39.9663779 ], [ -82.9748641, 39.9663847 ], [ -82.974863, 39.9663989 ], [ -82.9748957, 39.9664004 ], [ -82.9748892, 39.9664851 ], [ -82.9747463, 39.9664787 ] ] ] } },
{ "type": "Feature", "properties": { "@id": "way/918650788", "amenity": null, "building": "residential", "name": null, "GEOID": "39049003600" }, "geometry": { "type": "Polygon", "coordinates": [ [ [ -82.972693, 39.9670312 ], [ -82.972698, 39.9669652 ], [ -82.9727479, 39.9669674 ], [ -82.9727488, 39.9669543 ], [ -82.9728211, 39.9669575 ], [ -82.9728191, 39.966984 ], [ -82.9729234, 39.9669886 ], [ -82.9729194, 39.9670413 ], [ -82.972693, 39.9670312 ] ] ] } },
{ "type": "Feature", "properties": { "@id": "way/918650793", "amenity": null, "building": "residential", "name": null, "GEOID": "39049003600" }, "geometry": { "type": "Polygon", "coordinates": [ [ [ -82.9747487, 39.9671175 ], [ -82.9747489, 39.9671091 ], [ -82.9746596, 39.9671079 ], [ -82.9746616, 39.9670172 ], [ -82.9747236, 39.967018 ], [ -82.9747239, 39.9670042 ], [ -82.9747996, 39.9670052 ], [ -82.9747998, 39.9669947 ], [ -82.9748529, 39.9669954 ], [ -82.9748522, 39.9670288 ], [ -82.9749074, 39.9670295 ], [ -82.9749055, 39.9671195 ], [ -82.9747487, 39.9671175 ] ] ] } },
{ "type": "Feature", "properties": { "@id": "way/918650794", "amenity": null, "building": "residential", "name": null, "GEOID": "39049003600" }, "geometry": { "type": "Polygon", "coordinates": [ [ [ -82.975691, 39.9668219 ], [ -82.9756925, 39.9667754 ], [ -82.9756478, 39.9667746 ], [ -82.975649, 39.9667352 ], [ -82.9756913, 39.966736 ], [ -82.9756929, 39.9666849 ], [ -82.9757062, 39.9666852 ], [ -82.9757084, 39.9666118 ], [ -82.9758003, 39.9666135 ], [ -82.9757979, 39.9666905 ], [ -82.9758038, 39.9666906 ], [ -82.9757996, 39.9668239 ], [ -82.975691, 39.9668219 ] ] ] } },
{ "type": "Feature", "properties": { "@id": "way/918650795", "amenity": null, "building": "residential", "name": null, "GEOID": "39049003000" }, "geometry": { "type": "Polygon", "coordinates": [ [ [ -82.9807736, 39.9656666 ], [ -82.9807971, 39.9656638 ], [ -82.980793, 39.9656384 ], [ -82.9807838, 39.965639 ], [ -82.9807763, 39.9655913 ], [ -82.9807884, 39.9655901 ], [ -82.980784, 39.9655698 ], [ -82.9810288, 39.9655436 ], [ -82.9810546, 39.9656808 ], [ -82.9810065, 39.9656858 ], [ -82.9810095, 39.9657022 ], [ -82.9809883, 39.9657254 ], [ -82.9809505, 39.9657283 ], [ -82.9809237, 39.9657137 ], [ -82.9809225, 39.9657042 ], [ -82.9808851, 39.9657081 ], [ -82.98089, 39.9657356 ], [ -82.9807895, 39.965747 ], [ -82.9807736, 39.9656666 ] ] ] } },
{ "type": "Feature", "properties": { "@id": "way/918650797", "amenity": null, "building": "residential", "name": null, "GEOID": "39049003600" }, "geometry": { "type": "Polygon", "coordinates": [ [ [ -82.9733159, 39.9672259 ], [ -82.9733198, 39.9671672 ], [ -82.9733711, 39.9671692 ], [ -82.9733721, 39.9671542 ], [ -82.973497, 39.967159 ], [ -82.9734922, 39.9672327 ], [ -82.9733159, 39.9672259 ] ] ] } },
{ "type": "Feature", "properties": { "@id": "way/918650798", "amenity": null, "building": "residential", "name": null, "GEOID": "39049002800" }, "geometry": { "type": "Polygon", "coordinates": [ [ [ -82.9694203, 39.9674781 ], [ -82.9694281, 39.9673751 ], [ -82.9697014, 39.9673873 ], [ -82.9696936, 39.9674902 ], [ -82.9694203, 39.9674781 ] ] ] } },
{ "type": "Feature", "properties": { "@id": "way/918650801", "amenity": null, "building": "residential", "name": null, "GEOID": "39049003600" }, "geometry": { "type": "Polygon", "coordinates": [ [ [ -82.9738031, 39.9674326 ], [ -82.9738087, 39.9673563 ], [ -82.9740457, 39.9673665 ], [ -82.9740401, 39.9674428 ], [ -82.9738031, 39.9674326 ] ] ] } },
{ "type": "Feature", "properties": { "@id": "way/918650803", "amenity": null, "building": "residential", "name": null, "GEOID": "39049003600" }, "geometry": { "type": "Polygon", "coordinates": [ [ [ -82.9714476, 39.9673185 ], [ -82.9714526, 39.9672492 ], [ -82.9715966, 39.9672552 ], [ -82.9715952, 39.9672757 ], [ -82.9716475, 39.9672779 ], [ -82.971644, 39.9673267 ], [ -82.9714476, 39.9673185 ] ] ] } },
{ "type": "Feature", "properties": { "@id": "way/918650804", "amenity": null, "building": "residential", "name": null, "GEOID": "39049002800" }, "geometry": { "type": "Polygon", "coordinates": [ [ [ -82.9695214, 39.9670538 ], [ -82.9695271, 39.9669871 ], [ -82.9695561, 39.9669886 ], [ -82.9695597, 39.9669471 ], [ -82.9696942, 39.9669539 ], [ -82.9696932, 39.966965 ], [ -82.9697288, 39.9669668 ], [ -82.9697213, 39.9670541 ], [ -82.9696908, 39.9670525 ], [ -82.96969, 39.9670624 ], [ -82.9695214, 39.9670538 ] ] ] } },
{ "type": "Feature", "properties": { "@id": "way/918650807", "amenity": null, "building": "residential", "name": null, "GEOID": "39049002800" }, "geometry": { "type": "Polygon", "coordinates": [ [ [ -82.9686031, 39.9678599 ], [ -82.9686062, 39.9678122 ], [ -82.9686208, 39.9678128 ], [ -82.9686231, 39.9677763 ], [ -82.9686779, 39.9677784 ], [ -82.9686786, 39.9677679 ], [ -82.9687497, 39.9677707 ], [ -82.968749, 39.9677809 ], [ -82.9688156, 39.9677835 ], [ -82.9688117, 39.9678431 ], [ -82.9687596, 39.9678411 ], [ -82.968758, 39.9678658 ], [ -82.9686977, 39.9678635 ], [ -82.9686985, 39.9678513 ], [ -82.9686408, 39.9678491 ], [ -82.96864, 39.9678613 ], [ -82.9686031, 39.9678599 ] ] ] } },
{ "type": "Feature", "properties": { "@id": "way/918650809", "amenity": null, "building": "residential", "name": null, "GEOID": "39049003600" }, "geometry": { "type": "Polygon", "coordinates": [ [ [ -82.9756658, 39.9674271 ], [ -82.9756659, 39.9674188 ], [ -82.9756007, 39.9674186 ], [ -82.9756011, 39.96736 ], [ -82.9756693, 39.9673602 ], [ -82.9756698, 39.9672923 ], [ -82.9757651, 39.9672927 ], [ -82.9757645, 39.9673797 ], [ -82.975777, 39.9673798 ], [ -82.9757767, 39.9674275 ], [ -82.9756658, 39.9674271 ] ] ] } },
{ "type": "Feature", "properties": { "@id": "way/918650811", "amenity": null, "building": "residential", "name": null, "GEOID": "39049003600" }, "geometry": { "type": "Polygon", "coordinates": [ [ [ -82.9770066, 39.9657742 ], [ -82.9770471, 39.9657695 ], [ -82.9770382, 39.9657253 ], [ -82.9770918, 39.965719 ], [ -82.977094, 39.9657299 ], [ -82.9771422, 39.9657243 ], [ -82.9771471, 39.9657488 ], [ -82.97716, 39.9657473 ], [ -82.9771689, 39.9657913 ], [ -82.9770137, 39.9658095 ], [ -82.9770066, 39.9657742 ] ] ] } },
{ "type": "Feature", "properties": { "@id": "way/918650813", "amenity": null, "building": "residential", "name": null, "GEOID": "39049003000" }, "geometry": { "type": "Polygon", "coordinates": [ [ [ -82.9811296, 39.9666164 ], [ -82.9812291, 39.9666053 ], [ -82.9812268, 39.9665924 ], [ -82.9812423, 39.9665768 ], [ -82.9812765, 39.9665727 ], [ -82.9812926, 39.966582 ], [ -82.9812939, 39.9665883 ], [ -82.9813591, 39.96658 ], [ -82.9813717, 39.9666512 ], [ -82.9811417, 39.9666788 ], [ -82.9811296, 39.9666164 ] ] ] } },
{ "type": "Feature", "properties": { "@id": "way/918650814", "amenity": null, "building": "residential", "name": null, "GEOID": "39049002800" }, "geometry": { "type": "Polygon", "coordinates": [ [ [ -82.9693904, 39.9684344 ], [ -82.9692882, 39.9684462 ], [ -82.9692642, 39.9683233 ], [ -82.9692784, 39.9683217 ], [ -82.9692759, 39.968309 ], [ -82.9693398, 39.9683017 ], [ -82.9693426, 39.9683156 ], [ -82.9693666, 39.9683129 ], [ -82.9693904, 39.9684344 ] ] ] } },
{ "type": "Feature", "properties": { "@id": "way/918650817", "amenity": null, "building": "residential", "name": null, "GEOID": "39049003600" }, "geometry": { "type": "Polygon", "coordinates": [ [ [ -82.9727302, 39.9663298 ], [ -82.972738, 39.9662284 ], [ -82.9728895, 39.9662353 ], [ -82.9728872, 39.9662655 ], [ -82.9729106, 39.9662666 ], [ -82.9729092, 39.9662848 ], [ -82.9729265, 39.9662856 ], [ -82.9729224, 39.9663385 ], [ -82.9727302, 39.9663298 ] ] ] } },
{ "type": "Feature", "properties": { "@id": "way/918650818", "amenity": null, "building": "residential", "name": null, "GEOID": "39049003600" }, "geometry": { "type": "Polygon", "coordinates": [ [ [ -82.970217, 39.9675188 ], [ -82.9702234, 39.9674363 ], [ -82.9704149, 39.9674451 ], [ -82.9704114, 39.9674904 ], [ -82.9703745, 39.9674887 ], [ -82.9703716, 39.9675258 ], [ -82.970217, 39.9675188 ] ] ] } },
{ "type": "Feature", "properties": { "@id": "way/918650820", "amenity": null, "building": "residential", "name": null, "GEOID": "39049003600" }, "geometry": { "type": "Polygon", "coordinates": [ [ [ -82.9708713, 39.9668091 ], [ -82.9708748, 39.9667602 ], [ -82.9710331, 39.9667669 ], [ -82.9710344, 39.9667497 ], [ -82.971183, 39.966756 ], [ -82.9711782, 39.9668221 ], [ -82.9708713, 39.9668091 ] ] ] } },
{ "type": "Feature", "properties": { "@id": "way/918650821", "amenity": null, "building": "residential", "name": null, "GEOID": "39049003600" }, "geometry": { "type": "Polygon", "coordinates": [ [ [ -82.9710452, 39.9670332 ], [ -82.971046, 39.967022 ], [ -82.9709918, 39.9670197 ], [ -82.9709974, 39.9669425 ], [ -82.9710539, 39.9669449 ], [ -82.9710546, 39.9669352 ], [ -82.9711556, 39.9669396 ], [ -82.9711537, 39.9669648 ], [ -82.9711812, 39.966966 ], [ -82.9711777, 39.9670138 ], [ -82.9711482, 39.9670125 ], [ -82.9711463, 39.9670376 ], [ -82.9710452, 39.9670332 ] ] ] } },
{ "type": "Feature", "properties": { "@id": "way/918650822", "amenity": null, "building": "residential", "name": null, "GEOID": "39049002800" }, "geometry": { "type": "Polygon", "coordinates": [ [ [ -82.9694602, 39.9668316 ], [ -82.9694638, 39.9667844 ], [ -82.969481, 39.9667852 ], [ -82.9694838, 39.9667501 ], [ -82.9697074, 39.9667603 ], [ -82.969701, 39.9668426 ], [ -82.9694602, 39.9668316 ] ] ] } },
{ "type": "Feature", "properties": { "@id": "way/918650823", "amenity": null, "building": "residential", "name": null, "GEOID": "39049003600" }, "geometry": { "type": "Polygon", "coordinates": [ [ [ -82.9721862, 39.9680311 ], [ -82.9723277, 39.9680154 ], [ -82.9723495, 39.9681315 ], [ -82.972208, 39.9681471 ], [ -82.9721862, 39.9680311 ] ] ] } },
{ "type": "Feature", "properties": { "@id": "way/918650824", "amenity": null, "building": "residential", "name": null, "GEOID": "39049003600" }, "geometry": { "type": "Polygon", "coordinates": [ [ [ -82.9781728, 39.9663738 ], [ -82.9781781, 39.9663063 ], [ -82.9782277, 39.966308 ], [ -82.9782296, 39.9662855 ], [ -82.9782991, 39.9662892 ], [ -82.9783093, 39.9662822 ], [ -82.9783338, 39.9662835 ], [ -82.9783421, 39.9662914 ], [ -82.9784179, 39.9662942 ], [ -82.9784111, 39.9663751 ], [ -82.9783229, 39.9663701 ], [ -82.9783222, 39.9663805 ], [ -82.9781728, 39.9663738 ] ] ] } },
{ "type": "Feature", "properties": { "@id": "way/918650826", "amenity": null, "building": "residential", "name": null, "GEOID": "39049003600" }, "geometry": { "type": "Polygon", "coordinates": [ [ [ -82.9714174, 39.9676552 ], [ -82.9714225, 39.9675847 ], [ -82.9715915, 39.9675918 ], [ -82.9715886, 39.9676315 ], [ -82.9715572, 39.9676302 ], [ -82.971555, 39.967661 ], [ -82.9714174, 39.9676552 ] ] ] } },
{ "type": "Feature", "properties": { "@id": "way/918650828", "amenity": null, "building": "residential", "name": null, "GEOID": "39049003600" }, "geometry": { "type": "Polygon", "coordinates": [ [ [ -82.9762453, 39.9667793 ], [ -82.976255, 39.9666476 ], [ -82.9763103, 39.96665 ], [ -82.9763072, 39.9666916 ], [ -82.9763284, 39.9666925 ], [ -82.9763247, 39.9667418 ], [ -82.9763076, 39.9667411 ], [ -82.9763046, 39.9667819 ], [ -82.9762453, 39.9667793 ] ] ] } },
{ "type": "Feature", "properties": { "@id": "way/918650829", "amenity": null, "building": "residential", "name": null, "GEOID": "39049003600" }, "geometry": { "type": "Polygon", "coordinates": [ [ [ -82.9765028, 39.9662819 ], [ -82.9765012, 39.9663224 ], [ -82.9765093, 39.966323 ], [ -82.9765233, 39.9663352 ], [ -82.9765212, 39.9663611 ], [ -82.9765066, 39.9663748 ], [ -82.9765032, 39.9663748 ], [ -82.9765001, 39.9664404 ], [ -82.9764189, 39.966439 ], [ -82.9764206, 39.9663713 ], [ -82.9764016, 39.9663705 ], [ -82.976404, 39.9663187 ], [ -82.9764268, 39.9663189 ], [ -82.9764278, 39.9662769 ], [ -82.9764531, 39.9662776 ], [ -82.9764534, 39.9662625 ], [ -82.9764857, 39.9662631 ], [ -82.9764853, 39.9662815 ], [ -82.9765028, 39.9662819 ] ] ] } },
{ "type": "Feature", "properties": { "@id": "way/918650830", "amenity": null, "building": "residential", "name": null, "GEOID": "39049003600" }, "geometry": { "type": "Polygon", "coordinates": [ [ [ -82.9737789, 39.967331 ], [ -82.9737823, 39.9672852 ], [ -82.9738111, 39.9672865 ], [ -82.9738127, 39.9672647 ], [ -82.9738698, 39.9672672 ], [ -82.973881, 39.9672551 ], [ -82.9739167, 39.967256 ], [ -82.9739275, 39.9672698 ], [ -82.9740176, 39.9672738 ], [ -82.9740143, 39.9673178 ], [ -82.973986, 39.9673165 ], [ -82.9739853, 39.9673395 ], [ -82.9737789, 39.967331 ] ] ] } },
{ "type": "Feature", "properties": { "@id": "way/918650831", "amenity": null, "building": "residential", "name": null, "GEOID": "39049003600" }, "geometry": { "type": "Polygon", "coordinates": [ [ [ -82.9753102, 39.9672192 ], [ -82.9753108, 39.9671702 ], [ -82.975318, 39.9671704 ], [ -82.9753186, 39.9671207 ], [ -82.9753905, 39.967121 ], [ -82.9753907, 39.9671138 ], [ -82.9754026, 39.9671142 ], [ -82.9754194, 39.9671065 ], [ -82.9754294, 39.9671069 ], [ -82.9754449, 39.9671165 ], [ -82.975458, 39.9671164 ], [ -82.9754586, 39.9671229 ], [ -82.9755386, 39.9671235 ], [ -82.9755382, 39.9671501 ], [ -82.9755641, 39.9671511 ], [ -82.9755625, 39.967214 ], [ -82.9755133, 39.9672138 ], [ -82.9755134, 39.9672211 ], [ -82.9753102, 39.9672192 ] ] ] } },
{ "type": "Feature", "properties": { "@id": "way/918650832", "amenity": null, "building": "residential", "name": null, "GEOID": "39049003600" }, "geometry": { "type": "Polygon", "coordinates": [ [ [ -82.9703564, 39.9679424 ], [ -82.9702012, 39.9679352 ], [ -82.9702041, 39.967898 ], [ -82.9701713, 39.9678965 ], [ -82.9701757, 39.9678402 ], [ -82.9703656, 39.967849 ], [ -82.9703639, 39.9678708 ], [ -82.9703792, 39.9678715 ], [ -82.9703744, 39.9679328 ], [ -82.9703572, 39.967932 ], [ -82.9703564, 39.9679424 ] ] ] } },
{ "type": "Feature", "properties": { "@id": "way/918650833", "amenity": null, "building": "residential", "name": null, "GEOID": "39049003600" }, "geometry": { "type": "Polygon", "coordinates": [ [ [ -82.9769433, 39.966302 ], [ -82.9770028, 39.9662948 ], [ -82.9770011, 39.9662867 ], [ -82.9771327, 39.966271 ], [ -82.977142, 39.9663167 ], [ -82.9771187, 39.9663195 ], [ -82.9771223, 39.966337 ], [ -82.9769545, 39.966357 ], [ -82.9769433, 39.966302 ] ] ] } },
{ "type": "Feature", "properties": { "@id": "way/918650835", "amenity": null, "building": "residential", "name": null, "GEOID": "39049003600" }, "geometry": { "type": "Polygon", "coordinates": [ [ [ -82.9709733, 39.9678722 ], [ -82.9709788, 39.9677948 ], [ -82.9710944, 39.9677996 ], [ -82.9710937, 39.9678096 ], [ -82.9711171, 39.9678105 ], [ -82.9711128, 39.9678709 ], [ -82.9710894, 39.96787 ], [ -82.9710889, 39.967877 ], [ -82.9709733, 39.9678722 ] ] ] } },
{ "type": "Feature", "properties": { "@id": "way/918650838", "amenity": null, "building": "residential", "name": null, "GEOID": "39049003600" }, "geometry": { "type": "Polygon", "coordinates": [ [ [ -82.9720805, 39.9677037 ], [ -82.9720858, 39.9676287 ], [ -82.9723278, 39.9676388 ], [ -82.9723224, 39.9677138 ], [ -82.9720805, 39.9677037 ] ] ] } },
{ "type": "Feature", "properties": { "@id": "way/918650839", "amenity": null, "building": "residential", "name": null, "GEOID": "39049003600" }, "geometry": { "type": "Polygon", "coordinates": [ [ [ -82.9747194, 39.966275 ], [ -82.9749032, 39.9662814 ], [ -82.9748982, 39.9663658 ], [ -82.9747643, 39.9663611 ], [ -82.9747656, 39.9663406 ], [ -82.9747156, 39.9663388 ], [ -82.9747158, 39.9663353 ], [ -82.9746898, 39.9663344 ], [ -82.9746931, 39.9662789 ], [ -82.9747191, 39.9662799 ], [ -82.9747194, 39.966275 ] ] ] } },
{ "type": "Feature", "properties": { "@id": "way/918650840", "amenity": null, "building": "residential", "name": null, "GEOID": "39049003600" }, "geometry": { "type": "Polygon", "coordinates": [ [ [ -82.9743326, 39.9678591 ], [ -82.9743216, 39.9678528 ], [ -82.9743163, 39.967826 ], [ -82.9743275, 39.9678144 ], [ -82.9743185, 39.9677681 ], [ -82.9743242, 39.9677675 ], [ -82.9743227, 39.9677598 ], [ -82.9743426, 39.9677575 ], [ -82.9743441, 39.9677652 ], [ -82.9744155, 39.967757 ], [ -82.9744224, 39.9677923 ], [ -82.9744125, 39.9677935 ], [ -82.9744155, 39.9678094 ], [ -82.9744459, 39.9678059 ], [ -82.974443, 39.9677908 ], [ -82.9744344, 39.9677918 ], [ -82.9744272, 39.9677546 ], [ -82.974477, 39.9677489 ], [ -82.9744755, 39.9677409 ], [ -82.9745011, 39.967738 ], [ -82.974503, 39.9677475 ], [ -82.9745249, 39.967745 ], [ -82.9745344, 39.9677936 ], [ -82.9745481, 39.9678014 ], [ -82.9745528, 39.967826 ], [ -82.9745434, 39.9678358 ], [ -82.9745512, 39.9678762 ], [ -82.9743406, 39.9679004 ], [ -82.9743326, 39.9678591 ] ] ] } },
{ "type": "Feature", "properties": { "@id": "way/918650841", "amenity": null, "building": "residential", "name": null, "GEOID": "39049003600" }, "geometry": { "type": "Polygon", "coordinates": [ [ [ -82.9702455, 39.9674122 ], [ -82.9702467, 39.9673956 ], [ -82.9702167, 39.9673942 ], [ -82.9702214, 39.9673316 ], [ -82.9702521, 39.967333 ], [ -82.9702534, 39.9673162 ], [ -82.9704184, 39.9673235 ], [ -82.9704167, 39.9673463 ], [ -82.9703978, 39.9673455 ], [ -82.9703924, 39.9674186 ], [ -82.9702455, 39.9674122 ] ] ] } },
{ "type": "Feature", "properties": { "@id": "way/918650842", "amenity": null, "building": "residential", "name": null, "GEOID": "39049002800" }, "geometry": { "type": "Polygon", "coordinates": [ [ [ -82.9685759, 39.96816 ], [ -82.9685783, 39.968126 ], [ -82.9685512, 39.9681249 ], [ -82.9685553, 39.9680659 ], [ -82.9686207, 39.9680685 ], [ -82.9686196, 39.9680832 ], [ -82.9687666, 39.9680892 ], [ -82.9687633, 39.9681363 ], [ -82.9687168, 39.9681344 ], [ -82.9687146, 39.9681656 ], [ -82.9685759, 39.96816 ] ] ] } },
{ "type": "Feature", "properties": { "@id": "way/918650843", "amenity": null, "building": "residential", "name": null, "GEOID": "39049003000" }, "geometry": { "type": "Polygon", "coordinates": [ [ [ -82.980919, 39.9665184 ], [ -82.980956, 39.9665144 ], [ -82.9809446, 39.9664527 ], [ -82.9811745, 39.9664276 ], [ -82.9811908, 39.9665155 ], [ -82.9811561, 39.9665193 ], [ -82.9811593, 39.9665368 ], [ -82.9809271, 39.9665622 ], [ -82.980919, 39.9665184 ] ] ] } },
{ "type": "Feature", "properties": { "@id": "way/918650844", "amenity": null, "building": "residential", "name": null, "GEOID": "39049003600" }, "geometry": { "type": "Polygon", "coordinates": [ [ [ -82.9735692, 39.96626 ], [ -82.9735977, 39.9662614 ], [ -82.9735911, 39.9663434 ], [ -82.9735626, 39.9663421 ], [ -82.9735622, 39.9663481 ], [ -82.9733794, 39.9663396 ], [ -82.9733816, 39.9663114 ], [ -82.973399, 39.9663123 ], [ -82.9734043, 39.9662457 ], [ -82.9735697, 39.9662534 ], [ -82.9735692, 39.96626 ] ] ] } },
{ "type": "Feature", "properties": { "@id": "way/918650845", "amenity": null, "building": "residential", "name": null, "GEOID": "39049003600" }, "geometry": { "type": "Polygon", "coordinates": [ [ [ -82.9738429, 39.9669033 ], [ -82.9738502, 39.966805 ], [ -82.9742156, 39.966821 ], [ -82.9742083, 39.9669193 ], [ -82.9738429, 39.9669033 ] ] ] } },
{ "type": "Feature", "properties": { "@id": "way/918650846", "amenity": null, "building": "residential", "name": null, "GEOID": "39049003600" }, "geometry": { "type": "Polygon", "coordinates": [ [ [ -82.9714314, 39.967761 ], [ -82.9714376, 39.9676759 ], [ -82.9716714, 39.9676859 ], [ -82.9716652, 39.967771 ], [ -82.9714314, 39.967761 ] ] ] } },
{ "type": "Feature", "properties": { "@id": "way/918650847", "amenity": null, "building": "residential", "name": null, "GEOID": "39049003000" }, "geometry": { "type": "Polygon", "coordinates": [ [ [ -82.9818443, 39.9665095 ], [ -82.9818615, 39.9665071 ], [ -82.9818551, 39.9664806 ], [ -82.9819831, 39.9664625 ], [ -82.9819854, 39.9664724 ], [ -82.9820504, 39.9664632 ], [ -82.9820764, 39.9665716 ], [ -82.9818486, 39.9666038 ], [ -82.9818346, 39.9665457 ], [ -82.9818524, 39.9665432 ], [ -82.9818443, 39.9665095 ] ] ] } },
{ "type": "Feature", "properties": { "@id": "way/918650849", "amenity": null, "building": "residential", "name": null, "GEOID": "39049003600" }, "geometry": { "type": "Polygon", "coordinates": [ [ [ -82.9753283, 39.9668136 ], [ -82.9753319, 39.9667227 ], [ -82.9755296, 39.9667273 ], [ -82.975529, 39.9667435 ], [ -82.9755528, 39.9667441 ], [ -82.9755505, 39.9668028 ], [ -82.9755273, 39.9668022 ], [ -82.9755266, 39.9668182 ], [ -82.9753283, 39.9668136 ] ] ] } },
{ "type": "Feature", "properties": { "@id": "way/918650850", "amenity": null, "building": "residential", "name": null, "GEOID": "39049003600" }, "geometry": { "type": "Polygon", "coordinates": [ [ [ -82.9738616, 39.9665862 ], [ -82.9738618, 39.966582 ], [ -82.973834, 39.9665811 ], [ -82.9738383, 39.9664964 ], [ -82.9738683, 39.9664973 ], [ -82.9738685, 39.9664923 ], [ -82.9740963, 39.9664992 ], [ -82.9740915, 39.9665932 ], [ -82.9738616, 39.9665862 ] ] ] } },
{ "type": "Feature", "properties": { "@id": "way/918650852", "amenity": null, "building": "residential", "name": null, "GEOID": "39049003600" }, "geometry": { "type": "Polygon", "coordinates": [ [ [ -82.9761675, 39.967536 ], [ -82.9762698, 39.9675251 ], [ -82.9762946, 39.9676623 ], [ -82.9761923, 39.9676731 ], [ -82.9761675, 39.967536 ] ] ] } },
{ "type": "Feature", "properties": { "@id": "way/918650853", "amenity": null, "building": "residential", "name": null, "GEOID": "39049002800" }, "geometry": { "type": "Polygon", "coordinates": [ [ [ -82.9696409, 39.9679934 ], [ -82.9696452, 39.9679173 ], [ -82.969814, 39.9679229 ], [ -82.9698097, 39.967999 ], [ -82.9696409, 39.9679934 ] ] ] } },
{ "type": "Feature", "properties": { "@id": "way/918650859", "amenity": null, "building": "residential", "name": null, "GEOID": "39049002800" }, "geometry": { "type": "Polygon", "coordinates": [ [ [ -82.9686653, 39.966905 ], [ -82.9686676, 39.966876 ], [ -82.9686592, 39.9668756 ], [ -82.9686617, 39.9668445 ], [ -82.9686727, 39.966845 ], [ -82.9686752, 39.9668134 ], [ -82.9688556, 39.9668218 ], [ -82.9688532, 39.9668519 ], [ -82.9688347, 39.966851 ], [ -82.9688298, 39.9669128 ], [ -82.9686653, 39.966905 ] ] ] } },
{ "type": "Feature", "properties": { "@id": "way/918650861", "amenity": null, "building": "residential", "name": null, "GEOID": "39049003600" }, "geometry": { "type": "Polygon", "coordinates": [ [ [ -82.9782103, 39.9667087 ], [ -82.9782107, 39.9667001 ], [ -82.9781392, 39.9666979 ], [ -82.978143, 39.9666265 ], [ -82.9782172, 39.9666288 ], [ -82.9782176, 39.966622 ], [ -82.9784059, 39.9666278 ], [ -82.9784013, 39.9667146 ], [ -82.9782103, 39.9667087 ] ] ] } },
{ "type": "Feature", "properties": { "@id": "way/918650863", "amenity": null, "building": "residential", "name": null, "GEOID": "39049003600" }, "geometry": { "type": "Polygon", "coordinates": [ [ [ -82.9789749, 39.9657256 ], [ -82.9789582, 39.9657114 ], [ -82.9788922, 39.9657091 ], [ -82.9788926, 39.9657032 ], [ -82.9788795, 39.9656921 ], [ -82.9788803, 39.9656795 ], [ -82.9788548, 39.9656786 ], [ -82.978859, 39.9656079 ], [ -82.9788874, 39.9655882 ], [ -82.9789188, 39.9655893 ], [ -82.9789449, 39.9656115 ], [ -82.9789937, 39.9656144 ], [ -82.9790061, 39.9656051 ], [ -82.97903, 39.965606 ], [ -82.9790407, 39.9656156 ], [ -82.9790565, 39.9656161 ], [ -82.9790557, 39.9656277 ], [ -82.9791246, 39.96563 ], [ -82.9791218, 39.9656773 ], [ -82.9790942, 39.9656763 ], [ -82.9790936, 39.9656858 ], [ -82.9790684, 39.9656849 ], [ -82.9790668, 39.9657106 ], [ -82.9790412, 39.9657097 ], [ -82.9790162, 39.9657271 ], [ -82.9789749, 39.9657256 ] ] ] } },
{ "type": "Feature", "properties": { "@id": "way/918650866", "amenity": null, "building": "residential", "name": null, "GEOID": "39049003600" }, "geometry": { "type": "Polygon", "coordinates": [ [ [ -82.9728892, 39.9663569 ], [ -82.9728825, 39.9664439 ], [ -82.9727172, 39.9664364 ], [ -82.9727239, 39.9663495 ], [ -82.9728892, 39.9663569 ] ] ] } },
{ "type": "Feature", "properties": { "@id": "way/918650867", "amenity": null, "building": "residential", "name": null, "GEOID": "39049003600" }, "geometry": { "type": "Polygon", "coordinates": [ [ [ -82.9721528, 39.9671783 ], [ -82.9721563, 39.9671296 ], [ -82.9722562, 39.9671337 ], [ -82.9722574, 39.9671165 ], [ -82.9724084, 39.9671229 ], [ -82.9724037, 39.9671888 ], [ -82.9721528, 39.9671783 ] ] ] } },
{ "type": "Feature", "properties": { "@id": "way/918650868", "amenity": null, "building": "residential", "name": null, "GEOID": "39049003600" }, "geometry": { "type": "Polygon", "coordinates": [ [ [ -82.9766619, 39.9662962 ], [ -82.9766626, 39.9662735 ], [ -82.9767047, 39.9662743 ], [ -82.976704, 39.966297 ], [ -82.9767307, 39.9662975 ], [ -82.9767266, 39.9664299 ], [ -82.9766968, 39.9664294 ], [ -82.9766963, 39.9664459 ], [ -82.9766386, 39.9664449 ], [ -82.9766403, 39.9663886 ], [ -82.9766448, 39.9663886 ], [ -82.9766466, 39.9663319 ], [ -82.976657, 39.9663321 ], [ -82.9766581, 39.9662962 ], [ -82.9766619, 39.9662962 ] ] ] } },
{ "type": "Feature", "properties": { "@id": "way/918650869", "amenity": null, "building": "residential", "name": null, "GEOID": "39049003600" }, "geometry": { "type": "Polygon", "coordinates": [ [ [ -82.9702979, 39.9668714 ], [ -82.970303, 39.9667705 ], [ -82.9704338, 39.9667744 ], [ -82.9704319, 39.9668101 ], [ -82.9704534, 39.9668108 ], [ -82.9704501, 39.966876 ], [ -82.9702979, 39.9668714 ] ] ] } },
{ "type": "Feature", "properties": { "@id": "way/918650870", "amenity": null, "building": "residential", "name": null, "GEOID": "39049003600" }, "geometry": { "type": "Polygon", "coordinates": [ [ [ -82.9773927, 39.9664273 ], [ -82.9776191, 39.9664008 ], [ -82.9776353, 39.966482 ], [ -82.9774089, 39.9665085 ], [ -82.9773927, 39.9664273 ] ] ] } },
{ "type": "Feature", "properties": { "@id": "way/918650871", "amenity": null, "building": "residential", "name": null, "GEOID": "39049003600" }, "geometry": { "type": "Polygon", "coordinates": [ [ [ -82.9738985, 39.9661157 ], [ -82.974032, 39.9661196 ], [ -82.9740313, 39.9661342 ], [ -82.9741425, 39.9661374 ], [ -82.9741397, 39.9661927 ], [ -82.9739003, 39.9661856 ], [ -82.9739004, 39.9661833 ], [ -82.9738679, 39.9661823 ], [ -82.9738695, 39.9661509 ], [ -82.9738901, 39.9661515 ], [ -82.9738917, 39.9661197 ], [ -82.9738983, 39.9661199 ], [ -82.9738985, 39.9661157 ] ] ] } },
{ "type": "Feature", "properties": { "@id": "way/918650872", "amenity": null, "building": "residential", "name": null, "GEOID": "39049002800" }, "geometry": { "type": "Polygon", "coordinates": [ [ [ -82.9695425, 39.9678936 ], [ -82.9695447, 39.967864 ], [ -82.969526, 39.9678632 ], [ -82.9695294, 39.9678172 ], [ -82.9696939, 39.9678242 ], [ -82.969691, 39.9678638 ], [ -82.9696659, 39.9678627 ], [ -82.9696633, 39.9678988 ], [ -82.9695425, 39.9678936 ] ] ] } },
{ "type": "Feature", "properties": { "@id": "way/918650874", "amenity": null, "building": "residential", "name": null, "GEOID": "39049003600" }, "geometry": { "type": "Polygon", "coordinates": [ [ [ -82.9755214, 39.9661539 ], [ -82.9755128, 39.966295 ], [ -82.9753392, 39.9662888 ], [ -82.9753478, 39.9661477 ], [ -82.9755214, 39.9661539 ] ] ] } },
{ "type": "Feature", "properties": { "@id": "way/918650876", "amenity": null, "building": "residential", "name": null, "GEOID": "39049003600" }, "geometry": { "type": "Polygon", "coordinates": [ [ [ -82.9738655, 39.9662718 ], [ -82.9738675, 39.9662295 ], [ -82.9738885, 39.9662301 ], [ -82.9738902, 39.9661935 ], [ -82.9740177, 39.9661969 ], [ -82.9740157, 39.9662404 ], [ -82.9740918, 39.9662424 ], [ -82.9740896, 39.9662895 ], [ -82.9739599, 39.9662861 ], [ -82.9739604, 39.9662744 ], [ -82.9738655, 39.9662718 ] ] ] } },
{ "type": "Feature", "properties": { "@id": "way/918650879", "amenity": null, "building": "residential", "name": null, "GEOID": "39049003600" }, "geometry": { "type": "Polygon", "coordinates": [ [ [ -82.9754698, 39.9668318 ], [ -82.9754653, 39.9669396 ], [ -82.9752985, 39.9669355 ], [ -82.975303, 39.9668277 ], [ -82.9754698, 39.9668318 ] ] ] } },
{ "type": "Feature", "properties": { "@id": "way/918650881", "amenity": null, "building": "residential", "name": null, "GEOID": "39049003600" }, "geometry": { "type": "Polygon", "coordinates": [ [ [ -82.9726957, 39.9669376 ], [ -82.9727024, 39.9668444 ], [ -82.9729943, 39.9668568 ], [ -82.9729875, 39.96695 ], [ -82.9726957, 39.9669376 ] ] ] } },
{ "type": "Feature", "properties": { "@id": "way/918650882", "amenity": null, "building": "residential", "name": null, "GEOID": "39049003600" }, "geometry": { "type": "Polygon", "coordinates": [ [ [ -82.9702823, 39.966984 ], [ -82.9702839, 39.9669683 ], [ -82.9702468, 39.9669661 ], [ -82.9702522, 39.9669128 ], [ -82.9702795, 39.9669144 ], [ -82.9702823, 39.9668863 ], [ -82.9704523, 39.9668965 ], [ -82.9704458, 39.9669598 ], [ -82.9704236, 39.9669585 ], [ -82.9704201, 39.9669922 ], [ -82.9702823, 39.966984 ] ] ] } },
{ "type": "Feature", "properties": { "@id": "way/918650883", "amenity": null, "building": "residential", "name": null, "GEOID": "39049003600" }, "geometry": { "type": "Polygon", "coordinates": [ [ [ -82.975349, 39.9659809 ], [ -82.9753122, 39.9659802 ], [ -82.9753144, 39.9659081 ], [ -82.9755789, 39.9659131 ], [ -82.9755761, 39.9660017 ], [ -82.9753484, 39.9659975 ], [ -82.975349, 39.9659809 ] ] ] } },
{ "type": "Feature", "properties": { "@id": "way/918650885", "amenity": null, "building": "residential", "name": null, "GEOID": "39049003600" }, "geometry": { "type": "Polygon", "coordinates": [ [ [ -82.9733185, 39.9678022 ], [ -82.9733225, 39.9677544 ], [ -82.9732753, 39.9677524 ], [ -82.9732806, 39.9676827 ], [ -82.9733527, 39.9676852 ], [ -82.973354, 39.9676731 ], [ -82.9734195, 39.9676758 ], [ -82.9734182, 39.9676884 ], [ -82.9734773, 39.9676907 ], [ -82.973474, 39.9677346 ], [ -82.9735075, 39.9677356 ], [ -82.9735036, 39.9677911 ], [ -82.973478, 39.9678088 ], [ -82.9733185, 39.9678022 ] ] ] } },
{ "type": "Feature", "properties": { "@id": "way/918650887", "amenity": null, "building": "residential", "name": null, "GEOID": "39049003600" }, "geometry": { "type": "Polygon", "coordinates": [ [ [ -82.9729813, 39.9661296 ], [ -82.9729804, 39.9661412 ], [ -82.9730032, 39.9661423 ], [ -82.9730015, 39.9661647 ], [ -82.9729824, 39.9661639 ], [ -82.9729806, 39.9661875 ], [ -82.9730001, 39.9661884 ], [ -82.9729987, 39.9662065 ], [ -82.9729799, 39.9662056 ], [ -82.9729786, 39.9662224 ], [ -82.9727701, 39.9662129 ], [ -82.9727773, 39.9661202 ], [ -82.9729813, 39.9661296 ] ] ] } },
{ "type": "Feature", "properties": { "@id": "way/918650888", "amenity": null, "building": "residential", "name": null, "GEOID": "39049003600" }, "geometry": { "type": "Polygon", "coordinates": [ [ [ -82.9710411, 39.9667116 ], [ -82.9710421, 39.9666973 ], [ -82.9710007, 39.9666955 ], [ -82.9710062, 39.9666226 ], [ -82.9712088, 39.9666316 ], [ -82.9712022, 39.9667188 ], [ -82.9710411, 39.9667116 ] ] ] } },
{ "type": "Feature", "properties": { "@id": "way/918650890", "amenity": null, "building": "residential", "name": null, "GEOID": "39049003600" }, "geometry": { "type": "Polygon", "coordinates": [ [ [ -82.9702731, 39.9671531 ], [ -82.9703259, 39.9671554 ], [ -82.9703232, 39.9671918 ], [ -82.9704282, 39.9671963 ], [ -82.9704195, 39.967314 ], [ -82.9702549, 39.9673069 ], [ -82.9702565, 39.9672862 ], [ -82.9702304, 39.9672851 ], [ -82.9702329, 39.9672513 ], [ -82.970259, 39.9672524 ], [ -82.9702621, 39.9672102 ], [ -82.9702688, 39.9672105 ], [ -82.9702731, 39.9671531 ] ] ] } },
{ "type": "Feature", "properties": { "@id": "way/918650893", "amenity": null, "building": "residential", "name": null, "GEOID": "39049003600" }, "geometry": { "type": "Polygon", "coordinates": [ [ [ -82.9726443, 39.9671972 ], [ -82.972649, 39.9671308 ], [ -82.972885, 39.9671407 ], [ -82.9728814, 39.9671917 ], [ -82.9728504, 39.9671904 ], [ -82.9728493, 39.9672058 ], [ -82.9726443, 39.9671972 ] ] ] } },
{ "type": "Feature", "properties": { "@id": "way/918650894", "amenity": null, "building": "residential", "name": null, "GEOID": "39049003600" }, "geometry": { "type": "Polygon", "coordinates": [ [ [ -82.9726223, 39.9676578 ], [ -82.9726286, 39.9675717 ], [ -82.9727397, 39.9675765 ], [ -82.972737, 39.9676136 ], [ -82.9727812, 39.9676155 ], [ -82.9727776, 39.9676645 ], [ -82.9726223, 39.9676578 ] ] ] } },
{ "type": "Feature", "properties": { "@id": "way/918650896", "amenity": null, "building": "residential", "name": null, "GEOID": "39049002800" }, "geometry": { "type": "Polygon", "coordinates": [ [ [ -82.9694823, 39.9676938 ], [ -82.9694839, 39.9676734 ], [ -82.9694564, 39.9676722 ], [ -82.96946, 39.9676241 ], [ -82.9694898, 39.9676254 ], [ -82.9694918, 39.9675994 ], [ -82.9696433, 39.9676061 ], [ -82.9696409, 39.9676384 ], [ -82.9696648, 39.9676394 ], [ -82.9696627, 39.9676683 ], [ -82.969637, 39.9676671 ], [ -82.9696345, 39.9677006 ], [ -82.9694823, 39.9676938 ] ] ] } },
{ "type": "Feature", "properties": { "@id": "way/918650900", "amenity": null, "building": "residential", "name": null, "GEOID": "39049003600" }, "geometry": { "type": "Polygon", "coordinates": [ [ [ -82.971458, 39.9674927 ], [ -82.9714599, 39.9674665 ], [ -82.9714405, 39.9674656 ], [ -82.9714441, 39.9674181 ], [ -82.9716904, 39.9674291 ], [ -82.9716886, 39.9674535 ], [ -82.9716791, 39.9674531 ], [ -82.971678, 39.9674684 ], [ -82.9716464, 39.967467 ], [ -82.9716459, 39.9674731 ], [ -82.9715938, 39.9674708 ], [ -82.9715917, 39.9674987 ], [ -82.971458, 39.9674927 ] ] ] } },
{ "type": "Feature", "properties": { "@id": "way/918650901", "amenity": null, "building": "residential", "name": null, "GEOID": "39049003600" }, "geometry": { "type": "Polygon", "coordinates": [ [ [ -82.9720738, 39.9679372 ], [ -82.9721442, 39.9679296 ], [ -82.9721599, 39.968015 ], [ -82.9721747, 39.9680134 ], [ -82.9721919, 39.9681068 ], [ -82.9721067, 39.968116 ], [ -82.9720738, 39.9679372 ] ] ] } },
{ "type": "Feature", "properties": { "@id": "way/918650904", "amenity": null, "building": "residential", "name": null, "GEOID": "39049003600" }, "geometry": { "type": "Polygon", "coordinates": [ [ [ -82.9752488, 39.9675966 ], [ -82.9752523, 39.9675182 ], [ -82.9755064, 39.9675249 ], [ -82.9755028, 39.9676033 ], [ -82.9752488, 39.9675966 ] ] ] } },
{ "type": "Feature", "properties": { "@id": "way/918650906", "amenity": null, "building": "residential", "name": null, "GEOID": "39049003000" }, "geometry": { "type": "Polygon", "coordinates": [ [ [ -82.9818326, 39.965841 ], [ -82.9818574, 39.9658107 ], [ -82.9819486, 39.9657999 ], [ -82.9819501, 39.9658076 ], [ -82.981985, 39.9658036 ], [ -82.981988, 39.9658184 ], [ -82.9820707, 39.9658087 ], [ -82.9820823, 39.9658844 ], [ -82.9818468, 39.9659116 ], [ -82.9818326, 39.965841 ] ] ] } },
{ "type": "Feature", "properties": { "@id": "way/918650907", "amenity": null, "building": "residential", "name": null, "GEOID": "39049003600" }, "geometry": { "type": "Polygon", "coordinates": [ [ [ -82.9731049, 39.9680134 ], [ -82.973065, 39.968018 ], [ -82.9730478, 39.9679297 ], [ -82.9730852, 39.9679255 ], [ -82.9730795, 39.967896 ], [ -82.9731384, 39.9678892 ], [ -82.9731655, 39.9680281 ], [ -82.9731091, 39.9680346 ], [ -82.9731049, 39.9680134 ] ] ] } },
{ "type": "Feature", "properties": { "@id": "way/918650912", "amenity": null, "building": "residential", "name": null, "GEOID": "39049003600" }, "geometry": { "type": "Polygon", "coordinates": [ [ [ -82.975834, 39.9676227 ], [ -82.9758945, 39.9676168 ], [ -82.9759123, 39.9677231 ], [ -82.9758519, 39.9677291 ], [ -82.975834, 39.9676227 ] ] ] } },
{ "type": "Feature", "properties": { "@id": "way/918650913", "amenity": null, "building": "residential", "name": null, "GEOID": "39049003600" }, "geometry": { "type": "Polygon", "coordinates": [ [ [ -82.9721504, 39.9675169 ], [ -82.9721541, 39.9674627 ], [ -82.9721936, 39.9674642 ], [ -82.972194, 39.9674583 ], [ -82.9723395, 39.967464 ], [ -82.9723354, 39.9675242 ], [ -82.9721504, 39.9675169 ] ] ] } },
{ "type": "Feature", "properties": { "@id": "way/918650914", "amenity": null, "building": "residential", "name": null, "GEOID": "39049002800" }, "geometry": { "type": "Polygon", "coordinates": [ [ [ -82.9695734, 39.9684163 ], [ -82.9695512, 39.9684186 ], [ -82.9695341, 39.9683253 ], [ -82.9695229, 39.9683265 ], [ -82.9695174, 39.9682966 ], [ -82.9696151, 39.9682861 ], [ -82.9696221, 39.9683246 ], [ -82.9696362, 39.9683231 ], [ -82.9696457, 39.9683753 ], [ -82.9696331, 39.9683766 ], [ -82.9696403, 39.9684156 ], [ -82.9695746, 39.9684227 ], [ -82.9695734, 39.9684163 ] ] ] } },
{ "type": "Feature", "properties": { "@id": "way/918650915", "amenity": null, "building": "residential", "name": null, "GEOID": "39049003600" }, "geometry": { "type": "Polygon", "coordinates": [ [ [ -82.9748733, 39.9668814 ], [ -82.9748731, 39.9668869 ], [ -82.9747147, 39.9668832 ], [ -82.9747149, 39.9668792 ], [ -82.9746784, 39.9668783 ], [ -82.9746804, 39.9668281 ], [ -82.9747191, 39.966829 ], [ -82.9747214, 39.9667725 ], [ -82.9748628, 39.9667758 ], [ -82.9748621, 39.9667911 ], [ -82.9749107, 39.9667922 ], [ -82.9749071, 39.9668822 ], [ -82.9748733, 39.9668814 ] ] ] } },
{ "type": "Feature", "properties": { "@id": "way/918650916", "amenity": null, "building": "residential", "name": null, "GEOID": "39049003600" }, "geometry": { "type": "Polygon", "coordinates": [ [ [ -82.978216, 39.9671569 ], [ -82.9782182, 39.9671272 ], [ -82.9781536, 39.9671244 ], [ -82.9781566, 39.9670828 ], [ -82.9782278, 39.9670859 ], [ -82.978229, 39.9670697 ], [ -82.978376, 39.9670761 ], [ -82.9783724, 39.967124 ], [ -82.978362, 39.9671235 ], [ -82.9783591, 39.9671631 ], [ -82.978216, 39.9671569 ] ] ] } },
{ "type": "Feature", "properties": { "@id": "way/918650917", "amenity": null, "building": "residential", "name": null, "GEOID": "39049003600" }, "geometry": { "type": "Polygon", "coordinates": [ [ [ -82.9715459, 39.9664142 ], [ -82.971549, 39.9663717 ], [ -82.9715797, 39.9663731 ], [ -82.9715826, 39.9663341 ], [ -82.9717022, 39.9663393 ], [ -82.971701, 39.9663551 ], [ -82.9717244, 39.9663561 ], [ -82.9717195, 39.9664217 ], [ -82.9715459, 39.9664142 ] ] ] } },
{ "type": "Feature", "properties": { "@id": "way/918650926", "amenity": null, "building": "residential", "name": null, "GEOID": "39049003000" }, "geometry": { "type": "Polygon", "coordinates": [ [ [ -82.9822126, 39.9670084 ], [ -82.9821771, 39.9670125 ], [ -82.9821634, 39.9669443 ], [ -82.9822646, 39.9669324 ], [ -82.9822816, 39.9670174 ], [ -82.982216, 39.9670251 ], [ -82.9822126, 39.9670084 ] ] ] } },
{ "type": "Feature", "properties": { "@id": "way/918650927", "amenity": null, "building": "residential", "name": null, "GEOID": "39049003600" }, "geometry": { "type": "Polygon", "coordinates": [ [ [ -82.9788938, 39.9662672 ], [ -82.978896, 39.9662431 ], [ -82.9788677, 39.9662417 ], [ -82.9788669, 39.9662357 ], [ -82.9788512, 39.9662245 ], [ -82.9788518, 39.9662031 ], [ -82.9788683, 39.9661936 ], [ -82.9788687, 39.9661898 ], [ -82.9789314, 39.9661904 ], [ -82.978945, 39.9661806 ], [ -82.9789626, 39.9661812 ], [ -82.978969, 39.966186 ], [ -82.9789694, 39.9661806 ], [ -82.9790483, 39.9661844 ], [ -82.9790467, 39.9662036 ], [ -82.9790898, 39.9662057 ], [ -82.9790879, 39.9662282 ], [ -82.9790929, 39.9662285 ], [ -82.9790892, 39.9662735 ], [ -82.9788938, 39.9662672 ] ] ] } },
{ "type": "Feature", "properties": { "@id": "way/918650929", "amenity": null, "building": "residential", "name": null, "GEOID": "39049003600" }, "geometry": { "type": "Polygon", "coordinates": [ [ [ -82.972209, 39.9676092 ], [ -82.9722104, 39.967589 ], [ -82.9721624, 39.967587 ], [ -82.9721659, 39.9675376 ], [ -82.972363, 39.9675457 ], [ -82.9723581, 39.9676154 ], [ -82.972209, 39.9676092 ] ] ] } },
{ "type": "Feature", "properties": { "@id": "way/918650930", "amenity": null, "building": "residential", "name": null, "GEOID": "39049003600" }, "geometry": { "type": "Polygon", "coordinates": [ [ [ -82.9738354, 39.9677193 ], [ -82.9738367, 39.9677019 ], [ -82.9737825, 39.9676996 ], [ -82.9737889, 39.9676125 ], [ -82.9738388, 39.9676146 ], [ -82.9738397, 39.9676026 ], [ -82.9739079, 39.9676056 ], [ -82.973907, 39.9676174 ], [ -82.9739636, 39.9676199 ], [ -82.973957, 39.9677098 ], [ -82.973904, 39.9677075 ], [ -82.973903, 39.9677222 ], [ -82.9738354, 39.9677193 ] ] ] } },
{ "type": "Feature", "properties": { "@id": "way/918650933", "amenity": null, "building": "residential", "name": null, "GEOID": "39049003600" }, "geometry": { "type": "Polygon", "coordinates": [ [ [ -82.9747241, 39.9672521 ], [ -82.9747258, 39.9672279 ], [ -82.9747096, 39.9672272 ], [ -82.9747122, 39.9671909 ], [ -82.9747281, 39.9671916 ], [ -82.9747316, 39.9671427 ], [ -82.9748761, 39.9671486 ], [ -82.9748753, 39.9671606 ], [ -82.9749046, 39.9671618 ], [ -82.9748988, 39.9672444 ], [ -82.9748737, 39.9672433 ], [ -82.9748726, 39.9672583 ], [ -82.9747241, 39.9672521 ] ] ] } },
{ "type": "Feature", "properties": { "@id": "way/918650935", "amenity": null, "building": "residential", "name": null, "GEOID": "39049003600" }, "geometry": { "type": "Polygon", "coordinates": [ [ [ -82.9715331, 39.9666037 ], [ -82.9715366, 39.9665564 ], [ -82.9715666, 39.9665577 ], [ -82.971569, 39.9665262 ], [ -82.9716947, 39.9665317 ], [ -82.9716929, 39.9665568 ], [ -82.9717132, 39.9665576 ], [ -82.9717092, 39.9666113 ], [ -82.9715331, 39.9666037 ] ] ] } },
{ "type": "Feature", "properties": { "@id": "way/918650936", "amenity": null, "building": "residential", "name": null, "GEOID": "39049003600" }, "geometry": { "type": "Polygon", "coordinates": [ [ [ -82.9747009, 39.9674929 ], [ -82.9747018, 39.9674798 ], [ -82.9746799, 39.9674789 ], [ -82.9746831, 39.9674332 ], [ -82.974711, 39.9674343 ], [ -82.9747136, 39.967396 ], [ -82.9748666, 39.9674022 ], [ -82.9748654, 39.9674197 ], [ -82.9748887, 39.9674206 ], [ -82.9748846, 39.9674797 ], [ -82.9748583, 39.9674787 ], [ -82.9748569, 39.9674992 ], [ -82.9747009, 39.9674929 ] ] ] } },
{ "type": "Feature", "properties": { "@id": "way/918650938", "amenity": null, "building": "residential", "name": null, "GEOID": "39049003600" }, "geometry": { "type": "Polygon", "coordinates": [ [ [ -82.9755417, 39.967749 ], [ -82.9755464, 39.967632 ], [ -82.9756499, 39.9676345 ], [ -82.9756451, 39.9677515 ], [ -82.9755417, 39.967749 ] ] ] } },
{ "type": "Feature", "properties": { "@id": "way/918650940", "amenity": null, "building": "residential", "name": null, "GEOID": "39049003600" }, "geometry": { "type": "Polygon", "coordinates": [ [ [ -82.9711402, 39.9671632 ], [ -82.9711663, 39.9671646 ], [ -82.9711581, 39.9672512 ], [ -82.971132, 39.9672498 ], [ -82.9711314, 39.9672564 ], [ -82.9709851, 39.9672483 ], [ -82.9709856, 39.9672431 ], [ -82.970931, 39.9672401 ], [ -82.9709318, 39.9672315 ], [ -82.9709127, 39.9672305 ], [ -82.9709162, 39.9671931 ], [ -82.9709345, 39.9671941 ], [ -82.9709369, 39.9671692 ], [ -82.9709922, 39.9671722 ], [ -82.9709943, 39.9671502 ], [ -82.9711407, 39.9671583 ], [ -82.9711402, 39.9671632 ] ] ] } },
{ "type": "Feature", "properties": { "@id": "way/918650941", "amenity": null, "building": "residential", "name": null, "GEOID": "39049003600" }, "geometry": { "type": "Polygon", "coordinates": [ [ [ -82.9788535, 39.9658237 ], [ -82.9788628, 39.9657303 ], [ -82.9790352, 39.9657404 ], [ -82.9790259, 39.9658338 ], [ -82.9788535, 39.9658237 ] ] ] } },
{ "type": "Feature", "properties": { "@id": "way/918650942", "amenity": null, "building": "residential", "name": null, "GEOID": "39049003000" }, "geometry": { "type": "Polygon", "coordinates": [ [ [ -82.9818735, 39.9667382 ], [ -82.9817789, 39.9667488 ], [ -82.9817723, 39.9667138 ], [ -82.9817783, 39.9667131 ], [ -82.9817678, 39.966658 ], [ -82.981968, 39.9666356 ], [ -82.9819703, 39.9666477 ], [ -82.9820345, 39.9666405 ], [ -82.9820468, 39.9667051 ], [ -82.9819357, 39.9667175 ], [ -82.9819408, 39.9667443 ], [ -82.9819998, 39.9667377 ], [ -82.9820116, 39.9667999 ], [ -82.9818139, 39.966822 ], [ -82.9818081, 39.9667918 ], [ -82.9818161, 39.9667909 ], [ -82.9818093, 39.9667552 ], [ -82.9818754, 39.9667478 ], [ -82.9818735, 39.9667382 ] ] ] } },
{ "type": "Feature", "properties": { "@id": "way/918650945", "amenity": null, "building": "residential", "name": null, "GEOID": "39049002800" }, "geometry": { "type": "Polygon", "coordinates": [ [ [ -82.9686753, 39.9672302 ], [ -82.9686827, 39.9671322 ], [ -82.9688379, 39.9671391 ], [ -82.9688305, 39.9672371 ], [ -82.9686753, 39.9672302 ] ] ] } },
{ "type": "Feature", "properties": { "@id": "way/918650948", "amenity": null, "building": "residential", "name": null, "GEOID": "39049003600" }, "geometry": { "type": "Polygon", "coordinates": [ [ [ -82.9721425, 39.9672651 ], [ -82.9721464, 39.9672085 ], [ -82.9721892, 39.9672106 ], [ -82.9721899, 39.9672023 ], [ -82.972257, 39.9672048 ], [ -82.9722698, 39.9671959 ], [ -82.9723054, 39.9671974 ], [ -82.9723126, 39.9672034 ], [ -82.9724033, 39.9672075 ], [ -82.972398, 39.9672761 ], [ -82.9721425, 39.9672651 ] ] ] } },
{ "type": "Feature", "properties": { "@id": "way/918650949", "amenity": null, "building": "residential", "name": null, "GEOID": "39049002800" }, "geometry": { "type": "Polygon", "coordinates": [ [ [ -82.9696639, 39.9672056 ], [ -82.9696947, 39.9672071 ], [ -82.9696905, 39.9672576 ], [ -82.9696596, 39.9672561 ], [ -82.9696576, 39.9672804 ], [ -82.9695298, 39.9672743 ], [ -82.9695328, 39.9672386 ], [ -82.9694995, 39.9672369 ], [ -82.9695039, 39.9671841 ], [ -82.969665, 39.9671919 ], [ -82.9696639, 39.9672056 ] ] ] } },
{ "type": "Feature", "properties": { "@id": "way/918650950", "amenity": null, "building": "residential", "name": null, "GEOID": "39049003600" }, "geometry": { "type": "Polygon", "coordinates": [ [ [ -82.970372, 39.9675377 ], [ -82.9703651, 39.9676272 ], [ -82.9702283, 39.9676211 ], [ -82.9702296, 39.9676038 ], [ -82.970196, 39.9676023 ], [ -82.9702001, 39.9675485 ], [ -82.9702349, 39.9675501 ], [ -82.9702363, 39.9675316 ], [ -82.970372, 39.9675377 ] ] ] } },
{ "type": "Feature", "properties": { "@id": "way/918650951", "amenity": null, "building": "residential", "name": null, "GEOID": "39049003600" }, "geometry": { "type": "Polygon", "coordinates": [ [ [ -82.973329, 39.9669217 ], [ -82.9733582, 39.9669227 ], [ -82.9733594, 39.9669015 ], [ -82.9733843, 39.9669023 ], [ -82.973385, 39.9668904 ], [ -82.973564, 39.9668963 ], [ -82.9735599, 39.966969 ], [ -82.9733809, 39.9669631 ], [ -82.9733816, 39.966951 ], [ -82.9733275, 39.9669492 ], [ -82.973329, 39.9669217 ] ] ] } },
{ "type": "Feature", "properties": { "@id": "way/918650953", "amenity": null, "building": "residential", "name": null, "GEOID": "39049003600" }, "geometry": { "type": "Polygon", "coordinates": [ [ [ -82.9715569, 39.9667103 ], [ -82.9715581, 39.9666933 ], [ -82.9715274, 39.966692 ], [ -82.9715314, 39.9666332 ], [ -82.9715632, 39.9666345 ], [ -82.9715643, 39.9666184 ], [ -82.9716913, 39.9666235 ], [ -82.9716851, 39.9667155 ], [ -82.9715569, 39.9667103 ] ] ] } },
{ "type": "Feature", "properties": { "@id": "way/918650955", "amenity": null, "building": "residential", "name": null, "GEOID": "39049003600" }, "geometry": { "type": "Polygon", "coordinates": [ [ [ -82.9732852, 39.9667867 ], [ -82.9732931, 39.9666816 ], [ -82.9735736, 39.966694 ], [ -82.9735702, 39.9667394 ], [ -82.9735373, 39.9667379 ], [ -82.9735362, 39.9667527 ], [ -82.9735701, 39.9667542 ], [ -82.9735667, 39.9667992 ], [ -82.9732852, 39.9667867 ] ] ] } },
{ "type": "Feature", "properties": { "@id": "way/918650958", "amenity": null, "building": "residential", "name": null, "GEOID": "39049003600" }, "geometry": { "type": "Polygon", "coordinates": [ [ [ -82.975247, 39.967502 ], [ -82.9752482, 39.9674654 ], [ -82.9752703, 39.9674658 ], [ -82.9752707, 39.9674532 ], [ -82.9752498, 39.9674528 ], [ -82.9752511, 39.9674128 ], [ -82.9754626, 39.9674169 ], [ -82.9754624, 39.9674213 ], [ -82.9754992, 39.967422 ], [ -82.9754969, 39.9674939 ], [ -82.97546, 39.9674932 ], [ -82.9754596, 39.9675061 ], [ -82.975247, 39.967502 ] ] ] } },
{ "type": "Feature", "properties": { "@id": "way/918650959", "amenity": null, "building": "residential", "name": null, "GEOID": "39049002800" }, "geometry": { "type": "Polygon", "coordinates": [ [ [ -82.9686609, 39.9672907 ], [ -82.9686634, 39.9672495 ], [ -82.9687088, 39.9672511 ], [ -82.9687077, 39.9672686 ], [ -82.968735, 39.9672696 ], [ -82.9687361, 39.9672522 ], [ -82.9687828, 39.9672538 ], [ -82.968782, 39.9672665 ], [ -82.9688004, 39.9672671 ], [ -82.9688012, 39.9672545 ], [ -82.9688394, 39.9672559 ], [ -82.9688368, 39.9672976 ], [ -82.9688623, 39.9672985 ], [ -82.9688603, 39.9673319 ], [ -82.9688347, 39.967331 ], [ -82.9688334, 39.9673536 ], [ -82.968622, 39.967346 ], [ -82.9686255, 39.9672894 ], [ -82.9686609, 39.9672907 ] ] ] } },
{ "type": "Feature", "properties": { "@id": "way/918650961", "amenity": null, "building": "residential", "name": null, "GEOID": "39049003600" }, "geometry": { "type": "Polygon", "coordinates": [ [ [ -82.9752549, 39.9673759 ], [ -82.9752578, 39.9672853 ], [ -82.9754729, 39.9672894 ], [ -82.9754722, 39.967311 ], [ -82.9755098, 39.9673117 ], [ -82.9755082, 39.9673606 ], [ -82.9754716, 39.9673599 ], [ -82.975471, 39.9673801 ], [ -82.9752549, 39.9673759 ] ] ] } },
{ "type": "Feature", "properties": { "@id": "way/918650962", "amenity": null, "building": "residential", "name": null, "GEOID": "39049002800" }, "geometry": { "type": "Polygon", "coordinates": [ [ [ -82.9695598, 39.9669408 ], [ -82.9695666, 39.9668527 ], [ -82.9697297, 39.9668601 ], [ -82.9697229, 39.9669482 ], [ -82.9695598, 39.9669408 ] ] ] } },
{ "type": "Feature", "properties": { "@id": "way/918650963", "amenity": null, "building": "residential", "name": null, "GEOID": "39049003600" }, "geometry": { "type": "Polygon", "coordinates": [ [ [ -82.9722266, 39.9669036 ], [ -82.9721686, 39.9669015 ], [ -82.9721702, 39.9668742 ], [ -82.9722041, 39.9668754 ], [ -82.9722059, 39.9668468 ], [ -82.9722301, 39.9668477 ], [ -82.9722303, 39.9668441 ], [ -82.9724056, 39.9668505 ], [ -82.9724017, 39.9669151 ], [ -82.9722263, 39.9669088 ], [ -82.9722266, 39.9669036 ] ] ] } },
{ "type": "Feature", "properties": { "@id": "way/918650964", "amenity": null, "building": "residential", "name": null, "GEOID": "39049003600" }, "geometry": { "type": "Polygon", "coordinates": [ [ [ -82.9714685, 39.9674068 ], [ -82.9714736, 39.967339 ], [ -82.9715253, 39.9673413 ], [ -82.9715263, 39.967328 ], [ -82.9716399, 39.967333 ], [ -82.9716392, 39.9673417 ], [ -82.9716635, 39.9673428 ], [ -82.9716596, 39.9673952 ], [ -82.9716357, 39.9673942 ], [ -82.9716342, 39.9674141 ], [ -82.9714685, 39.9674068 ] ] ] } },
{ "type": "Feature", "properties": { "@id": "way/918650970", "amenity": null, "building": "residential", "name": null, "GEOID": "39049003000" }, "geometry": { "type": "Polygon", "coordinates": [ [ [ -82.9819, 39.9663748 ], [ -82.9819336, 39.9663714 ], [ -82.9819287, 39.9663423 ], [ -82.9820023, 39.9663349 ], [ -82.9820042, 39.9663462 ], [ -82.982163, 39.9663304 ], [ -82.9821705, 39.9663748 ], [ -82.9821908, 39.9663727 ], [ -82.9821989, 39.9664205 ], [ -82.9819125, 39.966449 ], [ -82.9819, 39.9663748 ] ] ] } },
{ "type": "Feature", "properties": { "@id": "way/918650972", "amenity": null, "building": "residential", "name": null, "GEOID": "39049002800" }, "geometry": { "type": "Polygon", "coordinates": [ [ [ -82.9692001, 39.9684628 ], [ -82.9691683, 39.968466 ], [ -82.9691504, 39.9683593 ], [ -82.969189, 39.9683554 ], [ -82.9691853, 39.9683336 ], [ -82.9692149, 39.9683307 ], [ -82.9692171, 39.9683442 ], [ -82.969243, 39.9683416 ], [ -82.9692479, 39.9683707 ], [ -82.9692556, 39.9683699 ], [ -82.9692711, 39.9684625 ], [ -82.9692013, 39.9684694 ], [ -82.9692001, 39.9684628 ] ] ] } },
{ "type": "Feature", "properties": { "@id": "way/918650973", "amenity": null, "building": "residential", "name": null, "GEOID": "39049003600" }, "geometry": { "type": "Polygon", "coordinates": [ [ [ -82.9710378, 39.9671462 ], [ -82.9710385, 39.9671354 ], [ -82.9709837, 39.9671332 ], [ -82.9709892, 39.9670554 ], [ -82.9710433, 39.9670577 ], [ -82.9710439, 39.9670479 ], [ -82.9711452, 39.9670521 ], [ -82.9711435, 39.9670768 ], [ -82.9711739, 39.967078 ], [ -82.9711702, 39.9671303 ], [ -82.9711399, 39.967129 ], [ -82.9711383, 39.9671503 ], [ -82.9710378, 39.9671462 ] ] ] } },
{ "type": "Feature", "properties": { "@id": "way/918650974", "amenity": null, "building": "residential", "name": null, "GEOID": "39049003600" }, "geometry": { "type": "Polygon", "coordinates": [ [ [ -82.97264, 39.9672903 ], [ -82.9726425, 39.967251 ], [ -82.9726719, 39.9672521 ], [ -82.9726748, 39.9672074 ], [ -82.9728546, 39.9672142 ], [ -82.9728496, 39.9672912 ], [ -82.9727933, 39.967289 ], [ -82.9727928, 39.9672961 ], [ -82.97264, 39.9672903 ] ] ] } },
{ "type": "Feature", "properties": { "@id": "way/918650976", "amenity": null, "building": "residential", "name": null, "GEOID": "39049003600" }, "geometry": { "type": "Polygon", "coordinates": [ [ [ -82.9738146, 39.9675419 ], [ -82.9738156, 39.9675277 ], [ -82.9737823, 39.9675263 ], [ -82.9737858, 39.9674751 ], [ -82.9738084, 39.967476 ], [ -82.9738103, 39.967448 ], [ -82.9739159, 39.9674522 ], [ -82.9739149, 39.9674668 ], [ -82.9739614, 39.9674687 ], [ -82.9739593, 39.9674996 ], [ -82.9740403, 39.9675028 ], [ -82.9740371, 39.9675508 ], [ -82.9738146, 39.9675419 ] ] ] } },
{ "type": "Feature", "properties": { "@id": "way/918650977", "amenity": null, "building": "residential", "name": null, "GEOID": "39049003600" }, "geometry": { "type": "Polygon", "coordinates": [ [ [ -82.9789007, 39.96675 ], [ -82.978901, 39.9667377 ], [ -82.978819, 39.9667342 ], [ -82.9788255, 39.9666441 ], [ -82.9788977, 39.9666473 ], [ -82.9789139, 39.966636 ], [ -82.9789433, 39.9666373 ], [ -82.978962, 39.966653 ], [ -82.9790517, 39.9666574 ], [ -82.9790421, 39.9667567 ], [ -82.9789007, 39.96675 ] ] ] } },
{ "type": "Feature", "properties": { "@id": "way/918650979", "amenity": null, "building": "residential", "name": null, "GEOID": "39049002800" }, "geometry": { "type": "Polygon", "coordinates": [ [ [ -82.9696277, 39.967152 ], [ -82.9696265, 39.9671655 ], [ -82.9695481, 39.9671615 ], [ -82.9695491, 39.9671497 ], [ -82.9695361, 39.967149 ], [ -82.9695345, 39.9671673 ], [ -82.9694533, 39.9671631 ], [ -82.9694613, 39.9670717 ], [ -82.9695025, 39.9670738 ], [ -82.9695015, 39.9670848 ], [ -82.969539, 39.9670868 ], [ -82.96954, 39.9670747 ], [ -82.9697022, 39.967083 ], [ -82.9696958, 39.9671555 ], [ -82.9696277, 39.967152 ] ] ] } },
{ "type": "Feature", "properties": { "@id": "way/918650980", "amenity": null, "building": "residential", "name": null, "GEOID": "39049003600" }, "geometry": { "type": "Polygon", "coordinates": [ [ [ -82.9721964, 39.9670975 ], [ -82.9722015, 39.9670275 ], [ -82.9723835, 39.9670353 ], [ -82.9723784, 39.9671053 ], [ -82.9721964, 39.9670975 ] ] ] } },
{ "type": "Feature", "properties": { "@id": "way/918650981", "amenity": null, "building": "residential", "name": null, "GEOID": "39049003600" }, "geometry": { "type": "Polygon", "coordinates": [ [ [ -82.9789638, 39.9655029 ], [ -82.9789635, 39.9655073 ], [ -82.9788945, 39.9655059 ], [ -82.9788993, 39.9654239 ], [ -82.9789616, 39.9654266 ], [ -82.9789763, 39.9654128 ], [ -82.9790028, 39.965414 ], [ -82.9790182, 39.9654274 ], [ -82.9791522, 39.9654323 ], [ -82.9791465, 39.9655102 ], [ -82.9789638, 39.9655029 ] ] ] } },
{ "type": "Feature", "properties": { "@id": "way/918650982", "amenity": null, "building": "residential", "name": null, "GEOID": "39049003600" }, "geometry": { "type": "Polygon", "coordinates": [ [ [ -82.9725644, 39.9680459 ], [ -82.9725444, 39.9680356 ], [ -82.9725392, 39.9680082 ], [ -82.9725569, 39.9679916 ], [ -82.972569, 39.9679905 ], [ -82.9725653, 39.9679718 ], [ -82.9725996, 39.9679678 ], [ -82.9725966, 39.9679519 ], [ -82.972633, 39.9679479 ], [ -82.9726352, 39.9679616 ], [ -82.9726556, 39.9679593 ], [ -82.9726795, 39.9680911 ], [ -82.972633, 39.968096 ], [ -82.9726299, 39.9680795 ], [ -82.9725722, 39.968086 ], [ -82.9725644, 39.9680459 ] ] ] } },
{ "type": "Feature", "properties": { "@id": "way/918650983", "amenity": null, "building": "residential", "name": null, "GEOID": "39049003600" }, "geometry": { "type": "Polygon", "coordinates": [ [ [ -82.9768646, 39.9664454 ], [ -82.976849, 39.9664468 ], [ -82.9768408, 39.9663952 ], [ -82.9768665, 39.9663928 ], [ -82.9768634, 39.9663728 ], [ -82.9769498, 39.9663648 ], [ -82.9769528, 39.9663836 ], [ -82.9769754, 39.9663815 ], [ -82.9769826, 39.966427 ], [ -82.9769716, 39.966428 ], [ -82.9769783, 39.9664705 ], [ -82.9768701, 39.9664805 ], [ -82.9768646, 39.9664454 ] ] ] } },
{ "type": "Feature", "properties": { "@id": "way/918650986", "amenity": null, "building": "residential", "name": null, "GEOID": "39049003600" }, "geometry": { "type": "Polygon", "coordinates": [ [ [ -82.9738653, 39.9664856 ], [ -82.9738654, 39.9664824 ], [ -82.9738381, 39.9664814 ], [ -82.9738424, 39.9664129 ], [ -82.9738697, 39.9664139 ], [ -82.9738698, 39.9664118 ], [ -82.9739944, 39.9664163 ], [ -82.9739932, 39.9664349 ], [ -82.9741091, 39.9664391 ], [ -82.9741057, 39.9664943 ], [ -82.9738653, 39.9664856 ] ] ] } },
{ "type": "Feature", "properties": { "@id": "way/918650988", "amenity": null, "building": "residential", "name": null, "GEOID": "39049002800" }, "geometry": { "type": "Polygon", "coordinates": [ [ [ -82.9687299, 39.9685045 ], [ -82.9687159, 39.9685059 ], [ -82.9687127, 39.9685087 ], [ -82.9687084, 39.9685105 ], [ -82.9687035, 39.9685111 ], [ -82.9686987, 39.9685104 ], [ -82.9686945, 39.9685084 ], [ -82.9686914, 39.9685055 ], [ -82.9686898, 39.968502 ], [ -82.9686898, 39.9684982 ], [ -82.9686915, 39.9684947 ], [ -82.9686773, 39.9684128 ], [ -82.9687202, 39.9684072 ], [ -82.9687121, 39.9683654 ], [ -82.9687752, 39.9683591 ], [ -82.9688012, 39.9685237 ], [ -82.9687343, 39.9685318 ], [ -82.9687299, 39.9685045 ] ] ] } },
{ "type": "Feature", "properties": { "@id": "way/918650992", "amenity": null, "building": "residential", "name": null, "GEOID": "39049003600" }, "geometry": { "type": "Polygon", "coordinates": [ [ [ -82.9715544, 39.9663178 ], [ -82.9715565, 39.9662863 ], [ -82.9715693, 39.9662868 ], [ -82.9715712, 39.9662585 ], [ -82.971558, 39.966258 ], [ -82.9715601, 39.9662276 ], [ -82.9718244, 39.966238 ], [ -82.9718237, 39.9662484 ], [ -82.9718524, 39.9662495 ], [ -82.9718477, 39.9663197 ], [ -82.9718221, 39.9663187 ], [ -82.9718215, 39.9663283 ], [ -82.9715544, 39.9663178 ] ] ] } },
{ "type": "Feature", "properties": { "@id": "way/918650993", "amenity": null, "building": "residential", "name": null, "GEOID": "39049002800" }, "geometry": { "type": "Polygon", "coordinates": [ [ [ -82.9686373, 39.9676415 ], [ -82.9686132, 39.9676406 ], [ -82.9686178, 39.9675677 ], [ -82.9686418, 39.9675686 ], [ -82.9686422, 39.9675632 ], [ -82.9687812, 39.9675683 ], [ -82.9687795, 39.9675957 ], [ -82.9688405, 39.967598 ], [ -82.9688373, 39.9676497 ], [ -82.9687763, 39.9676475 ], [ -82.968776, 39.9676523 ], [ -82.9686369, 39.9676472 ], [ -82.9686373, 39.9676415 ] ] ] } },
{ "type": "Feature", "properties": { "@id": "way/918650994", "amenity": null, "building": "residential", "name": null, "GEOID": "39049003600" }, "geometry": { "type": "Polygon", "coordinates": [ [ [ -82.9747362, 39.9661253 ], [ -82.9747429, 39.9660309 ], [ -82.9749192, 39.9660382 ], [ -82.9749125, 39.9661327 ], [ -82.9747362, 39.9661253 ] ] ] } },
{ "type": "Feature", "properties": { "@id": "way/918650996", "amenity": null, "building": "residential", "name": null, "GEOID": "39049003600" }, "geometry": { "type": "Polygon", "coordinates": [ [ [ -82.9702968, 39.9667636 ], [ -82.9702974, 39.9667564 ], [ -82.9702666, 39.9667549 ], [ -82.9702687, 39.9667288 ], [ -82.9702565, 39.9667283 ], [ -82.9702591, 39.9666958 ], [ -82.9702731, 39.9666965 ], [ -82.9702756, 39.966666 ], [ -82.9703047, 39.9666673 ], [ -82.9703052, 39.9666614 ], [ -82.9704537, 39.9666684 ], [ -82.9704504, 39.9667094 ], [ -82.9704728, 39.9667104 ], [ -82.9704698, 39.9667472 ], [ -82.9704475, 39.9667461 ], [ -82.9704455, 39.9667706 ], [ -82.9702968, 39.9667636 ] ] ] } },
{ "type": "Feature", "properties": { "@id": "way/918650998", "amenity": null, "building": "residential", "name": null, "GEOID": "39049002800" }, "geometry": { "type": "Polygon", "coordinates": [ [ [ -82.9687522, 39.9674653 ], [ -82.9687475, 39.9675341 ], [ -82.9686087, 39.9675285 ], [ -82.9686134, 39.9674597 ], [ -82.9687522, 39.9674653 ] ] ] } },
{ "type": "Feature", "properties": { "@id": "way/918650999", "amenity": null, "building": "residential", "name": null, "GEOID": "39049003600" }, "geometry": { "type": "Polygon", "coordinates": [ [ [ -82.9781682, 39.9667718 ], [ -82.9782136, 39.9667743 ], [ -82.9782148, 39.9667613 ], [ -82.9782683, 39.9667642 ], [ -82.9782887, 39.9667519 ], [ -82.9783103, 39.9667531 ], [ -82.9783262, 39.9667687 ], [ -82.9784138, 39.9667737 ], [ -82.9784076, 39.9668384 ], [ -82.9781631, 39.9668253 ], [ -82.9781682, 39.9667718 ] ] ] } },
{ "type": "Feature", "properties": { "@id": "way/918651002", "amenity": null, "building": "residential", "name": null, "GEOID": "39049003000" }, "geometry": { "type": "Polygon", "coordinates": [ [ [ -82.9818396, 39.9668878 ], [ -82.9818353, 39.9668522 ], [ -82.9818639, 39.9668501 ], [ -82.9818611, 39.9668266 ], [ -82.9820245, 39.966815 ], [ -82.9820304, 39.9668635 ], [ -82.981961, 39.9668685 ], [ -82.9819623, 39.9668791 ], [ -82.9818396, 39.9668878 ] ] ] } },
{ "type": "Feature", "properties": { "@id": "way/918651003", "amenity": null, "building": "residential", "name": null, "GEOID": "39049003600" }, "geometry": { "type": "Polygon", "coordinates": [ [ [ -82.9703359, 39.9680299 ], [ -82.9701982, 39.9680235 ], [ -82.9702008, 39.9679908 ], [ -82.9701699, 39.9679893 ], [ -82.9701732, 39.9679475 ], [ -82.9703633, 39.9679564 ], [ -82.97036, 39.967997 ], [ -82.9703386, 39.967996 ], [ -82.9703359, 39.9680299 ] ] ] } },
{ "type": "Feature", "properties": { "@id": "way/918651004", "amenity": null, "building": "residential", "name": null, "GEOID": "39049002800" }, "geometry": { "type": "Polygon", "coordinates": [ [ [ -82.969041, 39.9684733 ], [ -82.9690357, 39.9684739 ], [ -82.9690404, 39.9684975 ], [ -82.9689493, 39.9685081 ], [ -82.9689362, 39.9684415 ], [ -82.9689274, 39.9684425 ], [ -82.9689173, 39.9683911 ], [ -82.9689372, 39.9683888 ], [ -82.9689344, 39.9683742 ], [ -82.9689881, 39.968368 ], [ -82.9689913, 39.9683841 ], [ -82.9690228, 39.9683805 ], [ -82.969041, 39.9684733 ] ] ] } },
{ "type": "Feature", "properties": { "@id": "way/918651005", "amenity": null, "building": "residential", "name": null, "GEOID": "39049003600" }, "geometry": { "type": "Polygon", "coordinates": [ [ [ -82.9724188, 39.9665535 ], [ -82.972415, 39.9666176 ], [ -82.9722001, 39.9666093 ], [ -82.9722047, 39.9665429 ], [ -82.9722846, 39.9665464 ], [ -82.9723009, 39.9665375 ], [ -82.9723252, 39.9665385 ], [ -82.9723396, 39.9665505 ], [ -82.9724188, 39.9665535 ] ] ] } },
{ "type": "Feature", "properties": { "@id": "way/918651006", "amenity": null, "building": "residential", "name": null, "GEOID": "39049002800" }, "geometry": { "type": "Polygon", "coordinates": [ [ [ -82.9686558, 39.9674415 ], [ -82.9686585, 39.9674066 ], [ -82.9686302, 39.9674053 ], [ -82.9686336, 39.9673615 ], [ -82.9688119, 39.9673695 ], [ -82.9688081, 39.9674191 ], [ -82.9687913, 39.9674184 ], [ -82.9687906, 39.9674283 ], [ -82.9687825, 39.967428 ], [ -82.968781, 39.9674472 ], [ -82.9686558, 39.9674415 ] ] ] } },
{ "type": "Feature", "properties": { "@id": "way/918651007", "amenity": null, "building": "residential", "name": null, "GEOID": "39049003600" }, "geometry": { "type": "Polygon", "coordinates": [ [ [ -82.9788012, 39.967019 ], [ -82.9788017, 39.9670122 ], [ -82.9787904, 39.9670046 ], [ -82.9787918, 39.9669854 ], [ -82.9788042, 39.9669786 ], [ -82.978805, 39.9669693 ], [ -82.9788249, 39.9669702 ], [ -82.9788262, 39.9669537 ], [ -82.9787931, 39.9669522 ], [ -82.9787816, 39.9669397 ], [ -82.9787827, 39.9669255 ], [ -82.9787959, 39.9669147 ], [ -82.978887, 39.9669188 ], [ -82.9788992, 39.9669108 ], [ -82.9789274, 39.9669116 ], [ -82.9789396, 39.9669212 ], [ -82.9790297, 39.9669252 ], [ -82.9790252, 39.9669851 ], [ -82.9790096, 39.9669844 ], [ -82.9790063, 39.9670282 ], [ -82.9788012, 39.967019 ] ] ] } },
{ "type": "Feature", "properties": { "@id": "way/918651008", "amenity": null, "building": "residential", "name": null, "GEOID": "39049002800" }, "geometry": { "type": "Polygon", "coordinates": [ [ [ -82.9696509, 39.9682927 ], [ -82.9697507, 39.9682803 ], [ -82.9697596, 39.9683225 ], [ -82.9697899, 39.9683187 ], [ -82.9698041, 39.9683858 ], [ -82.9697753, 39.9683904 ], [ -82.9697731, 39.9683964 ], [ -82.9697688, 39.9684017 ], [ -82.969763, 39.9684061 ], [ -82.9697558, 39.9684091 ], [ -82.9697479, 39.9684105 ], [ -82.9697397, 39.9684104 ], [ -82.9697319, 39.9684085 ], [ -82.969725, 39.9684051 ], [ -82.9696759, 39.9684112 ], [ -82.9696509, 39.9682927 ] ] ] } },
{ "type": "Feature", "properties": { "@id": "way/918651009", "amenity": null, "building": "residential", "name": null, "GEOID": "39049003600" }, "geometry": { "type": "Polygon", "coordinates": [ [ [ -82.9788406, 39.9659322 ], [ -82.9788473, 39.965862 ], [ -82.9789089, 39.9658655 ], [ -82.978908, 39.9658749 ], [ -82.9790631, 39.9658836 ], [ -82.9790669, 39.9658432 ], [ -82.9791327, 39.9658469 ], [ -82.9791292, 39.9658834 ], [ -82.9791209, 39.9658829 ], [ -82.9791146, 39.9659477 ], [ -82.9788406, 39.9659322 ] ] ] } },
{ "type": "Feature", "properties": { "@id": "way/918651010", "amenity": null, "building": "residential", "name": null, "GEOID": "39049003600" }, "geometry": { "type": "Polygon", "coordinates": [ [ [ -82.9726175, 39.9674539 ], [ -82.9726222, 39.9673882 ], [ -82.9727113, 39.967392 ], [ -82.972712, 39.9673826 ], [ -82.9727723, 39.9673851 ], [ -82.9727716, 39.9673954 ], [ -82.9728306, 39.9673979 ], [ -82.9728298, 39.96741 ], [ -82.9728891, 39.9674125 ], [ -82.9728853, 39.9674651 ], [ -82.9726175, 39.9674539 ] ] ] } },
{ "type": "Feature", "properties": { "@id": "way/918651011", "amenity": null, "building": "residential", "name": null, "GEOID": "39049003600" }, "geometry": { "type": "Polygon", "coordinates": [ [ [ -82.97736, 39.9665775 ], [ -82.977442, 39.9665673 ], [ -82.9774378, 39.9665472 ], [ -82.9774945, 39.9665401 ], [ -82.9775124, 39.9666245 ], [ -82.9773736, 39.9666418 ], [ -82.97736, 39.9665775 ] ] ] } },
{ "type": "Feature", "properties": { "@id": "way/918651013", "amenity": null, "building": "residential", "name": null, "GEOID": "39049003600" }, "geometry": { "type": "Polygon", "coordinates": [ [ [ -82.9764088, 39.9676677 ], [ -82.9763175, 39.9676781 ], [ -82.9762952, 39.9675639 ], [ -82.9763094, 39.9675622 ], [ -82.9763051, 39.9675402 ], [ -82.9763564, 39.9675343 ], [ -82.9763607, 39.9675565 ], [ -82.9763865, 39.9675535 ], [ -82.9764088, 39.9676677 ] ] ] } },
{ "type": "Feature", "properties": { "@id": "way/918651017", "amenity": null, "building": "residential", "name": null, "GEOID": "39049003600" }, "geometry": { "type": "Polygon", "coordinates": [ [ [ -82.9722109, 39.9667197 ], [ -82.972214, 39.9666727 ], [ -82.9722255, 39.9666731 ], [ -82.9722284, 39.9666284 ], [ -82.9724269, 39.966636 ], [ -82.9724219, 39.9667126 ], [ -82.9722855, 39.9667074 ], [ -82.9722845, 39.9667225 ], [ -82.9722109, 39.9667197 ] ] ] } },
{ "type": "Feature", "properties": { "@id": "way/918651018", "amenity": null, "building": "residential", "name": null, "GEOID": "39049003600" }, "geometry": { "type": "Polygon", "coordinates": [ [ [ -82.9759174, 39.9675293 ], [ -82.9760247, 39.9675178 ], [ -82.9760554, 39.9676857 ], [ -82.9759481, 39.9676972 ], [ -82.9759174, 39.9675293 ] ] ] } },
{ "type": "Feature", "properties": { "@id": "way/918651019", "amenity": null, "building": "residential", "name": null, "GEOID": "39049002800" }, "geometry": { "type": "Polygon", "coordinates": [ [ [ -82.9691527, 39.9684608 ], [ -82.9691556, 39.9684746 ], [ -82.9690617, 39.968486 ], [ -82.9690478, 39.9684188 ], [ -82.9690405, 39.9684197 ], [ -82.9690307, 39.9683719 ], [ -82.9690506, 39.9683695 ], [ -82.9690469, 39.9683515 ], [ -82.9691097, 39.9683439 ], [ -82.9691139, 39.9683641 ], [ -82.9691368, 39.9683613 ], [ -82.9691573, 39.9684602 ], [ -82.9691527, 39.9684608 ] ] ] } },
{ "type": "Feature", "properties": { "@id": "way/918651021", "amenity": null, "building": "residential", "name": null, "GEOID": "39049003600" }, "geometry": { "type": "Polygon", "coordinates": [ [ [ -82.9753822, 39.9670447 ], [ -82.9753306, 39.9670434 ], [ -82.975332, 39.9670106 ], [ -82.9752923, 39.9670096 ], [ -82.9752945, 39.9669602 ], [ -82.9754891, 39.9669652 ], [ -82.9754876, 39.9669995 ], [ -82.9755194, 39.9670004 ], [ -82.9755177, 39.9670407 ], [ -82.9754857, 39.9670399 ], [ -82.9754854, 39.967046 ], [ -82.9754425, 39.967045 ], [ -82.975442, 39.9670572 ], [ -82.9753817, 39.9670556 ], [ -82.9753822, 39.9670447 ] ] ] } },
{ "type": "Feature", "properties": { "@id": "way/918651024", "amenity": null, "building": "residential", "name": null, "GEOID": "39049003600" }, "geometry": { "type": "Polygon", "coordinates": [ [ [ -82.9787618, 39.9672012 ], [ -82.9787492, 39.9671912 ], [ -82.9787502, 39.9671677 ], [ -82.9787627, 39.9671585 ], [ -82.978774, 39.9671589 ], [ -82.9787791, 39.9671035 ], [ -82.9788395, 39.9671063 ], [ -82.9788513, 39.9671002 ], [ -82.9788891, 39.9671021 ], [ -82.9789017, 39.9671131 ], [ -82.9789649, 39.9671163 ], [ -82.9789598, 39.9671739 ], [ -82.9788981, 39.9671706 ], [ -82.9788932, 39.9672082 ], [ -82.9787618, 39.9672012 ] ] ] } },
{ "type": "Feature", "properties": { "@id": "way/918651028", "amenity": null, "building": "residential", "name": null, "GEOID": "39049003600" }, "geometry": { "type": "Polygon", "coordinates": [ [ [ -82.9767586, 39.9662958 ], [ -82.9767589, 39.9662846 ], [ -82.9767788, 39.9662849 ], [ -82.9767785, 39.9662961 ], [ -82.9768031, 39.9662966 ], [ -82.9768018, 39.9663385 ], [ -82.9768202, 39.9663389 ], [ -82.9768175, 39.9664312 ], [ -82.9767963, 39.9664308 ], [ -82.9767958, 39.9664478 ], [ -82.9767355, 39.9664467 ], [ -82.9767387, 39.9663364 ], [ -82.9767432, 39.9663365 ], [ -82.9767444, 39.9662955 ], [ -82.9767586, 39.9662958 ] ] ] } },
{ "type": "Feature", "properties": { "@id": "way/918651030", "amenity": null, "building": "residential", "name": null, "GEOID": "39049003600" }, "geometry": { "type": "Polygon", "coordinates": [ [ [ -82.972701, 39.9666386 ], [ -82.9727066, 39.9665649 ], [ -82.9729022, 39.9665736 ], [ -82.9729005, 39.9665967 ], [ -82.9729208, 39.9665976 ], [ -82.9729187, 39.9666256 ], [ -82.9728983, 39.9666247 ], [ -82.9728965, 39.9666473 ], [ -82.972701, 39.9666386 ] ] ] } },
{ "type": "Feature", "properties": { "@id": "way/918651033", "amenity": null, "building": "residential", "name": null, "GEOID": "39049003600" }, "geometry": { "type": "Polygon", "coordinates": [ [ [ -82.9738283, 39.9670266 ], [ -82.9738336, 39.966952 ], [ -82.974072, 39.9669619 ], [ -82.9740667, 39.9670366 ], [ -82.9738283, 39.9670266 ] ] ] } },
{ "type": "Feature", "properties": { "@id": "way/918651034", "amenity": null, "building": "residential", "name": null, "GEOID": "39049003600" }, "geometry": { "type": "Polygon", "coordinates": [ [ [ -82.9736083, 39.9660582 ], [ -82.9736061, 39.9661303 ], [ -82.9734214, 39.9661272 ], [ -82.9734235, 39.966055 ], [ -82.9736083, 39.9660582 ] ] ] } },
{ "type": "Feature", "properties": { "@id": "way/918651035", "amenity": null, "building": "residential", "name": null, "GEOID": "39049003600" }, "geometry": { "type": "Polygon", "coordinates": [ [ [ -82.9747066, 39.9667085 ], [ -82.9746266, 39.9667075 ], [ -82.9746276, 39.9666624 ], [ -82.9747076, 39.9666635 ], [ -82.9747066, 39.9667085 ] ] ] } },
{ "type": "Feature", "properties": { "@id": "way/918651037", "amenity": null, "building": "residential", "name": null, "GEOID": "39049003600" }, "geometry": { "type": "Polygon", "coordinates": [ [ [ -82.9703128, 39.9666478 ], [ -82.9703139, 39.9666339 ], [ -82.9702789, 39.9666324 ], [ -82.9702838, 39.9665663 ], [ -82.9703155, 39.9665677 ], [ -82.9703166, 39.9665538 ], [ -82.9704511, 39.9665597 ], [ -82.9704442, 39.9666535 ], [ -82.9703128, 39.9666478 ] ] ] } },
{ "type": "Feature", "properties": { "@id": "way/918651038", "amenity": null, "building": "residential", "name": null, "GEOID": "39049003600" }, "geometry": { "type": "Polygon", "coordinates": [ [ [ -82.9765291, 39.9664217 ], [ -82.9765255, 39.9664216 ], [ -82.97653, 39.9663211 ], [ -82.9766295, 39.9663237 ], [ -82.976625, 39.9664242 ], [ -82.9766224, 39.9664242 ], [ -82.9766215, 39.9664443 ], [ -82.9765282, 39.9664419 ], [ -82.9765291, 39.9664217 ] ] ] } },
{ "type": "Feature", "properties": { "@id": "way/918651040", "amenity": null, "building": "residential", "name": null, "GEOID": "39049003600" }, "geometry": { "type": "Polygon", "coordinates": [ [ [ -82.972186, 39.9673502 ], [ -82.9721901, 39.9672961 ], [ -82.9722418, 39.9672983 ], [ -82.9722426, 39.9672877 ], [ -82.9723709, 39.9672934 ], [ -82.9723661, 39.9673581 ], [ -82.972186, 39.9673502 ] ] ] } },
{ "type": "Feature", "properties": { "@id": "way/918651042", "amenity": null, "building": "residential", "name": null, "GEOID": "39049003600" }, "geometry": { "type": "Polygon", "coordinates": [ [ [ -82.9709242, 39.9679563 ], [ -82.9709294, 39.9678904 ], [ -82.9711032, 39.9678984 ], [ -82.971098, 39.9679643 ], [ -82.9709242, 39.9679563 ] ] ] } },
{ "type": "Feature", "properties": { "@id": "way/918651045", "amenity": null, "building": "residential", "name": null, "GEOID": "39049003600" }, "geometry": { "type": "Polygon", "coordinates": [ [ [ -82.9715494, 39.9665028 ], [ -82.9715539, 39.9664358 ], [ -82.9716979, 39.9664415 ], [ -82.9716962, 39.9664661 ], [ -82.9717204, 39.9664671 ], [ -82.9717184, 39.966497 ], [ -82.9716943, 39.9664961 ], [ -82.9716934, 39.9665085 ], [ -82.9715494, 39.9665028 ] ] ] } },
{ "type": "Feature", "properties": { "@id": "way/918651046", "amenity": null, "building": "residential", "name": null, "GEOID": "39049003600" }, "geometry": { "type": "Polygon", "coordinates": [ [ [ -82.9756671, 39.9677417 ], [ -82.975672, 39.9676187 ], [ -82.975774, 39.967621 ], [ -82.9757692, 39.9677441 ], [ -82.9756671, 39.9677417 ] ] ] } },
{ "type": "Feature", "properties": { "@id": "way/918651047", "amenity": null, "building": "residential", "name": null, "GEOID": "39049003600" }, "geometry": { "type": "Polygon", "coordinates": [ [ [ -82.9735785, 39.9662371 ], [ -82.9735782, 39.966242 ], [ -82.9734049, 39.9662347 ], [ -82.973411, 39.9661511 ], [ -82.9735842, 39.9661585 ], [ -82.9735839, 39.9661633 ], [ -82.9736008, 39.966164 ], [ -82.9735955, 39.9662378 ], [ -82.9735785, 39.9662371 ] ] ] } },
{ "type": "Feature", "properties": { "@id": "way/918651048", "amenity": null, "building": "residential", "name": null, "GEOID": "39049003600" }, "geometry": { "type": "Polygon", "coordinates": [ [ [ -82.9721315, 39.9674315 ], [ -82.9721329, 39.9674222 ], [ -82.972105, 39.9674206 ], [ -82.9721069, 39.967386 ], [ -82.9721333, 39.967387 ], [ -82.9721347, 39.9673733 ], [ -82.9722446, 39.9673778 ], [ -82.9722581, 39.9673684 ], [ -82.9722987, 39.9673698 ], [ -82.9723045, 39.9673775 ], [ -82.9723852, 39.9673811 ], [ -82.9723806, 39.9674426 ], [ -82.9721315, 39.9674315 ] ] ] } },
{ "type": "Feature", "properties": { "@id": "way/918651051", "amenity": null, "building": "residential", "name": null, "GEOID": "39049002800" }, "geometry": { "type": "Polygon", "coordinates": [ [ [ -82.9685953, 39.9679584 ], [ -82.9686016, 39.9678778 ], [ -82.9687868, 39.9678863 ], [ -82.9687831, 39.9679339 ], [ -82.9687562, 39.9679327 ], [ -82.9687536, 39.9679656 ], [ -82.9685953, 39.9679584 ] ] ] } },
{ "type": "Feature", "properties": { "@id": "way/918651053", "amenity": null, "building": "residential", "name": null, "GEOID": "39049003600" }, "geometry": { "type": "Polygon", "coordinates": [ [ [ -82.9738225, 39.9671189 ], [ -82.9738279, 39.9670442 ], [ -82.9740655, 39.9670541 ], [ -82.9740602, 39.9671288 ], [ -82.9738225, 39.9671189 ] ] ] } },
{ "type": "Feature", "properties": { "@id": "way/918651055", "amenity": null, "building": "residential", "name": null, "GEOID": "39049003600" }, "geometry": { "type": "Polygon", "coordinates": [ [ [ -82.9754508, 39.9677145 ], [ -82.9754472, 39.9678 ], [ -82.9752326, 39.9677947 ], [ -82.9752362, 39.9677092 ], [ -82.9754508, 39.9677145 ] ] ] } },
{ "type": "Feature", "properties": { "@id": "way/918651057", "amenity": null, "building": "residential", "name": null, "GEOID": "39049003600" }, "geometry": { "type": "Polygon", "coordinates": [ [ [ -82.9734033, 39.9665404 ], [ -82.9734061, 39.966501 ], [ -82.9734262, 39.9665019 ], [ -82.9734283, 39.9664716 ], [ -82.9735888, 39.9664784 ], [ -82.9735837, 39.9665481 ], [ -82.9734033, 39.9665404 ] ] ] } },
{ "type": "Feature", "properties": { "@id": "way/918651058", "amenity": null, "building": "residential", "name": null, "GEOID": "39049003600" }, "geometry": { "type": "Polygon", "coordinates": [ [ [ -82.9760469, 39.9675457 ], [ -82.9761474, 39.967535 ], [ -82.9761717, 39.967668 ], [ -82.9760712, 39.9676788 ], [ -82.9760469, 39.9675457 ] ] ] } },
{ "type": "Feature", "properties": { "@id": "way/918651059", "amenity": null, "building": "residential", "name": null, "GEOID": "39049003600" }, "geometry": { "type": "Polygon", "coordinates": [ [ [ -82.9714511, 39.9672424 ], [ -82.9714546, 39.9671965 ], [ -82.9714856, 39.9671979 ], [ -82.9714862, 39.9671909 ], [ -82.9714613, 39.9671898 ], [ -82.9714638, 39.9671568 ], [ -82.971648, 39.967165 ], [ -82.9716415, 39.9672509 ], [ -82.9714511, 39.9672424 ] ] ] } },
{ "type": "Feature", "properties": { "@id": "way/918651061", "amenity": null, "building": "residential", "name": null, "GEOID": "39049003600" }, "geometry": { "type": "Polygon", "coordinates": [ [ [ -82.9726992, 39.9667402 ], [ -82.9727044, 39.9666541 ], [ -82.9728672, 39.9666599 ], [ -82.9728647, 39.9667013 ], [ -82.9728823, 39.9667019 ], [ -82.9728796, 39.9667466 ], [ -82.9726992, 39.9667402 ] ] ] } },
{ "type": "Feature", "properties": { "@id": "way/918651063", "amenity": null, "building": "residential", "name": null, "GEOID": "39049003000" }, "geometry": { "type": "Polygon", "coordinates": [ [ [ -82.981744, 39.9653686 ], [ -82.9817347, 39.9653697 ], [ -82.981723, 39.9653113 ], [ -82.9819971, 39.9652791 ], [ -82.9820104, 39.9653457 ], [ -82.9817456, 39.9653768 ], [ -82.981744, 39.9653686 ] ] ] } },
{ "type": "Feature", "properties": { "@id": "way/918651064", "amenity": null, "building": "residential", "name": null, "GEOID": "39049003600" }, "geometry": { "type": "Polygon", "coordinates": [ [ [ -82.9733792, 39.9673122 ], [ -82.9733808, 39.9672885 ], [ -82.9733628, 39.9672878 ], [ -82.9733654, 39.9672494 ], [ -82.9735155, 39.9672555 ], [ -82.9735112, 39.9673175 ], [ -82.9733792, 39.9673122 ] ] ] } },
{ "type": "Feature", "properties": { "@id": "way/918651065", "amenity": null, "building": "residential", "name": null, "GEOID": "39049003000" }, "geometry": { "type": "Polygon", "coordinates": [ [ [ -82.9809866, 39.9663037 ], [ -82.9811238, 39.9662897 ], [ -82.9811249, 39.9662964 ], [ -82.9811655, 39.9662922 ], [ -82.9811802, 39.966377 ], [ -82.9811452, 39.9663806 ], [ -82.9811482, 39.9663978 ], [ -82.9810055, 39.9664124 ], [ -82.9809866, 39.9663037 ] ] ] } },
{ "type": "Feature", "properties": { "@id": "way/918651066", "amenity": null, "building": "residential", "name": null, "GEOID": "39049003600" }, "geometry": { "type": "Polygon", "coordinates": [ [ [ -82.9782259, 39.9666035 ], [ -82.978228, 39.9665832 ], [ -82.9781859, 39.9665807 ], [ -82.9781904, 39.9665362 ], [ -82.9782327, 39.9665387 ], [ -82.9782352, 39.9665129 ], [ -82.9784225, 39.9665238 ], [ -82.9784135, 39.9666144 ], [ -82.9782259, 39.9666035 ] ] ] } },
{ "type": "Feature", "properties": { "@id": "way/918651068", "amenity": null, "building": "residential", "name": null, "GEOID": "39049003600" }, "geometry": { "type": "Polygon", "coordinates": [ [ [ -82.978312, 39.966496 ], [ -82.9783125, 39.9664891 ], [ -82.9782613, 39.9664869 ], [ -82.9782617, 39.966482 ], [ -82.9782244, 39.9664804 ], [ -82.9782282, 39.966428 ], [ -82.9782643, 39.9664295 ], [ -82.9782649, 39.9664217 ], [ -82.9782881, 39.9664226 ], [ -82.9782898, 39.9663989 ], [ -82.9783521, 39.9664016 ], [ -82.9783517, 39.9664075 ], [ -82.9784099, 39.96641 ], [ -82.9784067, 39.9664539 ], [ -82.9784227, 39.9664545 ], [ -82.9784193, 39.9665005 ], [ -82.978312, 39.966496 ] ] ] } },
{ "type": "Feature", "properties": { "@id": "way/918651069", "amenity": null, "building": "residential", "name": null, "GEOID": "39049003600" }, "geometry": { "type": "Polygon", "coordinates": [ [ [ -82.9735807, 39.9665641 ], [ -82.9735772, 39.9666085 ], [ -82.9735466, 39.9666071 ], [ -82.9735454, 39.966622 ], [ -82.9735768, 39.9666234 ], [ -82.9735734, 39.9666675 ], [ -82.9732959, 39.9666548 ], [ -82.973304, 39.9665514 ], [ -82.9735807, 39.9665641 ] ] ] } },
{ "type": "Feature", "properties": { "@id": "way/918651070", "amenity": null, "building": "residential", "name": null, "GEOID": "39049003600" }, "geometry": { "type": "Polygon", "coordinates": [ [ [ -82.9787746, 39.9668689 ], [ -82.9787773, 39.9668293 ], [ -82.9788082, 39.9668306 ], [ -82.9788111, 39.9667888 ], [ -82.9788587, 39.9667908 ], [ -82.9788596, 39.9667778 ], [ -82.9789307, 39.9667806 ], [ -82.97893, 39.9667913 ], [ -82.9789604, 39.9667926 ], [ -82.9789546, 39.9668762 ], [ -82.9787746, 39.9668689 ] ] ] } },
{ "type": "Feature", "properties": { "@id": "way/918651071", "amenity": null, "building": "residential", "name": null, "GEOID": "39049003600" }, "geometry": { "type": "Polygon", "coordinates": [ [ [ -82.9717745, 39.9669142 ], [ -82.9717844, 39.9667901 ], [ -82.9719115, 39.966796 ], [ -82.9719016, 39.9669202 ], [ -82.9717745, 39.9669142 ] ] ] } },
{ "type": "Feature", "properties": { "@id": "way/918713712", "amenity": null, "building": "residential", "name": null, "GEOID": "39049003600" }, "geometry": { "type": "Polygon", "coordinates": [ [ [ -82.9780695, 39.9681033 ], [ -82.978072, 39.9680754 ], [ -82.9781119, 39.9680775 ], [ -82.9781148, 39.9680443 ], [ -82.9782878, 39.9680535 ], [ -82.9782823, 39.9681146 ], [ -82.9780695, 39.9681033 ] ] ] } },
{ "type": "Feature", "properties": { "@id": "way/918713713", "amenity": null, "building": "residential", "name": null, "GEOID": "39049003600" }, "geometry": { "type": "Polygon", "coordinates": [ [ [ -82.976726, 39.9699429 ], [ -82.9767296, 39.9698944 ], [ -82.9767469, 39.9698952 ], [ -82.9767488, 39.9698699 ], [ -82.9768898, 39.9698761 ], [ -82.9768879, 39.9699024 ], [ -82.9769005, 39.969903 ], [ -82.9768969, 39.9699504 ], [ -82.976726, 39.9699429 ] ] ] } },
{ "type": "Feature", "properties": { "@id": "way/918713715", "amenity": null, "building": "residential", "name": null, "GEOID": "39049003600" }, "geometry": { "type": "Polygon", "coordinates": [ [ [ -82.9781569, 39.9694887 ], [ -82.978151, 39.9695552 ], [ -82.978033, 39.969549 ], [ -82.9780353, 39.9695237 ], [ -82.9780122, 39.9695225 ], [ -82.9780163, 39.9694765 ], [ -82.9780957, 39.9694806 ], [ -82.9780961, 39.9694759 ], [ -82.9781216, 39.9694773 ], [ -82.9781208, 39.9694868 ], [ -82.9781569, 39.9694887 ] ] ] } },
{ "type": "Feature", "properties": { "@id": "way/918713716", "amenity": null, "building": "residential", "name": null, "GEOID": "39049003600" }, "geometry": { "type": "Polygon", "coordinates": [ [ [ -82.9756632, 39.9690834 ], [ -82.9756858, 39.969084 ], [ -82.9756842, 39.9691146 ], [ -82.9754607, 39.969108 ], [ -82.975465, 39.9690221 ], [ -82.9756659, 39.969028 ], [ -82.9756658, 39.9690298 ], [ -82.9756881, 39.9690304 ], [ -82.9756865, 39.9690619 ], [ -82.9756643, 39.9690612 ], [ -82.9756632, 39.9690834 ] ] ] } },
{ "type": "Feature", "properties": { "@id": "way/918713717", "amenity": null, "building": "residential", "name": null, "GEOID": "39049003600" }, "geometry": { "type": "Polygon", "coordinates": [ [ [ -82.9767521, 39.9694848 ], [ -82.9767746, 39.9694844 ], [ -82.976774, 39.9694637 ], [ -82.9769216, 39.9694609 ], [ -82.9769234, 39.9695178 ], [ -82.9767533, 39.969521 ], [ -82.9767521, 39.9694848 ] ] ] } },
{ "type": "Feature", "properties": { "@id": "way/918713718", "amenity": null, "building": "residential", "name": null, "GEOID": "39049003600" }, "geometry": { "type": "Polygon", "coordinates": [ [ [ -82.9759827, 39.9687529 ], [ -82.9759878, 39.9686717 ], [ -82.9761959, 39.9686794 ], [ -82.9761907, 39.9687606 ], [ -82.9759827, 39.9687529 ] ] ] } },
{ "type": "Feature", "properties": { "@id": "way/918713720", "amenity": null, "building": "residential", "name": null, "GEOID": "39049003600" }, "geometry": { "type": "Polygon", "coordinates": [ [ [ -82.9765917, 39.9707103 ], [ -82.976594, 39.9706789 ], [ -82.9766417, 39.9706809 ], [ -82.976643, 39.9706626 ], [ -82.9766865, 39.9706644 ], [ -82.9766871, 39.970656 ], [ -82.9767462, 39.9706585 ], [ -82.9767453, 39.9706722 ], [ -82.9767943, 39.9706742 ], [ -82.9767911, 39.9707186 ], [ -82.9765917, 39.9707103 ] ] ] } },
{ "type": "Feature", "properties": { "@id": "way/918713722", "amenity": null, "building": "residential", "name": null, "GEOID": "39049003600" }, "geometry": { "type": "Polygon", "coordinates": [ [ [ -82.9758652, 39.9705255 ], [ -82.9758699, 39.9704572 ], [ -82.9759536, 39.9704606 ], [ -82.9759542, 39.9704512 ], [ -82.9759692, 39.9704418 ], [ -82.9760027, 39.9704429 ], [ -82.9760159, 39.9704537 ], [ -82.9760153, 39.9704631 ], [ -82.9761172, 39.9704673 ], [ -82.9761158, 39.9704883 ], [ -82.9761441, 39.9704894 ], [ -82.9761408, 39.9705368 ], [ -82.9758652, 39.9705255 ] ] ] } },
{ "type": "Feature", "properties": { "@id": "way/918713726", "amenity": null, "building": "residential", "name": null, "GEOID": "39049003600" }, "geometry": { "type": "Polygon", "coordinates": [ [ [ -82.9754099, 39.9703 ], [ -82.975412, 39.9702559 ], [ -82.9754197, 39.9702561 ], [ -82.9754215, 39.9702196 ], [ -82.9756164, 39.9702249 ], [ -82.9756146, 39.9702621 ], [ -82.9755872, 39.9702613 ], [ -82.9755869, 39.9702684 ], [ -82.9756076, 39.970269 ], [ -82.9756059, 39.9703054 ], [ -82.9754099, 39.9703 ] ] ] } },
{ "type": "Feature", "properties": { "@id": "way/918713729", "amenity": null, "building": "residential", "name": null, "GEOID": "39049003600" }, "geometry": { "type": "Polygon", "coordinates": [ [ [ -82.9786614, 39.9701771 ], [ -82.9786541, 39.9702695 ], [ -82.9784366, 39.9702594 ], [ -82.9784439, 39.970167 ], [ -82.9786614, 39.9701771 ] ] ] } },
{ "type": "Feature", "properties": { "@id": "way/918713731", "amenity": null, "building": "residential", "name": null, "GEOID": "39049003600" }, "geometry": { "type": "Polygon", "coordinates": [ [ [ -82.9780841, 39.9701223 ], [ -82.9781137, 39.9701238 ], [ -82.9781071, 39.9702011 ], [ -82.9780776, 39.9701996 ], [ -82.9780771, 39.9702056 ], [ -82.9778749, 39.9701955 ], [ -82.9778824, 39.9701067 ], [ -82.9780846, 39.9701167 ], [ -82.9780841, 39.9701223 ] ] ] } },
{ "type": "Feature", "properties": { "@id": "way/918713732", "amenity": null, "building": "residential", "name": null, "GEOID": "39049003000" }, "geometry": { "type": "Polygon", "coordinates": [ [ [ -82.9812501, 39.9701018 ], [ -82.9812491, 39.9700982 ], [ -82.9812177, 39.9701031 ], [ -82.9812003, 39.9700372 ], [ -82.9813405, 39.9700155 ], [ -82.9813501, 39.9700519 ], [ -82.9813694, 39.9700489 ], [ -82.9813782, 39.9700819 ], [ -82.9812501, 39.9701018 ] ] ] } },
{ "type": "Feature", "properties": { "@id": "way/918713735", "amenity": null, "building": "residential", "name": null, "GEOID": "39049003600" }, "geometry": { "type": "Polygon", "coordinates": [ [ [ -82.9756247, 39.9696158 ], [ -82.975624, 39.9696262 ], [ -82.9756506, 39.9696272 ], [ -82.9756458, 39.9697031 ], [ -82.9756158, 39.9697024 ], [ -82.9756152, 39.9697106 ], [ -82.9754481, 39.9697044 ], [ -82.9754541, 39.9696098 ], [ -82.9755058, 39.9696118 ], [ -82.9755208, 39.9696023 ], [ -82.9755449, 39.9696037 ], [ -82.9755569, 39.9696138 ], [ -82.9756247, 39.9696158 ] ] ] } },
{ "type": "Feature", "properties": { "@id": "way/918713736", "amenity": null, "building": "residential", "name": null, "GEOID": "39049003600" }, "geometry": { "type": "Polygon", "coordinates": [ [ [ -82.9778779, 39.9706322 ], [ -82.977881, 39.9705818 ], [ -82.9778704, 39.9705814 ], [ -82.9778732, 39.9705349 ], [ -82.9780763, 39.9705422 ], [ -82.9780738, 39.9705837 ], [ -82.9780457, 39.9705827 ], [ -82.9780454, 39.9705878 ], [ -82.9780584, 39.9705882 ], [ -82.9780562, 39.9706239 ], [ -82.9780432, 39.9706234 ], [ -82.9780423, 39.9706381 ], [ -82.9778779, 39.9706322 ] ] ] } },
{ "type": "Feature", "properties": { "@id": "way/918713738", "amenity": null, "building": "residential", "name": null, "GEOID": "39049003600" }, "geometry": { "type": "Polygon", "coordinates": [ [ [ -82.9747334, 39.970472 ], [ -82.9747357, 39.9704232 ], [ -82.9747943, 39.9704248 ], [ -82.9747949, 39.9704109 ], [ -82.9748633, 39.9704127 ], [ -82.9748623, 39.9704335 ], [ -82.9749156, 39.970435 ], [ -82.9749137, 39.9704769 ], [ -82.9747334, 39.970472 ] ] ] } },
{ "type": "Feature", "properties": { "@id": "way/918713742", "amenity": null, "building": "residential", "name": null, "GEOID": "39049003600" }, "geometry": { "type": "Polygon", "coordinates": [ [ [ -82.9759772, 39.9691528 ], [ -82.9759804, 39.9691157 ], [ -82.9760036, 39.9691169 ], [ -82.9760071, 39.9690757 ], [ -82.9762332, 39.9690872 ], [ -82.9762287, 39.9691397 ], [ -82.9761399, 39.9691352 ], [ -82.9761377, 39.969161 ], [ -82.9759772, 39.9691528 ] ] ] } },
{ "type": "Feature", "properties": { "@id": "way/918713746", "amenity": null, "building": "residential", "name": null, "GEOID": "39049003600" }, "geometry": { "type": "Polygon", "coordinates": [ [ [ -82.978721, 39.9695067 ], [ -82.9787212, 39.9695019 ], [ -82.9785443, 39.9694956 ], [ -82.97855, 39.9694032 ], [ -82.9787332, 39.9694097 ], [ -82.9787317, 39.9694339 ], [ -82.9787436, 39.9694343 ], [ -82.9787422, 39.9694588 ], [ -82.9787797, 39.9694602 ], [ -82.9787768, 39.9695087 ], [ -82.978721, 39.9695067 ] ] ] } },
{ "type": "Feature", "properties": { "@id": "way/918713749", "amenity": null, "building": "residential", "name": null, "GEOID": "39049003600" }, "geometry": { "type": "Polygon", "coordinates": [ [ [ -82.9790081, 39.9693358 ], [ -82.9790184, 39.9691998 ], [ -82.9791175, 39.9692042 ], [ -82.9791087, 39.9693202 ], [ -82.9790615, 39.9693181 ], [ -82.97906, 39.9693381 ], [ -82.9790081, 39.9693358 ] ] ] } },
{ "type": "Feature", "properties": { "@id": "way/918713750", "amenity": null, "building": "residential", "name": null, "GEOID": "39049003600" }, "geometry": { "type": "Polygon", "coordinates": [ [ [ -82.9768021, 39.9709528 ], [ -82.9768125, 39.9709532 ], [ -82.9768102, 39.9709968 ], [ -82.9765782, 39.9709897 ], [ -82.9765797, 39.9709602 ], [ -82.976596, 39.9709607 ], [ -82.9765965, 39.9709513 ], [ -82.9766041, 39.9709515 ], [ -82.9766047, 39.9709392 ], [ -82.9767523, 39.9709437 ], [ -82.976753, 39.9709301 ], [ -82.9768032, 39.9709316 ], [ -82.9768021, 39.9709528 ] ] ] } },
{ "type": "Feature", "properties": { "@id": "way/918713751", "amenity": null, "building": "residential", "name": null, "GEOID": "39049003600" }, "geometry": { "type": "Polygon", "coordinates": [ [ [ -82.9781307, 39.9679228 ], [ -82.9781389, 39.9678281 ], [ -82.9783169, 39.9678371 ], [ -82.9783088, 39.9679318 ], [ -82.9781307, 39.9679228 ] ] ] } },
{ "type": "Feature", "properties": { "@id": "way/918713752", "amenity": null, "building": "residential", "name": null, "GEOID": "39049003600" }, "geometry": { "type": "Polygon", "coordinates": [ [ [ -82.9747973, 39.9702126 ], [ -82.9747971, 39.9702162 ], [ -82.9748555, 39.9702177 ], [ -82.9748549, 39.9702319 ], [ -82.9749304, 39.9702338 ], [ -82.9749285, 39.9702791 ], [ -82.9747358, 39.9702742 ], [ -82.9747359, 39.9702705 ], [ -82.9747121, 39.9702699 ], [ -82.9747146, 39.9702105 ], [ -82.9747973, 39.9702126 ] ] ] } },
{ "type": "Feature", "properties": { "@id": "way/918713755", "amenity": null, "building": "residential", "name": null, "GEOID": "39049003600" }, "geometry": { "type": "Polygon", "coordinates": [ [ [ -82.974659, 39.9710969 ], [ -82.9746651, 39.9710181 ], [ -82.9748961, 39.9710286 ], [ -82.974895, 39.9710426 ], [ -82.9749235, 39.971044 ], [ -82.9749195, 39.9710953 ], [ -82.9748909, 39.971094 ], [ -82.9748899, 39.9711075 ], [ -82.974659, 39.9710969 ] ] ] } },
{ "type": "Feature", "properties": { "@id": "way/918713756", "amenity": null, "building": "residential", "name": null, "GEOID": "39049003600" }, "geometry": { "type": "Polygon", "coordinates": [ [ [ -82.9779221, 39.9700852 ], [ -82.9779298, 39.9699984 ], [ -82.9781215, 39.9700085 ], [ -82.9781138, 39.9700953 ], [ -82.9779221, 39.9700852 ] ] ] } },
{ "type": "Feature", "properties": { "@id": "way/918713757", "amenity": null, "building": "residential", "name": null, "GEOID": "39049003000" }, "geometry": { "type": "Polygon", "coordinates": [ [ [ -82.9817506, 39.9683478 ], [ -82.981774, 39.9683457 ], [ -82.9817757, 39.9683593 ], [ -82.9817836, 39.9683631 ], [ -82.9817873, 39.9683869 ], [ -82.9818017, 39.9683939 ], [ -82.9818031, 39.968413 ], [ -82.981791, 39.9684225 ], [ -82.9817499, 39.9684266 ], [ -82.9817438, 39.9684309 ], [ -82.9817363, 39.9684334 ], [ -82.981728, 39.9684339 ], [ -82.98172, 39.9684322 ], [ -82.9815794, 39.9684449 ], [ -82.9815732, 39.9684049 ], [ -82.9816071, 39.9684018 ], [ -82.9816031, 39.968376 ], [ -82.981627, 39.9683736 ], [ -82.9816251, 39.968359 ], [ -82.9817506, 39.9683478 ] ] ] } },
{ "type": "Feature", "properties": { "@id": "way/918713758", "amenity": null, "building": "residential", "name": null, "GEOID": "39049003600" }, "geometry": { "type": "Polygon", "coordinates": [ [ [ -82.97646, 39.9696166 ], [ -82.976467, 39.9695272 ], [ -82.9764813, 39.9695278 ], [ -82.9764822, 39.9695153 ], [ -82.9765385, 39.9695179 ], [ -82.9765306, 39.9696199 ], [ -82.97646, 39.9696166 ] ] ] } },
{ "type": "Feature", "properties": { "@id": "way/918713760", "amenity": null, "building": "residential", "name": null, "GEOID": "39049003000" }, "geometry": { "type": "Polygon", "coordinates": [ [ [ -82.9820326, 39.9680068 ], [ -82.9820194, 39.9679346 ], [ -82.9820866, 39.9679274 ], [ -82.9820848, 39.9679175 ], [ -82.9821422, 39.9679113 ], [ -82.9821432, 39.9679168 ], [ -82.982213, 39.9679093 ], [ -82.9822256, 39.9679783 ], [ -82.9821858, 39.9679826 ], [ -82.9821885, 39.9679971 ], [ -82.9821169, 39.9680048 ], [ -82.9821156, 39.9679979 ], [ -82.9820326, 39.9680068 ] ] ] } },
{ "type": "Feature", "properties": { "@id": "way/918713762", "amenity": null, "building": "residential", "name": null, "GEOID": "39049003600" }, "geometry": { "type": "Polygon", "coordinates": [ [ [ -82.9781138, 39.9684149 ], [ -82.9781164, 39.9683671 ], [ -82.9780681, 39.9683656 ], [ -82.9780687, 39.9683531 ], [ -82.978048, 39.9683524 ], [ -82.978051, 39.9682983 ], [ -82.9780712, 39.968299 ], [ -82.9780716, 39.9682909 ], [ -82.9781346, 39.9682929 ], [ -82.978134, 39.9683055 ], [ -82.9781773, 39.9683069 ], [ -82.978178, 39.9682951 ], [ -82.9782473, 39.9682973 ], [ -82.9782431, 39.9683725 ], [ -82.9782009, 39.9683712 ], [ -82.9781983, 39.9684177 ], [ -82.9781138, 39.9684149 ] ] ] } },
{ "type": "Feature", "properties": { "@id": "way/918713765", "amenity": null, "building": "residential", "name": null, "GEOID": "39049003600" }, "geometry": { "type": "Polygon", "coordinates": [ [ [ -82.9758281, 39.971326 ], [ -82.9758284, 39.9713165 ], [ -82.9757824, 39.9713158 ], [ -82.9757843, 39.9712384 ], [ -82.9758343, 39.9712391 ], [ -82.9758345, 39.9712299 ], [ -82.9759472, 39.9712315 ], [ -82.9759449, 39.9713276 ], [ -82.9758281, 39.971326 ] ] ] } },
{ "type": "Feature", "properties": { "@id": "way/918713768", "amenity": null, "building": "residential", "name": null, "GEOID": "39049003600" }, "geometry": { "type": "Polygon", "coordinates": [ [ [ -82.9785352, 39.9696049 ], [ -82.97854, 39.9695274 ], [ -82.9786865, 39.9695327 ], [ -82.9786817, 39.9696103 ], [ -82.9785352, 39.9696049 ] ] ] } },
{ "type": "Feature", "properties": { "@id": "way/918713771", "amenity": null, "building": "residential", "name": null, "GEOID": "39049003600" }, "geometry": { "type": "Polygon", "coordinates": [ [ [ -82.9780156, 39.9694246 ], [ -82.9780363, 39.9694262 ], [ -82.97804, 39.969385 ], [ -82.9781732, 39.9693944 ], [ -82.9781883, 39.9694092 ], [ -82.9781858, 39.9694363 ], [ -82.9781576, 39.969435 ], [ -82.9781552, 39.9694681 ], [ -82.9780129, 39.9694602 ], [ -82.9780156, 39.9694246 ] ] ] } },
{ "type": "Feature", "properties": { "@id": "way/918713772", "amenity": null, "building": "residential", "name": null, "GEOID": "39049003600" }, "geometry": { "type": "Polygon", "coordinates": [ [ [ -82.9778992, 39.9704044 ], [ -82.9779057, 39.9703175 ], [ -82.9780961, 39.9703258 ], [ -82.9780896, 39.9704127 ], [ -82.9778992, 39.9704044 ] ] ] } },
{ "type": "Feature", "properties": { "@id": "way/918713773", "amenity": null, "building": "residential", "name": null, "GEOID": "39049003600" }, "geometry": { "type": "Polygon", "coordinates": [ [ [ -82.9766508, 39.9705555 ], [ -82.9766528, 39.9705277 ], [ -82.9766615, 39.9705281 ], [ -82.9766639, 39.9704943 ], [ -82.9767016, 39.9704959 ], [ -82.9767033, 39.9704719 ], [ -82.9768507, 39.9704781 ], [ -82.9768445, 39.9705637 ], [ -82.9766508, 39.9705555 ] ] ] } },
{ "type": "Feature", "properties": { "@id": "way/918713774", "amenity": null, "building": "residential", "name": null, "GEOID": "39049003000" }, "geometry": { "type": "Polygon", "coordinates": [ [ [ -82.9816585, 39.9690104 ], [ -82.9817733, 39.9689771 ], [ -82.9817789, 39.9689885 ], [ -82.9818008, 39.9689822 ], [ -82.9818288, 39.9690389 ], [ -82.981692, 39.9690785 ], [ -82.9816585, 39.9690104 ] ] ] } },
{ "type": "Feature", "properties": { "@id": "way/918713776", "amenity": null, "building": "residential", "name": null, "GEOID": "39049003600" }, "geometry": { "type": "Polygon", "coordinates": [ [ [ -82.9762665, 39.9695062 ], [ -82.976378, 39.9694988 ], [ -82.976391, 39.9696149 ], [ -82.9762795, 39.9696223 ], [ -82.9762665, 39.9695062 ] ] ] } },
{ "type": "Feature", "properties": { "@id": "way/918713777", "amenity": null, "building": "residential", "name": null, "GEOID": "39049003600" }, "geometry": { "type": "Polygon", "coordinates": [ [ [ -82.9781294, 39.9696784 ], [ -82.9781574, 39.9696802 ], [ -82.9781484, 39.9697628 ], [ -82.9781205, 39.969761 ], [ -82.9781199, 39.9697661 ], [ -82.9778934, 39.9697516 ], [ -82.9779028, 39.9696654 ], [ -82.9779571, 39.9696688 ], [ -82.9779577, 39.9696637 ], [ -82.9781298, 39.9696747 ], [ -82.9781294, 39.9696784 ] ] ] } },
{ "type": "Feature", "properties": { "@id": "way/918713778", "amenity": null, "building": "residential", "name": null, "GEOID": "39049003000" }, "geometry": { "type": "Polygon", "coordinates": [ [ [ -82.9823973, 39.9695969 ], [ -82.9824143, 39.9695951 ], [ -82.9824127, 39.9695862 ], [ -82.9824672, 39.9695806 ], [ -82.9824684, 39.9695873 ], [ -82.9824951, 39.9695845 ], [ -82.982498, 39.969601 ], [ -82.9825309, 39.9695976 ], [ -82.9825395, 39.9696461 ], [ -82.9825076, 39.9696494 ], [ -82.9825109, 39.9696682 ], [ -82.9823746, 39.9696823 ], [ -82.9823644, 39.9696241 ], [ -82.9823579, 39.9696196 ], [ -82.9823541, 39.9696137 ], [ -82.9823531, 39.9696072 ], [ -82.9823551, 39.9696008 ], [ -82.9823597, 39.9695954 ], [ -82.9823665, 39.9695914 ], [ -82.9823747, 39.9695895 ], [ -82.9823832, 39.9695898 ], [ -82.982391, 39.9695923 ], [ -82.9823973, 39.9695969 ] ] ] } },
{ "type": "Feature", "properties": { "@id": "way/918713780", "amenity": null, "building": "residential", "name": null, "GEOID": "39049003600" }, "geometry": { "type": "Polygon", "coordinates": [ [ [ -82.9766266, 39.9707831 ], [ -82.9766304, 39.970734 ], [ -82.9766856, 39.9707365 ], [ -82.9766862, 39.9707284 ], [ -82.9767397, 39.9707309 ], [ -82.9767385, 39.9707466 ], [ -82.9767872, 39.9707488 ], [ -82.9767839, 39.9707903 ], [ -82.9766266, 39.9707831 ] ] ] } },
{ "type": "Feature", "properties": { "@id": "way/918713782", "amenity": null, "building": "residential", "name": null, "GEOID": "39049003600" }, "geometry": { "type": "Polygon", "coordinates": [ [ [ -82.9759104, 39.9708541 ], [ -82.9759112, 39.9708441 ], [ -82.9758532, 39.9708414 ], [ -82.9758596, 39.9707605 ], [ -82.9759175, 39.9707632 ], [ -82.9759183, 39.9707539 ], [ -82.9760489, 39.97076 ], [ -82.976041, 39.9708601 ], [ -82.9759104, 39.9708541 ] ] ] } },
{ "type": "Feature", "properties": { "@id": "way/918713783", "amenity": null, "building": "residential", "name": null, "GEOID": "39049003600" }, "geometry": { "type": "Polygon", "coordinates": [ [ [ -82.9756583, 39.9691668 ], [ -82.9756579, 39.9691733 ], [ -82.9756886, 39.9691745 ], [ -82.9756861, 39.9692109 ], [ -82.9756555, 39.9692097 ], [ -82.9756553, 39.9692119 ], [ -82.975438, 39.9692033 ], [ -82.9754438, 39.969117 ], [ -82.9756611, 39.9691255 ], [ -82.9756607, 39.9691315 ], [ -82.9756915, 39.9691327 ], [ -82.9756892, 39.969168 ], [ -82.9756583, 39.9691668 ] ] ] } },
{ "type": "Feature", "properties": { "@id": "way/918713785", "amenity": null, "building": "residential", "name": null, "GEOID": "39049003000" }, "geometry": { "type": "Polygon", "coordinates": [ [ [ -82.9813547, 39.9698797 ], [ -82.9813612, 39.9699118 ], [ -82.9813789, 39.9699097 ], [ -82.9813856, 39.9699431 ], [ -82.9812284, 39.9699618 ], [ -82.9812152, 39.9698962 ], [ -82.9813547, 39.9698797 ] ] ] } },
{ "type": "Feature", "properties": { "@id": "way/918713786", "amenity": null, "building": "residential", "name": null, "GEOID": "39049003000" }, "geometry": { "type": "Polygon", "coordinates": [ [ [ -82.9814458, 39.9680348 ], [ -82.9814626, 39.9680329 ], [ -82.981455, 39.9679938 ], [ -82.9815472, 39.9679833 ], [ -82.9815498, 39.9679966 ], [ -82.9816515, 39.967985 ], [ -82.9816582, 39.96802 ], [ -82.9816522, 39.9680207 ], [ -82.9816591, 39.9680567 ], [ -82.9814545, 39.96808 ], [ -82.9814458, 39.9680348 ] ] ] } },
{ "type": "Feature", "properties": { "@id": "way/918713788", "amenity": null, "building": "residential", "name": null, "GEOID": "39049003600" }, "geometry": { "type": "Polygon", "coordinates": [ [ [ -82.9756266, 39.9694184 ], [ -82.9756265, 39.9694218 ], [ -82.9755716, 39.9694204 ], [ -82.9755712, 39.9694288 ], [ -82.9755271, 39.9694277 ], [ -82.9755279, 39.9694082 ], [ -82.9754358, 39.9694059 ], [ -82.9754379, 39.9693576 ], [ -82.9755299, 39.96936 ], [ -82.9755308, 39.9693406 ], [ -82.9755893, 39.9693421 ], [ -82.9755887, 39.9693574 ], [ -82.9756537, 39.969359 ], [ -82.9756511, 39.969419 ], [ -82.9756266, 39.9694184 ] ] ] } },
{ "type": "Feature", "properties": { "@id": "way/918713790", "amenity": null, "building": "residential", "name": null, "GEOID": "39049003600" }, "geometry": { "type": "Polygon", "coordinates": [ [ [ -82.9758614, 39.9709426 ], [ -82.975865, 39.9708774 ], [ -82.975999, 39.9708817 ], [ -82.9759954, 39.9709469 ], [ -82.9758614, 39.9709426 ] ] ] } },
{ "type": "Feature", "properties": { "@id": "way/918713794", "amenity": null, "building": "residential", "name": null, "GEOID": "39049003600" }, "geometry": { "type": "Polygon", "coordinates": [ [ [ -82.9777414, 39.9691703 ], [ -82.9777519, 39.9690524 ], [ -82.9778622, 39.9690582 ], [ -82.9778517, 39.9691761 ], [ -82.9777414, 39.9691703 ] ] ] } },
{ "type": "Feature", "properties": { "@id": "way/918713795", "amenity": null, "building": "residential", "name": null, "GEOID": "39049003600" }, "geometry": { "type": "Polygon", "coordinates": [ [ [ -82.9748901, 39.9707055 ], [ -82.9748898, 39.9707096 ], [ -82.9748349, 39.970707 ], [ -82.9748344, 39.9707131 ], [ -82.9747211, 39.9707078 ], [ -82.9747217, 39.9707003 ], [ -82.9746986, 39.9706992 ], [ -82.9747035, 39.9706395 ], [ -82.9747301, 39.9706408 ], [ -82.9747305, 39.970636 ], [ -82.9748453, 39.9706414 ], [ -82.9748436, 39.9706619 ], [ -82.9749289, 39.970666 ], [ -82.9749256, 39.9707072 ], [ -82.9748901, 39.9707055 ] ] ] } },
{ "type": "Feature", "properties": { "@id": "way/918713798", "amenity": null, "building": "residential", "name": null, "GEOID": "39049003600" }, "geometry": { "type": "Polygon", "coordinates": [ [ [ -82.9750246, 39.968865 ], [ -82.9750209, 39.9689479 ], [ -82.9747881, 39.9689418 ], [ -82.9747918, 39.9688589 ], [ -82.9750246, 39.968865 ] ] ] } },
{ "type": "Feature", "properties": { "@id": "way/918713799", "amenity": null, "building": "residential", "name": null, "GEOID": "39049003600" }, "geometry": { "type": "Polygon", "coordinates": [ [ [ -82.9766556, 39.9703301 ], [ -82.9766609, 39.9702515 ], [ -82.9768686, 39.9702599 ], [ -82.9768633, 39.9703384 ], [ -82.9766556, 39.9703301 ] ] ] } },
{ "type": "Feature", "properties": { "@id": "way/918713800", "amenity": null, "building": "residential", "name": null, "GEOID": "39049003600" }, "geometry": { "type": "Polygon", "coordinates": [ [ [ -82.9759275, 39.9701054 ], [ -82.9759298, 39.970074 ], [ -82.9758989, 39.9700726 ], [ -82.9759016, 39.9700366 ], [ -82.9761108, 39.9700458 ], [ -82.9761093, 39.9700667 ], [ -82.9760895, 39.9700658 ], [ -82.976086, 39.9701124 ], [ -82.9759275, 39.9701054 ] ] ] } },
{ "type": "Feature", "properties": { "@id": "way/918713803", "amenity": null, "building": "residential", "name": null, "GEOID": "39049003600" }, "geometry": { "type": "Polygon", "coordinates": [ [ [ -82.9761051, 39.9696541 ], [ -82.9761049, 39.9696569 ], [ -82.976136, 39.9696581 ], [ -82.9761333, 39.9696993 ], [ -82.976102, 39.9696981 ], [ -82.9761019, 39.9697 ], [ -82.9759242, 39.9696932 ], [ -82.9759272, 39.9696471 ], [ -82.975994, 39.9696496 ], [ -82.9759948, 39.9696369 ], [ -82.9760515, 39.9696391 ], [ -82.9760507, 39.9696521 ], [ -82.9761051, 39.9696541 ] ] ] } },
{ "type": "Feature", "properties": { "@id": "way/918713805", "amenity": null, "building": "residential", "name": null, "GEOID": "39049003600" }, "geometry": { "type": "Polygon", "coordinates": [ [ [ -82.9756314, 39.9693105 ], [ -82.9755139, 39.9693051 ], [ -82.9755148, 39.9692932 ], [ -82.9754964, 39.9692923 ], [ -82.9755012, 39.9692316 ], [ -82.975628, 39.9692374 ], [ -82.9756254, 39.9692707 ], [ -82.9756345, 39.9692712 ], [ -82.9756314, 39.9693105 ] ] ] } },
{ "type": "Feature", "properties": { "@id": "way/918713806", "amenity": null, "building": "residential", "name": null, "GEOID": "39049003600" }, "geometry": { "type": "Polygon", "coordinates": [ [ [ -82.975655, 39.9679804 ], [ -82.9757527, 39.9679684 ], [ -82.9757885, 39.9681391 ], [ -82.9757109, 39.9681487 ], [ -82.9757053, 39.9681217 ], [ -82.9756852, 39.9681242 ], [ -82.975655, 39.9679804 ] ] ] } },
{ "type": "Feature", "properties": { "@id": "way/918713807", "amenity": null, "building": "residential", "name": null, "GEOID": "39049003000" }, "geometry": { "type": "Polygon", "coordinates": [ [ [ -82.9821237, 39.9684365 ], [ -82.9821713, 39.9684311 ], [ -82.9821652, 39.9684001 ], [ -82.982238, 39.9683918 ], [ -82.982239, 39.9683969 ], [ -82.9822985, 39.9683901 ], [ -82.9822997, 39.9683963 ], [ -82.9823463, 39.968391 ], [ -82.9823595, 39.9684587 ], [ -82.9821331, 39.9684846 ], [ -82.9821237, 39.9684365 ] ] ] } },
{ "type": "Feature", "properties": { "@id": "way/918713809", "amenity": null, "building": "residential", "name": null, "GEOID": "39049003600" }, "geometry": { "type": "Polygon", "coordinates": [ [ [ -82.9787115, 39.9689334 ], [ -82.9785756, 39.9689275 ], [ -82.9785807, 39.968858 ], [ -82.9787191, 39.9688639 ], [ -82.9787189, 39.9688678 ], [ -82.9787475, 39.9688691 ], [ -82.9787469, 39.9688777 ], [ -82.9787645, 39.9688784 ], [ -82.978761, 39.968926 ], [ -82.9787403, 39.9689251 ], [ -82.9787399, 39.9689308 ], [ -82.9787118, 39.9689295 ], [ -82.9787115, 39.9689334 ] ] ] } },
{ "type": "Feature", "properties": { "@id": "way/918713812", "amenity": null, "building": "residential", "name": null, "GEOID": "39049003600" }, "geometry": { "type": "Polygon", "coordinates": [ [ [ -82.9798564, 39.9681771 ], [ -82.9798627, 39.9680904 ], [ -82.9800458, 39.9680981 ], [ -82.9800395, 39.9681848 ], [ -82.9798564, 39.9681771 ] ] ] } },
{ "type": "Feature", "properties": { "@id": "way/918713813", "amenity": null, "building": "residential", "name": null, "GEOID": "39049003600" }, "geometry": { "type": "Polygon", "coordinates": [ [ [ -82.9759952, 39.9689564 ], [ -82.9759976, 39.9689253 ], [ -82.975972, 39.9689241 ], [ -82.9759754, 39.9688815 ], [ -82.976, 39.9688827 ], [ -82.9760005, 39.9688763 ], [ -82.9761522, 39.9688833 ], [ -82.9761472, 39.9689458 ], [ -82.9761092, 39.9689441 ], [ -82.9761078, 39.9689616 ], [ -82.9759952, 39.9689564 ] ] ] } },
{ "type": "Feature", "properties": { "@id": "way/918713814", "amenity": null, "building": "residential", "name": null, "GEOID": "39049003600" }, "geometry": { "type": "Polygon", "coordinates": [ [ [ -82.9792643, 39.968623 ], [ -82.9792666, 39.9685781 ], [ -82.9793142, 39.9685796 ], [ -82.9793147, 39.9685686 ], [ -82.9793758, 39.9685704 ], [ -82.9793751, 39.9685824 ], [ -82.9794218, 39.9685838 ], [ -82.9794196, 39.9686277 ], [ -82.9792643, 39.968623 ] ] ] } },
{ "type": "Feature", "properties": { "@id": "way/918713815", "amenity": null, "building": "residential", "name": null, "GEOID": "39049003600" }, "geometry": { "type": "Polygon", "coordinates": [ [ [ -82.9767681, 39.9695363 ], [ -82.9769426, 39.969531 ], [ -82.9769446, 39.9695703 ], [ -82.9769237, 39.969571 ], [ -82.9769246, 39.9695881 ], [ -82.976771, 39.9695928 ], [ -82.9767681, 39.9695363 ] ] ] } },
{ "type": "Feature", "properties": { "@id": "way/918713816", "amenity": null, "building": "residential", "name": null, "GEOID": "39049003600" }, "geometry": { "type": "Polygon", "coordinates": [ [ [ -82.9771523, 39.9702662 ], [ -82.977159, 39.9701938 ], [ -82.9772793, 39.9702003 ], [ -82.9772772, 39.9702234 ], [ -82.977324, 39.970226 ], [ -82.9773194, 39.9702754 ], [ -82.9771523, 39.9702662 ] ] ] } },
{ "type": "Feature", "properties": { "@id": "way/918713818", "amenity": null, "building": "residential", "name": null, "GEOID": "39049003000" }, "geometry": { "type": "Polygon", "coordinates": [ [ [ -82.9823009, 39.9683597 ], [ -82.9823026, 39.9683686 ], [ -82.9821121, 39.9683903 ], [ -82.9820996, 39.9683261 ], [ -82.9821643, 39.9683187 ], [ -82.9821612, 39.9683028 ], [ -82.982287, 39.9682885 ], [ -82.9822914, 39.9683112 ], [ -82.9823258, 39.9683073 ], [ -82.9823352, 39.9683558 ], [ -82.9823009, 39.9683597 ] ] ] } },
{ "type": "Feature", "properties": { "@id": "way/918713819", "amenity": null, "building": "residential", "name": null, "GEOID": "39049003600" }, "geometry": { "type": "Polygon", "coordinates": [ [ [ -82.9777039, 39.9679232 ], [ -82.9777048, 39.9679024 ], [ -82.9776869, 39.9679019 ], [ -82.9776887, 39.9678619 ], [ -82.977683, 39.9678618 ], [ -82.9776832, 39.9678565 ], [ -82.9776706, 39.9678466 ], [ -82.9776709, 39.9678271 ], [ -82.9776851, 39.9678149 ], [ -82.9776853, 39.9678104 ], [ -82.9776919, 39.9678106 ], [ -82.9776942, 39.9677571 ], [ -82.9777179, 39.9677578 ], [ -82.9777346, 39.9677475 ], [ -82.9777605, 39.9677482 ], [ -82.9777721, 39.9677592 ], [ -82.9777802, 39.9677594 ], [ -82.9777739, 39.9678993 ], [ -82.977764, 39.967899 ], [ -82.9777629, 39.9679247 ], [ -82.9777039, 39.9679232 ] ] ] } },
{ "type": "Feature", "properties": { "@id": "way/918713820", "amenity": null, "building": "residential", "name": null, "GEOID": "39049003600" }, "geometry": { "type": "Polygon", "coordinates": [ [ [ -82.975921, 39.970203 ], [ -82.9759233, 39.9701709 ], [ -82.9759024, 39.97017 ], [ -82.9759052, 39.9701309 ], [ -82.9760627, 39.9701376 ], [ -82.9760576, 39.9702087 ], [ -82.975921, 39.970203 ] ] ] } },
{ "type": "Feature", "properties": { "@id": "way/918713821", "amenity": null, "building": "residential", "name": null, "GEOID": "39049003600" }, "geometry": { "type": "Polygon", "coordinates": [ [ [ -82.9759342, 39.9699151 ], [ -82.975937, 39.9698536 ], [ -82.9760438, 39.9698565 ], [ -82.9760433, 39.9698657 ], [ -82.9761394, 39.9698682 ], [ -82.976137, 39.9699206 ], [ -82.9759342, 39.9699151 ] ] ] } },
{ "type": "Feature", "properties": { "@id": "way/918713824", "amenity": null, "building": "residential", "name": null, "GEOID": "39049003600" }, "geometry": { "type": "Polygon", "coordinates": [ [ [ -82.9758437, 39.9707442 ], [ -82.9758487, 39.9706723 ], [ -82.976, 39.9706785 ], [ -82.975995, 39.9707504 ], [ -82.9758437, 39.9707442 ] ] ] } },
{ "type": "Feature", "properties": { "@id": "way/918713825", "amenity": null, "building": "residential", "name": null, "GEOID": "39049003600" }, "geometry": { "type": "Polygon", "coordinates": [ [ [ -82.9747565, 39.9699664 ], [ -82.974762, 39.9698873 ], [ -82.9749138, 39.9698935 ], [ -82.9749116, 39.9699258 ], [ -82.9748862, 39.9699248 ], [ -82.974883, 39.9699715 ], [ -82.9747565, 39.9699664 ] ] ] } },
{ "type": "Feature", "properties": { "@id": "way/918713826", "amenity": null, "building": "residential", "name": null, "GEOID": "39049003600" }, "geometry": { "type": "Polygon", "coordinates": [ [ [ -82.9759299, 39.9696247 ], [ -82.9759326, 39.9695735 ], [ -82.9759461, 39.9695739 ], [ -82.9759473, 39.9695501 ], [ -82.9760003, 39.9695517 ], [ -82.976, 39.9695583 ], [ -82.9760644, 39.9695603 ], [ -82.9760632, 39.9695833 ], [ -82.9761002, 39.9695845 ], [ -82.9760991, 39.9696051 ], [ -82.9761212, 39.9696058 ], [ -82.9761199, 39.9696306 ], [ -82.9759299, 39.9696247 ] ] ] } },
{ "type": "Feature", "properties": { "@id": "way/918713827", "amenity": null, "building": "residential", "name": null, "GEOID": "39049003600" }, "geometry": { "type": "Polygon", "coordinates": [ [ [ -82.9747051, 39.9709916 ], [ -82.9746827, 39.970991 ], [ -82.9746859, 39.9709239 ], [ -82.9747735, 39.9709264 ], [ -82.9747731, 39.9709344 ], [ -82.9748245, 39.9709359 ], [ -82.9748233, 39.9709618 ], [ -82.9748787, 39.9709633 ], [ -82.9748764, 39.971011 ], [ -82.9748091, 39.9710091 ], [ -82.9748094, 39.9710012 ], [ -82.9747048, 39.9709982 ], [ -82.9747051, 39.9709916 ] ] ] } },
{ "type": "Feature", "properties": { "@id": "way/918713828", "amenity": null, "building": "residential", "name": null, "GEOID": "39049003600" }, "geometry": { "type": "Polygon", "coordinates": [ [ [ -82.9759703, 39.9690555 ], [ -82.9759782, 39.9689602 ], [ -82.9761723, 39.9689697 ], [ -82.9761645, 39.969065 ], [ -82.9759703, 39.9690555 ] ] ] } },
{ "type": "Feature", "properties": { "@id": "way/918713829", "amenity": null, "building": "residential", "name": null, "GEOID": "39049003600" }, "geometry": { "type": "Polygon", "coordinates": [ [ [ -82.9749316, 39.9701839 ], [ -82.9747233, 39.9701768 ], [ -82.9747284, 39.9700902 ], [ -82.9749367, 39.9700974 ], [ -82.9749316, 39.9701839 ] ] ] } },
{ "type": "Feature", "properties": { "@id": "way/918713830", "amenity": null, "building": "residential", "name": null, "GEOID": "39049003600" }, "geometry": { "type": "Polygon", "coordinates": [ [ [ -82.9797215, 39.968274 ], [ -82.9797296, 39.9681748 ], [ -82.9798145, 39.9681789 ], [ -82.979813, 39.9681971 ], [ -82.9799242, 39.9682025 ], [ -82.9799176, 39.9682835 ], [ -82.9797215, 39.968274 ] ] ] } },
{ "type": "Feature", "properties": { "@id": "way/918713831", "amenity": null, "building": "residential", "name": null, "GEOID": "39049003600" }, "geometry": { "type": "Polygon", "coordinates": [ [ [ -82.9755476, 39.9689165 ], [ -82.9755528, 39.9688399 ], [ -82.9757128, 39.9688463 ], [ -82.9757076, 39.9689229 ], [ -82.9755476, 39.9689165 ] ] ] } },
{ "type": "Feature", "properties": { "@id": "way/918713835", "amenity": null, "building": "residential", "name": null, "GEOID": "39049003600" }, "geometry": { "type": "Polygon", "coordinates": [ [ [ -82.9755724, 39.9706688 ], [ -82.9755677, 39.9707372 ], [ -82.9754476, 39.9707324 ], [ -82.9754523, 39.970664 ], [ -82.9755724, 39.9706688 ] ] ] } },
{ "type": "Feature", "properties": { "@id": "way/918713836", "amenity": null, "building": "residential", "name": null, "GEOID": "39049003600" }, "geometry": { "type": "Polygon", "coordinates": [ [ [ -82.9754491, 39.970634 ], [ -82.9754539, 39.9705656 ], [ -82.9755792, 39.9705708 ], [ -82.9755744, 39.9706392 ], [ -82.9754491, 39.970634 ] ] ] } },
{ "type": "Feature", "properties": { "@id": "way/918713837", "amenity": null, "building": "residential", "name": null, "GEOID": "39049003000" }, "geometry": { "type": "Polygon", "coordinates": [ [ [ -82.9823585, 39.969566 ], [ -82.9823364, 39.9695684 ], [ -82.9823248, 39.9695066 ], [ -82.9823469, 39.9695042 ], [ -82.9823452, 39.9694953 ], [ -82.9824979, 39.9694785 ], [ -82.9825134, 39.9695613 ], [ -82.9823607, 39.969578 ], [ -82.9823585, 39.969566 ] ] ] } },
{ "type": "Feature", "properties": { "@id": "way/918713841", "amenity": null, "building": "residential", "name": null, "GEOID": "39049003000" }, "geometry": { "type": "Polygon", "coordinates": [ [ [ -82.9816168, 39.968494 ], [ -82.9816642, 39.9684884 ], [ -82.9816615, 39.9684748 ], [ -82.9817777, 39.968461 ], [ -82.981791, 39.9685265 ], [ -82.9816273, 39.968546 ], [ -82.9816168, 39.968494 ] ] ] } },
{ "type": "Feature", "properties": { "@id": "way/918713846", "amenity": null, "building": "residential", "name": null, "GEOID": "39049003600" }, "geometry": { "type": "Polygon", "coordinates": [ [ [ -82.9779953, 39.9689169 ], [ -82.9780007, 39.968867 ], [ -82.9781974, 39.9688795 ], [ -82.9781919, 39.9689295 ], [ -82.9779953, 39.9689169 ] ] ] } },
{ "type": "Feature", "properties": { "@id": "way/918713850", "amenity": null, "building": "residential", "name": null, "GEOID": "39049003600" }, "geometry": { "type": "Polygon", "coordinates": [ [ [ -82.9766568, 39.9708937 ], [ -82.9766573, 39.9708868 ], [ -82.9765779, 39.9708834 ], [ -82.9765807, 39.9708445 ], [ -82.9766635, 39.970848 ], [ -82.9766641, 39.9708395 ], [ -82.976783, 39.9708445 ], [ -82.9767791, 39.9708989 ], [ -82.9766568, 39.9708937 ] ] ] } },
{ "type": "Feature", "properties": { "@id": "way/918713852", "amenity": null, "building": "residential", "name": null, "GEOID": "39049003600" }, "geometry": { "type": "Polygon", "coordinates": [ [ [ -82.9781332, 39.9695677 ], [ -82.9781624, 39.9695692 ], [ -82.9781576, 39.9696239 ], [ -82.9781284, 39.9696224 ], [ -82.9781264, 39.9696451 ], [ -82.9779977, 39.9696385 ], [ -82.9780025, 39.9695839 ], [ -82.9780306, 39.9695853 ], [ -82.9780332, 39.9695559 ], [ -82.9781338, 39.9695611 ], [ -82.9781332, 39.9695677 ] ] ] } },
{ "type": "Feature", "properties": { "@id": "way/918713853", "amenity": null, "building": "residential", "name": null, "GEOID": "39049003000" }, "geometry": { "type": "Polygon", "coordinates": [ [ [ -82.9820404, 39.9681036 ], [ -82.9820288, 39.9680382 ], [ -82.982268, 39.9680134 ], [ -82.9822747, 39.9680513 ], [ -82.9822368, 39.9680553 ], [ -82.9822426, 39.968088 ], [ -82.982074, 39.9681055 ], [ -82.982073, 39.9681002 ], [ -82.9820404, 39.9681036 ] ] ] } },
{ "type": "Feature", "properties": { "@id": "way/918713856", "amenity": null, "building": "residential", "name": null, "GEOID": "39049003600" }, "geometry": { "type": "Polygon", "coordinates": [ [ [ -82.9781051, 39.9702448 ], [ -82.9780989, 39.9703125 ], [ -82.9779585, 39.9703049 ], [ -82.9779631, 39.9702546 ], [ -82.9779851, 39.9702557 ], [ -82.9779867, 39.9702384 ], [ -82.9781051, 39.9702448 ] ] ] } },
{ "type": "Feature", "properties": { "@id": "way/918713857", "amenity": null, "building": "residential", "name": null, "GEOID": "39049003000" }, "geometry": { "type": "Polygon", "coordinates": [ [ [ -82.9814445, 39.9681887 ], [ -82.9815459, 39.9681769 ], [ -82.981547, 39.9681822 ], [ -82.9816132, 39.9681745 ], [ -82.9816117, 39.9681671 ], [ -82.9816526, 39.9681623 ], [ -82.9816554, 39.9681765 ], [ -82.9817433, 39.9681662 ], [ -82.9817543, 39.9682218 ], [ -82.9817405, 39.9682234 ], [ -82.9817447, 39.9682446 ], [ -82.981552, 39.968267 ], [ -82.98155, 39.9682571 ], [ -82.9814601, 39.9682675 ], [ -82.9814445, 39.9681887 ] ] ] } },
{ "type": "Feature", "properties": { "@id": "way/918713858", "amenity": null, "building": "residential", "name": null, "GEOID": "39049003600" }, "geometry": { "type": "Polygon", "coordinates": [ [ [ -82.9777487, 39.9693357 ], [ -82.9778674, 39.969342 ], [ -82.9778509, 39.9695215 ], [ -82.9777322, 39.9695151 ], [ -82.9777487, 39.9693357 ] ] ] } },
{ "type": "Feature", "properties": { "@id": "way/918713859", "amenity": null, "building": "residential", "name": null, "GEOID": "39049003600" }, "geometry": { "type": "Polygon", "coordinates": [ [ [ -82.9771511, 39.9701851 ], [ -82.9771551, 39.9701447 ], [ -82.9771621, 39.9701451 ], [ -82.9771656, 39.9701093 ], [ -82.9773275, 39.9701187 ], [ -82.9773223, 39.9701712 ], [ -82.9772906, 39.9701694 ], [ -82.9772883, 39.9701931 ], [ -82.9771511, 39.9701851 ] ] ] } },
{ "type": "Feature", "properties": { "@id": "way/918713861", "amenity": null, "building": "residential", "name": null, "GEOID": "39049003600" }, "geometry": { "type": "Polygon", "coordinates": [ [ [ -82.9754343, 39.9698249 ], [ -82.9755003, 39.969827 ], [ -82.9755001, 39.9698318 ], [ -82.9755529, 39.9698335 ], [ -82.9755523, 39.9698447 ], [ -82.9756109, 39.9698466 ], [ -82.9756075, 39.9699084 ], [ -82.9755486, 39.9699065 ], [ -82.9755482, 39.9699146 ], [ -82.9754906, 39.9699127 ], [ -82.9754908, 39.9699089 ], [ -82.9754298, 39.9699069 ], [ -82.9754343, 39.9698249 ] ] ] } },
{ "type": "Feature", "properties": { "@id": "way/918713863", "amenity": null, "building": "residential", "name": null, "GEOID": "39049003600" }, "geometry": { "type": "Polygon", "coordinates": [ [ [ -82.9786391, 39.9686195 ], [ -82.9786111, 39.9686181 ], [ -82.9786167, 39.968551 ], [ -82.9786447, 39.9685524 ], [ -82.9786453, 39.968546 ], [ -82.9787683, 39.9685521 ], [ -82.9787676, 39.9685602 ], [ -82.9787994, 39.9685618 ], [ -82.9787943, 39.9686232 ], [ -82.9787621, 39.9686217 ], [ -82.978761, 39.9686353 ], [ -82.9786383, 39.9686292 ], [ -82.9786391, 39.9686195 ] ] ] } },
{ "type": "Feature", "properties": { "@id": "way/918713865", "amenity": null, "building": "residential", "name": null, "GEOID": "39049003600" }, "geometry": { "type": "Polygon", "coordinates": [ [ [ -82.977149, 39.9704106 ], [ -82.9771527, 39.9703728 ], [ -82.9771256, 39.9703712 ], [ -82.9771298, 39.9703284 ], [ -82.9773274, 39.9703397 ], [ -82.9773222, 39.9703924 ], [ -82.9772865, 39.9703904 ], [ -82.9772837, 39.9704184 ], [ -82.977149, 39.9704106 ] ] ] } },
{ "type": "Feature", "properties": { "@id": "way/918713868", "amenity": null, "building": "residential", "name": null, "GEOID": "39049003600" }, "geometry": { "type": "Polygon", "coordinates": [ [ [ -82.9767304, 39.9700331 ], [ -82.9767348, 39.9699692 ], [ -82.9768729, 39.9699747 ], [ -82.9768685, 39.9700387 ], [ -82.9767304, 39.9700331 ] ] ] } },
{ "type": "Feature", "properties": { "@id": "way/918713869", "amenity": null, "building": "residential", "name": null, "GEOID": "39049003600" }, "geometry": { "type": "Polygon", "coordinates": [ [ [ -82.9798359, 39.9686219 ], [ -82.9798408, 39.968561 ], [ -82.9798484, 39.9685613 ], [ -82.9798513, 39.9685249 ], [ -82.979949, 39.9685295 ], [ -82.9799474, 39.9685491 ], [ -82.9799731, 39.9685503 ], [ -82.9799715, 39.9685695 ], [ -82.9800095, 39.9685713 ], [ -82.9800048, 39.9686298 ], [ -82.9798359, 39.9686219 ] ] ] } },
{ "type": "Feature", "properties": { "@id": "way/918713870", "amenity": null, "building": "residential", "name": null, "GEOID": "39049003600" }, "geometry": { "type": "Polygon", "coordinates": [ [ [ -82.9767722, 39.9696595 ], [ -82.9767728, 39.9696058 ], [ -82.9768991, 39.9696066 ], [ -82.976899, 39.9696185 ], [ -82.9769127, 39.9696186 ], [ -82.9769122, 39.9696604 ], [ -82.9767722, 39.9696595 ] ] ] } },
{ "type": "Feature", "properties": { "@id": "way/918713873", "amenity": null, "building": "residential", "name": null, "GEOID": "39049003600" }, "geometry": { "type": "Polygon", "coordinates": [ [ [ -82.9748454, 39.9685825 ], [ -82.9748205, 39.9685816 ], [ -82.9748225, 39.9685475 ], [ -82.9750243, 39.9685546 ], [ -82.9750194, 39.9686365 ], [ -82.974817, 39.9686294 ], [ -82.9748191, 39.9685941 ], [ -82.9748446, 39.968595 ], [ -82.9748454, 39.9685825 ] ] ] } },
{ "type": "Feature", "properties": { "@id": "way/918713875", "amenity": null, "building": "residential", "name": null, "GEOID": "39049003600" }, "geometry": { "type": "Polygon", "coordinates": [ [ [ -82.9765562, 39.9696068 ], [ -82.9765626, 39.9695172 ], [ -82.9765544, 39.9695168 ], [ -82.9765564, 39.9694888 ], [ -82.9766234, 39.9694916 ], [ -82.9766151, 39.9696092 ], [ -82.9765562, 39.9696068 ] ] ] } },
{ "type": "Feature", "properties": { "@id": "way/918713876", "amenity": null, "building": "residential", "name": null, "GEOID": "39049003600" }, "geometry": { "type": "Polygon", "coordinates": [ [ [ -82.9771906, 39.9700796 ], [ -82.9771956, 39.9699947 ], [ -82.9773231, 39.9699991 ], [ -82.9773194, 39.9700611 ], [ -82.9773358, 39.9700617 ], [ -82.9773344, 39.9700846 ], [ -82.9771906, 39.9700796 ] ] ] } },
{ "type": "Feature", "properties": { "@id": "way/918713877", "amenity": null, "building": "residential", "name": null, "GEOID": "39049003600" }, "geometry": { "type": "Polygon", "coordinates": [ [ [ -82.9778879, 39.9705184 ], [ -82.9778916, 39.9704695 ], [ -82.9778808, 39.970469 ], [ -82.9778841, 39.9704245 ], [ -82.9780584, 39.9704321 ], [ -82.978055, 39.9704767 ], [ -82.9780681, 39.9704772 ], [ -82.9780656, 39.9705107 ], [ -82.9780526, 39.9705101 ], [ -82.9780514, 39.9705256 ], [ -82.9778879, 39.9705184 ] ] ] } },
{ "type": "Feature", "properties": { "@id": "way/918713878", "amenity": null, "building": "residential", "name": null, "GEOID": "39049003600" }, "geometry": { "type": "Polygon", "coordinates": [ [ [ -82.9758786, 39.9704078 ], [ -82.9758845, 39.9703226 ], [ -82.9760384, 39.9703289 ], [ -82.976039, 39.9703205 ], [ -82.9760759, 39.970322 ], [ -82.9760753, 39.9703304 ], [ -82.9761222, 39.9703323 ], [ -82.9761163, 39.9704174 ], [ -82.9760691, 39.9704155 ], [ -82.9760685, 39.9704235 ], [ -82.976029, 39.9704219 ], [ -82.9760295, 39.9704139 ], [ -82.9758786, 39.9704078 ] ] ] } },
{ "type": "Feature", "properties": { "@id": "way/918713879", "amenity": null, "building": "residential", "name": null, "GEOID": "39049003600" }, "geometry": { "type": "Polygon", "coordinates": [ [ [ -82.9760001, 39.9684905 ], [ -82.9760025, 39.9684494 ], [ -82.9762051, 39.9684565 ], [ -82.9761998, 39.9685451 ], [ -82.9759964, 39.9685379 ], [ -82.9759987, 39.9684983 ], [ -82.9760306, 39.9684994 ], [ -82.9760311, 39.9684916 ], [ -82.9760001, 39.9684905 ] ] ] } },
{ "type": "Feature", "properties": { "@id": "way/918713880", "amenity": null, "building": "residential", "name": null, "GEOID": "39049003600" }, "geometry": { "type": "Polygon", "coordinates": [ [ [ -82.974853, 39.9684625 ], [ -82.9748535, 39.9684543 ], [ -82.9750108, 39.9684598 ], [ -82.9750096, 39.9684806 ], [ -82.975029, 39.9684812 ], [ -82.9750287, 39.9684878 ], [ -82.9750657, 39.9684891 ], [ -82.975063, 39.9685332 ], [ -82.9750315, 39.9685321 ], [ -82.9750311, 39.9685383 ], [ -82.9749717, 39.9685362 ], [ -82.9749713, 39.9685425 ], [ -82.9748278, 39.9685375 ], [ -82.9748323, 39.9684618 ], [ -82.974853, 39.9684625 ] ] ] } },
{ "type": "Feature", "properties": { "@id": "way/918713882", "amenity": null, "building": "residential", "name": null, "GEOID": "39049003600" }, "geometry": { "type": "Polygon", "coordinates": [ [ [ -82.9748486, 39.9686813 ], [ -82.9748209, 39.9686805 ], [ -82.9748227, 39.9686453 ], [ -82.9750341, 39.9686515 ], [ -82.9750301, 39.9687333 ], [ -82.9748194, 39.9687271 ], [ -82.9748212, 39.9686901 ], [ -82.9748481, 39.9686909 ], [ -82.9748486, 39.9686813 ] ] ] } },
{ "type": "Feature", "properties": { "@id": "way/918713885", "amenity": null, "building": "residential", "name": null, "GEOID": "39049003600" }, "geometry": { "type": "Polygon", "coordinates": [ [ [ -82.9797455, 39.9687247 ], [ -82.9797487, 39.9686874 ], [ -82.9797625, 39.9686881 ], [ -82.9797648, 39.96866 ], [ -82.979858, 39.9686646 ], [ -82.9798589, 39.9686546 ], [ -82.9799735, 39.9686603 ], [ -82.9799672, 39.9687356 ], [ -82.9797455, 39.9687247 ] ] ] } },
{ "type": "Feature", "properties": { "@id": "way/918713886", "amenity": null, "building": "residential", "name": null, "GEOID": "39049003600" }, "geometry": { "type": "Polygon", "coordinates": [ [ [ -82.9758737, 39.9706338 ], [ -82.9758805, 39.9705346 ], [ -82.9760661, 39.9705421 ], [ -82.9760593, 39.9706412 ], [ -82.9758737, 39.9706338 ] ] ] } },
{ "type": "Feature", "properties": { "@id": "way/918713887", "amenity": null, "building": "residential", "name": null, "GEOID": "39049003600" }, "geometry": { "type": "Polygon", "coordinates": [ [ [ -82.9755633, 39.9707669 ], [ -82.9755602, 39.9708271 ], [ -82.9754364, 39.9708234 ], [ -82.9754395, 39.9707631 ], [ -82.9755633, 39.9707669 ] ] ] } },
{ "type": "Feature", "properties": { "@id": "way/918713888", "amenity": null, "building": "residential", "name": null, "GEOID": "39049003600" }, "geometry": { "type": "Polygon", "coordinates": [ [ [ -82.9749437, 39.9707484 ], [ -82.9749422, 39.9707782 ], [ -82.9749236, 39.9707777 ], [ -82.9749222, 39.9708056 ], [ -82.9749121, 39.9708053 ], [ -82.9749112, 39.9708228 ], [ -82.9747065, 39.9708168 ], [ -82.9747101, 39.9707444 ], [ -82.9748913, 39.9707497 ], [ -82.9748914, 39.9707469 ], [ -82.9749437, 39.9707484 ] ] ] } },
{ "type": "Feature", "properties": { "@id": "way/918713891", "amenity": null, "building": "residential", "name": null, "GEOID": "39049003600" }, "geometry": { "type": "Polygon", "coordinates": [ [ [ -82.9785185, 39.9698237 ], [ -82.9784942, 39.9698227 ], [ -82.9784996, 39.9697478 ], [ -82.9785239, 39.9697488 ], [ -82.9785245, 39.9697414 ], [ -82.9786696, 39.9697476 ], [ -82.9786632, 39.9698368 ], [ -82.978518, 39.9698307 ], [ -82.9785185, 39.9698237 ] ] ] } },
{ "type": "Feature", "properties": { "@id": "way/918713893", "amenity": null, "building": "residential", "name": null, "GEOID": "39049003000" }, "geometry": { "type": "Polygon", "coordinates": [ [ [ -82.9821126, 39.9682637 ], [ -82.9820804, 39.9682675 ], [ -82.9820728, 39.96823 ], [ -82.9821393, 39.9682221 ], [ -82.9821371, 39.968211 ], [ -82.9822406, 39.9681987 ], [ -82.9822521, 39.9682563 ], [ -82.9822124, 39.968261 ], [ -82.9822153, 39.9682753 ], [ -82.9821173, 39.9682869 ], [ -82.9821126, 39.9682637 ] ] ] } },
{ "type": "Feature", "properties": { "@id": "way/918713894", "amenity": null, "building": "residential", "name": null, "GEOID": "39049003600" }, "geometry": { "type": "Polygon", "coordinates": [ [ [ -82.9786009, 39.9690867 ], [ -82.9786028, 39.9690506 ], [ -82.9785656, 39.9690494 ], [ -82.9785682, 39.9689991 ], [ -82.9786573, 39.9690018 ], [ -82.9786581, 39.9689855 ], [ -82.9787352, 39.9689879 ], [ -82.9787343, 39.969005 ], [ -82.9787759, 39.9690063 ], [ -82.9787728, 39.9690662 ], [ -82.9787456, 39.9690654 ], [ -82.9787443, 39.9690911 ], [ -82.9786009, 39.9690867 ] ] ] } },
{ "type": "Feature", "properties": { "@id": "way/918713896", "amenity": null, "building": "residential", "name": null, "GEOID": "39049003600" }, "geometry": { "type": "Polygon", "coordinates": [ [ [ -82.9774376, 39.9684474 ], [ -82.9774361, 39.9684634 ], [ -82.9772651, 39.9684535 ], [ -82.9772697, 39.968407 ], [ -82.9773201, 39.9684099 ], [ -82.9773213, 39.9683977 ], [ -82.9773906, 39.9684017 ], [ -82.97739, 39.9684086 ], [ -82.9774629, 39.9684129 ], [ -82.9774594, 39.9684487 ], [ -82.9774376, 39.9684474 ] ] ] } },
{ "type": "Feature", "properties": { "@id": "way/918713897", "amenity": null, "building": "residential", "name": null, "GEOID": "39049003600" }, "geometry": { "type": "Polygon", "coordinates": [ [ [ -82.9755747, 39.9686028 ], [ -82.9755757, 39.9685839 ], [ -82.9755666, 39.9685836 ], [ -82.9755672, 39.9685709 ], [ -82.9755507, 39.9685704 ], [ -82.9755529, 39.9685261 ], [ -82.9757297, 39.9685314 ], [ -82.9757259, 39.9686073 ], [ -82.9755747, 39.9686028 ] ] ] } },
{ "type": "Feature", "properties": { "@id": "way/918713899", "amenity": null, "building": "residential", "name": null, "GEOID": "39049003600" }, "geometry": { "type": "Polygon", "coordinates": [ [ [ -82.9792735, 39.9688118 ], [ -82.9792751, 39.9687926 ], [ -82.9792343, 39.9687907 ], [ -82.9792388, 39.9687346 ], [ -82.9792589, 39.9687356 ], [ -82.9792602, 39.9687197 ], [ -82.979335, 39.9687233 ], [ -82.9793333, 39.9687442 ], [ -82.9794054, 39.9687476 ], [ -82.9794011, 39.9688003 ], [ -82.9793428, 39.9687975 ], [ -82.9793414, 39.968815 ], [ -82.9792735, 39.9688118 ] ] ] } },
{ "type": "Feature", "properties": { "@id": "way/918713900", "amenity": null, "building": "residential", "name": null, "GEOID": "39049003600" }, "geometry": { "type": "Polygon", "coordinates": [ [ [ -82.9746918, 39.9709144 ], [ -82.9746971, 39.9708412 ], [ -82.9748393, 39.9708473 ], [ -82.9748369, 39.9708803 ], [ -82.9748063, 39.970879 ], [ -82.9748033, 39.9709192 ], [ -82.9746918, 39.9709144 ] ] ] } },
{ "type": "Feature", "properties": { "@id": "way/918713901", "amenity": null, "building": "residential", "name": null, "GEOID": "39049003600" }, "geometry": { "type": "Polygon", "coordinates": [ [ [ -82.9787148, 39.9688241 ], [ -82.978582, 39.9688194 ], [ -82.9785863, 39.968747 ], [ -82.9786575, 39.9687495 ], [ -82.9787167, 39.9687516 ], [ -82.9787157, 39.9687679 ], [ -82.9787246, 39.9687683 ], [ -82.9787222, 39.9688082 ], [ -82.9787157, 39.968808 ], [ -82.9787148, 39.9688241 ] ] ] } },
{ "type": "Feature", "properties": { "@id": "way/918713902", "amenity": null, "building": "residential", "name": null, "GEOID": "39049003600" }, "geometry": { "type": "Polygon", "coordinates": [ [ [ -82.9787901, 39.9684541 ], [ -82.978789, 39.968469 ], [ -82.9788168, 39.9684702 ], [ -82.9788128, 39.9685247 ], [ -82.9787826, 39.9685233 ], [ -82.9787817, 39.9685356 ], [ -82.9786399, 39.9685295 ], [ -82.9786402, 39.9685247 ], [ -82.9786459, 39.9684479 ], [ -82.9787901, 39.9684541 ] ] ] } },
{ "type": "Feature", "properties": { "@id": "way/918713904", "amenity": null, "building": "residential", "name": null, "GEOID": "39049003600" }, "geometry": { "type": "Polygon", "coordinates": [ [ [ -82.9788081, 39.9686499 ], [ -82.9788008, 39.968741 ], [ -82.9785965, 39.9687314 ], [ -82.9786027, 39.9686543 ], [ -82.9786255, 39.9686554 ], [ -82.9786266, 39.9686413 ], [ -82.9788081, 39.9686499 ] ] ] } },
{ "type": "Feature", "properties": { "@id": "way/918713905", "amenity": null, "building": "residential", "name": null, "GEOID": "39049003600" }, "geometry": { "type": "Polygon", "coordinates": [ [ [ -82.9766456, 39.9706369 ], [ -82.9766489, 39.9705885 ], [ -82.9766899, 39.9705902 ], [ -82.9766906, 39.9705794 ], [ -82.9767503, 39.9705818 ], [ -82.9767493, 39.9705965 ], [ -82.9767973, 39.9705984 ], [ -82.9767942, 39.9706429 ], [ -82.9766456, 39.9706369 ] ] ] } },
{ "type": "Feature", "properties": { "@id": "way/918713906", "amenity": null, "building": "residential", "name": null, "GEOID": "39049003000" }, "geometry": { "type": "Polygon", "coordinates": [ [ [ -82.9812288, 39.9697457 ], [ -82.9812626, 39.9697431 ], [ -82.9812621, 39.9697388 ], [ -82.9813929, 39.9697289 ], [ -82.9813999, 39.9697832 ], [ -82.9813761, 39.969785 ], [ -82.9813793, 39.9698102 ], [ -82.9812723, 39.9698183 ], [ -82.9812717, 39.9698139 ], [ -82.9812379, 39.9698165 ], [ -82.9812288, 39.9697457 ] ] ] } },
{ "type": "Feature", "properties": { "@id": "way/918713909", "amenity": null, "building": "residential", "name": null, "GEOID": "39049003600" }, "geometry": { "type": "Polygon", "coordinates": [ [ [ -82.9772656, 39.9707622 ], [ -82.9772626, 39.9708187 ], [ -82.9772375, 39.9708179 ], [ -82.9772356, 39.9708519 ], [ -82.9770726, 39.9708467 ], [ -82.9770767, 39.9707706 ], [ -82.977164, 39.9707734 ], [ -82.9771647, 39.970759 ], [ -82.9772656, 39.9707622 ] ] ] } },
{ "type": "Feature", "properties": { "@id": "way/918713910", "amenity": null, "building": "residential", "name": null, "GEOID": "39049003600" }, "geometry": { "type": "Polygon", "coordinates": [ [ [ -82.9779702, 39.968805 ], [ -82.9779758, 39.9687266 ], [ -82.9780355, 39.9687291 ], [ -82.9780331, 39.9687628 ], [ -82.9781046, 39.9687659 ], [ -82.9781066, 39.9687378 ], [ -82.9781675, 39.9687404 ], [ -82.9781657, 39.9687657 ], [ -82.9781968, 39.968767 ], [ -82.9781933, 39.9688145 ], [ -82.9779702, 39.968805 ] ] ] } },
{ "type": "Feature", "properties": { "@id": "way/918713911", "amenity": null, "building": "residential", "name": null, "GEOID": "39049003600" }, "geometry": { "type": "Polygon", "coordinates": [ [ [ -82.9782081, 39.9686627 ], [ -82.9782332, 39.9686641 ], [ -82.978229, 39.9687092 ], [ -82.9782039, 39.9687078 ], [ -82.9782037, 39.9687109 ], [ -82.9780357, 39.9687018 ], [ -82.9780397, 39.968659 ], [ -82.9780881, 39.9686617 ], [ -82.978089, 39.9686519 ], [ -82.9782085, 39.9686584 ], [ -82.9782081, 39.9686627 ] ] ] } },
{ "type": "Feature", "properties": { "@id": "way/918713912", "amenity": null, "building": "residential", "name": null, "GEOID": "39049003600" }, "geometry": { "type": "Polygon", "coordinates": [ [ [ -82.9785095, 39.9697229 ], [ -82.9785137, 39.9696708 ], [ -82.9785295, 39.9696716 ], [ -82.9785323, 39.9696367 ], [ -82.9786552, 39.9696426 ], [ -82.9786535, 39.9696642 ], [ -82.9786726, 39.9696651 ], [ -82.9786674, 39.9697304 ], [ -82.9785095, 39.9697229 ] ] ] } },
{ "type": "Feature", "properties": { "@id": "way/918713913", "amenity": null, "building": "residential", "name": null, "GEOID": "39049003600" }, "geometry": { "type": "Polygon", "coordinates": [ [ [ -82.9786402, 39.9685247 ], [ -82.9786125, 39.9685235 ], [ -82.9786179, 39.9684495 ], [ -82.9786457, 39.9684507 ], [ -82.9786402, 39.9685247 ] ] ] } },
{ "type": "Feature", "properties": { "@id": "way/918713914", "amenity": null, "building": "residential", "name": null, "GEOID": "39049003000" }, "geometry": { "type": "Polygon", "coordinates": [ [ [ -82.9813185, 39.9693048 ], [ -82.9813157, 39.9692781 ], [ -82.98133, 39.9692772 ], [ -82.9813283, 39.9692606 ], [ -82.981407, 39.9692558 ], [ -82.9814111, 39.9692958 ], [ -82.9814402, 39.969294 ], [ -82.9814459, 39.969348 ], [ -82.9814245, 39.9693493 ], [ -82.981427, 39.9693733 ], [ -82.9812812, 39.9693822 ], [ -82.9812735, 39.9693075 ], [ -82.9813185, 39.9693048 ] ] ] } },
{ "type": "Feature", "properties": { "@id": "way/918713916", "amenity": null, "building": "residential", "name": null, "GEOID": "39049003000" }, "geometry": { "type": "Polygon", "coordinates": [ [ [ -82.9812438, 39.969612 ], [ -82.981275, 39.9696096 ], [ -82.9812741, 39.9696029 ], [ -82.9813631, 39.9695962 ], [ -82.9813635, 39.9695992 ], [ -82.9813778, 39.9695981 ], [ -82.9813823, 39.969634 ], [ -82.9814029, 39.9696325 ], [ -82.9814071, 39.9696653 ], [ -82.9812521, 39.9696769 ], [ -82.9812438, 39.969612 ] ] ] } },
{ "type": "Feature", "properties": { "@id": "way/918713919", "amenity": null, "building": "residential", "name": null, "GEOID": "39049003000" }, "geometry": { "type": "Polygon", "coordinates": [ [ [ -82.9815734, 39.9681417 ], [ -82.9815475, 39.9681446 ], [ -82.9815468, 39.9681407 ], [ -82.981504, 39.9681455 ], [ -82.9814952, 39.9680997 ], [ -82.9815926, 39.9680887 ], [ -82.9815912, 39.9680816 ], [ -82.9816536, 39.9680745 ], [ -82.9816558, 39.9680856 ], [ -82.9816851, 39.9680822 ], [ -82.981689, 39.9681025 ], [ -82.9817125, 39.9680998 ], [ -82.9817218, 39.9681478 ], [ -82.9815778, 39.9681642 ], [ -82.9815734, 39.9681417 ] ] ] } },
{ "type": "Feature", "properties": { "@id": "way/918713920", "amenity": null, "building": "residential", "name": null, "GEOID": "39049003600" }, "geometry": { "type": "Polygon", "coordinates": [ [ [ -82.9763597, 39.96935 ], [ -82.9763625, 39.9693148 ], [ -82.9763125, 39.9693124 ], [ -82.9763165, 39.9692625 ], [ -82.9764208, 39.9692674 ], [ -82.976414, 39.9693526 ], [ -82.9763597, 39.96935 ] ] ] } },
{ "type": "Feature", "properties": { "@id": "way/918713921", "amenity": null, "building": "residential", "name": null, "GEOID": "39049003600" }, "geometry": { "type": "Polygon", "coordinates": [ [ [ -82.9759091, 39.9700117 ], [ -82.9759132, 39.9699526 ], [ -82.9761506, 39.9699624 ], [ -82.9761464, 39.9700214 ], [ -82.9759091, 39.9700117 ] ] ] } },
{ "type": "Feature", "properties": { "@id": "way/918713922", "amenity": null, "building": "residential", "name": null, "GEOID": "39049003600" }, "geometry": { "type": "Polygon", "coordinates": [ [ [ -82.9780236, 39.9691347 ], [ -82.9780296, 39.969078 ], [ -82.9780666, 39.9690803 ], [ -82.9780689, 39.9690583 ], [ -82.9781895, 39.9690657 ], [ -82.9781832, 39.9691266 ], [ -82.978133, 39.9691235 ], [ -82.9781311, 39.9691413 ], [ -82.9780236, 39.9691347 ] ] ] } },
{ "type": "Feature", "properties": { "@id": "way/918713924", "amenity": null, "building": "residential", "name": null, "GEOID": "39049003600" }, "geometry": { "type": "Polygon", "coordinates": [ [ [ -82.975976, 39.9688512 ], [ -82.9759808, 39.9687718 ], [ -82.9762278, 39.9687806 ], [ -82.9762229, 39.96886 ], [ -82.975976, 39.9688512 ] ] ] } },
{ "type": "Feature", "properties": { "@id": "way/918713926", "amenity": null, "building": "residential", "name": null, "GEOID": "39049003600" }, "geometry": { "type": "Polygon", "coordinates": [ [ [ -82.9767248, 39.9698506 ], [ -82.9767287, 39.9697942 ], [ -82.9767103, 39.9697935 ], [ -82.9767132, 39.9697522 ], [ -82.9768469, 39.9697577 ], [ -82.9768432, 39.9698101 ], [ -82.9769025, 39.9698126 ], [ -82.9768993, 39.9698578 ], [ -82.9767248, 39.9698506 ] ] ] } },
{ "type": "Feature", "properties": { "@id": "way/918713927", "amenity": null, "building": "residential", "name": null, "GEOID": "39049003600" }, "geometry": { "type": "Polygon", "coordinates": [ [ [ -82.9749618, 39.9692489 ], [ -82.9749551, 39.9693369 ], [ -82.9748031, 39.9693301 ], [ -82.9748035, 39.9693249 ], [ -82.9747836, 39.969324 ], [ -82.9747896, 39.9692456 ], [ -82.9748095, 39.9692464 ], [ -82.9748098, 39.9692421 ], [ -82.9749618, 39.9692489 ] ] ] } },
{ "type": "Feature", "properties": { "@id": "way/918713928", "amenity": null, "building": "residential", "name": null, "GEOID": "39049003600" }, "geometry": { "type": "Polygon", "coordinates": [ [ [ -82.9769411, 39.9691953 ], [ -82.9769621, 39.9691963 ], [ -82.9769562, 39.9692722 ], [ -82.9769352, 39.9692712 ], [ -82.9769349, 39.969274 ], [ -82.9768873, 39.9692718 ], [ -82.9768868, 39.9692786 ], [ -82.9767712, 39.9692733 ], [ -82.9767773, 39.9691956 ], [ -82.9768246, 39.9691978 ], [ -82.9768253, 39.9691888 ], [ -82.9769412, 39.9691941 ], [ -82.9769411, 39.9691953 ] ] ] } },
{ "type": "Feature", "properties": { "@id": "way/918713929", "amenity": null, "building": "residential", "name": null, "GEOID": "39049003600" }, "geometry": { "type": "Polygon", "coordinates": [ [ [ -82.9749154, 39.9693604 ], [ -82.9749145, 39.9693718 ], [ -82.9750011, 39.9693757 ], [ -82.9749976, 39.9694213 ], [ -82.9747678, 39.9694109 ], [ -82.9747721, 39.9693539 ], [ -82.9749154, 39.9693604 ] ] ] } },
{ "type": "Feature", "properties": { "@id": "way/918713930", "amenity": null, "building": "residential", "name": null, "GEOID": "39049003600" }, "geometry": { "type": "Polygon", "coordinates": [ [ [ -82.9800417, 39.9687991 ], [ -82.9800373, 39.9688511 ], [ -82.9798605, 39.9688423 ], [ -82.979865, 39.9687903 ], [ -82.9800417, 39.9687991 ] ] ] } },
{ "type": "Feature", "properties": { "@id": "way/918713931", "amenity": null, "building": "residential", "name": null, "GEOID": "39049003600" }, "geometry": { "type": "Polygon", "coordinates": [ [ [ -82.9747312, 39.9705457 ], [ -82.9747078, 39.9705447 ], [ -82.9747097, 39.970518 ], [ -82.9747331, 39.9705189 ], [ -82.9747333, 39.9705161 ], [ -82.9749388, 39.9705243 ], [ -82.9749369, 39.9705522 ], [ -82.9749062, 39.970551 ], [ -82.9749034, 39.9705912 ], [ -82.9749317, 39.9705923 ], [ -82.9749296, 39.9706237 ], [ -82.9747264, 39.9706156 ], [ -82.9747267, 39.9706124 ], [ -82.9747034, 39.9706115 ], [ -82.9747055, 39.9705813 ], [ -82.9747287, 39.9705822 ], [ -82.9747312, 39.9705457 ] ] ] } },
{ "type": "Feature", "properties": { "@id": "way/918713932", "amenity": null, "building": "residential", "name": null, "GEOID": "39049003600" }, "geometry": { "type": "Polygon", "coordinates": [ [ [ -82.9747498, 39.9697198 ], [ -82.974738, 39.9697194 ], [ -82.9747397, 39.9696828 ], [ -82.9748033, 39.9696845 ], [ -82.9748034, 39.9696825 ], [ -82.9749148, 39.9696855 ], [ -82.9749102, 39.9697849 ], [ -82.9747974, 39.9697818 ], [ -82.9747975, 39.9697799 ], [ -82.9747359, 39.9697782 ], [ -82.9747378, 39.9697369 ], [ -82.974749, 39.9697372 ], [ -82.9747498, 39.9697198 ] ] ] } },
{ "type": "Feature", "properties": { "@id": "way/918713933", "amenity": null, "building": "residential", "name": null, "GEOID": "39049003600" }, "geometry": { "type": "Polygon", "coordinates": [ [ [ -82.9798511, 39.9684802 ], [ -82.9798561, 39.9683954 ], [ -82.980042, 39.9684019 ], [ -82.980037, 39.9684867 ], [ -82.9798511, 39.9684802 ] ] ] } },
{ "type": "Feature", "properties": { "@id": "way/918713934", "amenity": null, "building": "residential", "name": null, "GEOID": "39049003600" }, "geometry": { "type": "Polygon", "coordinates": [ [ [ -82.9756759, 39.9689465 ], [ -82.9757006, 39.9689472 ], [ -82.9756985, 39.9689878 ], [ -82.9756736, 39.9689871 ], [ -82.975672, 39.9690195 ], [ -82.9755384, 39.9690155 ], [ -82.9755399, 39.9689849 ], [ -82.9755325, 39.9689846 ], [ -82.9755351, 39.9689333 ], [ -82.9756764, 39.9689375 ], [ -82.9756759, 39.9689465 ] ] ] } },
{ "type": "Feature", "properties": { "@id": "way/918713937", "amenity": null, "building": "residential", "name": null, "GEOID": "39049003600" }, "geometry": { "type": "Polygon", "coordinates": [ [ [ -82.9756149, 39.9698098 ], [ -82.9756148, 39.9698113 ], [ -82.9754181, 39.9698043 ], [ -82.9754232, 39.9697205 ], [ -82.9756199, 39.9697276 ], [ -82.9756198, 39.9697297 ], [ -82.9756513, 39.9697308 ], [ -82.9756491, 39.9697663 ], [ -82.9756176, 39.9697652 ], [ -82.9756172, 39.9697729 ], [ -82.9756499, 39.969774 ], [ -82.9756477, 39.969811 ], [ -82.9756149, 39.9698098 ] ] ] } },
{ "type": "Feature", "properties": { "@id": "way/918713939", "amenity": null, "building": "residential", "name": null, "GEOID": "39049003600" }, "geometry": { "type": "Polygon", "coordinates": [ [ [ -82.9782998, 39.9679492 ], [ -82.9782993, 39.9679544 ], [ -82.9783225, 39.9679556 ], [ -82.9783152, 39.9680388 ], [ -82.978292, 39.9680376 ], [ -82.9782917, 39.968041 ], [ -82.9780765, 39.9680298 ], [ -82.9780846, 39.9679381 ], [ -82.9782998, 39.9679492 ] ] ] } },
{ "type": "Feature", "properties": { "@id": "way/918713940", "amenity": null, "building": "residential", "name": null, "GEOID": "39049003600" }, "geometry": { "type": "Polygon", "coordinates": [ [ [ -82.9755566, 39.9708665 ], [ -82.9755536, 39.9709256 ], [ -82.9754275, 39.9709219 ], [ -82.9754305, 39.9708627 ], [ -82.9755566, 39.9708665 ] ] ] } },
{ "type": "Feature", "properties": { "@id": "way/918713941", "amenity": null, "building": "residential", "name": null, "GEOID": "39049003600" }, "geometry": { "type": "Polygon", "coordinates": [ [ [ -82.9748347, 39.9690899 ], [ -82.9748251, 39.9690895 ], [ -82.9748282, 39.9690503 ], [ -82.9749194, 39.9690546 ], [ -82.9749168, 39.9690876 ], [ -82.9749991, 39.9690914 ], [ -82.9749946, 39.9691471 ], [ -82.9748307, 39.9691394 ], [ -82.9748347, 39.9690899 ] ] ] } },
{ "type": "Feature", "properties": { "@id": "way/918713942", "amenity": null, "building": "residential", "name": null, "GEOID": "39049003600" }, "geometry": { "type": "Polygon", "coordinates": [ [ [ -82.9747551, 39.9695056 ], [ -82.9747578, 39.9694277 ], [ -82.9749063, 39.9694308 ], [ -82.9749056, 39.9694503 ], [ -82.9749137, 39.9694505 ], [ -82.9749117, 39.9695088 ], [ -82.9747551, 39.9695056 ] ] ] } },
{ "type": "Feature", "properties": { "@id": "way/918713943", "amenity": null, "building": "residential", "name": null, "GEOID": "39049003600" }, "geometry": { "type": "Polygon", "coordinates": [ [ [ -82.9798649, 39.9680319 ], [ -82.9798719, 39.9679454 ], [ -82.9801114, 39.9679568 ], [ -82.9801044, 39.9680433 ], [ -82.9798649, 39.9680319 ] ] ] } },
{ "type": "Feature", "properties": { "@id": "way/918713945", "amenity": null, "building": "residential", "name": null, "GEOID": "39049003600" }, "geometry": { "type": "Polygon", "coordinates": [ [ [ -82.9753973, 39.9702004 ], [ -82.975403, 39.9701148 ], [ -82.9756226, 39.9701234 ], [ -82.9756199, 39.9701638 ], [ -82.975625, 39.970164 ], [ -82.975622, 39.9702093 ], [ -82.9753973, 39.9702004 ] ] ] } },
{ "type": "Feature", "properties": { "@id": "way/918713946", "amenity": null, "building": "residential", "name": null, "GEOID": "39049003600" }, "geometry": { "type": "Polygon", "coordinates": [ [ [ -82.9760278, 39.9684047 ], [ -82.9760014, 39.9684033 ], [ -82.9760055, 39.9683566 ], [ -82.9761786, 39.9683656 ], [ -82.9761714, 39.968447 ], [ -82.9760247, 39.9684394 ], [ -82.9760278, 39.9684047 ] ] ] } },
{ "type": "Feature", "properties": { "@id": "way/918713947", "amenity": null, "building": "residential", "name": null, "GEOID": "39049003000" }, "geometry": { "type": "Polygon", "coordinates": [ [ [ -82.9814297, 39.9694476 ], [ -82.9814399, 39.9694978 ], [ -82.9814161, 39.9695006 ], [ -82.9814202, 39.9695209 ], [ -82.9812696, 39.9695388 ], [ -82.9812553, 39.9694684 ], [ -82.9814297, 39.9694476 ] ] ] } },
{ "type": "Feature", "properties": { "@id": "way/918713949", "amenity": null, "building": "residential", "name": null, "GEOID": "39049003600" }, "geometry": { "type": "Polygon", "coordinates": [ [ [ -82.9746715, 39.9712007 ], [ -82.9746753, 39.9711311 ], [ -82.9749912, 39.9711413 ], [ -82.974988, 39.9712004 ], [ -82.9748976, 39.9711975 ], [ -82.974897, 39.9712079 ], [ -82.9746715, 39.9712007 ] ] ] } },
{ "type": "Feature", "properties": { "@id": "way/918713952", "amenity": null, "building": "residential", "name": null, "GEOID": "39049003600" }, "geometry": { "type": "Polygon", "coordinates": [ [ [ -82.9750927, 39.9696434 ], [ -82.9751695, 39.9696454 ], [ -82.9751643, 39.9697636 ], [ -82.9751449, 39.9697631 ], [ -82.9751435, 39.9697954 ], [ -82.9750805, 39.9697938 ], [ -82.9750819, 39.969762 ], [ -82.9750875, 39.9697621 ], [ -82.9750927, 39.9696434 ] ] ] } },
{ "type": "Feature", "properties": { "@id": "way/918713953", "amenity": null, "building": "residential", "name": null, "GEOID": "39049003600" }, "geometry": { "type": "Polygon", "coordinates": [ [ [ -82.9781186, 39.9697978 ], [ -82.9781117, 39.9698759 ], [ -82.9779862, 39.9698695 ], [ -82.9779888, 39.9698395 ], [ -82.9779384, 39.9698369 ], [ -82.9779425, 39.96979 ], [ -82.9780105, 39.9697935 ], [ -82.9780114, 39.9697838 ], [ -82.9780748, 39.9697871 ], [ -82.9780741, 39.9697956 ], [ -82.9781186, 39.9697978 ] ] ] } },
{ "type": "Feature", "properties": { "@id": "way/918713954", "amenity": null, "building": "residential", "name": null, "GEOID": "39049003600" }, "geometry": { "type": "Polygon", "coordinates": [ [ [ -82.9766784, 39.9704519 ], [ -82.9766853, 39.9703563 ], [ -82.9768015, 39.9703611 ], [ -82.9768008, 39.9703712 ], [ -82.9768822, 39.9703746 ], [ -82.9768769, 39.9704491 ], [ -82.9767924, 39.9704455 ], [ -82.9767917, 39.9704567 ], [ -82.9766784, 39.9704519 ] ] ] } },
{ "type": "Feature", "properties": { "@id": "way/918713955", "amenity": null, "building": "residential", "name": null, "GEOID": "39049003600" }, "geometry": { "type": "Polygon", "coordinates": [ [ [ -82.9759851, 39.9686641 ], [ -82.9759888, 39.9686031 ], [ -82.9759996, 39.9686035 ], [ -82.9760017, 39.9685687 ], [ -82.9761789, 39.968575 ], [ -82.9761731, 39.9686708 ], [ -82.9759851, 39.9686641 ] ] ] } },
{ "type": "Feature", "properties": { "@id": "way/918713957", "amenity": null, "building": "residential", "name": null, "GEOID": "39049003000" }, "geometry": { "type": "Polygon", "coordinates": [ [ [ -82.9820744, 39.968146 ], [ -82.9820903, 39.9681442 ], [ -82.9820874, 39.9681292 ], [ -82.9821321, 39.9681242 ], [ -82.9821305, 39.9681157 ], [ -82.9821842, 39.9681097 ], [ -82.9821861, 39.9681194 ], [ -82.9823221, 39.9681042 ], [ -82.9823352, 39.9681733 ], [ -82.9820849, 39.9682013 ], [ -82.9820744, 39.968146 ] ] ] } },
{ "type": "Feature", "properties": { "@id": "way/918713958", "amenity": null, "building": "residential", "name": null, "GEOID": "39049003600" }, "geometry": { "type": "Polygon", "coordinates": [ [ [ -82.9753978, 39.9704028 ], [ -82.975403, 39.9703194 ], [ -82.9756041, 39.9703267 ], [ -82.9755989, 39.9704102 ], [ -82.9753978, 39.9704028 ] ] ] } },
{ "type": "Feature", "properties": { "@id": "way/918713959", "amenity": null, "building": "residential", "name": null, "GEOID": "39049003600" }, "geometry": { "type": "Polygon", "coordinates": [ [ [ -82.9755042, 39.9686979 ], [ -82.9755088, 39.9686188 ], [ -82.9757211, 39.9686259 ], [ -82.9757166, 39.968705 ], [ -82.9755042, 39.9686979 ] ] ] } },
{ "type": "Feature", "properties": { "@id": "way/918713960", "amenity": null, "building": "residential", "name": null, "GEOID": "39049003600" }, "geometry": { "type": "Polygon", "coordinates": [ [ [ -82.9784451, 39.9704674 ], [ -82.9784208, 39.970466 ], [ -82.9784261, 39.9704114 ], [ -82.9784505, 39.9704128 ], [ -82.9784513, 39.970404 ], [ -82.9785852, 39.9704117 ], [ -82.9785783, 39.9704817 ], [ -82.9784444, 39.9704739 ], [ -82.9784451, 39.9704674 ] ] ] } },
{ "type": "Feature", "properties": { "@id": "way/918713961", "amenity": null, "building": "residential", "name": null, "GEOID": "39049003600" }, "geometry": { "type": "Polygon", "coordinates": [ [ [ -82.974862, 39.9700788 ], [ -82.9747405, 39.9700746 ], [ -82.9747446, 39.9700054 ], [ -82.9747829, 39.9700067 ], [ -82.9747826, 39.9700121 ], [ -82.9748048, 39.9700128 ], [ -82.9748051, 39.9700075 ], [ -82.9748661, 39.9700096 ], [ -82.974862, 39.9700788 ] ] ] } },
{ "type": "Feature", "properties": { "@id": "way/918713962", "amenity": null, "building": "residential", "name": null, "GEOID": "39049003600" }, "geometry": { "type": "Polygon", "coordinates": [ [ [ -82.9748375, 39.9689976 ], [ -82.9748382, 39.968991 ], [ -82.9748635, 39.968992 ], [ -82.9748645, 39.9689756 ], [ -82.9749495, 39.9689786 ], [ -82.9749493, 39.9689814 ], [ -82.9749969, 39.9689831 ], [ -82.9749961, 39.9689967 ], [ -82.9750052, 39.968997 ], [ -82.975002, 39.9690508 ], [ -82.974835, 39.969046 ], [ -82.9748353, 39.9690397 ], [ -82.974819, 39.9690283 ], [ -82.9748201, 39.9690095 ], [ -82.9748375, 39.9689976 ] ] ] } },
{ "type": "Feature", "properties": { "@id": "way/918713964", "amenity": null, "building": "residential", "name": null, "GEOID": "39049003600" }, "geometry": { "type": "Polygon", "coordinates": [ [ [ -82.9746384, 39.9712822 ], [ -82.9746423, 39.9712138 ], [ -82.9747896, 39.9712187 ], [ -82.9747884, 39.9712391 ], [ -82.974813, 39.9712399 ], [ -82.9748103, 39.9712879 ], [ -82.9746384, 39.9712822 ] ] ] } },
{ "type": "Feature", "properties": { "@id": "way/919131346", "amenity": null, "building": "residential", "name": null, "GEOID": "39049003600" }, "geometry": { "type": "Polygon", "coordinates": [ [ [ -82.9730469, 39.9713498 ], [ -82.9730476, 39.971337 ], [ -82.9731693, 39.9713408 ], [ -82.9731691, 39.9713454 ], [ -82.9731905, 39.9713461 ], [ -82.9731873, 39.9714061 ], [ -82.9731659, 39.9714055 ], [ -82.9731657, 39.9714088 ], [ -82.973044, 39.971405 ], [ -82.9730456, 39.9713738 ], [ -82.9730212, 39.9713731 ], [ -82.9730224, 39.971349 ], [ -82.9730469, 39.9713498 ] ] ] } },
{ "type": "Feature", "properties": { "@id": "way/919131347", "amenity": null, "building": "residential", "name": null, "GEOID": "39049003600" }, "geometry": { "type": "Polygon", "coordinates": [ [ [ -82.9701774, 39.9697982 ], [ -82.970175, 39.9698372 ], [ -82.9701332, 39.9698357 ], [ -82.9701325, 39.9698476 ], [ -82.9700745, 39.9698455 ], [ -82.9700749, 39.9698392 ], [ -82.9700102, 39.9698368 ], [ -82.9700129, 39.9697923 ], [ -82.9701774, 39.9697982 ] ] ] } },
{ "type": "Feature", "properties": { "@id": "way/919131348", "amenity": null, "building": "residential", "name": null, "GEOID": "39049003600" }, "geometry": { "type": "Polygon", "coordinates": [ [ [ -82.9700661, 39.9692338 ], [ -82.9700689, 39.9691919 ], [ -82.9702177, 39.9691978 ], [ -82.9702149, 39.9692397 ], [ -82.9700661, 39.9692338 ] ] ] } },
{ "type": "Feature", "properties": { "@id": "way/919131349", "amenity": null, "building": "residential", "name": null, "GEOID": "39049002800" }, "geometry": { "type": "Polygon", "coordinates": [ [ [ -82.9690026, 39.9688997 ], [ -82.9690074, 39.9688184 ], [ -82.9690152, 39.9688187 ], [ -82.9690182, 39.9687679 ], [ -82.9690667, 39.9687696 ], [ -82.969067, 39.9687643 ], [ -82.9691225, 39.9687662 ], [ -82.9691193, 39.9688215 ], [ -82.9691267, 39.9688218 ], [ -82.9691218, 39.9689039 ], [ -82.9690026, 39.9688997 ] ] ] } },
{ "type": "Feature", "properties": { "@id": "way/919131350", "amenity": null, "building": "residential", "name": null, "GEOID": "39049003600" }, "geometry": { "type": "Polygon", "coordinates": [ [ [ -82.972049, 39.9696406 ], [ -82.9720528, 39.9695785 ], [ -82.9722061, 39.969584 ], [ -82.9722033, 39.9696308 ], [ -82.9721726, 39.9696297 ], [ -82.9721716, 39.969645 ], [ -82.972049, 39.9696406 ] ] ] } },
{ "type": "Feature", "properties": { "@id": "way/919131351", "amenity": null, "building": "residential", "name": null, "GEOID": "39049003600" }, "geometry": { "type": "Polygon", "coordinates": [ [ [ -82.9709874, 39.9700097 ], [ -82.9710133, 39.9700106 ], [ -82.97101, 39.9700654 ], [ -82.9708114, 39.9700583 ], [ -82.970815, 39.9699979 ], [ -82.9709877, 39.9700041 ], [ -82.9709874, 39.9700097 ] ] ] } },
{ "type": "Feature", "properties": { "@id": "way/919131353", "amenity": null, "building": "residential", "name": null, "GEOID": "39049003600" }, "geometry": { "type": "Polygon", "coordinates": [ [ [ -82.9709784, 39.9689427 ], [ -82.9709827, 39.9688733 ], [ -82.9710176, 39.9688746 ], [ -82.9710186, 39.9688583 ], [ -82.9711113, 39.9688616 ], [ -82.9711085, 39.9689055 ], [ -82.9711282, 39.9689062 ], [ -82.9711257, 39.9689481 ], [ -82.9709784, 39.9689427 ] ] ] } },
{ "type": "Feature", "properties": { "@id": "way/919131354", "amenity": null, "building": "residential", "name": null, "GEOID": "39049003600" }, "geometry": { "type": "Polygon", "coordinates": [ [ [ -82.9719925, 39.9705873 ], [ -82.9719956, 39.9705436 ], [ -82.9720016, 39.9705438 ], [ -82.9720031, 39.9705229 ], [ -82.972144, 39.9705288 ], [ -82.9721427, 39.9705467 ], [ -82.9721548, 39.9705472 ], [ -82.9721515, 39.9705939 ], [ -82.9719925, 39.9705873 ] ] ] } },
{ "type": "Feature", "properties": { "@id": "way/919131356", "amenity": null, "building": "residential", "name": null, "GEOID": "39049003600" }, "geometry": { "type": "Polygon", "coordinates": [ [ [ -82.9712077, 39.9710814 ], [ -82.9712125, 39.971004 ], [ -82.9714108, 39.9710113 ], [ -82.9714075, 39.9710636 ], [ -82.9714161, 39.9710639 ], [ -82.9714151, 39.9710803 ], [ -82.9714064, 39.97108 ], [ -82.9714058, 39.9710886 ], [ -82.9712077, 39.9710814 ] ] ] } },
{ "type": "Feature", "properties": { "@id": "way/919131357", "amenity": null, "building": "residential", "name": null, "GEOID": "39049003600" }, "geometry": { "type": "Polygon", "coordinates": [ [ [ -82.973795, 39.9702123 ], [ -82.9737891, 39.9702949 ], [ -82.9735771, 39.9702861 ], [ -82.9735829, 39.9702035 ], [ -82.973795, 39.9702123 ] ] ] } },
{ "type": "Feature", "properties": { "@id": "way/919131358", "amenity": null, "building": "residential", "name": null, "GEOID": "39049003600" }, "geometry": { "type": "Polygon", "coordinates": [ [ [ -82.9714496, 39.9704999 ], [ -82.9714444, 39.9705792 ], [ -82.9712484, 39.9705717 ], [ -82.9712536, 39.9704924 ], [ -82.9714496, 39.9704999 ] ] ] } },
{ "type": "Feature", "properties": { "@id": "way/919131359", "amenity": null, "building": "residential", "name": null, "GEOID": "39049003600" }, "geometry": { "type": "Polygon", "coordinates": [ [ [ -82.9731622, 39.969437 ], [ -82.973166, 39.969387 ], [ -82.9733323, 39.9693946 ], [ -82.9733285, 39.9694446 ], [ -82.9731622, 39.969437 ] ] ] } },
{ "type": "Feature", "properties": { "@id": "way/919131363", "amenity": null, "building": "residential", "name": null, "GEOID": "39049003600" }, "geometry": { "type": "Polygon", "coordinates": [ [ [ -82.9725148, 39.9691688 ], [ -82.9725178, 39.9691164 ], [ -82.9725729, 39.9691183 ], [ -82.9725738, 39.9691023 ], [ -82.9726402, 39.9691046 ], [ -82.9726394, 39.9691188 ], [ -82.9727577, 39.9691228 ], [ -82.9727546, 39.9691768 ], [ -82.9725148, 39.9691688 ] ] ] } },
{ "type": "Feature", "properties": { "@id": "way/919131365", "amenity": null, "building": "residential", "name": null, "GEOID": "39049003600" }, "geometry": { "type": "Polygon", "coordinates": [ [ [ -82.9724913, 39.9696597 ], [ -82.9724952, 39.9696049 ], [ -82.9725496, 39.9696072 ], [ -82.9725506, 39.9695919 ], [ -82.9726233, 39.9695949 ], [ -82.9726225, 39.9696071 ], [ -82.9726787, 39.9696095 ], [ -82.9726746, 39.9696673 ], [ -82.9724913, 39.9696597 ] ] ] } },
{ "type": "Feature", "properties": { "@id": "way/919131368", "amenity": null, "building": "residential", "name": null, "GEOID": "39049003600" }, "geometry": { "type": "Polygon", "coordinates": [ [ [ -82.9719391, 39.9711519 ], [ -82.971941, 39.9711013 ], [ -82.9719902, 39.9711024 ], [ -82.9719905, 39.971094 ], [ -82.9721169, 39.9710967 ], [ -82.9721148, 39.9711466 ], [ -82.9720962, 39.9711462 ], [ -82.9720959, 39.9711555 ], [ -82.9719391, 39.9711519 ] ] ] } },
{ "type": "Feature", "properties": { "@id": "way/919131370", "amenity": null, "building": "residential", "name": null, "GEOID": "39049003600" }, "geometry": { "type": "Polygon", "coordinates": [ [ [ -82.9712121, 39.9708444 ], [ -82.9712184, 39.9707633 ], [ -82.9713864, 39.970771 ], [ -82.9713801, 39.970852 ], [ -82.9712121, 39.9708444 ] ] ] } },
{ "type": "Feature", "properties": { "@id": "way/919131372", "amenity": null, "building": "residential", "name": null, "GEOID": "39049003600" }, "geometry": { "type": "Polygon", "coordinates": [ [ [ -82.9723056, 39.9716388 ], [ -82.9723098, 39.9715727 ], [ -82.9723982, 39.971576 ], [ -82.9723977, 39.9715846 ], [ -82.9724474, 39.9715865 ], [ -82.9724465, 39.9716006 ], [ -82.9724843, 39.971602 ], [ -82.9724815, 39.9716454 ], [ -82.9723056, 39.9716388 ] ] ] } },
{ "type": "Feature", "properties": { "@id": "way/919131373", "amenity": null, "building": "residential", "name": null, "GEOID": "39049003600" }, "geometry": { "type": "Polygon", "coordinates": [ [ [ -82.9713636, 39.9690106 ], [ -82.9713658, 39.9689571 ], [ -82.9714224, 39.9689584 ], [ -82.9714233, 39.9689372 ], [ -82.971566, 39.9689407 ], [ -82.9715646, 39.9689749 ], [ -82.9715999, 39.9689758 ], [ -82.9715982, 39.9690163 ], [ -82.9713636, 39.9690106 ] ] ] } },
{ "type": "Feature", "properties": { "@id": "way/919131375", "amenity": null, "building": "residential", "name": null, "GEOID": "39049003600" }, "geometry": { "type": "Polygon", "coordinates": [ [ [ -82.9721783, 39.9700621 ], [ -82.9721761, 39.970127 ], [ -82.9720243, 39.9701241 ], [ -82.9720265, 39.9700592 ], [ -82.9721783, 39.9700621 ] ] ] } },
{ "type": "Feature", "properties": { "@id": "way/919131376", "amenity": null, "building": "residential", "name": null, "GEOID": "39049003600" }, "geometry": { "type": "Polygon", "coordinates": [ [ [ -82.9725131, 39.969088 ], [ -82.9725183, 39.9690171 ], [ -82.9726371, 39.9690223 ], [ -82.9726359, 39.9690376 ], [ -82.9726561, 39.9690385 ], [ -82.9726556, 39.9690451 ], [ -82.9727044, 39.9690473 ], [ -82.9727025, 39.9690737 ], [ -82.9726527, 39.9690715 ], [ -82.972651, 39.9690941 ], [ -82.9725131, 39.969088 ] ] ] } },
{ "type": "Feature", "properties": { "@id": "way/919131378", "amenity": null, "building": "residential", "name": null, "GEOID": "39049003600" }, "geometry": { "type": "Polygon", "coordinates": [ [ [ -82.9725823, 39.9704236 ], [ -82.9724115, 39.9704178 ], [ -82.9724141, 39.9703722 ], [ -82.972469, 39.970374 ], [ -82.9724698, 39.970361 ], [ -82.9725857, 39.9703649 ], [ -82.9725823, 39.9704236 ] ] ] } },
{ "type": "Feature", "properties": { "@id": "way/919131384", "amenity": null, "building": "residential", "name": null, "GEOID": "39049003600" }, "geometry": { "type": "Polygon", "coordinates": [ [ [ -82.9714892, 39.9703024 ], [ -82.9714833, 39.9703869 ], [ -82.9712331, 39.9703767 ], [ -82.971239, 39.9702921 ], [ -82.9714892, 39.9703024 ] ] ] } },
{ "type": "Feature", "properties": { "@id": "way/919131388", "amenity": null, "building": "residential", "name": null, "GEOID": "39049003600" }, "geometry": { "type": "Polygon", "coordinates": [ [ [ -82.9735821, 39.9701924 ], [ -82.9735879, 39.9701078 ], [ -82.9737857, 39.9701159 ], [ -82.9737798, 39.9702005 ], [ -82.9735821, 39.9701924 ] ] ] } },
{ "type": "Feature", "properties": { "@id": "way/919131390", "amenity": null, "building": "residential", "name": null, "GEOID": "39049003600" }, "geometry": { "type": "Polygon", "coordinates": [ [ [ -82.9730181, 39.9715951 ], [ -82.9730193, 39.9715797 ], [ -82.9729782, 39.9715778 ], [ -82.9729807, 39.9715444 ], [ -82.9730766, 39.9715486 ], [ -82.9730783, 39.9715264 ], [ -82.9731761, 39.9715307 ], [ -82.9731702, 39.9716093 ], [ -82.9730766, 39.9716052 ], [ -82.9730772, 39.9715977 ], [ -82.9730181, 39.9715951 ] ] ] } },
{ "type": "Feature", "properties": { "@id": "way/919131391", "amenity": null, "building": "residential", "name": null, "GEOID": "39049003600" }, "geometry": { "type": "Polygon", "coordinates": [ [ [ -82.9712465, 39.9707558 ], [ -82.971247, 39.9707494 ], [ -82.9712252, 39.9707485 ], [ -82.9712288, 39.9706944 ], [ -82.9712505, 39.9706952 ], [ -82.9712508, 39.9706898 ], [ -82.9713924, 39.9706952 ], [ -82.9713896, 39.9707388 ], [ -82.9714062, 39.9707394 ], [ -82.9714047, 39.9707619 ], [ -82.9712465, 39.9707558 ] ] ] } },
{ "type": "Feature", "properties": { "@id": "way/919131396", "amenity": null, "building": "residential", "name": null, "GEOID": "39049003600" }, "geometry": { "type": "Polygon", "coordinates": [ [ [ -82.9736185, 39.9699974 ], [ -82.9736243, 39.9699162 ], [ -82.9738229, 39.9699246 ], [ -82.9738207, 39.9699542 ], [ -82.9737996, 39.9699533 ], [ -82.9737979, 39.969978 ], [ -82.9738196, 39.9699789 ], [ -82.9738176, 39.9700058 ], [ -82.9736185, 39.9699974 ] ] ] } },
{ "type": "Feature", "properties": { "@id": "way/919131399", "amenity": null, "building": "residential", "name": null, "GEOID": "39049003600" }, "geometry": { "type": "Polygon", "coordinates": [ [ [ -82.9700073, 39.9699018 ], [ -82.9700097, 39.9698639 ], [ -82.9701721, 39.96987 ], [ -82.9701697, 39.9699079 ], [ -82.9700073, 39.9699018 ] ] ] } },
{ "type": "Feature", "properties": { "@id": "way/919131400", "amenity": null, "building": "residential", "name": null, "GEOID": "39049003600" }, "geometry": { "type": "Polygon", "coordinates": [ [ [ -82.9713156, 39.9696196 ], [ -82.9713193, 39.9695523 ], [ -82.9714673, 39.969557 ], [ -82.9714667, 39.9695667 ], [ -82.9714911, 39.9695675 ], [ -82.9714897, 39.9695927 ], [ -82.9714654, 39.9695919 ], [ -82.9714636, 39.9696243 ], [ -82.9713156, 39.9696196 ] ] ] } },
{ "type": "Feature", "properties": { "@id": "way/919131401", "amenity": null, "building": "residential", "name": null, "GEOID": "39049003600" }, "geometry": { "type": "Polygon", "coordinates": [ [ [ -82.9744887, 39.9691661 ], [ -82.9744885, 39.9691691 ], [ -82.9743224, 39.9691637 ], [ -82.9743248, 39.9691206 ], [ -82.9743793, 39.9691224 ], [ -82.9743815, 39.9690823 ], [ -82.9744034, 39.969083 ], [ -82.9744036, 39.9690794 ], [ -82.9744612, 39.9690813 ], [ -82.9744591, 39.969119 ], [ -82.9744912, 39.96912 ], [ -82.9744909, 39.9691251 ], [ -82.9745165, 39.9691259 ], [ -82.9745143, 39.9691669 ], [ -82.9744887, 39.9691661 ] ] ] } },
{ "type": "Feature", "properties": { "@id": "way/919131403", "amenity": null, "building": "residential", "name": null, "GEOID": "39049003600" }, "geometry": { "type": "Polygon", "coordinates": [ [ [ -82.9713599, 39.9691007 ], [ -82.9713635, 39.96905 ], [ -82.9714145, 39.9690522 ], [ -82.9714154, 39.9690398 ], [ -82.9714846, 39.9690427 ], [ -82.9714838, 39.9690533 ], [ -82.9715402, 39.9690556 ], [ -82.9715365, 39.9691081 ], [ -82.9713599, 39.9691007 ] ] ] } },
{ "type": "Feature", "properties": { "@id": "way/919131405", "amenity": null, "building": "residential", "name": null, "GEOID": "39049003600" }, "geometry": { "type": "Polygon", "coordinates": [ [ [ -82.9730742, 39.9710889 ], [ -82.9730778, 39.9710415 ], [ -82.9731203, 39.9710434 ], [ -82.9731213, 39.9710298 ], [ -82.9731848, 39.9710326 ], [ -82.9731844, 39.9710379 ], [ -82.9732643, 39.9710414 ], [ -82.9732609, 39.9710868 ], [ -82.9732389, 39.9710858 ], [ -82.9732381, 39.9710962 ], [ -82.9730742, 39.9710889 ] ] ] } },
{ "type": "Feature", "properties": { "@id": "way/919131406", "amenity": null, "building": "residential", "name": null, "GEOID": "39049003600" }, "geometry": { "type": "Polygon", "coordinates": [ [ [ -82.970024, 39.9694692 ], [ -82.9700282, 39.9693983 ], [ -82.9701491, 39.9694025 ], [ -82.9701488, 39.9694064 ], [ -82.9701721, 39.9694072 ], [ -82.97017, 39.969442 ], [ -82.9701495, 39.9694413 ], [ -82.9701476, 39.9694735 ], [ -82.970024, 39.9694692 ] ] ] } },
{ "type": "Feature", "properties": { "@id": "way/919131407", "amenity": null, "building": "residential", "name": null, "GEOID": "39049002800" }, "geometry": { "type": "Polygon", "coordinates": [ [ [ -82.9696282, 39.9688857 ], [ -82.9696391, 39.9686993 ], [ -82.9696684, 39.9687003 ], [ -82.9696702, 39.9686693 ], [ -82.9697432, 39.9686718 ], [ -82.969736, 39.9687961 ], [ -82.9697209, 39.9687956 ], [ -82.9697155, 39.9688887 ], [ -82.9696282, 39.9688857 ] ] ] } },
{ "type": "Feature", "properties": { "@id": "way/919131409", "amenity": null, "building": "residential", "name": null, "GEOID": "39049003600" }, "geometry": { "type": "Polygon", "coordinates": [ [ [ -82.9743846, 39.9684559 ], [ -82.974388, 39.968414 ], [ -82.9744495, 39.9684169 ], [ -82.9744513, 39.9683945 ], [ -82.9745849, 39.9684009 ], [ -82.9745796, 39.9684652 ], [ -82.9743846, 39.9684559 ] ] ] } },
{ "type": "Feature", "properties": { "@id": "way/919131410", "amenity": null, "building": "residential", "name": null, "GEOID": "39049003600" }, "geometry": { "type": "Polygon", "coordinates": [ [ [ -82.9736302, 39.9698222 ], [ -82.9736944, 39.9698243 ], [ -82.9736941, 39.9698305 ], [ -82.9737668, 39.9698329 ], [ -82.9737661, 39.9698452 ], [ -82.9738149, 39.9698468 ], [ -82.9738115, 39.9699064 ], [ -82.9736258, 39.9699003 ], [ -82.9736302, 39.9698222 ] ] ] } },
{ "type": "Feature", "properties": { "@id": "way/919131411", "amenity": null, "building": "residential", "name": null, "GEOID": "39049003600" }, "geometry": { "type": "Polygon", "coordinates": [ [ [ -82.9730298, 39.9714682 ], [ -82.973031, 39.9714467 ], [ -82.9731786, 39.9714517 ], [ -82.973175, 39.9715135 ], [ -82.9730275, 39.9715085 ], [ -82.9730283, 39.9714934 ], [ -82.973005, 39.9714926 ], [ -82.9730064, 39.9714674 ], [ -82.9730298, 39.9714682 ] ] ] } },
{ "type": "Feature", "properties": { "@id": "way/919131412", "amenity": null, "building": "residential", "name": null, "GEOID": "39049003600" }, "geometry": { "type": "Polygon", "coordinates": [ [ [ -82.9708519, 39.9696183 ], [ -82.9709632, 39.9696237 ], [ -82.9709623, 39.9696352 ], [ -82.9709934, 39.9696367 ], [ -82.9709883, 39.9696993 ], [ -82.9708583, 39.969693 ], [ -82.9708594, 39.9696804 ], [ -82.9708469, 39.9696798 ], [ -82.9708519, 39.9696183 ] ] ] } },
{ "type": "Feature", "properties": { "@id": "way/919131413", "amenity": null, "building": "residential", "name": null, "GEOID": "39049003600" }, "geometry": { "type": "Polygon", "coordinates": [ [ [ -82.9738549, 39.9688754 ], [ -82.9738524, 39.9689564 ], [ -82.973669, 39.9689531 ], [ -82.9736714, 39.9688722 ], [ -82.9738549, 39.9688754 ] ] ] } },
{ "type": "Feature", "properties": { "@id": "way/919131414", "amenity": null, "building": "residential", "name": null, "GEOID": "39049003600" }, "geometry": { "type": "Polygon", "coordinates": [ [ [ -82.9712678, 39.9701092 ], [ -82.9712735, 39.9700266 ], [ -82.9714651, 39.9700342 ], [ -82.9714595, 39.9701169 ], [ -82.9712678, 39.9701092 ] ] ] } },
{ "type": "Feature", "properties": { "@id": "way/919131415", "amenity": null, "building": "residential", "name": null, "GEOID": "39049003600" }, "geometry": { "type": "Polygon", "coordinates": [ [ [ -82.9738305, 39.9685826 ], [ -82.973827, 39.9686455 ], [ -82.9736748, 39.9686405 ], [ -82.9736783, 39.9685776 ], [ -82.9738305, 39.9685826 ] ] ] } },
{ "type": "Feature", "properties": { "@id": "way/919131416", "amenity": null, "building": "residential", "name": null, "GEOID": "39049003600" }, "geometry": { "type": "Polygon", "coordinates": [ [ [ -82.9710231, 39.969915 ], [ -82.9710191, 39.9699851 ], [ -82.9708673, 39.96998 ], [ -82.9708675, 39.9699763 ], [ -82.9708434, 39.9699755 ], [ -82.9708458, 39.9699335 ], [ -82.9708757, 39.9699345 ], [ -82.9708777, 39.9698997 ], [ -82.9709941, 39.9699036 ], [ -82.9709935, 39.969914 ], [ -82.9710231, 39.969915 ] ] ] } },
{ "type": "Feature", "properties": { "@id": "way/919131417", "amenity": null, "building": "residential", "name": null, "GEOID": "39049003600" }, "geometry": { "type": "Polygon", "coordinates": [ [ [ -82.9712801, 39.9702801 ], [ -82.9712805, 39.9702756 ], [ -82.9712534, 39.9702744 ], [ -82.9712575, 39.9702174 ], [ -82.9712855, 39.9702186 ], [ -82.9712859, 39.9702141 ], [ -82.9713975, 39.9702189 ], [ -82.9713927, 39.9702849 ], [ -82.9712801, 39.9702801 ] ] ] } },
{ "type": "Feature", "properties": { "@id": "way/919131421", "amenity": null, "building": "residential", "name": null, "GEOID": "39049003600" }, "geometry": { "type": "Polygon", "coordinates": [ [ [ -82.9723926, 39.9706882 ], [ -82.9723947, 39.970636 ], [ -82.9724026, 39.9706362 ], [ -82.9724032, 39.9706216 ], [ -82.9725296, 39.9706246 ], [ -82.9725269, 39.9706914 ], [ -82.9723926, 39.9706882 ] ] ] } },
{ "type": "Feature", "properties": { "@id": "way/919131427", "amenity": null, "building": "residential", "name": null, "GEOID": "39049003600" }, "geometry": { "type": "Polygon", "coordinates": [ [ [ -82.9744815, 39.9692829 ], [ -82.9744807, 39.9692943 ], [ -82.9745054, 39.9692952 ], [ -82.9745016, 39.9693515 ], [ -82.974477, 39.9693505 ], [ -82.9744757, 39.9693701 ], [ -82.9745014, 39.9693711 ], [ -82.9744974, 39.9694301 ], [ -82.9744717, 39.9694291 ], [ -82.9744709, 39.9694408 ], [ -82.9743754, 39.969437 ], [ -82.9743761, 39.9694265 ], [ -82.9743412, 39.9694252 ], [ -82.9743449, 39.9693696 ], [ -82.9743816, 39.9693711 ], [ -82.9743832, 39.9693472 ], [ -82.9743445, 39.9693457 ], [ -82.9743484, 39.9692886 ], [ -82.9743865, 39.9692901 ], [ -82.9743873, 39.9692792 ], [ -82.9744815, 39.9692829 ] ] ] } },
{ "type": "Feature", "properties": { "@id": "way/919131429", "amenity": null, "building": "residential", "name": null, "GEOID": "39049003600" }, "geometry": { "type": "Polygon", "coordinates": [ [ [ -82.9707896, 39.9695188 ], [ -82.9707957, 39.9694459 ], [ -82.9710251, 39.9694572 ], [ -82.971019, 39.9695301 ], [ -82.9707896, 39.9695188 ] ] ] } },
{ "type": "Feature", "properties": { "@id": "way/919131430", "amenity": null, "building": "residential", "name": null, "GEOID": "39049003600" }, "geometry": { "type": "Polygon", "coordinates": [ [ [ -82.9733132, 39.9701907 ], [ -82.9733106, 39.9702521 ], [ -82.9730853, 39.9702465 ], [ -82.9730879, 39.9701851 ], [ -82.9733132, 39.9701907 ] ] ] } },
{ "type": "Feature", "properties": { "@id": "way/919131431", "amenity": null, "building": "residential", "name": null, "GEOID": "39049003600" }, "geometry": { "type": "Polygon", "coordinates": [ [ [ -82.9708345, 39.9693743 ], [ -82.9708398, 39.969293 ], [ -82.9710454, 39.9693009 ], [ -82.9710401, 39.9693822 ], [ -82.9708345, 39.9693743 ] ] ] } },
{ "type": "Feature", "properties": { "@id": "way/919131432", "amenity": null, "building": "residential", "name": null, "GEOID": "39049003600" }, "geometry": { "type": "Polygon", "coordinates": [ [ [ -82.9721667, 39.9698368 ], [ -82.9721626, 39.9699026 ], [ -82.9720105, 39.969897 ], [ -82.9720146, 39.9698312 ], [ -82.9721667, 39.9698368 ] ] ] } },
{ "type": "Feature", "properties": { "@id": "way/919131433", "amenity": null, "building": "residential", "name": null, "GEOID": "39049003600" }, "geometry": { "type": "Polygon", "coordinates": [ [ [ -82.9725031, 39.9694301 ], [ -82.9726639, 39.9694342 ], [ -82.9726611, 39.9694961 ], [ -82.9725004, 39.9694919 ], [ -82.9725031, 39.9694301 ] ] ] } },
{ "type": "Feature", "properties": { "@id": "way/919131434", "amenity": null, "building": "residential", "name": null, "GEOID": "39049003600" }, "geometry": { "type": "Polygon", "coordinates": [ [ [ -82.9722553, 39.9685559 ], [ -82.97226, 39.9685087 ], [ -82.9722438, 39.9685077 ], [ -82.9722483, 39.9684626 ], [ -82.9722692, 39.9684638 ], [ -82.9722736, 39.9684192 ], [ -82.9723422, 39.9684232 ], [ -82.9723285, 39.9685602 ], [ -82.9722553, 39.9685559 ] ] ] } },
{ "type": "Feature", "properties": { "@id": "way/919131436", "amenity": null, "building": "residential", "name": null, "GEOID": "39049003600" }, "geometry": { "type": "Polygon", "coordinates": [ [ [ -82.9725268, 39.9701431 ], [ -82.9725053, 39.9701253 ], [ -82.9725061, 39.9701017 ], [ -82.9724504, 39.9701005 ], [ -82.9724519, 39.9700516 ], [ -82.9726394, 39.9700537 ], [ -82.9726342, 39.9701295 ], [ -82.9725741, 39.9701279 ], [ -82.9725737, 39.9701333 ], [ -82.972557, 39.9701437 ], [ -82.9725268, 39.9701431 ] ] ] } },
{ "type": "Feature", "properties": { "@id": "way/919131437", "amenity": null, "building": "residential", "name": null, "GEOID": "39049003600" }, "geometry": { "type": "Polygon", "coordinates": [ [ [ -82.971232, 39.9709448 ], [ -82.9712156, 39.9709442 ], [ -82.9712185, 39.9708901 ], [ -82.9712349, 39.9708906 ], [ -82.9712352, 39.9708863 ], [ -82.9713453, 39.9708897 ], [ -82.9713419, 39.9709523 ], [ -82.9712318, 39.9709488 ], [ -82.971232, 39.9709448 ] ] ] } },
{ "type": "Feature", "properties": { "@id": "way/919131439", "amenity": null, "building": "residential", "name": null, "GEOID": "39049003600" }, "geometry": { "type": "Polygon", "coordinates": [ [ [ -82.9720679, 39.9693078 ], [ -82.9720701, 39.9692451 ], [ -82.9721461, 39.9692467 ], [ -82.9722221, 39.9692483 ], [ -82.9722198, 39.969311 ], [ -82.9720679, 39.9693078 ] ] ] } },
{ "type": "Feature", "properties": { "@id": "way/919131440", "amenity": null, "building": "residential", "name": null, "GEOID": "39049003600" }, "geometry": { "type": "Polygon", "coordinates": [ [ [ -82.970755, 39.9685568 ], [ -82.9708612, 39.9685536 ], [ -82.9708688, 39.9687028 ], [ -82.9707627, 39.968706 ], [ -82.970755, 39.9685568 ] ] ] } },
{ "type": "Feature", "properties": { "@id": "way/919131443", "amenity": null, "building": "residential", "name": null, "GEOID": "39049003600" }, "geometry": { "type": "Polygon", "coordinates": [ [ [ -82.9719713, 39.9707742 ], [ -82.971975, 39.9707197 ], [ -82.9720289, 39.9707218 ], [ -82.9720283, 39.9707306 ], [ -82.9720604, 39.9707319 ], [ -82.9720612, 39.9707199 ], [ -82.9721111, 39.9707219 ], [ -82.9721103, 39.9707341 ], [ -82.9721423, 39.9707354 ], [ -82.9721392, 39.9707808 ], [ -82.9719713, 39.9707742 ] ] ] } },
{ "type": "Feature", "properties": { "@id": "way/919131444", "amenity": null, "building": "residential", "name": null, "GEOID": "39049003600" }, "geometry": { "type": "Polygon", "coordinates": [ [ [ -82.9731492, 39.9696884 ], [ -82.9731521, 39.9696515 ], [ -82.9732041, 39.9696539 ], [ -82.9732052, 39.9696392 ], [ -82.9733571, 39.9696461 ], [ -82.9733531, 39.9696977 ], [ -82.9731492, 39.9696884 ] ] ] } },
{ "type": "Feature", "properties": { "@id": "way/919131445", "amenity": null, "building": "residential", "name": null, "GEOID": "39049003600" }, "geometry": { "type": "Polygon", "coordinates": [ [ [ -82.9725113, 39.9693263 ], [ -82.9725142, 39.9692649 ], [ -82.9727191, 39.9692705 ], [ -82.9727163, 39.969332 ], [ -82.9725113, 39.9693263 ] ] ] } },
{ "type": "Feature", "properties": { "@id": "way/919131446", "amenity": null, "building": "residential", "name": null, "GEOID": "39049002800" }, "geometry": { "type": "Polygon", "coordinates": [ [ [ -82.9688804, 39.9687927 ], [ -82.9688777, 39.9687758 ], [ -82.9689562, 39.9687685 ], [ -82.9689589, 39.9687854 ], [ -82.9689678, 39.9687846 ], [ -82.9689915, 39.9689344 ], [ -82.9689456, 39.9689387 ], [ -82.9689423, 39.9689176 ], [ -82.9689302, 39.9689187 ], [ -82.9689245, 39.9688827 ], [ -82.9688914, 39.9688858 ], [ -82.9688767, 39.9687931 ], [ -82.9688804, 39.9687927 ] ] ] } },
{ "type": "Feature", "properties": { "@id": "way/919131447", "amenity": null, "building": "residential", "name": null, "GEOID": "39049003600" }, "geometry": { "type": "Polygon", "coordinates": [ [ [ -82.9736382, 39.9694161 ], [ -82.9736451, 39.9693219 ], [ -82.9738382, 39.9693302 ], [ -82.9738313, 39.9694244 ], [ -82.9736382, 39.9694161 ] ] ] } },
{ "type": "Feature", "properties": { "@id": "way/919131448", "amenity": null, "building": "residential", "name": null, "GEOID": "39049003600" }, "geometry": { "type": "Polygon", "coordinates": [ [ [ -82.971992, 39.9694833 ], [ -82.9719959, 39.9694254 ], [ -82.9720787, 39.9694287 ], [ -82.9720794, 39.9694184 ], [ -82.9721434, 39.9694209 ], [ -82.9721424, 39.9694351 ], [ -82.972195, 39.9694372 ], [ -82.9721919, 39.9694825 ], [ -82.9721425, 39.9694805 ], [ -82.9721419, 39.9694892 ], [ -82.971992, 39.9694833 ] ] ] } },
{ "type": "Feature", "properties": { "@id": "way/919131451", "amenity": null, "building": "residential", "name": null, "GEOID": "39049003600" }, "geometry": { "type": "Polygon", "coordinates": [ [ [ -82.9708319, 39.9697874 ], [ -82.9708344, 39.9697297 ], [ -82.9709048, 39.9697315 ], [ -82.9709052, 39.9697232 ], [ -82.9709629, 39.9697246 ], [ -82.9709625, 39.9697336 ], [ -82.9710125, 39.9697348 ], [ -82.97101, 39.9697919 ], [ -82.9708319, 39.9697874 ] ] ] } },
{ "type": "Feature", "properties": { "@id": "way/919131453", "amenity": null, "building": "residential", "name": null, "GEOID": "39049003600" }, "geometry": { "type": "Polygon", "coordinates": [ [ [ -82.9719489, 39.9713413 ], [ -82.9719537, 39.9712723 ], [ -82.9721084, 39.9712787 ], [ -82.9721036, 39.9713477 ], [ -82.9719489, 39.9713413 ] ] ] } },
{ "type": "Feature", "properties": { "@id": "way/919131455", "amenity": null, "building": "residential", "name": null, "GEOID": "39049003600" }, "geometry": { "type": "Polygon", "coordinates": [ [ [ -82.9730698, 39.9710056 ], [ -82.9730725, 39.9709679 ], [ -82.973124, 39.9709701 ], [ -82.9731251, 39.9709561 ], [ -82.9731579, 39.9709575 ], [ -82.9731588, 39.9709451 ], [ -82.9732729, 39.9709499 ], [ -82.973269, 39.9710042 ], [ -82.9732386, 39.9710029 ], [ -82.9732379, 39.9710127 ], [ -82.9730698, 39.9710056 ] ] ] } },
{ "type": "Feature", "properties": { "@id": "way/919131456", "amenity": null, "building": "residential", "name": null, "GEOID": "39049003600" }, "geometry": { "type": "Polygon", "coordinates": [ [ [ -82.9725038, 39.9716518 ], [ -82.9724975, 39.9717372 ], [ -82.9722984, 39.9717285 ], [ -82.9723047, 39.9716432 ], [ -82.9725038, 39.9716518 ] ] ] } },
{ "type": "Feature", "properties": { "@id": "way/919131457", "amenity": null, "building": "residential", "name": null, "GEOID": "39049003600" }, "geometry": { "type": "Polygon", "coordinates": [ [ [ -82.9713092, 39.9692947 ], [ -82.971313, 39.9692244 ], [ -82.9714658, 39.9692293 ], [ -82.9714649, 39.9692464 ], [ -82.9715857, 39.9692503 ], [ -82.9715828, 39.9693035 ], [ -82.9713092, 39.9692947 ] ] ] } },
{ "type": "Feature", "properties": { "@id": "way/919131458", "amenity": null, "building": "residential", "name": null, "GEOID": "39049003600" }, "geometry": { "type": "Polygon", "coordinates": [ [ [ -82.9714039, 39.9711686 ], [ -82.9714027, 39.9711864 ], [ -82.9712105, 39.9711785 ], [ -82.971216, 39.9711009 ], [ -82.9714081, 39.9711088 ], [ -82.9714048, 39.9711558 ], [ -82.9714275, 39.9711567 ], [ -82.9714266, 39.9711696 ], [ -82.9714039, 39.9711686 ] ] ] } },
{ "type": "Feature", "properties": { "@id": "way/919131460", "amenity": null, "building": "residential", "name": null, "GEOID": "39049003600" }, "geometry": { "type": "Polygon", "coordinates": [ [ [ -82.973852, 39.9689704 ], [ -82.9738454, 39.9690526 ], [ -82.9736587, 39.9690438 ], [ -82.9736653, 39.9689615 ], [ -82.973852, 39.9689704 ] ] ] } },
{ "type": "Feature", "properties": { "@id": "way/919131461", "amenity": null, "building": "residential", "name": null, "GEOID": "39049003600" }, "geometry": { "type": "Polygon", "coordinates": [ [ [ -82.9725074, 39.9694128 ], [ -82.9725126, 39.9693495 ], [ -82.9726989, 39.9693584 ], [ -82.9726938, 39.9694217 ], [ -82.9725074, 39.9694128 ] ] ] } },
{ "type": "Feature", "properties": { "@id": "way/919131463", "amenity": null, "building": "residential", "name": null, "GEOID": "39049003600" }, "geometry": { "type": "Polygon", "coordinates": [ [ [ -82.9731308, 39.9684312 ], [ -82.9731176, 39.9684327 ], [ -82.9730978, 39.9683291 ], [ -82.9731433, 39.968324 ], [ -82.9731419, 39.9683165 ], [ -82.9731862, 39.9683115 ], [ -82.9732233, 39.9685051 ], [ -82.9731466, 39.9685137 ], [ -82.9731308, 39.9684312 ] ] ] } },
{ "type": "Feature", "properties": { "@id": "way/919131464", "amenity": null, "building": "residential", "name": null, "GEOID": "39049003600" }, "geometry": { "type": "Polygon", "coordinates": [ [ [ -82.9711774, 39.971365 ], [ -82.971183, 39.9712808 ], [ -82.9713733, 39.9712882 ], [ -82.9713677, 39.9713724 ], [ -82.9711774, 39.971365 ] ] ] } },
{ "type": "Feature", "properties": { "@id": "way/919131465", "amenity": null, "building": "residential", "name": null, "GEOID": "39049003600" }, "geometry": { "type": "Polygon", "coordinates": [ [ [ -82.9731963, 39.9699278 ], [ -82.9731996, 39.9698626 ], [ -82.9733098, 39.9698659 ], [ -82.9733087, 39.9698872 ], [ -82.9733218, 39.9698876 ], [ -82.9733196, 39.9699315 ], [ -82.9731963, 39.9699278 ] ] ] } },
{ "type": "Feature", "properties": { "@id": "way/919131476", "amenity": null, "building": "residential", "name": null, "GEOID": "39049003600" }, "geometry": { "type": "Polygon", "coordinates": [ [ [ -82.9713008, 39.9699704 ], [ -82.9713037, 39.9699258 ], [ -82.9713285, 39.9699268 ], [ -82.9713299, 39.9699043 ], [ -82.9713558, 39.9699053 ], [ -82.9713566, 39.9698935 ], [ -82.9714196, 39.9698959 ], [ -82.9714145, 39.9699747 ], [ -82.9713008, 39.9699704 ] ] ] } },
{ "type": "Feature", "properties": { "@id": "way/919131478", "amenity": null, "building": "residential", "name": null, "GEOID": "39049003600" }, "geometry": { "type": "Polygon", "coordinates": [ [ [ -82.9703086, 39.9695983 ], [ -82.9703039, 39.9696783 ], [ -82.9701085, 39.9696715 ], [ -82.9701108, 39.9696339 ], [ -82.9700898, 39.9696332 ], [ -82.9700923, 39.9695908 ], [ -82.9703086, 39.9695983 ] ] ] } },
{ "type": "Feature", "properties": { "@id": "way/919131480", "amenity": null, "building": "residential", "name": null, "GEOID": "39049003600" }, "geometry": { "type": "Polygon", "coordinates": [ [ [ -82.9713302, 39.9693666 ], [ -82.9713051, 39.9693656 ], [ -82.9713086, 39.9693101 ], [ -82.9713338, 39.9693111 ], [ -82.9713343, 39.9693024 ], [ -82.9714335, 39.9693061 ], [ -82.971433, 39.9693149 ], [ -82.9714809, 39.9693167 ], [ -82.9714787, 39.9693516 ], [ -82.9714298, 39.9693497 ], [ -82.9714281, 39.9693759 ], [ -82.9713299, 39.9693722 ], [ -82.9713302, 39.9693666 ] ] ] } },
{ "type": "Feature", "properties": { "@id": "way/919131482", "amenity": null, "building": "residential", "name": null, "GEOID": "39049003600" }, "geometry": { "type": "Polygon", "coordinates": [ [ [ -82.9724743, 39.9712471 ], [ -82.972347, 39.9712424 ], [ -82.9723513, 39.9711732 ], [ -82.9724791, 39.9711779 ], [ -82.9724789, 39.9711812 ], [ -82.9725067, 39.9711822 ], [ -82.9725029, 39.971244 ], [ -82.9724745, 39.9712429 ], [ -82.9724743, 39.9712471 ] ] ] } },
{ "type": "Feature", "properties": { "@id": "way/919131483", "amenity": null, "building": "residential", "name": null, "GEOID": "39049003600" }, "geometry": { "type": "Polygon", "coordinates": [ [ [ -82.9731905, 39.9688841 ], [ -82.973176, 39.9688835 ], [ -82.9731773, 39.9688658 ], [ -82.9731915, 39.9688664 ], [ -82.9731917, 39.9688638 ], [ -82.9734034, 39.9688727 ], [ -82.9733976, 39.9689532 ], [ -82.9731865, 39.9689443 ], [ -82.9731867, 39.9689413 ], [ -82.9731734, 39.9689407 ], [ -82.9731746, 39.9689243 ], [ -82.9731876, 39.9689248 ], [ -82.9731905, 39.9688841 ] ] ] } },
{ "type": "Feature", "properties": { "@id": "way/919131485", "amenity": null, "building": "residential", "name": null, "GEOID": "39049003600" }, "geometry": { "type": "Polygon", "coordinates": [ [ [ -82.9719581, 39.9704938 ], [ -82.971962, 39.9704145 ], [ -82.9721551, 39.97042 ], [ -82.9721511, 39.9704994 ], [ -82.9719581, 39.9704938 ] ] ] } },
{ "type": "Feature", "properties": { "@id": "way/919131489", "amenity": null, "building": "residential", "name": null, "GEOID": "39049003600" }, "geometry": { "type": "Polygon", "coordinates": [ [ [ -82.9729655, 39.9685011 ], [ -82.9729052, 39.9685077 ], [ -82.9728773, 39.9683584 ], [ -82.9729377, 39.9683518 ], [ -82.9729655, 39.9685011 ] ] ] } },
{ "type": "Feature", "properties": { "@id": "way/919131494", "amenity": null, "building": "residential", "name": null, "GEOID": "39049003600" }, "geometry": { "type": "Polygon", "coordinates": [ [ [ -82.9743405, 39.9689959 ], [ -82.9745094, 39.9690034 ], [ -82.9745083, 39.9690196 ], [ -82.9745135, 39.9690198 ], [ -82.9745129, 39.9690281 ], [ -82.9745267, 39.9690392 ], [ -82.9745249, 39.9690574 ], [ -82.9745101, 39.9690679 ], [ -82.9745096, 39.9690749 ], [ -82.9743354, 39.9690675 ], [ -82.9743405, 39.9689959 ] ] ] } },
{ "type": "Feature", "properties": { "@id": "way/919131496", "amenity": null, "building": "residential", "name": null, "GEOID": "39049003600" }, "geometry": { "type": "Polygon", "coordinates": [ [ [ -82.9713366, 39.9713811 ], [ -82.9713317, 39.9714546 ], [ -82.9711589, 39.9714478 ], [ -82.9711638, 39.9713742 ], [ -82.9713366, 39.9713811 ] ] ] } },
{ "type": "Feature", "properties": { "@id": "way/919131497", "amenity": null, "building": "residential", "name": null, "GEOID": "39049003600" }, "geometry": { "type": "Polygon", "coordinates": [ [ [ -82.9720313, 39.9702059 ], [ -82.9720334, 39.9701436 ], [ -82.9721749, 39.9701464 ], [ -82.9721729, 39.9702086 ], [ -82.9720313, 39.9702059 ] ] ] } },
{ "type": "Feature", "properties": { "@id": "way/919131498", "amenity": null, "building": "residential", "name": null, "GEOID": "39049003600" }, "geometry": { "type": "Polygon", "coordinates": [ [ [ -82.9723828, 39.9710838 ], [ -82.972383, 39.9710804 ], [ -82.9724533, 39.9710819 ], [ -82.9724531, 39.9710878 ], [ -82.972504, 39.9710889 ], [ -82.9725033, 39.9711067 ], [ -82.9725398, 39.9711075 ], [ -82.9725377, 39.9711639 ], [ -82.9723546, 39.9711599 ], [ -82.9723563, 39.9711146 ], [ -82.9723471, 39.9711144 ], [ -82.9723483, 39.9710831 ], [ -82.9723828, 39.9710838 ] ] ] } },
{ "type": "Feature", "properties": { "@id": "way/919131499", "amenity": null, "building": "residential", "name": null, "GEOID": "39049003600" }, "geometry": { "type": "Polygon", "coordinates": [ [ [ -82.9719803, 39.9692296 ], [ -82.9719841, 39.9691765 ], [ -82.9720682, 39.96918 ], [ -82.9720692, 39.9691669 ], [ -82.972152, 39.9691703 ], [ -82.972151, 39.9691847 ], [ -82.9722078, 39.9691871 ], [ -82.9722041, 39.969239 ], [ -82.9719803, 39.9692296 ] ] ] } },
{ "type": "Feature", "properties": { "@id": "way/919131500", "amenity": null, "building": "residential", "name": null, "GEOID": "39049003600" }, "geometry": { "type": "Polygon", "coordinates": [ [ [ -82.9724994, 39.9695102 ], [ -82.9726507, 39.9695156 ], [ -82.972647, 39.9695781 ], [ -82.9724956, 39.9695727 ], [ -82.9724994, 39.9695102 ] ] ] } },
{ "type": "Feature", "properties": { "@id": "way/919131501", "amenity": null, "building": "residential", "name": null, "GEOID": "39049002800" }, "geometry": { "type": "Polygon", "coordinates": [ [ [ -82.9691813, 39.9688916 ], [ -82.9691828, 39.968866 ], [ -82.9691304, 39.9688642 ], [ -82.9691359, 39.9687713 ], [ -82.9691926, 39.9687733 ], [ -82.9691937, 39.9687551 ], [ -82.9692421, 39.9687567 ], [ -82.9692412, 39.9687727 ], [ -82.9692496, 39.968773 ], [ -82.9692425, 39.9688937 ], [ -82.9691813, 39.9688916 ] ] ] } },
{ "type": "Feature", "properties": { "@id": "way/919131503", "amenity": null, "building": "residential", "name": null, "GEOID": "39049003600" }, "geometry": { "type": "Polygon", "coordinates": [ [ [ -82.9720132, 39.9703947 ], [ -82.972017, 39.9703239 ], [ -82.9721376, 39.9703277 ], [ -82.9721373, 39.9703334 ], [ -82.9721642, 39.9703342 ], [ -82.9721609, 39.9703956 ], [ -82.972134, 39.9703947 ], [ -82.9721338, 39.9703985 ], [ -82.9720132, 39.9703947 ] ] ] } },
{ "type": "Feature", "properties": { "@id": "way/919131506", "amenity": null, "building": "residential", "name": null, "GEOID": "39049003600" }, "geometry": { "type": "Polygon", "coordinates": [ [ [ -82.9703422, 39.9688207 ], [ -82.9703424, 39.9687998 ], [ -82.9703202, 39.9687997 ], [ -82.9703216, 39.9686031 ], [ -82.9704161, 39.9686035 ], [ -82.9704151, 39.9687411 ], [ -82.9703966, 39.968741 ], [ -82.9703965, 39.9687605 ], [ -82.9703911, 39.9687605 ], [ -82.9703909, 39.9687996 ], [ -82.9703809, 39.9687995 ], [ -82.9703808, 39.9688209 ], [ -82.9703422, 39.9688207 ] ] ] } },
{ "type": "Feature", "properties": { "@id": "way/919131508", "amenity": null, "building": "residential", "name": null, "GEOID": "39049003600" }, "geometry": { "type": "Polygon", "coordinates": [ [ [ -82.9720262, 39.9697205 ], [ -82.9720299, 39.969657 ], [ -82.9721766, 39.969662 ], [ -82.9721729, 39.9697255 ], [ -82.9720262, 39.9697205 ] ] ] } },
{ "type": "Feature", "properties": { "@id": "way/919131511", "amenity": null, "building": "residential", "name": null, "GEOID": "39049003600" }, "geometry": { "type": "Polygon", "coordinates": [ [ [ -82.9714401, 39.9695462 ], [ -82.9713153, 39.9695414 ], [ -82.9713156, 39.9695356 ], [ -82.9712929, 39.9695347 ], [ -82.9712969, 39.9694739 ], [ -82.9713197, 39.9694748 ], [ -82.97132, 39.9694697 ], [ -82.9714448, 39.9694746 ], [ -82.9714401, 39.9695462 ] ] ] } },
{ "type": "Feature", "properties": { "@id": "way/919131512", "amenity": null, "building": "residential", "name": null, "GEOID": "39049003600" }, "geometry": { "type": "Polygon", "coordinates": [ [ [ -82.970456, 39.9687463 ], [ -82.9704581, 39.9686977 ], [ -82.9704359, 39.9686971 ], [ -82.9704403, 39.9685985 ], [ -82.9704841, 39.9685996 ], [ -82.9704846, 39.9685898 ], [ -82.9705437, 39.9685914 ], [ -82.9705388, 39.9687019 ], [ -82.9705086, 39.9687011 ], [ -82.9705065, 39.9687476 ], [ -82.970456, 39.9687463 ] ] ] } },
{ "type": "Feature", "properties": { "@id": "way/919131513", "amenity": null, "building": "residential", "name": null, "GEOID": "39049003600" }, "geometry": { "type": "Polygon", "coordinates": [ [ [ -82.9723678, 39.9710771 ], [ -82.9723711, 39.9709901 ], [ -82.9725564, 39.9709941 ], [ -82.9725532, 39.9710811 ], [ -82.9723678, 39.9710771 ] ] ] } },
{ "type": "Feature", "properties": { "@id": "way/919131515", "amenity": null, "building": "residential", "name": null, "GEOID": "39049003600" }, "geometry": { "type": "Polygon", "coordinates": [ [ [ -82.9721072, 39.971245 ], [ -82.9719173, 39.9712404 ], [ -82.9719207, 39.9711603 ], [ -82.972013, 39.9711626 ], [ -82.9721106, 39.971165 ], [ -82.9721072, 39.971245 ] ] ] } },
{ "type": "Feature", "properties": { "@id": "way/919131516", "amenity": null, "building": "residential", "name": null, "GEOID": "39049003600" }, "geometry": { "type": "Polygon", "coordinates": [ [ [ -82.9736969, 39.9688151 ], [ -82.973701, 39.9687651 ], [ -82.9738376, 39.9687717 ], [ -82.9738322, 39.9688379 ], [ -82.9737258, 39.9688328 ], [ -82.9737271, 39.9688165 ], [ -82.9736969, 39.9688151 ] ] ] } },
{ "type": "Feature", "properties": { "@id": "way/919131518", "amenity": null, "building": "residential", "name": null, "GEOID": "39049003600" }, "geometry": { "type": "Polygon", "coordinates": [ [ [ -82.9730703, 39.970172 ], [ -82.9730752, 39.9700759 ], [ -82.9733201, 39.9700832 ], [ -82.9733152, 39.9701793 ], [ -82.9730703, 39.970172 ] ] ] } },
{ "type": "Feature", "properties": { "@id": "way/919131520", "amenity": null, "building": "residential", "name": null, "GEOID": "39049003600" }, "geometry": { "type": "Polygon", "coordinates": [ [ [ -82.9726069, 39.970586 ], [ -82.9725904, 39.9705856 ], [ -82.9725894, 39.9706092 ], [ -82.9724118, 39.9706049 ], [ -82.972415, 39.9705256 ], [ -82.9725926, 39.9705298 ], [ -82.9725917, 39.9705523 ], [ -82.9726083, 39.9705527 ], [ -82.9726069, 39.970586 ] ] ] } },
{ "type": "Feature", "properties": { "@id": "way/919131521", "amenity": null, "building": "residential", "name": null, "GEOID": "39049003600" }, "geometry": { "type": "Polygon", "coordinates": [ [ [ -82.9743526, 39.9684827 ], [ -82.9744236, 39.9684866 ], [ -82.9744225, 39.9684977 ], [ -82.9745263, 39.9685035 ], [ -82.9745213, 39.9685566 ], [ -82.9743466, 39.968547 ], [ -82.9743526, 39.9684827 ] ] ] } },
{ "type": "Feature", "properties": { "@id": "way/919131522", "amenity": null, "building": "residential", "name": null, "GEOID": "39049003600" }, "geometry": { "type": "Polygon", "coordinates": [ [ [ -82.9730927, 39.9685123 ], [ -82.9730314, 39.9685193 ], [ -82.9730253, 39.9684879 ], [ -82.972999, 39.9684908 ], [ -82.972972, 39.9683519 ], [ -82.9729844, 39.9683505 ], [ -82.9729812, 39.9683341 ], [ -82.9730564, 39.9683255 ], [ -82.9730927, 39.9685123 ] ] ] } },
{ "type": "Feature", "properties": { "@id": "way/919131523", "amenity": null, "building": "residential", "name": null, "GEOID": "39049003600" }, "geometry": { "type": "Polygon", "coordinates": [ [ [ -82.973023, 39.9716912 ], [ -82.9730269, 39.9716378 ], [ -82.9730794, 39.9716401 ], [ -82.9730806, 39.9716251 ], [ -82.9731442, 39.9716279 ], [ -82.9731429, 39.9716452 ], [ -82.9731992, 39.9716477 ], [ -82.9731954, 39.9716988 ], [ -82.973023, 39.9716912 ] ] ] } },
{ "type": "Feature", "properties": { "@id": "way/919131525", "amenity": null, "building": "residential", "name": null, "GEOID": "39049003600" }, "geometry": { "type": "Polygon", "coordinates": [ [ [ -82.9730992, 39.9691933 ], [ -82.9731019, 39.9691374 ], [ -82.9732138, 39.9691405 ], [ -82.9732146, 39.9691245 ], [ -82.9732282, 39.9691249 ], [ -82.9732399, 39.9691148 ], [ -82.9732665, 39.969115 ], [ -82.9732781, 39.9691263 ], [ -82.9733183, 39.9691274 ], [ -82.973318, 39.9691341 ], [ -82.9733712, 39.9691357 ], [ -82.973368, 39.9692009 ], [ -82.9730992, 39.9691933 ] ] ] } },
{ "type": "Feature", "properties": { "@id": "way/919131528", "amenity": null, "building": "residential", "name": null, "GEOID": "39049003600" }, "geometry": { "type": "Polygon", "coordinates": [ [ [ -82.9712384, 39.9704658 ], [ -82.9712419, 39.9704056 ], [ -82.9714279, 39.970412 ], [ -82.9714243, 39.9704721 ], [ -82.9712384, 39.9704658 ] ] ] } },
{ "type": "Feature", "properties": { "@id": "way/919131529", "amenity": null, "building": "residential", "name": null, "GEOID": "39049003600" }, "geometry": { "type": "Polygon", "coordinates": [ [ [ -82.9731989, 39.9712819 ], [ -82.9730712, 39.9712773 ], [ -82.9730753, 39.9712107 ], [ -82.9732297, 39.9712163 ], [ -82.9732259, 39.9712782 ], [ -82.9731992, 39.9712772 ], [ -82.9731989, 39.9712819 ] ] ] } },
{ "type": "Feature", "properties": { "@id": "way/919131530", "amenity": null, "building": "residential", "name": null, "GEOID": "39049003600" }, "geometry": { "type": "Polygon", "coordinates": [ [ [ -82.9743533, 39.9695423 ], [ -82.9743548, 39.9695206 ], [ -82.9743391, 39.9695199 ], [ -82.9743395, 39.9695147 ], [ -82.9743069, 39.9695133 ], [ -82.9743074, 39.9695053 ], [ -82.9742704, 39.9695038 ], [ -82.9742736, 39.9694582 ], [ -82.9745082, 39.9694677 ], [ -82.9745041, 39.9695286 ], [ -82.9744211, 39.9695252 ], [ -82.9744197, 39.969545 ], [ -82.9743533, 39.9695423 ] ] ] } },
{ "type": "Feature", "properties": { "@id": "way/919131531", "amenity": null, "building": "residential", "name": null, "GEOID": "39049003600" }, "geometry": { "type": "Polygon", "coordinates": [ [ [ -82.9732498, 39.9708254 ], [ -82.9732473, 39.9708896 ], [ -82.9732519, 39.9708897 ], [ -82.9732621, 39.9708975 ], [ -82.9732613, 39.9709151 ], [ -82.9732506, 39.9709225 ], [ -82.9732453, 39.9709223 ], [ -82.9732451, 39.9709278 ], [ -82.9730675, 39.9709238 ], [ -82.9730698, 39.970866 ], [ -82.9730541, 39.9708656 ], [ -82.9730561, 39.9708133 ], [ -82.9732099, 39.9708168 ], [ -82.9732096, 39.9708245 ], [ -82.9732498, 39.9708254 ] ] ] } },
{ "type": "Feature", "properties": { "@id": "way/919131536", "amenity": null, "building": "residential", "name": null, "GEOID": "39049003600" }, "geometry": { "type": "Polygon", "coordinates": [ [ [ -82.9744317, 39.9700443 ], [ -82.9744313, 39.9700518 ], [ -82.9744584, 39.9700526 ], [ -82.9744549, 39.9701217 ], [ -82.9744278, 39.9701208 ], [ -82.9744276, 39.9701256 ], [ -82.9743119, 39.9701222 ], [ -82.9743137, 39.9700869 ], [ -82.9742945, 39.9700864 ], [ -82.9742964, 39.9700496 ], [ -82.9743139, 39.9700501 ], [ -82.9743144, 39.9700408 ], [ -82.9744317, 39.9700443 ] ] ] } },
{ "type": "Feature", "properties": { "@id": "way/919131537", "amenity": null, "building": "residential", "name": null, "GEOID": "39049003600" }, "geometry": { "type": "Polygon", "coordinates": [ [ [ -82.9724579, 39.9697404 ], [ -82.9724613, 39.9696752 ], [ -82.9726232, 39.9696802 ], [ -82.9726197, 39.9697454 ], [ -82.9724579, 39.9697404 ] ] ] } },
{ "type": "Feature", "properties": { "@id": "way/919131538", "amenity": null, "building": "residential", "name": null, "GEOID": "39049003600" }, "geometry": { "type": "Polygon", "coordinates": [ [ [ -82.9720534, 39.9689905 ], [ -82.972057, 39.9689378 ], [ -82.9721098, 39.9689399 ], [ -82.9721101, 39.9689353 ], [ -82.9721678, 39.9689375 ], [ -82.9721671, 39.9689492 ], [ -82.9722295, 39.9689516 ], [ -82.9722265, 39.9689973 ], [ -82.9720534, 39.9689905 ] ] ] } },
{ "type": "Feature", "properties": { "@id": "way/919131539", "amenity": null, "building": "residential", "name": null, "GEOID": "39049003600" }, "geometry": { "type": "Polygon", "coordinates": [ [ [ -82.9708077, 39.9701556 ], [ -82.9708145, 39.9700758 ], [ -82.9710133, 39.9700858 ], [ -82.9710065, 39.9701656 ], [ -82.9708077, 39.9701556 ] ] ] } },
{ "type": "Feature", "properties": { "@id": "way/919131542", "amenity": null, "building": "residential", "name": null, "GEOID": "39049003600" }, "geometry": { "type": "Polygon", "coordinates": [ [ [ -82.9708215, 39.9691184 ], [ -82.9708265, 39.9690377 ], [ -82.9710699, 39.9690466 ], [ -82.9710648, 39.9691274 ], [ -82.9708215, 39.9691184 ] ] ] } },
{ "type": "Feature", "properties": { "@id": "way/919131546", "amenity": null, "building": "residential", "name": null, "GEOID": "39049003600" }, "geometry": { "type": "Polygon", "coordinates": [ [ [ -82.9731075, 39.9706153 ], [ -82.9731084, 39.9705992 ], [ -82.9732934, 39.9706045 ], [ -82.9732902, 39.9706684 ], [ -82.9732076, 39.970666 ], [ -82.9732069, 39.9706814 ], [ -82.9731387, 39.9706794 ], [ -82.9731393, 39.9706661 ], [ -82.9730745, 39.9706642 ], [ -82.9730746, 39.9706606 ], [ -82.9730126, 39.9706588 ], [ -82.9730149, 39.9706126 ], [ -82.9731075, 39.9706153 ] ] ] } },
{ "type": "Feature", "properties": { "@id": "way/919131551", "amenity": null, "building": "residential", "name": null, "GEOID": "39049003600" }, "geometry": { "type": "Polygon", "coordinates": [ [ [ -82.9711722, 39.9715188 ], [ -82.9711763, 39.9714666 ], [ -82.9713703, 39.9714754 ], [ -82.9713662, 39.9715276 ], [ -82.971385, 39.9715285 ], [ -82.9713828, 39.9715569 ], [ -82.9712022, 39.9715487 ], [ -82.9712044, 39.9715202 ], [ -82.9711722, 39.9715188 ] ] ] } },
{ "type": "Feature", "properties": { "@id": "way/919131552", "amenity": null, "building": "residential", "name": null, "GEOID": "39049003600" }, "geometry": { "type": "Polygon", "coordinates": [ [ [ -82.9736319, 39.9694976 ], [ -82.9736367, 39.9694304 ], [ -82.9737827, 39.9694366 ], [ -82.9737818, 39.969449 ], [ -82.9738333, 39.9694512 ], [ -82.9738294, 39.9695059 ], [ -82.9736319, 39.9694976 ] ] ] } },
{ "type": "Feature", "properties": { "@id": "way/919131562", "amenity": null, "building": "residential", "name": null, "GEOID": "39049003600" }, "geometry": { "type": "Polygon", "coordinates": [ [ [ -82.9701516, 39.9691439 ], [ -82.9701518, 39.969137 ], [ -82.9701025, 39.969136 ], [ -82.970105, 39.9690604 ], [ -82.9702556, 39.9690633 ], [ -82.9702529, 39.9691459 ], [ -82.9701516, 39.9691439 ] ] ] } },
{ "type": "Feature", "properties": { "@id": "way/919131564", "amenity": null, "building": "residential", "name": null, "GEOID": "39049003600" }, "geometry": { "type": "Polygon", "coordinates": [ [ [ -82.9723774, 39.9708703 ], [ -82.9723589, 39.97087 ], [ -82.9723605, 39.9708183 ], [ -82.972379, 39.9708186 ], [ -82.9723793, 39.97081 ], [ -82.972541, 39.9708129 ], [ -82.9725389, 39.9708823 ], [ -82.9723772, 39.9708794 ], [ -82.9723774, 39.9708703 ] ] ] } },
{ "type": "Feature", "properties": { "@id": "way/919131565", "amenity": null, "building": "residential", "name": null, "GEOID": "39049003600" }, "geometry": { "type": "Polygon", "coordinates": [ [ [ -82.9720171, 39.9703093 ], [ -82.9720187, 39.9702863 ], [ -82.9719808, 39.9702848 ], [ -82.9719844, 39.970233 ], [ -82.9720395, 39.9702352 ], [ -82.9720386, 39.9702493 ], [ -82.9721195, 39.9702526 ], [ -82.9721204, 39.9702399 ], [ -82.9722013, 39.9702432 ], [ -82.9721972, 39.9703026 ], [ -82.9721817, 39.9703019 ], [ -82.9721808, 39.970316 ], [ -82.9720171, 39.9703093 ] ] ] } },
{ "type": "Feature", "properties": { "@id": "way/919131566", "amenity": null, "building": "residential", "name": null, "GEOID": "39049003600" }, "geometry": { "type": "Polygon", "coordinates": [ [ [ -82.9700512, 39.9693388 ], [ -82.9700546, 39.9692974 ], [ -82.9700712, 39.9692982 ], [ -82.9700716, 39.9692933 ], [ -82.9701035, 39.9692949 ], [ -82.9701041, 39.9692882 ], [ -82.9701628, 39.9692911 ], [ -82.9701623, 39.9692973 ], [ -82.9702352, 39.9693009 ], [ -82.9702334, 39.9693231 ], [ -82.9702031, 39.9693216 ], [ -82.9702011, 39.9693461 ], [ -82.9700512, 39.9693388 ] ] ] } },
{ "type": "Feature", "properties": { "@id": "way/919131571", "amenity": null, "building": "residential", "name": null, "GEOID": "39049003600" }, "geometry": { "type": "Polygon", "coordinates": [ [ [ -82.9725381, 39.9690102 ], [ -82.9725383, 39.9690044 ], [ -82.9725253, 39.9690041 ], [ -82.9725271, 39.9689667 ], [ -82.9725388, 39.9689671 ], [ -82.9725392, 39.9689584 ], [ -82.9725735, 39.9689593 ], [ -82.9725742, 39.9689437 ], [ -82.9726603, 39.9689461 ], [ -82.9726594, 39.9689647 ], [ -82.9726979, 39.9689658 ], [ -82.9726983, 39.9689571 ], [ -82.9727958, 39.9689598 ], [ -82.9727935, 39.9690101 ], [ -82.9727653, 39.9690093 ], [ -82.972765, 39.9690165 ], [ -82.9725381, 39.9690102 ] ] ] } },
{ "type": "Feature", "properties": { "@id": "way/919131572", "amenity": null, "building": "residential", "name": null, "GEOID": "39049003600" }, "geometry": { "type": "Polygon", "coordinates": [ [ [ -82.9733397, 39.9692805 ], [ -82.9732159, 39.9692773 ], [ -82.973216, 39.9692732 ], [ -82.9731712, 39.9692721 ], [ -82.973172, 39.9692547 ], [ -82.9731537, 39.9692543 ], [ -82.9731547, 39.9692302 ], [ -82.9731737, 39.9692307 ], [ -82.9731749, 39.9692032 ], [ -82.973235, 39.9692048 ], [ -82.9732347, 39.969211 ], [ -82.9733731, 39.9692146 ], [ -82.9733703, 39.9692781 ], [ -82.9733398, 39.9692773 ], [ -82.9733397, 39.9692805 ] ] ] } },
{ "type": "Feature", "properties": { "@id": "way/919131573", "amenity": null, "building": "residential", "name": null, "GEOID": "39049003600" }, "geometry": { "type": "Polygon", "coordinates": [ [ [ -82.9744554, 39.9687166 ], [ -82.9744574, 39.9686921 ], [ -82.9743843, 39.9686885 ], [ -82.9743847, 39.9686828 ], [ -82.9743333, 39.9686802 ], [ -82.9743366, 39.9686413 ], [ -82.9743918, 39.968644 ], [ -82.9743953, 39.9686023 ], [ -82.974464, 39.9686057 ], [ -82.9744655, 39.9685869 ], [ -82.9745415, 39.9685906 ], [ -82.9745413, 39.9685936 ], [ -82.9745619, 39.9685946 ], [ -82.9745597, 39.968621 ], [ -82.974539, 39.96862 ], [ -82.9745333, 39.9686875 ], [ -82.9745537, 39.9686885 ], [ -82.9745514, 39.9687163 ], [ -82.974531, 39.9687152 ], [ -82.9745305, 39.9687203 ], [ -82.9744554, 39.9687166 ] ] ] } },
{ "type": "Feature", "properties": { "@id": "way/919131574", "amenity": null, "building": "residential", "name": null, "GEOID": "39049003600" }, "geometry": { "type": "Polygon", "coordinates": [ [ [ -82.9725055, 39.9692484 ], [ -82.9725096, 39.9691836 ], [ -82.9727147, 39.9691911 ], [ -82.9727106, 39.9692559 ], [ -82.9725055, 39.9692484 ] ] ] } },
{ "type": "Feature", "properties": { "@id": "way/919131575", "amenity": null, "building": "residential", "name": null, "GEOID": "39049003600" }, "geometry": { "type": "Polygon", "coordinates": [ [ [ -82.9725572, 39.9708973 ], [ -82.9725545, 39.9709417 ], [ -82.9725401, 39.9709412 ], [ -82.9725381, 39.9709736 ], [ -82.9723505, 39.9709669 ], [ -82.9723552, 39.9708901 ], [ -82.9725572, 39.9708973 ] ] ] } },
{ "type": "Feature", "properties": { "@id": "way/919131577", "amenity": null, "building": "residential", "name": null, "GEOID": "39049003600" }, "geometry": { "type": "Polygon", "coordinates": [ [ [ -82.9712149, 39.9712654 ], [ -82.971219, 39.9711995 ], [ -82.9713264, 39.9712035 ], [ -82.9713222, 39.9712694 ], [ -82.9712149, 39.9712654 ] ] ] } },
{ "type": "Feature", "properties": { "@id": "way/919131578", "amenity": null, "building": "residential", "name": null, "GEOID": "39049003600" }, "geometry": { "type": "Polygon", "coordinates": [ [ [ -82.9731055, 39.9685876 ], [ -82.9731082, 39.9686106 ], [ -82.9730757, 39.9686129 ], [ -82.973073, 39.9685899 ], [ -82.9731055, 39.9685876 ] ] ] } },
{ "type": "Feature", "properties": { "@id": "way/919131579", "amenity": null, "building": "residential", "name": null, "GEOID": "39049003600" }, "geometry": { "type": "Polygon", "coordinates": [ [ [ -82.9724948, 39.9713243 ], [ -82.9723365, 39.9713209 ], [ -82.9723388, 39.9712566 ], [ -82.9724966, 39.97126 ], [ -82.9724961, 39.9712735 ], [ -82.9725193, 39.971274 ], [ -82.9725186, 39.9712936 ], [ -82.9724959, 39.9712931 ], [ -82.9724948, 39.9713243 ] ] ] } },
{ "type": "Feature", "properties": { "@id": "way/919131580", "amenity": null, "building": "residential", "name": null, "GEOID": "39049003600" }, "geometry": { "type": "Polygon", "coordinates": [ [ [ -82.971939, 39.9698155 ], [ -82.9719424, 39.9697626 ], [ -82.9720462, 39.9697666 ], [ -82.9720472, 39.9697523 ], [ -82.9721182, 39.9697551 ], [ -82.9721173, 39.9697681 ], [ -82.9721711, 39.9697701 ], [ -82.9721676, 39.9698242 ], [ -82.971939, 39.9698155 ] ] ] } },
{ "type": "Feature", "properties": { "@id": "way/919131582", "amenity": null, "building": "residential", "name": null, "GEOID": "39049003600" }, "geometry": { "type": "Polygon", "coordinates": [ [ [ -82.9709866, 39.9688509 ], [ -82.9709911, 39.9687757 ], [ -82.9710074, 39.9687763 ], [ -82.9710082, 39.9687619 ], [ -82.9710657, 39.9687639 ], [ -82.9710648, 39.9687781 ], [ -82.9711389, 39.9687807 ], [ -82.9711349, 39.968846 ], [ -82.9710761, 39.968844 ], [ -82.9710755, 39.968854 ], [ -82.9709866, 39.9688509 ] ] ] } },
{ "type": "Feature", "properties": { "@id": "way/919131584", "amenity": null, "building": "residential", "name": null, "GEOID": "39049003600" }, "geometry": { "type": "Polygon", "coordinates": [ [ [ -82.9720984, 39.9708715 ], [ -82.9719868, 39.9708702 ], [ -82.971988, 39.9708055 ], [ -82.9720997, 39.9708067 ], [ -82.9720996, 39.9708103 ], [ -82.9721272, 39.9708106 ], [ -82.9721261, 39.9708664 ], [ -82.9720985, 39.970866 ], [ -82.9720984, 39.9708715 ] ] ] } },
{ "type": "Feature", "properties": { "@id": "way/919131586", "amenity": null, "building": "residential", "name": null, "GEOID": "39049003600" }, "geometry": { "type": "Polygon", "coordinates": [ [ [ -82.9733118, 39.9693086 ], [ -82.9733362, 39.9693094 ], [ -82.9733331, 39.9693636 ], [ -82.9731577, 39.9693578 ], [ -82.9731608, 39.9693036 ], [ -82.9732264, 39.9693058 ], [ -82.9732273, 39.9692911 ], [ -82.9733127, 39.9692939 ], [ -82.9733118, 39.9693086 ] ] ] } },
{ "type": "Feature", "properties": { "@id": "way/919131592", "amenity": null, "building": "residential", "name": null, "GEOID": "39049003600" }, "geometry": { "type": "Polygon", "coordinates": [ [ [ -82.9745031, 39.9689003 ], [ -82.9745026, 39.9689069 ], [ -82.9745341, 39.9689084 ], [ -82.9745309, 39.9689485 ], [ -82.9744993, 39.968947 ], [ -82.9744974, 39.9689709 ], [ -82.9743706, 39.9689649 ], [ -82.9743762, 39.9688943 ], [ -82.9745031, 39.9689003 ] ] ] } },
{ "type": "Feature", "properties": { "@id": "way/919131593", "amenity": null, "building": "residential", "name": null, "GEOID": "39049003600" }, "geometry": { "type": "Polygon", "coordinates": [ [ [ -82.9737951, 39.9693124 ], [ -82.973662, 39.9693077 ], [ -82.9736659, 39.9692426 ], [ -82.973799, 39.9692473 ], [ -82.9737951, 39.9693124 ] ] ] } },
{ "type": "Feature", "properties": { "@id": "way/919131594", "amenity": null, "building": "residential", "name": null, "GEOID": "39049003600" }, "geometry": { "type": "Polygon", "coordinates": [ [ [ -82.9733702, 39.9688546 ], [ -82.9732587, 39.9688493 ], [ -82.9732638, 39.9687857 ], [ -82.9733753, 39.968791 ], [ -82.9733747, 39.9687984 ], [ -82.9733964, 39.9687994 ], [ -82.9733921, 39.9688523 ], [ -82.9733705, 39.9688513 ], [ -82.9733702, 39.9688546 ] ] ] } },
{ "type": "Feature", "properties": { "@id": "way/919131596", "amenity": null, "building": "residential", "name": null, "GEOID": "39049003600" }, "geometry": { "type": "Polygon", "coordinates": [ [ [ -82.9720424, 39.9693951 ], [ -82.9720453, 39.9693335 ], [ -82.9721971, 39.9693376 ], [ -82.972195, 39.9693824 ], [ -82.972168, 39.9693817 ], [ -82.9721672, 39.9693985 ], [ -82.9720424, 39.9693951 ] ] ] } },
{ "type": "Feature", "properties": { "@id": "way/919131599", "amenity": null, "building": "residential", "name": null, "GEOID": "39049003600" }, "geometry": { "type": "Polygon", "coordinates": [ [ [ -82.9721168, 39.970996 ], [ -82.9721146, 39.9710562 ], [ -82.9719731, 39.9710533 ], [ -82.9719752, 39.9709931 ], [ -82.9721168, 39.970996 ] ] ] } },
{ "type": "Feature", "properties": { "@id": "way/919131600", "amenity": null, "building": "residential", "name": null, "GEOID": "39049003600" }, "geometry": { "type": "Polygon", "coordinates": [ [ [ -82.973144, 39.9695222 ], [ -82.973148, 39.9694617 ], [ -82.9732979, 39.9694674 ], [ -82.9732971, 39.9694797 ], [ -82.9733404, 39.9694814 ], [ -82.9733373, 39.9695296 ], [ -82.973144, 39.9695222 ] ] ] } },
{ "type": "Feature", "properties": { "@id": "way/919131602", "amenity": null, "building": "residential", "name": null, "GEOID": "39049003600" }, "geometry": { "type": "Polygon", "coordinates": [ [ [ -82.9720124, 39.9699842 ], [ -82.9720164, 39.9699191 ], [ -82.9721616, 39.9699244 ], [ -82.9721589, 39.9699683 ], [ -82.9721368, 39.9699675 ], [ -82.9721354, 39.9699887 ], [ -82.9720124, 39.9699842 ] ] ] } },
{ "type": "Feature", "properties": { "@id": "way/919131606", "amenity": null, "building": "residential", "name": null, "GEOID": "39049003600" }, "geometry": { "type": "Polygon", "coordinates": [ [ [ -82.9706402, 39.9685862 ], [ -82.9706393, 39.9685665 ], [ -82.9707189, 39.9685637 ], [ -82.97072, 39.968582 ], [ -82.9707282, 39.9685817 ], [ -82.9707357, 39.9687509 ], [ -82.9706634, 39.9687541 ], [ -82.9706606, 39.9687224 ], [ -82.9706466, 39.9687229 ], [ -82.9706454, 39.9687113 ], [ -82.9706347, 39.9687041 ], [ -82.9706342, 39.9686888 ], [ -82.9706401, 39.9686805 ], [ -82.9706447, 39.9686804 ], [ -82.9706443, 39.9686752 ], [ -82.97064, 39.9686753 ], [ -82.970633, 39.9686705 ], [ -82.9706326, 39.9686572 ], [ -82.9706395, 39.9686517 ], [ -82.970644, 39.9686512 ], [ -82.9706402, 39.9685862 ] ] ] } },
{ "type": "Feature", "properties": { "@id": "way/919131607", "amenity": null, "building": "residential", "name": null, "GEOID": "39049003600" }, "geometry": { "type": "Polygon", "coordinates": [ [ [ -82.9712526, 39.9706649 ], [ -82.9712562, 39.9706129 ], [ -82.9712681, 39.9706134 ], [ -82.9712693, 39.9705957 ], [ -82.9714287, 39.9706022 ], [ -82.9714258, 39.9706439 ], [ -82.9713849, 39.9706422 ], [ -82.9713829, 39.9706702 ], [ -82.9712526, 39.9706649 ] ] ] } },
{ "type": "Feature", "properties": { "@id": "way/919131609", "amenity": null, "building": "residential", "name": null, "GEOID": "39049003600" }, "geometry": { "type": "Polygon", "coordinates": [ [ [ -82.9731304, 39.9703214 ], [ -82.9731337, 39.9702636 ], [ -82.9732125, 39.9702663 ], [ -82.9732133, 39.9702532 ], [ -82.9732686, 39.9702551 ], [ -82.9732679, 39.9702678 ], [ -82.9733183, 39.9702695 ], [ -82.9733149, 39.9703277 ], [ -82.9731304, 39.9703214 ] ] ] } },
{ "type": "Feature", "properties": { "@id": "way/919131610", "amenity": null, "building": "residential", "name": null, "GEOID": "39049003600" }, "geometry": { "type": "Polygon", "coordinates": [ [ [ -82.9733538, 39.9690733 ], [ -82.9733537, 39.9690757 ], [ -82.9732986, 39.9690746 ], [ -82.9732814, 39.9690832 ], [ -82.9732559, 39.9690822 ], [ -82.9732352, 39.9690661 ], [ -82.9731891, 39.9690645 ], [ -82.9731899, 39.9690271 ], [ -82.973181, 39.9690268 ], [ -82.9731834, 39.9689677 ], [ -82.9732276, 39.9689685 ], [ -82.973228, 39.9689544 ], [ -82.9733071, 39.9689567 ], [ -82.9733067, 39.968971 ], [ -82.97336, 39.9689729 ], [ -82.9733597, 39.9689775 ], [ -82.9733945, 39.9689787 ], [ -82.9733886, 39.9690745 ], [ -82.9733538, 39.9690733 ] ] ] } },
{ "type": "Feature", "properties": { "@id": "way/919131611", "amenity": null, "building": "residential", "name": null, "GEOID": "39049003600" }, "geometry": { "type": "Polygon", "coordinates": [ [ [ -82.9733352, 39.9698513 ], [ -82.9731877, 39.9698441 ], [ -82.9731926, 39.9697848 ], [ -82.9733402, 39.969792 ], [ -82.9733352, 39.9698513 ] ] ] } },
{ "type": "Feature", "properties": { "@id": "way/919131612", "amenity": null, "building": "residential", "name": null, "GEOID": "39049003600" }, "geometry": { "type": "Polygon", "coordinates": [ [ [ -82.9733832, 39.9687087 ], [ -82.9733828, 39.9687124 ], [ -82.973403, 39.9687136 ], [ -82.9733975, 39.9687673 ], [ -82.9733774, 39.9687661 ], [ -82.9733769, 39.968771 ], [ -82.9732644, 39.9687643 ], [ -82.9732707, 39.968702 ], [ -82.9733832, 39.9687087 ] ] ] } },
{ "type": "Feature", "properties": { "@id": "way/919131613", "amenity": null, "building": "residential", "name": null, "GEOID": "39049003600" }, "geometry": { "type": "Polygon", "coordinates": [ [ [ -82.9713192, 39.9694613 ], [ -82.9713198, 39.969454 ], [ -82.971296, 39.9694528 ], [ -82.9713011, 39.9693916 ], [ -82.9713275, 39.969393 ], [ -82.971328, 39.9693876 ], [ -82.9714616, 39.9693942 ], [ -82.9714576, 39.9694415 ], [ -82.9714303, 39.9694402 ], [ -82.9714281, 39.9694667 ], [ -82.9713192, 39.9694613 ] ] ] } },
{ "type": "Feature", "properties": { "@id": "way/919131615", "amenity": null, "building": "residential", "name": null, "GEOID": "39049003600" }, "geometry": { "type": "Polygon", "coordinates": [ [ [ -82.973738, 39.9701061 ], [ -82.9736143, 39.9701004 ], [ -82.9736174, 39.9700618 ], [ -82.9735878, 39.9700604 ], [ -82.9735914, 39.9700147 ], [ -82.9738059, 39.9700246 ], [ -82.9737998, 39.9701021 ], [ -82.9737385, 39.9700992 ], [ -82.973738, 39.9701061 ] ] ] } },
{ "type": "Feature", "properties": { "@id": "way/919131617", "amenity": null, "building": "residential", "name": null, "GEOID": "39049003600" }, "geometry": { "type": "Polygon", "coordinates": [ [ [ -82.9735706, 39.9703806 ], [ -82.9735762, 39.9702983 ], [ -82.973802, 39.9703073 ], [ -82.9737964, 39.9703896 ], [ -82.9735706, 39.9703806 ] ] ] } },
{ "type": "Feature", "properties": { "@id": "way/919131618", "amenity": null, "building": "residential", "name": null, "GEOID": "39049003600" }, "geometry": { "type": "Polygon", "coordinates": [ [ [ -82.9731215, 39.970025 ], [ -82.9731255, 39.9699469 ], [ -82.9733334, 39.9699532 ], [ -82.9733294, 39.9700313 ], [ -82.9731215, 39.970025 ] ] ] } },
{ "type": "Feature", "properties": { "@id": "way/919131620", "amenity": null, "building": "residential", "name": null, "GEOID": "39049003600" }, "geometry": { "type": "Polygon", "coordinates": [ [ [ -82.9723541, 39.971474 ], [ -82.9723545, 39.9714693 ], [ -82.9723252, 39.971468 ], [ -82.9723299, 39.9714078 ], [ -82.9723592, 39.9714092 ], [ -82.9723595, 39.9714042 ], [ -82.9724795, 39.9714097 ], [ -82.9724741, 39.9714795 ], [ -82.9723541, 39.971474 ] ] ] } },
{ "type": "Feature", "properties": { "@id": "way/919131621", "amenity": null, "building": "residential", "name": null, "GEOID": "39049003600" }, "geometry": { "type": "Polygon", "coordinates": [ [ [ -82.9723976, 39.970513 ], [ -82.9723994, 39.9704711 ], [ -82.9724155, 39.9704715 ], [ -82.9724169, 39.9704377 ], [ -82.9724799, 39.9704393 ], [ -82.9724804, 39.9704272 ], [ -82.9725574, 39.9704291 ], [ -82.9725563, 39.9704544 ], [ -82.9725975, 39.9704555 ], [ -82.9725954, 39.9705045 ], [ -82.9725034, 39.9705021 ], [ -82.9725028, 39.9705157 ], [ -82.9723976, 39.970513 ] ] ] } },
{ "type": "Feature", "properties": { "@id": "way/919131626", "amenity": null, "building": "residential", "name": null, "GEOID": "39049003600" }, "geometry": { "type": "Polygon", "coordinates": [ [ [ -82.9720973, 39.9714443 ], [ -82.9720923, 39.9715267 ], [ -82.9720667, 39.9715258 ], [ -82.9720663, 39.9715316 ], [ -82.9718979, 39.9715257 ], [ -82.9719033, 39.9714374 ], [ -82.9720973, 39.9714443 ] ] ] } },
{ "type": "Feature", "properties": { "@id": "way/919131629", "amenity": null, "building": "residential", "name": null, "GEOID": "39049003600" }, "geometry": { "type": "Polygon", "coordinates": [ [ [ -82.9710213, 39.9695891 ], [ -82.9710191, 39.969621 ], [ -82.9709209, 39.9696169 ], [ -82.9709224, 39.9695956 ], [ -82.9709019, 39.9695948 ], [ -82.9709056, 39.9695422 ], [ -82.9710432, 39.9695479 ], [ -82.9710402, 39.9695899 ], [ -82.9710213, 39.9695891 ] ] ] } },
{ "type": "Feature", "properties": { "@id": "way/919131630", "amenity": null, "building": "residential", "name": null, "GEOID": "39049003600" }, "geometry": { "type": "Polygon", "coordinates": [ [ [ -82.9720952, 39.9684335 ], [ -82.9721025, 39.9684327 ], [ -82.972099, 39.9684131 ], [ -82.972166, 39.968406 ], [ -82.9721688, 39.9684214 ], [ -82.9721825, 39.96842 ], [ -82.9721893, 39.9684579 ], [ -82.9721966, 39.9684571 ], [ -82.9721981, 39.9684655 ], [ -82.9722131, 39.9684731 ], [ -82.9722171, 39.9684929 ], [ -82.972205, 39.9685037 ], [ -82.9722065, 39.9685118 ], [ -82.9721984, 39.9685127 ], [ -82.9722117, 39.968586 ], [ -82.9721245, 39.9685953 ], [ -82.9720952, 39.9684335 ] ] ] } },
{ "type": "Feature", "properties": { "@id": "way/919131632", "amenity": null, "building": "residential", "name": null, "GEOID": "39049003600" }, "geometry": { "type": "Polygon", "coordinates": [ [ [ -82.9737547, 39.9685525 ], [ -82.9737551, 39.9685406 ], [ -82.9736833, 39.9685392 ], [ -82.9736856, 39.9684651 ], [ -82.9737638, 39.9684665 ], [ -82.9737642, 39.9684559 ], [ -82.973818, 39.9684569 ], [ -82.9738177, 39.9684677 ], [ -82.9738593, 39.9684685 ], [ -82.9738569, 39.968544 ], [ -82.9738132, 39.9685432 ], [ -82.9738129, 39.9685536 ], [ -82.9737547, 39.9685525 ] ] ] } },
{ "type": "Feature", "properties": { "@id": "way/919131633", "amenity": null, "building": "residential", "name": null, "GEOID": "39049003600" }, "geometry": { "type": "Polygon", "coordinates": [ [ [ -82.9742479, 39.9702249 ], [ -82.9742508, 39.9701589 ], [ -82.974312, 39.9701605 ], [ -82.9743122, 39.9701543 ], [ -82.974383, 39.9701562 ], [ -82.9743825, 39.9701685 ], [ -82.9744137, 39.9701693 ], [ -82.9744139, 39.9701643 ], [ -82.9744672, 39.9701657 ], [ -82.9744655, 39.970204 ], [ -82.9744326, 39.9702032 ], [ -82.9744315, 39.9702297 ], [ -82.9742479, 39.9702249 ] ] ] } },
{ "type": "Feature", "properties": { "@id": "way/919131634", "amenity": null, "building": "residential", "name": null, "GEOID": "39049003600" }, "geometry": { "type": "Polygon", "coordinates": [ [ [ -82.9731472, 39.9696068 ], [ -82.9731484, 39.9695907 ], [ -82.9731259, 39.9695897 ], [ -82.9731273, 39.9695711 ], [ -82.9731754, 39.9695731 ], [ -82.973178, 39.9695374 ], [ -82.9732493, 39.9695404 ], [ -82.9732491, 39.9695442 ], [ -82.9733677, 39.9695493 ], [ -82.9733629, 39.9696161 ], [ -82.9731472, 39.9696068 ] ] ] } },
{ "type": "Feature", "properties": { "@id": "way/919131637", "amenity": null, "building": "residential", "name": null, "GEOID": "39049003600" }, "geometry": { "type": "Polygon", "coordinates": [ [ [ -82.9733891, 39.9682831 ], [ -82.9733836, 39.9682556 ], [ -82.9734444, 39.9682485 ], [ -82.9734583, 39.9683152 ], [ -82.9734801, 39.9683259 ], [ -82.9734835, 39.9683495 ], [ -82.9734713, 39.9683667 ], [ -82.973462, 39.9683679 ], [ -82.9734753, 39.9684389 ], [ -82.9734024, 39.9684485 ], [ -82.9733655, 39.9682859 ], [ -82.9733891, 39.9682831 ] ] ] } },
{ "type": "Feature", "properties": { "@id": "way/919131640", "amenity": null, "building": "residential", "name": null, "GEOID": "39049003600" }, "geometry": { "type": "Polygon", "coordinates": [ [ [ -82.9721011, 39.9713546 ], [ -82.9720979, 39.9714218 ], [ -82.9719449, 39.9714174 ], [ -82.9719482, 39.9713502 ], [ -82.9721011, 39.9713546 ] ] ] } },
{ "type": "Feature", "properties": { "@id": "way/919131642", "amenity": null, "building": "residential", "name": null, "GEOID": "39049003600" }, "geometry": { "type": "Polygon", "coordinates": [ [ [ -82.9719866, 39.9709556 ], [ -82.9719881, 39.9709241 ], [ -82.9719617, 39.9709234 ], [ -82.9719629, 39.9709004 ], [ -82.9719892, 39.9709011 ], [ -82.9719899, 39.9708877 ], [ -82.9721208, 39.9708915 ], [ -82.9721175, 39.9709593 ], [ -82.9719866, 39.9709556 ] ] ] } },
{ "type": "Feature", "properties": { "@id": "way/919131644", "amenity": null, "building": "residential", "name": null, "GEOID": "39049003600" }, "geometry": { "type": "Polygon", "coordinates": [ [ [ -82.9732772, 39.9704189 ], [ -82.9730905, 39.9704128 ], [ -82.9730931, 39.9703659 ], [ -82.9731676, 39.9703683 ], [ -82.9731683, 39.9703561 ], [ -82.9732286, 39.9703581 ], [ -82.9732291, 39.9703493 ], [ -82.9732809, 39.970351 ], [ -82.9732772, 39.9704189 ] ] ] } },
{ "type": "Feature", "properties": { "@id": "way/919131645", "amenity": null, "building": "residential", "name": null, "GEOID": "39049003600" }, "geometry": { "type": "Polygon", "coordinates": [ [ [ -82.9712872, 39.9697022 ], [ -82.9712905, 39.9696437 ], [ -82.9714288, 39.9696483 ], [ -82.9714293, 39.9696404 ], [ -82.9714854, 39.9696422 ], [ -82.9714816, 39.9697086 ], [ -82.9712872, 39.9697022 ] ] ] } },
{ "type": "Feature", "properties": { "@id": "way/919131646", "amenity": null, "building": "residential", "name": null, "GEOID": "39049002800" }, "geometry": { "type": "Polygon", "coordinates": [ [ [ -82.9694631, 39.9688966 ], [ -82.9694735, 39.9687151 ], [ -82.9695641, 39.9687181 ], [ -82.9695537, 39.9688996 ], [ -82.9694631, 39.9688966 ] ] ] } },
{ "type": "Feature", "properties": { "@id": "way/919131647", "amenity": null, "building": "residential", "name": null, "GEOID": "39049003600" }, "geometry": { "type": "Polygon", "coordinates": [ [ [ -82.9742728, 39.9703259 ], [ -82.974278, 39.9702493 ], [ -82.9743827, 39.9702534 ], [ -82.9743832, 39.9702461 ], [ -82.9744525, 39.9702489 ], [ -82.9744496, 39.9702921 ], [ -82.974437, 39.9702916 ], [ -82.9744358, 39.9703094 ], [ -82.9744234, 39.9703089 ], [ -82.9744223, 39.9703244 ], [ -82.9743728, 39.9703224 ], [ -82.9743723, 39.9703298 ], [ -82.9742728, 39.9703259 ] ] ] } },
{ "type": "Feature", "properties": { "@id": "way/919131648", "amenity": null, "building": "residential", "name": null, "GEOID": "39049003600" }, "geometry": { "type": "Polygon", "coordinates": [ [ [ -82.973841, 39.9686647 ], [ -82.9738368, 39.9687298 ], [ -82.9736807, 39.968724 ], [ -82.9736848, 39.9686589 ], [ -82.973841, 39.9686647 ] ] ] } },
{ "type": "Feature", "properties": { "@id": "way/919131649", "amenity": null, "building": "residential", "name": null, "GEOID": "39049003600" }, "geometry": { "type": "Polygon", "coordinates": [ [ [ -82.9736657, 39.9692144 ], [ -82.9736687, 39.9691536 ], [ -82.9737844, 39.9691569 ], [ -82.9737814, 39.9692178 ], [ -82.9736657, 39.9692144 ] ] ] } },
{ "type": "Feature", "properties": { "@id": "way/919131650", "amenity": null, "building": "residential", "name": null, "GEOID": "39049003600" }, "geometry": { "type": "Polygon", "coordinates": [ [ [ -82.9725376, 39.9689211 ], [ -82.9725415, 39.9688651 ], [ -82.9726001, 39.9688675 ], [ -82.9726014, 39.968849 ], [ -82.9726924, 39.9688527 ], [ -82.9726917, 39.9688635 ], [ -82.972735, 39.9688652 ], [ -82.9727339, 39.9688805 ], [ -82.9728094, 39.9688836 ], [ -82.972806, 39.9689321 ], [ -82.9725376, 39.9689211 ] ] ] } },
{ "type": "Feature", "properties": { "@id": "way/919131652", "amenity": null, "building": "residential", "name": null, "GEOID": "39049003600" }, "geometry": { "type": "Polygon", "coordinates": [ [ [ -82.9721509, 39.9706165 ], [ -82.9721466, 39.9706819 ], [ -82.9719978, 39.9706761 ], [ -82.9720021, 39.9706107 ], [ -82.9721509, 39.9706165 ] ] ] } },
{ "type": "Feature", "properties": { "@id": "way/919131653", "amenity": null, "building": "residential", "name": null, "GEOID": "39049003600" }, "geometry": { "type": "Polygon", "coordinates": [ [ [ -82.9727365, 39.9684173 ], [ -82.9727557, 39.968415 ], [ -82.9727484, 39.9683782 ], [ -82.9727618, 39.9683634 ], [ -82.9727804, 39.9683617 ], [ -82.9728004, 39.9683693 ], [ -82.9728139, 39.9683577 ], [ -82.9728295, 39.9683559 ], [ -82.972856, 39.9683663 ], [ -82.9728649, 39.9684107 ], [ -82.9728791, 39.968409 ], [ -82.9728961, 39.9684979 ], [ -82.972868, 39.9685011 ], [ -82.9728717, 39.9685208 ], [ -82.9728347, 39.9685249 ], [ -82.9728309, 39.9685053 ], [ -82.9728245, 39.968506 ], [ -82.9728283, 39.9685257 ], [ -82.9727931, 39.9685297 ], [ -82.9727893, 39.96851 ], [ -82.972755, 39.9685138 ], [ -82.9727365, 39.9684173 ] ] ] } },
{ "type": "Feature", "properties": { "@id": "way/919131657", "amenity": null, "building": "residential", "name": null, "GEOID": "39049003600" }, "geometry": { "type": "Polygon", "coordinates": [ [ [ -82.9723739, 39.9707245 ], [ -82.9725113, 39.9707273 ], [ -82.9725102, 39.9707585 ], [ -82.9725304, 39.9707589 ], [ -82.9725296, 39.9707826 ], [ -82.9725094, 39.9707822 ], [ -82.972509, 39.970792 ], [ -82.9723717, 39.9707892 ], [ -82.9723739, 39.9707245 ] ] ] } },
{ "type": "Feature", "properties": { "@id": "way/919131659", "amenity": null, "building": "residential", "name": null, "GEOID": "39049003600" }, "geometry": { "type": "Polygon", "coordinates": [ [ [ -82.9724516, 39.9700001 ], [ -82.9724567, 39.9699192 ], [ -82.9726522, 39.9699264 ], [ -82.9726471, 39.9700073 ], [ -82.9724516, 39.9700001 ] ] ] } },
{ "type": "Feature", "properties": { "@id": "way/919131660", "amenity": null, "building": "residential", "name": null, "GEOID": "39049003600" }, "geometry": { "type": "Polygon", "coordinates": [ [ [ -82.9720199, 39.9695675 ], [ -82.9720231, 39.9695216 ], [ -82.972086, 39.9695242 ], [ -82.9720882, 39.9694932 ], [ -82.9721533, 39.9694958 ], [ -82.9721515, 39.9695216 ], [ -82.9721894, 39.9695231 ], [ -82.9721858, 39.9695742 ], [ -82.9720199, 39.9695675 ] ] ] } },
{ "type": "Feature", "properties": { "@id": "way/919131661", "amenity": null, "building": "residential", "name": null, "GEOID": "39049003600" }, "geometry": { "type": "Polygon", "coordinates": [ [ [ -82.9710515, 39.9692456 ], [ -82.9710718, 39.9692464 ], [ -82.9710695, 39.9692848 ], [ -82.9708455, 39.9692767 ], [ -82.9708503, 39.9691979 ], [ -82.9710755, 39.969206 ], [ -82.9710735, 39.969239 ], [ -82.971052, 39.9692382 ], [ -82.9710515, 39.9692456 ] ] ] } },
{ "type": "Feature", "properties": { "@id": "way/919131662", "amenity": null, "building": "residential", "name": null, "GEOID": "39049003600" }, "geometry": { "type": "Polygon", "coordinates": [ [ [ -82.9712584, 39.9702061 ], [ -82.9712636, 39.9701311 ], [ -82.971407, 39.9701369 ], [ -82.9714019, 39.9702119 ], [ -82.9712584, 39.9702061 ] ] ] } },
{ "type": "Feature", "properties": { "@id": "way/919131663", "amenity": null, "building": "residential", "name": null, "GEOID": "39049003600" }, "geometry": { "type": "Polygon", "coordinates": [ [ [ -82.9736566, 39.9690581 ], [ -82.9738164, 39.9690636 ], [ -82.9738124, 39.9691303 ], [ -82.9736527, 39.9691247 ], [ -82.9736566, 39.9690581 ] ] ] } },
{ "type": "Feature", "properties": { "@id": "way/919151507", "amenity": null, "building": "residential", "name": null, "GEOID": "39049002900" }, "geometry": { "type": "Polygon", "coordinates": [ [ [ -82.9805899, 39.971879 ], [ -82.9805924, 39.9718509 ], [ -82.980563, 39.9718494 ], [ -82.9805652, 39.9718253 ], [ -82.980592, 39.9718267 ], [ -82.9805933, 39.971812 ], [ -82.980705, 39.9718178 ], [ -82.980699, 39.9718847 ], [ -82.9805899, 39.971879 ] ] ] } },
{ "type": "Feature", "properties": { "@id": "way/919151508", "amenity": null, "building": "residential", "name": null, "GEOID": "39049002900" }, "geometry": { "type": "Polygon", "coordinates": [ [ [ -82.9783133, 39.9742209 ], [ -82.9783195, 39.9741404 ], [ -82.9784876, 39.974148 ], [ -82.9784814, 39.9742286 ], [ -82.9783133, 39.9742209 ] ] ] } },
{ "type": "Feature", "properties": { "@id": "way/919151509", "amenity": null, "building": "residential", "name": null, "GEOID": "39049002900" }, "geometry": { "type": "Polygon", "coordinates": [ [ [ -82.9755136, 39.9745165 ], [ -82.9755172, 39.9744761 ], [ -82.9755808, 39.9744794 ], [ -82.9755834, 39.9744509 ], [ -82.9757048, 39.9744573 ], [ -82.9756986, 39.9745262 ], [ -82.9755136, 39.9745165 ] ] ] } },
{ "type": "Feature", "properties": { "@id": "way/919151512", "amenity": null, "building": "residential", "name": null, "GEOID": "39049002900" }, "geometry": { "type": "Polygon", "coordinates": [ [ [ -82.978492, 39.9719225 ], [ -82.9784669, 39.9719214 ], [ -82.9784697, 39.9718852 ], [ -82.9784949, 39.9718864 ], [ -82.9784958, 39.9718741 ], [ -82.9786093, 39.9718793 ], [ -82.9786033, 39.9719559 ], [ -82.9784898, 39.9719507 ], [ -82.978492, 39.9719225 ] ] ] } },
{ "type": "Feature", "properties": { "@id": "way/919151514", "amenity": null, "building": "residential", "name": null, "GEOID": "39049003000" }, "geometry": { "type": "Polygon", "coordinates": [ [ [ -82.9816809, 39.9741893 ], [ -82.9816862, 39.9741212 ], [ -82.9816954, 39.9741216 ], [ -82.9817088, 39.9741122 ], [ -82.9817252, 39.9741131 ], [ -82.9817394, 39.9741236 ], [ -82.9817928, 39.9741261 ], [ -82.9817922, 39.9741348 ], [ -82.9818118, 39.9741357 ], [ -82.9818078, 39.9741867 ], [ -82.9817877, 39.9741858 ], [ -82.981787, 39.9741941 ], [ -82.9816809, 39.9741893 ] ] ] } },
{ "type": "Feature", "properties": { "@id": "way/919151517", "amenity": null, "building": "residential", "name": null, "GEOID": "39049002900" }, "geometry": { "type": "Polygon", "coordinates": [ [ [ -82.9791961, 39.9723173 ], [ -82.9792021, 39.9722423 ], [ -82.9793656, 39.97225 ], [ -82.9793596, 39.972325 ], [ -82.9791961, 39.9723173 ] ] ] } },
{ "type": "Feature", "properties": { "@id": "way/919151518", "amenity": null, "building": "residential", "name": null, "GEOID": "39049002900" }, "geometry": { "type": "Polygon", "coordinates": [ [ [ -82.9763406, 39.9751432 ], [ -82.9763425, 39.9751163 ], [ -82.9762822, 39.9751137 ], [ -82.9762851, 39.9750729 ], [ -82.9764711, 39.9750808 ], [ -82.9764674, 39.9751315 ], [ -82.9764482, 39.9751307 ], [ -82.976447, 39.9751477 ], [ -82.9763406, 39.9751432 ] ] ] } },
{ "type": "Feature", "properties": { "@id": "way/919151520", "amenity": null, "building": "residential", "name": null, "GEOID": "39049003000" }, "geometry": { "type": "Polygon", "coordinates": [ [ [ -82.9817476, 39.9748622 ], [ -82.9817428, 39.974927 ], [ -82.9816104, 39.9749213 ], [ -82.9816116, 39.9749044 ], [ -82.9815531, 39.9749019 ], [ -82.9815566, 39.974854 ], [ -82.9817476, 39.9748622 ] ] ] } },
{ "type": "Feature", "properties": { "@id": "way/919151522", "amenity": null, "building": "residential", "name": null, "GEOID": "39049002900" }, "geometry": { "type": "Polygon", "coordinates": [ [ [ -82.9783932, 39.9731636 ], [ -82.9783945, 39.9731184 ], [ -82.9784103, 39.9731187 ], [ -82.9784112, 39.9730873 ], [ -82.9785418, 39.9730894 ], [ -82.9785412, 39.9731108 ], [ -82.9785756, 39.9731114 ], [ -82.9785744, 39.9731539 ], [ -82.9785352, 39.9731532 ], [ -82.9785354, 39.9731458 ], [ -82.978514, 39.9731455 ], [ -82.9785134, 39.9731656 ], [ -82.9783932, 39.9731636 ] ] ] } },
{ "type": "Feature", "properties": { "@id": "way/919151523", "amenity": null, "building": "residential", "name": null, "GEOID": "39049002900" }, "geometry": { "type": "Polygon", "coordinates": [ [ [ -82.9756029, 39.974165 ], [ -82.9756054, 39.9741396 ], [ -82.9755432, 39.974136 ], [ -82.9755473, 39.9740939 ], [ -82.9757302, 39.9741044 ], [ -82.9757251, 39.9741564 ], [ -82.9757077, 39.9741554 ], [ -82.9757061, 39.9741709 ], [ -82.9756029, 39.974165 ] ] ] } },
{ "type": "Feature", "properties": { "@id": "way/919151525", "amenity": null, "building": "residential", "name": null, "GEOID": "39049002900" }, "geometry": { "type": "Polygon", "coordinates": [ [ [ -82.9792507, 39.972154 ], [ -82.9792526, 39.9721283 ], [ -82.9791852, 39.9721254 ], [ -82.9791885, 39.9720799 ], [ -82.9792099, 39.9720808 ], [ -82.9792102, 39.9720767 ], [ -82.9793973, 39.9720846 ], [ -82.9793918, 39.97216 ], [ -82.9792507, 39.972154 ] ] ] } },
{ "type": "Feature", "properties": { "@id": "way/919151526", "amenity": null, "building": "residential", "name": null, "GEOID": "39049002900" }, "geometry": { "type": "Polygon", "coordinates": [ [ [ -82.979469, 39.9749141 ], [ -82.9794752, 39.9748366 ], [ -82.9796654, 39.9748455 ], [ -82.9796592, 39.974923 ], [ -82.979469, 39.9749141 ] ] ] } },
{ "type": "Feature", "properties": { "@id": "way/919151527", "amenity": null, "building": "residential", "name": null, "GEOID": "39049002900" }, "geometry": { "type": "Polygon", "coordinates": [ [ [ -82.9797098, 39.9722573 ], [ -82.9796868, 39.9722564 ], [ -82.9796918, 39.9721872 ], [ -82.9797148, 39.9721882 ], [ -82.9797152, 39.9721827 ], [ -82.9798527, 39.9721886 ], [ -82.9798468, 39.9722701 ], [ -82.9797093, 39.9722643 ], [ -82.9797098, 39.9722573 ] ] ] } },
{ "type": "Feature", "properties": { "@id": "way/919151530", "amenity": null, "building": "residential", "name": null, "GEOID": "39049003000" }, "geometry": { "type": "Polygon", "coordinates": [ [ [ -82.9809704, 39.9715655 ], [ -82.980998, 39.9715605 ], [ -82.9809949, 39.9715505 ], [ -82.9810705, 39.9715369 ], [ -82.9810732, 39.9715457 ], [ -82.9811207, 39.9715371 ], [ -82.9811332, 39.9715777 ], [ -82.9809825, 39.9716049 ], [ -82.9809704, 39.9715655 ] ] ] } },
{ "type": "Feature", "properties": { "@id": "way/919151531", "amenity": null, "building": "residential", "name": null, "GEOID": "39049003000" }, "geometry": { "type": "Polygon", "coordinates": [ [ [ -82.9809124, 39.9729355 ], [ -82.9809173, 39.9728758 ], [ -82.981065, 39.972883 ], [ -82.9810601, 39.9729426 ], [ -82.9809124, 39.9729355 ] ] ] } },
{ "type": "Feature", "properties": { "@id": "way/919151532", "amenity": null, "building": "residential", "name": null, "GEOID": "39049002900" }, "geometry": { "type": "Polygon", "coordinates": [ [ [ -82.9784436, 39.9724523 ], [ -82.9784467, 39.9724134 ], [ -82.9784385, 39.972413 ], [ -82.978442, 39.9723682 ], [ -82.9786657, 39.9723787 ], [ -82.978659, 39.9724624 ], [ -82.9784436, 39.9724523 ] ] ] } },
{ "type": "Feature", "properties": { "@id": "way/919151534", "amenity": null, "building": "residential", "name": null, "GEOID": "39049002900" }, "geometry": { "type": "Polygon", "coordinates": [ [ [ -82.9797126, 39.9736311 ], [ -82.9797123, 39.9736353 ], [ -82.9795998, 39.9736302 ], [ -82.9796002, 39.973625 ], [ -82.9795765, 39.9736239 ], [ -82.9795812, 39.9735634 ], [ -82.9796049, 39.9735645 ], [ -82.9796058, 39.9735531 ], [ -82.9797183, 39.9735582 ], [ -82.9797144, 39.9736078 ], [ -82.9797315, 39.9736085 ], [ -82.9797297, 39.9736319 ], [ -82.9797126, 39.9736311 ] ] ] } },
{ "type": "Feature", "properties": { "@id": "way/919151535", "amenity": null, "building": "residential", "name": null, "GEOID": "39049002900" }, "geometry": { "type": "Polygon", "coordinates": [ [ [ -82.9790263, 39.9741633 ], [ -82.9790314, 39.9740974 ], [ -82.9792448, 39.9741071 ], [ -82.9792397, 39.974173 ], [ -82.9790263, 39.9741633 ] ] ] } },
{ "type": "Feature", "properties": { "@id": "way/919151537", "amenity": null, "building": "residential", "name": null, "GEOID": "39049002900" }, "geometry": { "type": "Polygon", "coordinates": [ [ [ -82.9783038, 39.9744165 ], [ -82.9783051, 39.9743993 ], [ -82.9782778, 39.9743981 ], [ -82.9782806, 39.9743609 ], [ -82.9783057, 39.974362 ], [ -82.9783073, 39.9743412 ], [ -82.9783943, 39.974345 ], [ -82.9783936, 39.9743548 ], [ -82.9784223, 39.9743561 ], [ -82.9784174, 39.9744215 ], [ -82.9783038, 39.9744165 ] ] ] } },
{ "type": "Feature", "properties": { "@id": "way/919151538", "amenity": null, "building": "residential", "name": null, "GEOID": "39049003000" }, "geometry": { "type": "Polygon", "coordinates": [ [ [ -82.980671, 39.975637 ], [ -82.9806744, 39.9755643 ], [ -82.9808746, 39.9755698 ], [ -82.9808725, 39.9756163 ], [ -82.9808453, 39.9756156 ], [ -82.9808441, 39.9756417 ], [ -82.980671, 39.975637 ] ] ] } },
{ "type": "Feature", "properties": { "@id": "way/919151539", "amenity": null, "building": "residential", "name": null, "GEOID": "39049002900" }, "geometry": { "type": "Polygon", "coordinates": [ [ [ -82.9784866, 39.9721669 ], [ -82.978453, 39.9721654 ], [ -82.9784561, 39.9721224 ], [ -82.978625, 39.9721296 ], [ -82.9786193, 39.9722065 ], [ -82.9784841, 39.9722006 ], [ -82.9784866, 39.9721669 ] ] ] } },
{ "type": "Feature", "properties": { "@id": "way/919151541", "amenity": null, "building": "residential", "name": null, "GEOID": "39049002900" }, "geometry": { "type": "Polygon", "coordinates": [ [ [ -82.9796864, 39.9740276 ], [ -82.9795681, 39.9740224 ], [ -82.9795687, 39.9740134 ], [ -82.9795488, 39.9740125 ], [ -82.9795534, 39.9739515 ], [ -82.9795733, 39.9739523 ], [ -82.979574, 39.9739432 ], [ -82.9796924, 39.9739484 ], [ -82.9796909, 39.9739685 ], [ -82.979729, 39.9739701 ], [ -82.9797253, 39.9740193 ], [ -82.9796872, 39.9740176 ], [ -82.9796864, 39.9740276 ] ] ] } },
{ "type": "Feature", "properties": { "@id": "way/919151542", "amenity": null, "building": "residential", "name": null, "GEOID": "39049002900" }, "geometry": { "type": "Polygon", "coordinates": [ [ [ -82.9754604, 39.9752253 ], [ -82.9754633, 39.9751861 ], [ -82.9755274, 39.9751888 ], [ -82.9755294, 39.9751613 ], [ -82.9756536, 39.9751667 ], [ -82.9756486, 39.9752334 ], [ -82.9754604, 39.9752253 ] ] ] } },
{ "type": "Feature", "properties": { "@id": "way/919151544", "amenity": null, "building": "residential", "name": null, "GEOID": "39049003000" }, "geometry": { "type": "Polygon", "coordinates": [ [ [ -82.9813813, 39.972251 ], [ -82.9813854, 39.9721969 ], [ -82.9813662, 39.972196 ], [ -82.9813726, 39.9721117 ], [ -82.9814508, 39.9721151 ], [ -82.9814403, 39.9722536 ], [ -82.9813813, 39.972251 ] ] ] } },
{ "type": "Feature", "properties": { "@id": "way/919151545", "amenity": null, "building": "residential", "name": null, "GEOID": "39049002900" }, "geometry": { "type": "Polygon", "coordinates": [ [ [ -82.9786068, 39.9722124 ], [ -82.978606, 39.9722245 ], [ -82.9786421, 39.972226 ], [ -82.9786383, 39.9722831 ], [ -82.9786037, 39.9722817 ], [ -82.978603, 39.9722921 ], [ -82.9784439, 39.9722858 ], [ -82.9784493, 39.9722061 ], [ -82.9786068, 39.9722124 ] ] ] } },
{ "type": "Feature", "properties": { "@id": "way/919151546", "amenity": null, "building": "residential", "name": null, "GEOID": "39049002900" }, "geometry": { "type": "Polygon", "coordinates": [ [ [ -82.9763123, 39.9752593 ], [ -82.9763145, 39.975233 ], [ -82.9762704, 39.9752309 ], [ -82.9762738, 39.9751896 ], [ -82.9764598, 39.9751986 ], [ -82.976456, 39.975245 ], [ -82.9764402, 39.9752442 ], [ -82.9764384, 39.9752654 ], [ -82.9763123, 39.9752593 ] ] ] } },
{ "type": "Feature", "properties": { "@id": "way/919151547", "amenity": null, "building": "residential", "name": null, "GEOID": "39049002900" }, "geometry": { "type": "Polygon", "coordinates": [ [ [ -82.9784198, 39.9727407 ], [ -82.9784231, 39.9726966 ], [ -82.9784458, 39.9726976 ], [ -82.9784469, 39.972683 ], [ -82.9785897, 39.9726894 ], [ -82.9785874, 39.9727196 ], [ -82.9786054, 39.9727204 ], [ -82.9786033, 39.9727489 ], [ -82.9784198, 39.9727407 ] ] ] } },
{ "type": "Feature", "properties": { "@id": "way/919151550", "amenity": null, "building": "residential", "name": null, "GEOID": "39049003000" }, "geometry": { "type": "Polygon", "coordinates": [ [ [ -82.9819301, 39.9725768 ], [ -82.9819291, 39.9725915 ], [ -82.981783, 39.9725857 ], [ -82.9817874, 39.9725211 ], [ -82.981955, 39.9725277 ], [ -82.9819516, 39.9725776 ], [ -82.9819301, 39.9725768 ] ] ] } },
{ "type": "Feature", "properties": { "@id": "way/919151552", "amenity": null, "building": "residential", "name": null, "GEOID": "39049002900" }, "geometry": { "type": "Polygon", "coordinates": [ [ [ -82.9795349, 39.9742734 ], [ -82.9795401, 39.9742044 ], [ -82.9796537, 39.9742094 ], [ -82.9796486, 39.9742784 ], [ -82.9795349, 39.9742734 ] ] ] } },
{ "type": "Feature", "properties": { "@id": "way/919151553", "amenity": null, "building": "residential", "name": null, "GEOID": "39049002900" }, "geometry": { "type": "Polygon", "coordinates": [ [ [ -82.9755684, 39.9746356 ], [ -82.9755706, 39.9746096 ], [ -82.9755085, 39.9746066 ], [ -82.9755119, 39.9745654 ], [ -82.9756954, 39.9745744 ], [ -82.9756897, 39.9746416 ], [ -82.9755684, 39.9746356 ] ] ] } },
{ "type": "Feature", "properties": { "@id": "way/919151554", "amenity": null, "building": "residential", "name": null, "GEOID": "39049002900" }, "geometry": { "type": "Polygon", "coordinates": [ [ [ -82.9789691, 39.9751404 ], [ -82.9789758, 39.9750105 ], [ -82.9790899, 39.9750139 ], [ -82.9790832, 39.9751439 ], [ -82.9789691, 39.9751404 ] ] ] } },
{ "type": "Feature", "properties": { "@id": "way/919151555", "amenity": null, "building": "residential", "name": null, "GEOID": "39049003000" }, "geometry": { "type": "Polygon", "coordinates": [ [ [ -82.9819323, 39.9725238 ], [ -82.98181, 39.9725179 ], [ -82.981816, 39.9724447 ], [ -82.9819383, 39.9724505 ], [ -82.9819378, 39.9724569 ], [ -82.981965, 39.9724582 ], [ -82.98196, 39.9725197 ], [ -82.9819328, 39.9725184 ], [ -82.9819323, 39.9725238 ] ] ] } },
{ "type": "Feature", "properties": { "@id": "way/919151556", "amenity": null, "building": "residential", "name": null, "GEOID": "39049002900" }, "geometry": { "type": "Polygon", "coordinates": [ [ [ -82.9791653, 39.9732008 ], [ -82.9791673, 39.97318 ], [ -82.9791506, 39.973179 ], [ -82.9791554, 39.9731277 ], [ -82.9792914, 39.9731352 ], [ -82.9792909, 39.9731413 ], [ -82.9793114, 39.9731424 ], [ -82.9793058, 39.9732021 ], [ -82.9792853, 39.973201 ], [ -82.9792847, 39.9732074 ], [ -82.9791653, 39.9732008 ] ] ] } },
{ "type": "Feature", "properties": { "@id": "way/919151557", "amenity": null, "building": "residential", "name": null, "GEOID": "39049002900" }, "geometry": { "type": "Polygon", "coordinates": [ [ [ -82.9759812, 39.9755713 ], [ -82.9759908, 39.9754286 ], [ -82.9760621, 39.9754314 ], [ -82.9760611, 39.9754455 ], [ -82.9760807, 39.9754463 ], [ -82.9760753, 39.9755261 ], [ -82.9760373, 39.9755246 ], [ -82.976034, 39.9755734 ], [ -82.9759812, 39.9755713 ] ] ] } },
{ "type": "Feature", "properties": { "@id": "way/919151558", "amenity": null, "building": "residential", "name": null, "GEOID": "39049002900" }, "geometry": { "type": "Polygon", "coordinates": [ [ [ -82.9805401, 39.9723711 ], [ -82.9805407, 39.9723633 ], [ -82.9804861, 39.9723609 ], [ -82.9804906, 39.9723031 ], [ -82.9805444, 39.9723055 ], [ -82.980545, 39.972298 ], [ -82.980697, 39.9723049 ], [ -82.9806914, 39.972378 ], [ -82.9805401, 39.9723711 ] ] ] } },
{ "type": "Feature", "properties": { "@id": "way/919151560", "amenity": null, "building": "residential", "name": null, "GEOID": "39049003000" }, "geometry": { "type": "Polygon", "coordinates": [ [ [ -82.9813526, 39.9739323 ], [ -82.981359, 39.9738488 ], [ -82.9815015, 39.9738552 ], [ -82.9814951, 39.9739387 ], [ -82.9813526, 39.9739323 ] ] ] } },
{ "type": "Feature", "properties": { "@id": "way/919151561", "amenity": null, "building": "residential", "name": null, "GEOID": "39049003000" }, "geometry": { "type": "Polygon", "coordinates": [ [ [ -82.9817832, 39.9723371 ], [ -82.9817855, 39.9723034 ], [ -82.9818049, 39.9723042 ], [ -82.9818062, 39.9722855 ], [ -82.9819493, 39.9722912 ], [ -82.9819487, 39.9722992 ], [ -82.9819711, 39.9723001 ], [ -82.9819683, 39.9723413 ], [ -82.981946, 39.9723404 ], [ -82.9819454, 39.9723493 ], [ -82.9818023, 39.9723436 ], [ -82.9818027, 39.9723378 ], [ -82.9817832, 39.9723371 ] ] ] } },
{ "type": "Feature", "properties": { "@id": "way/919151562", "amenity": null, "building": "residential", "name": null, "GEOID": "39049002900" }, "geometry": { "type": "Polygon", "coordinates": [ [ [ -82.9788353, 39.9736826 ], [ -82.978839, 39.9736117 ], [ -82.9788906, 39.9736133 ], [ -82.9788901, 39.973624 ], [ -82.9789416, 39.9736256 ], [ -82.9789393, 39.9736697 ], [ -82.9788882, 39.9736682 ], [ -82.9788874, 39.9736842 ], [ -82.9788353, 39.9736826 ] ] ] } },
{ "type": "Feature", "properties": { "@id": "way/919151563", "amenity": null, "building": "residential", "name": null, "GEOID": "39049003000" }, "geometry": { "type": "Polygon", "coordinates": [ [ [ -82.9817312, 39.9718401 ], [ -82.9817336, 39.9718075 ], [ -82.9817258, 39.9718072 ], [ -82.9817292, 39.9717605 ], [ -82.9817372, 39.9717608 ], [ -82.9817401, 39.9717208 ], [ -82.9817989, 39.9717233 ], [ -82.9817902, 39.9718426 ], [ -82.9817312, 39.9718401 ] ] ] } },
{ "type": "Feature", "properties": { "@id": "way/919151564", "amenity": null, "building": "residential", "name": null, "GEOID": "39049002900" }, "geometry": { "type": "Polygon", "coordinates": [ [ [ -82.9805078, 39.9722897 ], [ -82.9805131, 39.9722208 ], [ -82.9806629, 39.9722276 ], [ -82.9806625, 39.9722332 ], [ -82.9806852, 39.9722343 ], [ -82.9806812, 39.9722865 ], [ -82.9806609, 39.9722856 ], [ -82.9806601, 39.9722966 ], [ -82.9805078, 39.9722897 ] ] ] } },
{ "type": "Feature", "properties": { "@id": "way/919151565", "amenity": null, "building": "residential", "name": null, "GEOID": "39049003000" }, "geometry": { "type": "Polygon", "coordinates": [ [ [ -82.9809074, 39.9729869 ], [ -82.9808969, 39.9729863 ], [ -82.9809011, 39.9729452 ], [ -82.981093, 39.9729567 ], [ -82.9810868, 39.9730178 ], [ -82.9810636, 39.9730164 ], [ -82.981063, 39.9730221 ], [ -82.9809047, 39.9730126 ], [ -82.9809074, 39.9729869 ] ] ] } },
{ "type": "Feature", "properties": { "@id": "way/919151566", "amenity": null, "building": "residential", "name": null, "GEOID": "39049003000" }, "geometry": { "type": "Polygon", "coordinates": [ [ [ -82.9816368, 39.9728413 ], [ -82.9816393, 39.9728066 ], [ -82.9816248, 39.9728059 ], [ -82.9816302, 39.9727323 ], [ -82.9817023, 39.9727354 ], [ -82.9816945, 39.9728438 ], [ -82.9816368, 39.9728413 ] ] ] } },
{ "type": "Feature", "properties": { "@id": "way/919151567", "amenity": null, "building": "residential", "name": null, "GEOID": "39049002900" }, "geometry": { "type": "Polygon", "coordinates": [ [ [ -82.978484, 39.9720839 ], [ -82.9784537, 39.9720831 ], [ -82.9784556, 39.9720449 ], [ -82.9786196, 39.9720495 ], [ -82.9786162, 39.9721224 ], [ -82.9784823, 39.9721187 ], [ -82.978484, 39.9720839 ] ] ] } },
{ "type": "Feature", "properties": { "@id": "way/919151568", "amenity": null, "building": "residential", "name": null, "GEOID": "39049003000" }, "geometry": { "type": "Polygon", "coordinates": [ [ [ -82.981622, 39.9725415 ], [ -82.9816174, 39.9725988 ], [ -82.981515, 39.9725939 ], [ -82.9815165, 39.9725754 ], [ -82.9814718, 39.9725732 ], [ -82.9814767, 39.9725125 ], [ -82.9815392, 39.9725155 ], [ -82.9815375, 39.9725375 ], [ -82.981622, 39.9725415 ] ] ] } },
{ "type": "Feature", "properties": { "@id": "way/919151570", "amenity": null, "building": "residential", "name": null, "GEOID": "39049002900" }, "geometry": { "type": "Polygon", "coordinates": [ [ [ -82.9807278, 39.9714483 ], [ -82.9807504, 39.9714495 ], [ -82.980743, 39.9715332 ], [ -82.9807204, 39.971532 ], [ -82.9807199, 39.9715382 ], [ -82.9805106, 39.9715273 ], [ -82.9805191, 39.9714307 ], [ -82.9806113, 39.9714354 ], [ -82.980613, 39.9714167 ], [ -82.9806594, 39.9714191 ], [ -82.9806577, 39.9714388 ], [ -82.9807283, 39.9714424 ], [ -82.9807278, 39.9714483 ] ] ] } },
{ "type": "Feature", "properties": { "@id": "way/919151571", "amenity": null, "building": "residential", "name": null, "GEOID": "39049002900" }, "geometry": { "type": "Polygon", "coordinates": [ [ [ -82.9794035, 39.9720141 ], [ -82.9793971, 39.9720769 ], [ -82.9792638, 39.972069 ], [ -82.9792702, 39.9720062 ], [ -82.9794035, 39.9720141 ] ] ] } },
{ "type": "Feature", "properties": { "@id": "way/919151572", "amenity": null, "building": "residential", "name": null, "GEOID": "39049002900" }, "geometry": { "type": "Polygon", "coordinates": [ [ [ -82.9796437, 39.9746693 ], [ -82.9796395, 39.9747139 ], [ -82.979615, 39.9747126 ], [ -82.9796126, 39.9747381 ], [ -82.9794908, 39.9747314 ], [ -82.9794974, 39.9746609 ], [ -82.9796437, 39.9746693 ] ] ] } },
{ "type": "Feature", "properties": { "@id": "way/919151573", "amenity": null, "building": "residential", "name": null, "GEOID": "39049002900" }, "geometry": { "type": "Polygon", "coordinates": [ [ [ -82.9790727, 39.9735249 ], [ -82.9790736, 39.9735155 ], [ -82.979043, 39.9735138 ], [ -82.9790485, 39.9734578 ], [ -82.9790772, 39.9734595 ], [ -82.9790789, 39.9734421 ], [ -82.9792625, 39.9734528 ], [ -82.9792544, 39.9735354 ], [ -82.9790727, 39.9735249 ] ] ] } },
{ "type": "Feature", "properties": { "@id": "way/919151575", "amenity": null, "building": "residential", "name": null, "GEOID": "39049002900" }, "geometry": { "type": "Polygon", "coordinates": [ [ [ -82.9783323, 39.973967 ], [ -82.9783347, 39.9739352 ], [ -82.9783391, 39.9739354 ], [ -82.9783425, 39.9738896 ], [ -82.9784564, 39.9738946 ], [ -82.9784507, 39.9739721 ], [ -82.9783323, 39.973967 ] ] ] } },
{ "type": "Feature", "properties": { "@id": "way/919151577", "amenity": null, "building": "residential", "name": null, "GEOID": "39049003000" }, "geometry": { "type": "Polygon", "coordinates": [ [ [ -82.9807387, 39.9751277 ], [ -82.9807429, 39.9750562 ], [ -82.9809076, 39.9750618 ], [ -82.9809046, 39.9751138 ], [ -82.9808873, 39.9751132 ], [ -82.9808862, 39.9751327 ], [ -82.9807387, 39.9751277 ] ] ] } },
{ "type": "Feature", "properties": { "@id": "way/919151578", "amenity": null, "building": "residential", "name": null, "GEOID": "39049003000" }, "geometry": { "type": "Polygon", "coordinates": [ [ [ -82.9813509, 39.97258 ], [ -82.9813517, 39.9725701 ], [ -82.9813302, 39.9725691 ], [ -82.9813361, 39.9724966 ], [ -82.9814207, 39.9725006 ], [ -82.9814141, 39.972583 ], [ -82.9813509, 39.97258 ] ] ] } },
{ "type": "Feature", "properties": { "@id": "way/919151579", "amenity": null, "building": "residential", "name": null, "GEOID": "39049002900" }, "geometry": { "type": "Polygon", "coordinates": [ [ [ -82.9792624, 39.9718134 ], [ -82.9792639, 39.9717956 ], [ -82.9792479, 39.9717948 ], [ -82.9792507, 39.9717614 ], [ -82.9792835, 39.971763 ], [ -82.9792851, 39.9717438 ], [ -82.9794009, 39.9717494 ], [ -82.9793951, 39.9718198 ], [ -82.9792624, 39.9718134 ] ] ] } },
{ "type": "Feature", "properties": { "@id": "way/919151581", "amenity": null, "building": "residential", "name": null, "GEOID": "39049003000" }, "geometry": { "type": "Polygon", "coordinates": [ [ [ -82.9824631, 39.972061 ], [ -82.9824587, 39.9721254 ], [ -82.9822496, 39.9721169 ], [ -82.9822541, 39.9720525 ], [ -82.9824631, 39.972061 ] ] ] } },
{ "type": "Feature", "properties": { "@id": "way/919151582", "amenity": null, "building": "residential", "name": null, "GEOID": "39049003000" }, "geometry": { "type": "Polygon", "coordinates": [ [ [ -82.9808772, 39.9735232 ], [ -82.9808778, 39.9735177 ], [ -82.9810058, 39.9735258 ], [ -82.9809977, 39.9736008 ], [ -82.9808697, 39.9735927 ], [ -82.9808703, 39.9735871 ], [ -82.9808425, 39.9735854 ], [ -82.9808494, 39.9735214 ], [ -82.9808772, 39.9735232 ] ] ] } },
{ "type": "Feature", "properties": { "@id": "way/919151583", "amenity": null, "building": "residential", "name": null, "GEOID": "39049003000" }, "geometry": { "type": "Polygon", "coordinates": [ [ [ -82.9817963, 39.9721568 ], [ -82.9817998, 39.972114 ], [ -82.981986, 39.9721229 ], [ -82.9819828, 39.9721616 ], [ -82.9819684, 39.9721609 ], [ -82.9819658, 39.9721919 ], [ -82.98185, 39.9721864 ], [ -82.9818528, 39.9721515 ], [ -82.9818365, 39.9721507 ], [ -82.9818358, 39.9721587 ], [ -82.9817963, 39.9721568 ] ] ] } },
{ "type": "Feature", "properties": { "@id": "way/919151585", "amenity": null, "building": "residential", "name": null, "GEOID": "39049002900" }, "geometry": { "type": "Polygon", "coordinates": [ [ [ -82.9791394, 39.9724825 ], [ -82.9791455, 39.972404 ], [ -82.9793557, 39.9724137 ], [ -82.9793495, 39.9724922 ], [ -82.9791394, 39.9724825 ] ] ] } },
{ "type": "Feature", "properties": { "@id": "way/919151587", "amenity": null, "building": "residential", "name": null, "GEOID": "39049002900" }, "geometry": { "type": "Polygon", "coordinates": [ [ [ -82.9789912, 39.9744451 ], [ -82.9789968, 39.9743701 ], [ -82.9791942, 39.9743788 ], [ -82.9791886, 39.9744538 ], [ -82.9789912, 39.9744451 ] ] ] } },
{ "type": "Feature", "properties": { "@id": "way/919151588", "amenity": null, "building": "residential", "name": null, "GEOID": "39049002900" }, "geometry": { "type": "Polygon", "coordinates": [ [ [ -82.9763605, 39.9749065 ], [ -82.9763627, 39.9748793 ], [ -82.9762998, 39.9748764 ], [ -82.976303, 39.9748369 ], [ -82.9764864, 39.9748456 ], [ -82.9764824, 39.9748953 ], [ -82.9764634, 39.9748944 ], [ -82.9764621, 39.9749113 ], [ -82.9763605, 39.9749065 ] ] ] } },
{ "type": "Feature", "properties": { "@id": "way/919151589", "amenity": null, "building": "residential", "name": null, "GEOID": "39049003000" }, "geometry": { "type": "Polygon", "coordinates": [ [ [ -82.9807668, 39.9750477 ], [ -82.9807672, 39.9750414 ], [ -82.9807445, 39.9750405 ], [ -82.9807485, 39.9749763 ], [ -82.9807703, 39.9749771 ], [ -82.9807707, 39.9749709 ], [ -82.9809226, 39.9749765 ], [ -82.980919, 39.9750345 ], [ -82.9808961, 39.9750337 ], [ -82.980895, 39.9750524 ], [ -82.9807668, 39.9750477 ] ] ] } },
{ "type": "Feature", "properties": { "@id": "way/919151590", "amenity": null, "building": "residential", "name": null, "GEOID": "39049002900" }, "geometry": { "type": "Polygon", "coordinates": [ [ [ -82.9804281, 39.9730928 ], [ -82.9804305, 39.9730239 ], [ -82.9805256, 39.9730258 ], [ -82.9805249, 39.9730468 ], [ -82.9805941, 39.9730482 ], [ -82.9805924, 39.9730961 ], [ -82.9804281, 39.9730928 ] ] ] } },
{ "type": "Feature", "properties": { "@id": "way/919151591", "amenity": null, "building": "residential", "name": null, "GEOID": "39049003000" }, "geometry": { "type": "Polygon", "coordinates": [ [ [ -82.9815992, 39.9750029 ], [ -82.9816012, 39.9749782 ], [ -82.9815847, 39.9749774 ], [ -82.9815885, 39.9749295 ], [ -82.9817143, 39.9749353 ], [ -82.981712, 39.9749635 ], [ -82.9817213, 39.974964 ], [ -82.9817177, 39.9750085 ], [ -82.9815992, 39.9750029 ] ] ] } },
{ "type": "Feature", "properties": { "@id": "way/919151593", "amenity": null, "building": "residential", "name": null, "GEOID": "39049003000" }, "geometry": { "type": "Polygon", "coordinates": [ [ [ -82.9809324, 39.972316 ], [ -82.9809362, 39.9722659 ], [ -82.9809741, 39.9722676 ], [ -82.9809747, 39.9722594 ], [ -82.9810946, 39.9722648 ], [ -82.9810901, 39.9723231 ], [ -82.9809324, 39.972316 ] ] ] } },
{ "type": "Feature", "properties": { "@id": "way/919151594", "amenity": null, "building": "residential", "name": null, "GEOID": "39049002900" }, "geometry": { "type": "Polygon", "coordinates": [ [ [ -82.9759031, 39.9755692 ], [ -82.9759054, 39.9755201 ], [ -82.9758687, 39.9755191 ], [ -82.9758724, 39.9754386 ], [ -82.9758914, 39.9754391 ], [ -82.9758921, 39.9754233 ], [ -82.9759588, 39.9754251 ], [ -82.9759523, 39.9755705 ], [ -82.9759031, 39.9755692 ] ] ] } },
{ "type": "Feature", "properties": { "@id": "way/919151595", "amenity": null, "building": "residential", "name": null, "GEOID": "39049002900" }, "geometry": { "type": "Polygon", "coordinates": [ [ [ -82.9793227, 39.9727194 ], [ -82.9793431, 39.9727206 ], [ -82.9793366, 39.9727895 ], [ -82.9793163, 39.9727884 ], [ -82.9793157, 39.9727945 ], [ -82.979176, 39.9727868 ], [ -82.9791836, 39.972706 ], [ -82.9793232, 39.9727137 ], [ -82.9793227, 39.9727194 ] ] ] } },
{ "type": "Feature", "properties": { "@id": "way/919151597", "amenity": null, "building": "residential", "name": null, "GEOID": "39049002900" }, "geometry": { "type": "Polygon", "coordinates": [ [ [ -82.9790794, 39.9742657 ], [ -82.9790843, 39.9741991 ], [ -82.9792104, 39.9742045 ], [ -82.9792056, 39.9742712 ], [ -82.9790794, 39.9742657 ] ] ] } },
{ "type": "Feature", "properties": { "@id": "way/919151598", "amenity": null, "building": "residential", "name": null, "GEOID": "39049002900" }, "geometry": { "type": "Polygon", "coordinates": [ [ [ -82.9795217, 39.9743699 ], [ -82.9795306, 39.9742904 ], [ -82.9796963, 39.9743013 ], [ -82.9796874, 39.9743808 ], [ -82.9795217, 39.9743699 ] ] ] } },
{ "type": "Feature", "properties": { "@id": "way/919151599", "amenity": null, "building": "residential", "name": null, "GEOID": "39049002900" }, "geometry": { "type": "Polygon", "coordinates": [ [ [ -82.9790372, 39.9746867 ], [ -82.9790092, 39.9746854 ], [ -82.9790134, 39.9746315 ], [ -82.9790414, 39.9746328 ], [ -82.9790421, 39.9746245 ], [ -82.979169, 39.9746304 ], [ -82.979162, 39.9747179 ], [ -82.9790352, 39.974712 ], [ -82.9790372, 39.9746867 ] ] ] } },
{ "type": "Feature", "properties": { "@id": "way/919151602", "amenity": null, "building": "residential", "name": null, "GEOID": "39049002900" }, "geometry": { "type": "Polygon", "coordinates": [ [ [ -82.9755509, 39.9740472 ], [ -82.9755537, 39.9740068 ], [ -82.9756163, 39.9740093 ], [ -82.9756182, 39.9739814 ], [ -82.9757386, 39.9739862 ], [ -82.975734, 39.9740545 ], [ -82.9755509, 39.9740472 ] ] ] } },
{ "type": "Feature", "properties": { "@id": "way/919151604", "amenity": null, "building": "residential", "name": null, "GEOID": "39049002900" }, "geometry": { "type": "Polygon", "coordinates": [ [ [ -82.9759966, 39.9740652 ], [ -82.976003, 39.9739963 ], [ -82.9761185, 39.9740026 ], [ -82.976116, 39.9740297 ], [ -82.9761824, 39.9740333 ], [ -82.9761785, 39.9740751 ], [ -82.9759966, 39.9740652 ] ] ] } },
{ "type": "Feature", "properties": { "@id": "way/919151605", "amenity": null, "building": "residential", "name": null, "GEOID": "39049002900" }, "geometry": { "type": "Polygon", "coordinates": [ [ [ -82.9791527, 39.9733722 ], [ -82.9791534, 39.9733652 ], [ -82.9791298, 39.9733639 ], [ -82.9791364, 39.973293 ], [ -82.9792799, 39.9733009 ], [ -82.9792794, 39.9733061 ], [ -82.979298, 39.9733071 ], [ -82.979292, 39.9733715 ], [ -82.9792734, 39.9733704 ], [ -82.9792726, 39.9733788 ], [ -82.9791527, 39.9733722 ] ] ] } },
{ "type": "Feature", "properties": { "@id": "way/919151606", "amenity": null, "building": "residential", "name": null, "GEOID": "39049002900" }, "geometry": { "type": "Polygon", "coordinates": [ [ [ -82.9804657, 39.973338 ], [ -82.9804678, 39.9733114 ], [ -82.9804431, 39.9733102 ], [ -82.9804463, 39.9732679 ], [ -82.9806043, 39.9732751 ], [ -82.9806013, 39.9733139 ], [ -82.9805735, 39.9733127 ], [ -82.9805712, 39.9733428 ], [ -82.9804657, 39.973338 ] ] ] } },
{ "type": "Feature", "properties": { "@id": "way/919151607", "amenity": null, "building": "residential", "name": null, "GEOID": "39049002900" }, "geometry": { "type": "Polygon", "coordinates": [ [ [ -82.9760038, 39.9739449 ], [ -82.9760083, 39.9738806 ], [ -82.9761915, 39.973888 ], [ -82.9761888, 39.9739268 ], [ -82.976126, 39.9739243 ], [ -82.9761242, 39.9739498 ], [ -82.9760038, 39.9739449 ] ] ] } },
{ "type": "Feature", "properties": { "@id": "way/919151608", "amenity": null, "building": "residential", "name": null, "GEOID": "39049002900" }, "geometry": { "type": "Polygon", "coordinates": [ [ [ -82.976339, 39.9743159 ], [ -82.9763423, 39.974278 ], [ -82.9764047, 39.9742812 ], [ -82.9764072, 39.9742522 ], [ -82.9765113, 39.9742575 ], [ -82.9765104, 39.974268 ], [ -82.976527, 39.9742689 ], [ -82.9765222, 39.9743252 ], [ -82.976339, 39.9743159 ] ] ] } },
{ "type": "Feature", "properties": { "@id": "way/919151609", "amenity": null, "building": "residential", "name": null, "GEOID": "39049002900" }, "geometry": { "type": "Polygon", "coordinates": [ [ [ -82.9783674, 39.9734174 ], [ -82.97837, 39.9733911 ], [ -82.9783945, 39.9733926 ], [ -82.9783975, 39.9733623 ], [ -82.9785499, 39.9733712 ], [ -82.9785443, 39.9734277 ], [ -82.9783674, 39.9734174 ] ] ] } },
{ "type": "Feature", "properties": { "@id": "way/919151610", "amenity": null, "building": "residential", "name": null, "GEOID": "39049002900" }, "geometry": { "type": "Polygon", "coordinates": [ [ [ -82.9784657, 39.9720335 ], [ -82.9784704, 39.971978 ], [ -82.9786473, 39.9719868 ], [ -82.9786426, 39.9720423 ], [ -82.9784657, 39.9720335 ] ] ] } },
{ "type": "Feature", "properties": { "@id": "way/919151612", "amenity": null, "building": "residential", "name": null, "GEOID": "39049003000" }, "geometry": { "type": "Polygon", "coordinates": [ [ [ -82.9810203, 39.9730281 ], [ -82.9810189, 39.9730448 ], [ -82.9810511, 39.9730464 ], [ -82.9810475, 39.973089 ], [ -82.9808803, 39.9730808 ], [ -82.9808852, 39.9730214 ], [ -82.9810203, 39.9730281 ] ] ] } },
{ "type": "Feature", "properties": { "@id": "way/919151613", "amenity": null, "building": "residential", "name": null, "GEOID": "39049002900" }, "geometry": { "type": "Polygon", "coordinates": [ [ [ -82.980216, 39.9725302 ], [ -82.9802253, 39.972374 ], [ -82.9803321, 39.9723777 ], [ -82.9803228, 39.9725339 ], [ -82.980216, 39.9725302 ] ] ] } },
{ "type": "Feature", "properties": { "@id": "way/919151614", "amenity": null, "building": "residential", "name": null, "GEOID": "39049002900" }, "geometry": { "type": "Polygon", "coordinates": [ [ [ -82.9791633, 39.9732879 ], [ -82.9791652, 39.9732677 ], [ -82.9791423, 39.9732665 ], [ -82.9791471, 39.9732146 ], [ -82.9792826, 39.973222 ], [ -82.9792801, 39.9732485 ], [ -82.979288, 39.9732489 ], [ -82.9792838, 39.9732945 ], [ -82.9791633, 39.9732879 ] ] ] } },
{ "type": "Feature", "properties": { "@id": "way/919151615", "amenity": null, "building": "residential", "name": null, "GEOID": "39049003000" }, "geometry": { "type": "Polygon", "coordinates": [ [ [ -82.9818062, 39.9724311 ], [ -82.9818085, 39.972397 ], [ -82.9818436, 39.9723984 ], [ -82.9818458, 39.9723664 ], [ -82.9819783, 39.9723716 ], [ -82.9819739, 39.9724378 ], [ -82.9818062, 39.9724311 ] ] ] } },
{ "type": "Feature", "properties": { "@id": "way/919151616", "amenity": null, "building": "residential", "name": null, "GEOID": "39049002900" }, "geometry": { "type": "Polygon", "coordinates": [ [ [ -82.9805154, 39.9720381 ], [ -82.9805216, 39.9719649 ], [ -82.9806919, 39.9719734 ], [ -82.9806914, 39.9719786 ], [ -82.9807087, 39.9719794 ], [ -82.9807033, 39.9720426 ], [ -82.9806881, 39.9720418 ], [ -82.9806877, 39.9720467 ], [ -82.9805154, 39.9720381 ] ] ] } },
{ "type": "Feature", "properties": { "@id": "way/919151620", "amenity": null, "building": "residential", "name": null, "GEOID": "39049003000" }, "geometry": { "type": "Polygon", "coordinates": [ [ [ -82.9809762, 39.9725698 ], [ -82.9809821, 39.9724917 ], [ -82.9811347, 39.9724984 ], [ -82.9811336, 39.9725134 ], [ -82.9811565, 39.9725144 ], [ -82.9811523, 39.9725708 ], [ -82.9811246, 39.9725696 ], [ -82.9811241, 39.9725763 ], [ -82.9809762, 39.9725698 ] ] ] } },
{ "type": "Feature", "properties": { "@id": "way/919151622", "amenity": null, "building": "residential", "name": null, "GEOID": "39049003000" }, "geometry": { "type": "Polygon", "coordinates": [ [ [ -82.980865, 39.973688 ], [ -82.9808655, 39.9736802 ], [ -82.9809853, 39.9736853 ], [ -82.9809793, 39.9737668 ], [ -82.9808596, 39.9737617 ], [ -82.9808602, 39.9737527 ], [ -82.9808325, 39.9737515 ], [ -82.9808372, 39.9736868 ], [ -82.980865, 39.973688 ] ] ] } },
{ "type": "Feature", "properties": { "@id": "way/919151625", "amenity": null, "building": "residential", "name": null, "GEOID": "39049003000" }, "geometry": { "type": "Polygon", "coordinates": [ [ [ -82.9810866, 39.9722116 ], [ -82.9810842, 39.9722486 ], [ -82.980936, 39.9722431 ], [ -82.9809399, 39.9721825 ], [ -82.9809896, 39.9721843 ], [ -82.9809892, 39.9721908 ], [ -82.981035, 39.9721925 ], [ -82.9810347, 39.9721973 ], [ -82.9810815, 39.972199 ], [ -82.9810807, 39.9722114 ], [ -82.9810866, 39.9722116 ] ] ] } },
{ "type": "Feature", "properties": { "@id": "way/919151627", "amenity": null, "building": "residential", "name": null, "GEOID": "39049003000" }, "geometry": { "type": "Polygon", "coordinates": [ [ [ -82.9809922, 39.9724026 ], [ -82.980996, 39.9723513 ], [ -82.9810122, 39.972352 ], [ -82.9810135, 39.9723349 ], [ -82.9810596, 39.972337 ], [ -82.98106, 39.9723317 ], [ -82.9811267, 39.9723347 ], [ -82.9811258, 39.9723468 ], [ -82.9811842, 39.9723494 ], [ -82.9811795, 39.972411 ], [ -82.9809922, 39.9724026 ] ] ] } },
{ "type": "Feature", "properties": { "@id": "way/919151628", "amenity": null, "building": "residential", "name": null, "GEOID": "39049002900" }, "geometry": { "type": "Polygon", "coordinates": [ [ [ -82.9796368, 39.9728453 ], [ -82.9796434, 39.9727575 ], [ -82.9798894, 39.9727683 ], [ -82.9798828, 39.9728561 ], [ -82.9796368, 39.9728453 ] ] ] } },
{ "type": "Feature", "properties": { "@id": "way/919151629", "amenity": null, "building": "residential", "name": null, "GEOID": "39049002900" }, "geometry": { "type": "Polygon", "coordinates": [ [ [ -82.9763729, 39.9738485 ], [ -82.976376, 39.9738084 ], [ -82.9764418, 39.9738114 ], [ -82.976444, 39.9737832 ], [ -82.976546, 39.9737878 ], [ -82.9765451, 39.9737998 ], [ -82.9765638, 39.9738006 ], [ -82.9765594, 39.973857 ], [ -82.9763729, 39.9738485 ] ] ] } },
{ "type": "Feature", "properties": { "@id": "way/919151630", "amenity": null, "building": "residential", "name": null, "GEOID": "39049002900" }, "geometry": { "type": "Polygon", "coordinates": [ [ [ -82.9795656, 39.9740327 ], [ -82.979566, 39.9740284 ], [ -82.9796931, 39.9740351 ], [ -82.9796923, 39.9740437 ], [ -82.9797247, 39.9740454 ], [ -82.9797198, 39.9741001 ], [ -82.9796874, 39.9740984 ], [ -82.9796861, 39.9741132 ], [ -82.979559, 39.9741065 ], [ -82.9795595, 39.9741 ], [ -82.979541, 39.974099 ], [ -82.9795471, 39.9740317 ], [ -82.9795656, 39.9740327 ] ] ] } },
{ "type": "Feature", "properties": { "@id": "way/919151633", "amenity": null, "building": "residential", "name": null, "GEOID": "39049003000" }, "geometry": { "type": "Polygon", "coordinates": [ [ [ -82.9818903, 39.9707716 ], [ -82.9820487, 39.9707454 ], [ -82.9820895, 39.9708897 ], [ -82.9820098, 39.9709029 ], [ -82.9819992, 39.9708651 ], [ -82.9819807, 39.9708682 ], [ -82.9819915, 39.9709065 ], [ -82.9819313, 39.9709165 ], [ -82.9818903, 39.9707716 ] ] ] } },
{ "type": "Feature", "properties": { "@id": "way/919151634", "amenity": null, "building": "residential", "name": null, "GEOID": "39049002900" }, "geometry": { "type": "Polygon", "coordinates": [ [ [ -82.9789067, 39.9751418 ], [ -82.9788935, 39.9751414 ], [ -82.9788926, 39.9751575 ], [ -82.9788511, 39.9751561 ], [ -82.978852, 39.97514 ], [ -82.9788451, 39.9751398 ], [ -82.9788534, 39.9749925 ], [ -82.9789673, 39.9749962 ], [ -82.978959, 39.9751436 ], [ -82.9789505, 39.9751433 ], [ -82.9789496, 39.9751602 ], [ -82.9789057, 39.9751588 ], [ -82.9789067, 39.9751418 ] ] ] } },
{ "type": "Feature", "properties": { "@id": "way/919151635", "amenity": null, "building": "residential", "name": null, "GEOID": "39049002900" }, "geometry": { "type": "Polygon", "coordinates": [ [ [ -82.9754975, 39.9747531 ], [ -82.9755006, 39.9747138 ], [ -82.9755654, 39.9747168 ], [ -82.9755677, 39.9746889 ], [ -82.9756885, 39.9746945 ], [ -82.9756831, 39.9747618 ], [ -82.9754975, 39.9747531 ] ] ] } },
{ "type": "Feature", "properties": { "@id": "way/919151637", "amenity": null, "building": "residential", "name": null, "GEOID": "39049002900" }, "geometry": { "type": "Polygon", "coordinates": [ [ [ -82.9792265, 39.9716488 ], [ -82.9793978, 39.9716566 ], [ -82.9793915, 39.9717388 ], [ -82.9792201, 39.9717311 ], [ -82.9792265, 39.9716488 ] ] ] } },
{ "type": "Feature", "properties": { "@id": "way/919151638", "amenity": null, "building": "residential", "name": null, "GEOID": "39049002900" }, "geometry": { "type": "Polygon", "coordinates": [ [ [ -82.9798403, 39.9720934 ], [ -82.9796994, 39.9720869 ], [ -82.9797047, 39.9720186 ], [ -82.9798659, 39.972026 ], [ -82.9798619, 39.9720762 ], [ -82.9798417, 39.9720753 ], [ -82.9798403, 39.9720934 ] ] ] } },
{ "type": "Feature", "properties": { "@id": "way/919151639", "amenity": null, "building": "residential", "name": null, "GEOID": "39049002900" }, "geometry": { "type": "Polygon", "coordinates": [ [ [ -82.9759251, 39.9750068 ], [ -82.9759309, 39.9749532 ], [ -82.9759468, 39.9749542 ], [ -82.975948, 39.9749429 ], [ -82.9760522, 39.9749494 ], [ -82.9760494, 39.9749751 ], [ -82.9761124, 39.9749791 ], [ -82.9761083, 39.9750183 ], [ -82.9759251, 39.9750068 ] ] ] } },
{ "type": "Feature", "properties": { "@id": "way/919151640", "amenity": null, "building": "residential", "name": null, "GEOID": "39049002900" }, "geometry": { "type": "Polygon", "coordinates": [ [ [ -82.9755681, 39.9738102 ], [ -82.9755716, 39.97377 ], [ -82.9756339, 39.9737732 ], [ -82.9756362, 39.9737469 ], [ -82.9757559, 39.973753 ], [ -82.9757501, 39.9738196 ], [ -82.9755681, 39.9738102 ] ] ] } },
{ "type": "Feature", "properties": { "@id": "way/919151644", "amenity": null, "building": "residential", "name": null, "GEOID": "39049003000" }, "geometry": { "type": "Polygon", "coordinates": [ [ [ -82.9808729, 39.9736082 ], [ -82.9808735, 39.9736006 ], [ -82.9809891, 39.9736063 ], [ -82.9809828, 39.9736802 ], [ -82.9808673, 39.9736744 ], [ -82.980868, 39.9736663 ], [ -82.9808393, 39.9736649 ], [ -82.9808443, 39.9736067 ], [ -82.9808729, 39.9736082 ] ] ] } },
{ "type": "Feature", "properties": { "@id": "way/919151645", "amenity": null, "building": "residential", "name": null, "GEOID": "39049002900" }, "geometry": { "type": "Polygon", "coordinates": [ [ [ -82.9759675, 39.9744179 ], [ -82.9759738, 39.9743498 ], [ -82.9761559, 39.9743597 ], [ -82.9761521, 39.9744011 ], [ -82.9760911, 39.9743978 ], [ -82.9760886, 39.9744244 ], [ -82.9759675, 39.9744179 ] ] ] } },
{ "type": "Feature", "properties": { "@id": "way/919151646", "amenity": null, "building": "residential", "name": null, "GEOID": "39049002900" }, "geometry": { "type": "Polygon", "coordinates": [ [ [ -82.979385, 39.9719871 ], [ -82.9792439, 39.9719801 ], [ -82.9792476, 39.971937 ], [ -82.979276, 39.9719384 ], [ -82.9792786, 39.9719082 ], [ -82.9793912, 39.9719138 ], [ -82.9793904, 39.9719227 ], [ -82.9794097, 39.9719236 ], [ -82.979405, 39.9719792 ], [ -82.9793857, 39.9719782 ], [ -82.979385, 39.9719871 ] ] ] } },
{ "type": "Feature", "properties": { "@id": "way/919151647", "amenity": null, "building": "residential", "name": null, "GEOID": "39049002900" }, "geometry": { "type": "Polygon", "coordinates": [ [ [ -82.9760093, 39.9738283 ], [ -82.9760157, 39.9737607 ], [ -82.9761377, 39.9737675 ], [ -82.9761349, 39.9737968 ], [ -82.9761978, 39.9738003 ], [ -82.9761941, 39.9738386 ], [ -82.9760093, 39.9738283 ] ] ] } },
{ "type": "Feature", "properties": { "@id": "way/919151649", "amenity": null, "building": "residential", "name": null, "GEOID": "39049003000" }, "geometry": { "type": "Polygon", "coordinates": [ [ [ -82.9811737, 39.9710156 ], [ -82.9811759, 39.9709858 ], [ -82.9811549, 39.9709849 ], [ -82.9811626, 39.9708812 ], [ -82.9812934, 39.9708868 ], [ -82.9812836, 39.9710203 ], [ -82.9811737, 39.9710156 ] ] ] } },
{ "type": "Feature", "properties": { "@id": "way/919151650", "amenity": null, "building": "residential", "name": null, "GEOID": "39049002900" }, "geometry": { "type": "Polygon", "coordinates": [ [ [ -82.9754959, 39.9756204 ], [ -82.9754975, 39.9755944 ], [ -82.9754356, 39.975592 ], [ -82.9754383, 39.9755499 ], [ -82.9756229, 39.9755569 ], [ -82.9756185, 39.9756251 ], [ -82.9754959, 39.9756204 ] ] ] } },
{ "type": "Feature", "properties": { "@id": "way/919151651", "amenity": null, "building": "residential", "name": null, "GEOID": "39049002900" }, "geometry": { "type": "Polygon", "coordinates": [ [ [ -82.9783038, 39.974598 ], [ -82.9783092, 39.9745306 ], [ -82.9784072, 39.9745353 ], [ -82.9784053, 39.9745584 ], [ -82.9784543, 39.9745607 ], [ -82.9784508, 39.974605 ], [ -82.9783038, 39.974598 ] ] ] } },
{ "type": "Feature", "properties": { "@id": "way/919151653", "amenity": null, "building": "residential", "name": null, "GEOID": "39049002900" }, "geometry": { "type": "Polygon", "coordinates": [ [ [ -82.9759401, 39.9747732 ], [ -82.9759445, 39.9747234 ], [ -82.9759617, 39.9747243 ], [ -82.9759633, 39.9747073 ], [ -82.9760674, 39.9747128 ], [ -82.9760652, 39.9747383 ], [ -82.9761301, 39.9747418 ], [ -82.9761264, 39.974783 ], [ -82.9759401, 39.9747732 ] ] ] } },
{ "type": "Feature", "properties": { "@id": "way/919151655", "amenity": null, "building": "residential", "name": null, "GEOID": "39049002900" }, "geometry": { "type": "Polygon", "coordinates": [ [ [ -82.9763026, 39.974813 ], [ -82.9763077, 39.9747498 ], [ -82.9763722, 39.9747528 ], [ -82.9763748, 39.974721 ], [ -82.9764802, 39.974726 ], [ -82.9764788, 39.9747435 ], [ -82.9764955, 39.9747443 ], [ -82.9764912, 39.9747976 ], [ -82.9763728, 39.974792 ], [ -82.9763709, 39.9748162 ], [ -82.9763026, 39.974813 ] ] ] } },
{ "type": "Feature", "properties": { "@id": "way/919151656", "amenity": null, "building": "residential", "name": null, "GEOID": "39049002900" }, "geometry": { "type": "Polygon", "coordinates": [ [ [ -82.9783188, 39.9751214 ], [ -82.9783284, 39.9749979 ], [ -82.9784312, 39.9750026 ], [ -82.9784216, 39.9751261 ], [ -82.9783188, 39.9751214 ] ] ] } },
{ "type": "Feature", "properties": { "@id": "way/919151657", "amenity": null, "building": "residential", "name": null, "GEOID": "39049003000" }, "geometry": { "type": "Polygon", "coordinates": [ [ [ -82.9818124, 39.9738028 ], [ -82.981812, 39.9738093 ], [ -82.9816759, 39.9738048 ], [ -82.98168, 39.973733 ], [ -82.981816, 39.9737375 ], [ -82.9818157, 39.9737428 ], [ -82.9818408, 39.9737437 ], [ -82.9818374, 39.9738037 ], [ -82.9818124, 39.9738028 ] ] ] } },
{ "type": "Feature", "properties": { "@id": "way/919151659", "amenity": null, "building": "residential", "name": null, "GEOID": "39049002900" }, "geometry": { "type": "Polygon", "coordinates": [ [ [ -82.9796298, 39.9729554 ], [ -82.9796359, 39.9728646 ], [ -82.9798808, 39.9728742 ], [ -82.9798748, 39.9729651 ], [ -82.9796298, 39.9729554 ] ] ] } },
{ "type": "Feature", "properties": { "@id": "way/919151661", "amenity": null, "building": "residential", "name": null, "GEOID": "39049002900" }, "geometry": { "type": "Polygon", "coordinates": [ [ [ -82.9754778, 39.974991 ], [ -82.97548, 39.9749483 ], [ -82.9755465, 39.9749503 ], [ -82.9755479, 39.9749237 ], [ -82.9756684, 39.9749273 ], [ -82.9756649, 39.9749966 ], [ -82.9754778, 39.974991 ] ] ] } },
{ "type": "Feature", "properties": { "@id": "way/919151662", "amenity": null, "building": "residential", "name": null, "GEOID": "39049002900" }, "geometry": { "type": "Polygon", "coordinates": [ [ [ -82.9797358, 39.9719266 ], [ -82.9797362, 39.9719214 ], [ -82.9797139, 39.9719204 ], [ -82.9797153, 39.9719022 ], [ -82.9797396, 39.9719033 ], [ -82.9797421, 39.9718715 ], [ -82.9797178, 39.9718704 ], [ -82.9797196, 39.9718473 ], [ -82.9798677, 39.971854 ], [ -82.9798666, 39.9718676 ], [ -82.9799167, 39.9718698 ], [ -82.9799123, 39.9719273 ], [ -82.9798623, 39.971925 ], [ -82.9798618, 39.9719323 ], [ -82.9797358, 39.9719266 ] ] ] } },
{ "type": "Feature", "properties": { "@id": "way/919151663", "amenity": null, "building": "residential", "name": null, "GEOID": "39049003000" }, "geometry": { "type": "Polygon", "coordinates": [ [ [ -82.9819987, 39.9720241 ], [ -82.9819952, 39.9720761 ], [ -82.981978, 39.9720754 ], [ -82.9819756, 39.9721119 ], [ -82.9818229, 39.9721059 ], [ -82.9818248, 39.9720777 ], [ -82.981808, 39.972077 ], [ -82.9818107, 39.9720374 ], [ -82.9819541, 39.9720431 ], [ -82.9819555, 39.9720223 ], [ -82.9819987, 39.9720241 ] ] ] } },
{ "type": "Feature", "properties": { "@id": "way/919151665", "amenity": null, "building": "residential", "name": null, "GEOID": "39049003000" }, "geometry": { "type": "Polygon", "coordinates": [ [ [ -82.9809707, 39.9724827 ], [ -82.9809765, 39.9724102 ], [ -82.9811748, 39.9724194 ], [ -82.9811691, 39.9724919 ], [ -82.9809707, 39.9724827 ] ] ] } },
{ "type": "Feature", "properties": { "@id": "way/919151666", "amenity": null, "building": "residential", "name": null, "GEOID": "39049003000" }, "geometry": { "type": "Polygon", "coordinates": [ [ [ -82.9808577, 39.9738311 ], [ -82.9808263, 39.9738294 ], [ -82.9808321, 39.9737667 ], [ -82.9810029, 39.973776 ], [ -82.9809986, 39.9738232 ], [ -82.9809781, 39.9738221 ], [ -82.9809761, 39.9738438 ], [ -82.9808571, 39.9738373 ], [ -82.9808577, 39.9738311 ] ] ] } },
{ "type": "Feature", "properties": { "@id": "way/919151667", "amenity": null, "building": "residential", "name": null, "GEOID": "39049002900" }, "geometry": { "type": "Polygon", "coordinates": [ [ [ -82.9755494, 39.9748718 ], [ -82.9755519, 39.9748441 ], [ -82.9754901, 39.9748408 ], [ -82.9754934, 39.9748034 ], [ -82.9756772, 39.974813 ], [ -82.9756714, 39.9748782 ], [ -82.9755494, 39.9748718 ] ] ] } },
{ "type": "Feature", "properties": { "@id": "way/919151668", "amenity": null, "building": "residential", "name": null, "GEOID": "39049002900" }, "geometry": { "type": "Polygon", "coordinates": [ [ [ -82.9793379, 39.9728239 ], [ -82.9793291, 39.9729109 ], [ -82.9791333, 39.9728993 ], [ -82.9791343, 39.972889 ], [ -82.9790974, 39.9728868 ], [ -82.9791032, 39.9728291 ], [ -82.9791394, 39.9728313 ], [ -82.9791413, 39.9728122 ], [ -82.9793379, 39.9728239 ] ] ] } },
{ "type": "Feature", "properties": { "@id": "way/919151669", "amenity": null, "building": "residential", "name": null, "GEOID": "39049002900" }, "geometry": { "type": "Polygon", "coordinates": [ [ [ -82.9762874, 39.9750251 ], [ -82.9762903, 39.9749854 ], [ -82.9763547, 39.9749883 ], [ -82.9763567, 39.9749613 ], [ -82.9764568, 39.9749658 ], [ -82.976456, 39.9749767 ], [ -82.9764745, 39.9749775 ], [ -82.9764703, 39.9750332 ], [ -82.9762874, 39.9750251 ] ] ] } },
{ "type": "Feature", "properties": { "@id": "way/919151670", "amenity": null, "building": "residential", "name": null, "GEOID": "39049002900" }, "geometry": { "type": "Polygon", "coordinates": [ [ [ -82.9763225, 39.9745542 ], [ -82.9763253, 39.974513 ], [ -82.9763886, 39.9745155 ], [ -82.9763906, 39.974487 ], [ -82.9764957, 39.9744912 ], [ -82.9764945, 39.9745081 ], [ -82.9765093, 39.9745087 ], [ -82.9765057, 39.9745615 ], [ -82.9763225, 39.9745542 ] ] ] } },
{ "type": "Feature", "properties": { "@id": "way/919151671", "amenity": null, "building": "residential", "name": null, "GEOID": "39049002900" }, "geometry": { "type": "Polygon", "coordinates": [ [ [ -82.9798204, 39.972351 ], [ -82.9798157, 39.9724124 ], [ -82.9796989, 39.9724071 ], [ -82.9797036, 39.9723457 ], [ -82.9798204, 39.972351 ] ] ] } },
{ "type": "Feature", "properties": { "@id": "way/919151672", "amenity": null, "building": "residential", "name": null, "GEOID": "39049003000" }, "geometry": { "type": "Polygon", "coordinates": [ [ [ -82.9808846, 39.9734445 ], [ -82.9808855, 39.9734355 ], [ -82.9809951, 39.9734416 ], [ -82.9809882, 39.9735157 ], [ -82.9808785, 39.9735097 ], [ -82.980879, 39.9735047 ], [ -82.980851, 39.9735031 ], [ -82.9808566, 39.9734429 ], [ -82.9808846, 39.9734445 ] ] ] } },
{ "type": "Feature", "properties": { "@id": "way/919151673", "amenity": null, "building": "residential", "name": null, "GEOID": "39049002900" }, "geometry": { "type": "Polygon", "coordinates": [ [ [ -82.9796771, 39.9746586 ], [ -82.9795001, 39.97465 ], [ -82.9795054, 39.9745858 ], [ -82.9796824, 39.9745945 ], [ -82.9796771, 39.9746586 ] ] ] } },
{ "type": "Feature", "properties": { "@id": "way/919151678", "amenity": null, "building": "residential", "name": null, "GEOID": "39049002900" }, "geometry": { "type": "Polygon", "coordinates": [ [ [ -82.9783341, 39.9745101 ], [ -82.9783345, 39.9745055 ], [ -82.9782987, 39.9745039 ], [ -82.9783038, 39.9744368 ], [ -82.9784902, 39.9744452 ], [ -82.9784848, 39.9745168 ], [ -82.9783341, 39.9745101 ] ] ] } },
{ "type": "Feature", "properties": { "@id": "way/919151679", "amenity": null, "building": "residential", "name": null, "GEOID": "39049003000" }, "geometry": { "type": "Polygon", "coordinates": [ [ [ -82.9818808, 39.9728934 ], [ -82.9818804, 39.9728995 ], [ -82.9817745, 39.972896 ], [ -82.9817785, 39.9728251 ], [ -82.9818844, 39.9728286 ], [ -82.9818842, 39.9728338 ], [ -82.9819079, 39.9728346 ], [ -82.9819045, 39.9728942 ], [ -82.9818808, 39.9728934 ] ] ] } },
{ "type": "Feature", "properties": { "@id": "way/919151684", "amenity": null, "building": "residential", "name": null, "GEOID": "39049002900" }, "geometry": { "type": "Polygon", "coordinates": [ [ [ -82.9759829, 39.9741801 ], [ -82.9759886, 39.9741139 ], [ -82.9761752, 39.9741234 ], [ -82.9761719, 39.9741611 ], [ -82.9761097, 39.9741579 ], [ -82.9761072, 39.9741864 ], [ -82.9759829, 39.9741801 ] ] ] } },
{ "type": "Feature", "properties": { "@id": "way/919151685", "amenity": null, "building": "residential", "name": null, "GEOID": "39049003000" }, "geometry": { "type": "Polygon", "coordinates": [ [ [ -82.9815419, 39.9745921 ], [ -82.981747, 39.9746022 ], [ -82.9817468, 39.9746051 ], [ -82.9817742, 39.9746065 ], [ -82.981768, 39.9746815 ], [ -82.9817405, 39.9746801 ], [ -82.9817402, 39.9746841 ], [ -82.9815351, 39.974674 ], [ -82.9815419, 39.9745921 ] ] ] } },
{ "type": "Feature", "properties": { "@id": "way/919151686", "amenity": null, "building": "residential", "name": null, "GEOID": "39049002900" }, "geometry": { "type": "Polygon", "coordinates": [ [ [ -82.9759233, 39.9752404 ], [ -82.9759249, 39.9752259 ], [ -82.9759076, 39.9752248 ], [ -82.9759132, 39.9751716 ], [ -82.9760989, 39.9751829 ], [ -82.9760948, 39.9752223 ], [ -82.9760328, 39.9752185 ], [ -82.9760298, 39.9752469 ], [ -82.9759233, 39.9752404 ] ] ] } },
{ "type": "Feature", "properties": { "@id": "way/919151688", "amenity": null, "building": "residential", "name": null, "GEOID": "39049002900" }, "geometry": { "type": "Polygon", "coordinates": [ [ [ -82.976393, 39.9744369 ], [ -82.9763941, 39.9744095 ], [ -82.976333, 39.9744079 ], [ -82.9763348, 39.9743669 ], [ -82.9765209, 39.9743716 ], [ -82.9765187, 39.9744235 ], [ -82.9765006, 39.9744231 ], [ -82.9764999, 39.9744396 ], [ -82.976393, 39.9744369 ] ] ] } },
{ "type": "Feature", "properties": { "@id": "way/919151689", "amenity": null, "building": "residential", "name": null, "GEOID": "39049002900" }, "geometry": { "type": "Polygon", "coordinates": [ [ [ -82.9756204, 39.9739312 ], [ -82.9756234, 39.9739022 ], [ -82.9755599, 39.9738983 ], [ -82.9755639, 39.9738591 ], [ -82.9757478, 39.9738702 ], [ -82.9757407, 39.9739385 ], [ -82.9756204, 39.9739312 ] ] ] } },
{ "type": "Feature", "properties": { "@id": "way/919151690", "amenity": null, "building": "residential", "name": null, "GEOID": "39049002900" }, "geometry": { "type": "Polygon", "coordinates": [ [ [ -82.9804722, 39.9729662 ], [ -82.9804497, 39.9729653 ], [ -82.9804517, 39.9729364 ], [ -82.9804742, 39.9729373 ], [ -82.9804749, 39.9729282 ], [ -82.9805944, 39.972933 ], [ -82.9805934, 39.9729475 ], [ -82.9806113, 39.9729483 ], [ -82.9806079, 39.9729978 ], [ -82.9805886, 39.972997 ], [ -82.9805877, 39.9730095 ], [ -82.9804696, 39.9730047 ], [ -82.9804722, 39.9729662 ] ] ] } },
{ "type": "Feature", "properties": { "@id": "way/919151691", "amenity": null, "building": "residential", "name": null, "GEOID": "39049002900" }, "geometry": { "type": "Polygon", "coordinates": [ [ [ -82.9764101, 39.9741994 ], [ -82.9764116, 39.9741727 ], [ -82.9763499, 39.9741707 ], [ -82.9763521, 39.9741323 ], [ -82.9765389, 39.9741385 ], [ -82.9765363, 39.9741851 ], [ -82.9765157, 39.9741844 ], [ -82.9765146, 39.9742028 ], [ -82.9764101, 39.9741994 ] ] ] } },
{ "type": "Feature", "properties": { "@id": "way/919151692", "amenity": null, "building": "residential", "name": null, "GEOID": "39049002900" }, "geometry": { "type": "Polygon", "coordinates": [ [ [ -82.9798593, 39.9725208 ], [ -82.9796938, 39.9725132 ], [ -82.9797005, 39.9724268 ], [ -82.9797727, 39.9724301 ], [ -82.9798661, 39.9724344 ], [ -82.9798593, 39.9725208 ] ] ] } },
{ "type": "Feature", "properties": { "@id": "way/919151693", "amenity": null, "building": "residential", "name": null, "GEOID": "39049003000" }, "geometry": { "type": "Polygon", "coordinates": [ [ [ -82.9813925, 39.9719051 ], [ -82.9813935, 39.9718925 ], [ -82.9813843, 39.9718921 ], [ -82.9813946, 39.9717619 ], [ -82.9814946, 39.9717666 ], [ -82.9814843, 39.9718969 ], [ -82.9814745, 39.9718964 ], [ -82.9814735, 39.9719089 ], [ -82.9813925, 39.9719051 ] ] ] } },
{ "type": "Feature", "properties": { "@id": "way/919151694", "amenity": null, "building": "residential", "name": null, "GEOID": "39049003000" }, "geometry": { "type": "Polygon", "coordinates": [ [ [ -82.980787, 39.9748895 ], [ -82.9807875, 39.9748793 ], [ -82.98076, 39.9748785 ], [ -82.9807629, 39.974816 ], [ -82.9807902, 39.9748168 ], [ -82.9807904, 39.9748125 ], [ -82.9809212, 39.9748162 ], [ -82.9809188, 39.9748668 ], [ -82.9808893, 39.974866 ], [ -82.980888, 39.9748923 ], [ -82.980787, 39.9748895 ] ] ] } },
{ "type": "Feature", "properties": { "@id": "way/919151695", "amenity": null, "building": "residential", "name": null, "GEOID": "39049002900" }, "geometry": { "type": "Polygon", "coordinates": [ [ [ -82.9783011, 39.97413 ], [ -82.9783056, 39.9740705 ], [ -82.9783322, 39.9740717 ], [ -82.9783332, 39.9740583 ], [ -82.978452, 39.9740635 ], [ -82.9784466, 39.9741364 ], [ -82.9783011, 39.97413 ] ] ] } },
{ "type": "Feature", "properties": { "@id": "way/919151696", "amenity": null, "building": "residential", "name": null, "GEOID": "39049002900" }, "geometry": { "type": "Polygon", "coordinates": [ [ [ -82.9789416, 39.97489 ], [ -82.9789478, 39.9748084 ], [ -82.979158, 39.9748177 ], [ -82.9791518, 39.9748993 ], [ -82.9789416, 39.97489 ] ] ] } },
{ "type": "Feature", "properties": { "@id": "way/919151698", "amenity": null, "building": "residential", "name": null, "GEOID": "39049002900" }, "geometry": { "type": "Polygon", "coordinates": [ [ [ -82.9759729, 39.9743038 ], [ -82.9759777, 39.9742342 ], [ -82.9761012, 39.9742392 ], [ -82.9760993, 39.9742679 ], [ -82.9761617, 39.9742704 ], [ -82.9761589, 39.9743113 ], [ -82.9759729, 39.9743038 ] ] ] } },
{ "type": "Feature", "properties": { "@id": "way/919151700", "amenity": null, "building": "residential", "name": null, "GEOID": "39049003000" }, "geometry": { "type": "Polygon", "coordinates": [ [ [ -82.9811201, 39.9739557 ], [ -82.9811221, 39.9739307 ], [ -82.9810743, 39.9739285 ], [ -82.9810795, 39.9738615 ], [ -82.9812908, 39.9738711 ], [ -82.9812855, 39.9739385 ], [ -82.9812391, 39.9739363 ], [ -82.9812372, 39.973961 ], [ -82.9811201, 39.9739557 ] ] ] } },
{ "type": "Feature", "properties": { "@id": "way/919151701", "amenity": null, "building": "residential", "name": null, "GEOID": "39049003000" }, "geometry": { "type": "Polygon", "coordinates": [ [ [ -82.9809073, 39.9728589 ], [ -82.9809077, 39.9728527 ], [ -82.9808822, 39.9728517 ], [ -82.9808868, 39.9727847 ], [ -82.9809124, 39.9727857 ], [ -82.9809138, 39.9727652 ], [ -82.9808895, 39.9727643 ], [ -82.9808938, 39.9727021 ], [ -82.9809181, 39.972703 ], [ -82.9809185, 39.9726965 ], [ -82.9811004, 39.9727039 ], [ -82.9810955, 39.9727736 ], [ -82.9810144, 39.9727703 ], [ -82.9810128, 39.9727933 ], [ -82.9810949, 39.9727967 ], [ -82.9810901, 39.9728663 ], [ -82.9809073, 39.9728589 ] ] ] } },
{ "type": "Feature", "properties": { "@id": "way/919151702", "amenity": null, "building": "residential", "name": null, "GEOID": "39049002900" }, "geometry": { "type": "Polygon", "coordinates": [ [ [ -82.9763744, 39.9746728 ], [ -82.9763756, 39.9746436 ], [ -82.9763157, 39.9746421 ], [ -82.9763172, 39.9746048 ], [ -82.9765032, 39.9746093 ], [ -82.9765012, 39.9746571 ], [ -82.9764824, 39.9746567 ], [ -82.9764817, 39.9746754 ], [ -82.9763744, 39.9746728 ] ] ] } },
{ "type": "Feature", "properties": { "@id": "way/919151705", "amenity": null, "building": "residential", "name": null, "GEOID": "39049002900" }, "geometry": { "type": "Polygon", "coordinates": [ [ [ -82.9755322, 39.9742834 ], [ -82.9755357, 39.9742433 ], [ -82.9755966, 39.9742463 ], [ -82.9755989, 39.9742188 ], [ -82.975723, 39.974225 ], [ -82.9757173, 39.9742927 ], [ -82.9755322, 39.9742834 ] ] ] } },
{ "type": "Feature", "properties": { "@id": "way/919151706", "amenity": null, "building": "residential", "name": null, "GEOID": "39049002900" }, "geometry": { "type": "Polygon", "coordinates": [ [ [ -82.9783283, 39.9740469 ], [ -82.9783318, 39.9740008 ], [ -82.9783947, 39.9740036 ], [ -82.9783962, 39.9739833 ], [ -82.9784657, 39.9739864 ], [ -82.978465, 39.973996 ], [ -82.978522, 39.9739985 ], [ -82.9785177, 39.9740553 ], [ -82.9783283, 39.9740469 ] ] ] } },
{ "type": "Feature", "properties": { "@id": "way/919151707", "amenity": null, "building": "residential", "name": null, "GEOID": "39049002900" }, "geometry": { "type": "Polygon", "coordinates": [ [ [ -82.9796979, 39.9751775 ], [ -82.9797045, 39.9750707 ], [ -82.9797867, 39.9750737 ], [ -82.97978, 39.9751805 ], [ -82.9796979, 39.9751775 ] ] ] } },
{ "type": "Feature", "properties": { "@id": "way/919151708", "amenity": null, "building": "residential", "name": null, "GEOID": "39049002900" }, "geometry": { "type": "Polygon", "coordinates": [ [ [ -82.9805201, 39.9719557 ], [ -82.9805263, 39.9718826 ], [ -82.9806966, 39.9718911 ], [ -82.9806961, 39.9718962 ], [ -82.9807134, 39.9718971 ], [ -82.980708, 39.9719602 ], [ -82.9806928, 39.9719594 ], [ -82.9806924, 39.9719643 ], [ -82.9805201, 39.9719557 ] ] ] } },
{ "type": "Feature", "properties": { "@id": "way/919151709", "amenity": null, "building": "residential", "name": null, "GEOID": "39049002900" }, "geometry": { "type": "Polygon", "coordinates": [ [ [ -82.979705, 39.9723307 ], [ -82.9796784, 39.9723296 ], [ -82.9796825, 39.9722706 ], [ -82.9798785, 39.9722785 ], [ -82.9798739, 39.9723459 ], [ -82.9797045, 39.9723391 ], [ -82.979705, 39.9723307 ] ] ] } },
{ "type": "Feature", "properties": { "@id": "way/919151712", "amenity": null, "building": "residential", "name": null, "GEOID": "39049002900" }, "geometry": { "type": "Polygon", "coordinates": [ [ [ -82.9805094, 39.9721236 ], [ -82.980514, 39.9720639 ], [ -82.9806967, 39.9720722 ], [ -82.980692, 39.9721319 ], [ -82.9805094, 39.9721236 ] ] ] } },
{ "type": "Feature", "properties": { "@id": "way/919151713", "amenity": null, "building": "residential", "name": null, "GEOID": "39049003000" }, "geometry": { "type": "Polygon", "coordinates": [ [ [ -82.9818857, 39.9728123 ], [ -82.9818851, 39.9728223 ], [ -82.9817727, 39.9728186 ], [ -82.9817748, 39.9727816 ], [ -82.9817621, 39.9727812 ], [ -82.9817636, 39.972754 ], [ -82.9817764, 39.9727545 ], [ -82.9817769, 39.9727455 ], [ -82.9818892, 39.9727492 ], [ -82.9818889, 39.9727546 ], [ -82.9819159, 39.9727555 ], [ -82.9819126, 39.9728132 ], [ -82.9818857, 39.9728123 ] ] ] } },
{ "type": "Feature", "properties": { "@id": "way/919151716", "amenity": null, "building": "residential", "name": null, "GEOID": "39049003000" }, "geometry": { "type": "Polygon", "coordinates": [ [ [ -82.9818424, 39.97338 ], [ -82.9818419, 39.9733889 ], [ -82.981725, 39.9733849 ], [ -82.9817266, 39.9733589 ], [ -82.9817057, 39.9733582 ], [ -82.9817084, 39.9733124 ], [ -82.9818462, 39.9733172 ], [ -82.9818458, 39.9733241 ], [ -82.9818693, 39.9733249 ], [ -82.981866, 39.9733808 ], [ -82.9818424, 39.97338 ] ] ] } },
{ "type": "Feature", "properties": { "@id": "way/919151717", "amenity": null, "building": "residential", "name": null, "GEOID": "39049002900" }, "geometry": { "type": "Polygon", "coordinates": [ [ [ -82.9764286, 39.9739644 ], [ -82.9764309, 39.973938 ], [ -82.9763671, 39.9739347 ], [ -82.9763707, 39.9738937 ], [ -82.9765568, 39.9739031 ], [ -82.9765529, 39.9739477 ], [ -82.9765349, 39.9739468 ], [ -82.9765329, 39.9739697 ], [ -82.9764286, 39.9739644 ] ] ] } },
{ "type": "Feature", "properties": { "@id": "way/919151719", "amenity": null, "building": "residential", "name": null, "GEOID": "39049002900" }, "geometry": { "type": "Polygon", "coordinates": [ [ [ -82.975971, 39.9746529 ], [ -82.9759722, 39.97464 ], [ -82.9759515, 39.9746389 ], [ -82.9759564, 39.9745847 ], [ -82.9761401, 39.9745944 ], [ -82.9761366, 39.9746334 ], [ -82.9760744, 39.9746302 ], [ -82.9760719, 39.9746582 ], [ -82.975971, 39.9746529 ] ] ] } },
{ "type": "Feature", "properties": { "@id": "way/919151720", "amenity": null, "building": "residential", "name": null, "GEOID": "39049002900" }, "geometry": { "type": "Polygon", "coordinates": [ [ [ -82.9784255, 39.9729086 ], [ -82.9784284, 39.9728706 ], [ -82.9784538, 39.9728717 ], [ -82.9784553, 39.9728507 ], [ -82.9785024, 39.9728528 ], [ -82.9785029, 39.9728462 ], [ -82.97857, 39.9728491 ], [ -82.9785675, 39.9728815 ], [ -82.9785871, 39.9728823 ], [ -82.9785854, 39.9729057 ], [ -82.9785665, 39.9729049 ], [ -82.9785657, 39.9729148 ], [ -82.9784255, 39.9729086 ] ] ] } },
{ "type": "Feature", "properties": { "@id": "way/919151721", "amenity": null, "building": "residential", "name": null, "GEOID": "39049002900" }, "geometry": { "type": "Polygon", "coordinates": [ [ [ -82.9805441, 39.9725435 ], [ -82.9805564, 39.9723865 ], [ -82.9806638, 39.9723914 ], [ -82.9806516, 39.9725485 ], [ -82.9805441, 39.9725435 ] ] ] } },
{ "type": "Feature", "properties": { "@id": "way/919151722", "amenity": null, "building": "residential", "name": null, "GEOID": "39049002900" }, "geometry": { "type": "Polygon", "coordinates": [ [ [ -82.97855, 39.9751279 ], [ -82.9785614, 39.9749885 ], [ -82.9786725, 39.9749939 ], [ -82.978661, 39.9751333 ], [ -82.9786542, 39.975133 ], [ -82.9786525, 39.975154 ], [ -82.9785573, 39.9751494 ], [ -82.978559, 39.9751284 ], [ -82.97855, 39.9751279 ] ] ] } },
{ "type": "Feature", "properties": { "@id": "way/919151723", "amenity": null, "building": "residential", "name": null, "GEOID": "39049002900" }, "geometry": { "type": "Polygon", "coordinates": [ [ [ -82.9796035, 39.9734614 ], [ -82.9796074, 39.9734124 ], [ -82.9796967, 39.9734166 ], [ -82.9796983, 39.9733966 ], [ -82.9798077, 39.9734018 ], [ -82.9798022, 39.9734708 ], [ -82.9796035, 39.9734614 ] ] ] } },
{ "type": "Feature", "properties": { "@id": "way/919151725", "amenity": null, "building": "residential", "name": null, "GEOID": "39049002900" }, "geometry": { "type": "Polygon", "coordinates": [ [ [ -82.9782867, 39.9743189 ], [ -82.9782906, 39.9742606 ], [ -82.9784667, 39.9742675 ], [ -82.9784628, 39.9743257 ], [ -82.9782867, 39.9743189 ] ] ] } },
{ "type": "Feature", "properties": { "@id": "way/919151727", "amenity": null, "building": "residential", "name": null, "GEOID": "39049002900" }, "geometry": { "type": "Polygon", "coordinates": [ [ [ -82.978284, 39.9746796 ], [ -82.9782873, 39.9746354 ], [ -82.978301, 39.974636 ], [ -82.9783035, 39.9746031 ], [ -82.9784332, 39.974609 ], [ -82.9784325, 39.974619 ], [ -82.978486, 39.9746214 ], [ -82.9784817, 39.974677 ], [ -82.9784223, 39.9746744 ], [ -82.9784215, 39.9746858 ], [ -82.978284, 39.9746796 ] ] ] } },
{ "type": "Feature", "properties": { "@id": "way/919151728", "amenity": null, "building": "residential", "name": null, "GEOID": "39049002900" }, "geometry": { "type": "Polygon", "coordinates": [ [ [ -82.9784355, 39.9728297 ], [ -82.9784387, 39.9727957 ], [ -82.9784286, 39.9727951 ], [ -82.9784322, 39.9727569 ], [ -82.9785754, 39.9727649 ], [ -82.9785716, 39.9728052 ], [ -82.978555, 39.9728043 ], [ -82.9785519, 39.9728362 ], [ -82.9784355, 39.9728297 ] ] ] } },
{ "type": "Feature", "properties": { "@id": "way/919151729", "amenity": null, "building": "residential", "name": null, "GEOID": "39049003000" }, "geometry": { "type": "Polygon", "coordinates": [ [ [ -82.9817012, 39.9731226 ], [ -82.9817049, 39.9730716 ], [ -82.9817369, 39.9730729 ], [ -82.9817375, 39.9730648 ], [ -82.9818607, 39.97307 ], [ -82.9818602, 39.9730766 ], [ -82.9818875, 39.9730778 ], [ -82.9818848, 39.9731157 ], [ -82.9818575, 39.9731145 ], [ -82.9818551, 39.9731477 ], [ -82.9817319, 39.9731425 ], [ -82.9817332, 39.973124 ], [ -82.9817012, 39.9731226 ] ] ] } },
{ "type": "Feature", "properties": { "@id": "way/919151730", "amenity": null, "building": "residential", "name": null, "GEOID": "39049002900" }, "geometry": { "type": "Polygon", "coordinates": [ [ [ -82.9754444, 39.9754605 ], [ -82.9754479, 39.9754204 ], [ -82.9755108, 39.9754236 ], [ -82.9755134, 39.9753939 ], [ -82.9756358, 39.9754001 ], [ -82.9756298, 39.9754699 ], [ -82.9754444, 39.9754605 ] ] ] } },
{ "type": "Feature", "properties": { "@id": "way/919151731", "amenity": null, "building": "residential", "name": null, "GEOID": "39049002900" }, "geometry": { "type": "Polygon", "coordinates": [ [ [ -82.9755861, 39.9744006 ], [ -82.9755879, 39.974373 ], [ -82.9755274, 39.9743707 ], [ -82.97553, 39.9743304 ], [ -82.9757129, 39.9743374 ], [ -82.9757085, 39.9744053 ], [ -82.9755861, 39.9744006 ] ] ] } },
{ "type": "Feature", "properties": { "@id": "way/919151732", "amenity": null, "building": "residential", "name": null, "GEOID": "39049002900" }, "geometry": { "type": "Polygon", "coordinates": [ [ [ -82.976357, 39.9740796 ], [ -82.9763602, 39.974043 ], [ -82.9764231, 39.9740462 ], [ -82.9764256, 39.9740169 ], [ -82.9765285, 39.9740222 ], [ -82.9765275, 39.9740334 ], [ -82.9765458, 39.9740344 ], [ -82.976541, 39.974089 ], [ -82.976357, 39.9740796 ] ] ] } },
{ "type": "Feature", "properties": { "@id": "way/919151733", "amenity": null, "building": "residential", "name": null, "GEOID": "39049002900" }, "geometry": { "type": "Polygon", "coordinates": [ [ [ -82.9792518, 39.9738454 ], [ -82.9792449, 39.9739243 ], [ -82.9790091, 39.9739121 ], [ -82.979016, 39.9738331 ], [ -82.9792518, 39.9738454 ] ] ] } },
{ "type": "Feature", "properties": { "@id": "way/919151735", "amenity": null, "building": "residential", "name": null, "GEOID": "39049002900" }, "geometry": { "type": "Polygon", "coordinates": [ [ [ -82.9795878, 39.9751769 ], [ -82.9795909, 39.9751351 ], [ -82.9795662, 39.975134 ], [ -82.979571, 39.9750676 ], [ -82.9796148, 39.9750695 ], [ -82.9796173, 39.9750355 ], [ -82.9796733, 39.9750379 ], [ -82.9796629, 39.9751802 ], [ -82.9795878, 39.9751769 ] ] ] } },
{ "type": "Feature", "properties": { "@id": "way/919151736", "amenity": null, "building": "residential", "name": null, "GEOID": "39049002900" }, "geometry": { "type": "Polygon", "coordinates": [ [ [ -82.9805757, 39.9734473 ], [ -82.9805714, 39.9735068 ], [ -82.9805411, 39.9735055 ], [ -82.9805407, 39.9735124 ], [ -82.9803947, 39.9735062 ], [ -82.9803951, 39.9735009 ], [ -82.9803651, 39.9734996 ], [ -82.9803674, 39.9734676 ], [ -82.9803921, 39.9734687 ], [ -82.9803942, 39.9734396 ], [ -82.9805757, 39.9734473 ] ] ] } },
{ "type": "Feature", "properties": { "@id": "way/919151738", "amenity": null, "building": "residential", "name": null, "GEOID": "39049003000" }, "geometry": { "type": "Polygon", "coordinates": [ [ [ -82.9815542, 39.9748413 ], [ -82.9815552, 39.9748292 ], [ -82.981521, 39.9748275 ], [ -82.9815257, 39.9747698 ], [ -82.9815616, 39.9747715 ], [ -82.9815623, 39.9747629 ], [ -82.9817387, 39.9747713 ], [ -82.9817324, 39.9748498 ], [ -82.9815542, 39.9748413 ] ] ] } },
{ "type": "Feature", "properties": { "@id": "way/919151740", "amenity": null, "building": "residential", "name": null, "GEOID": "39049002900" }, "geometry": { "type": "Polygon", "coordinates": [ [ [ -82.9796057, 39.9735439 ], [ -82.9796135, 39.9734672 ], [ -82.9797288, 39.9734741 ], [ -82.9797209, 39.9735508 ], [ -82.9796057, 39.9735439 ] ] ] } },
{ "type": "Feature", "properties": { "@id": "way/919151741", "amenity": null, "building": "residential", "name": null, "GEOID": "39049002900" }, "geometry": { "type": "Polygon", "coordinates": [ [ [ -82.9759322, 39.975126 ], [ -82.9759334, 39.9751092 ], [ -82.975918, 39.9751085 ], [ -82.9759215, 39.9750574 ], [ -82.9761058, 39.9750649 ], [ -82.9761029, 39.975107 ], [ -82.9760379, 39.9751044 ], [ -82.9760361, 39.9751302 ], [ -82.9759322, 39.975126 ] ] ] } },
{ "type": "Feature", "properties": { "@id": "way/919151742", "amenity": null, "building": "residential", "name": null, "GEOID": "39049003000" }, "geometry": { "type": "Polygon", "coordinates": [ [ [ -82.9816995, 39.9729747 ], [ -82.9817062, 39.9728994 ], [ -82.9819005, 39.9729095 ], [ -82.9818938, 39.9729848 ], [ -82.9816995, 39.9729747 ] ] ] } },
{ "type": "Feature", "properties": { "@id": "way/919151743", "amenity": null, "building": "residential", "name": null, "GEOID": "39049002900" }, "geometry": { "type": "Polygon", "coordinates": [ [ [ -82.9798815, 39.9720134 ], [ -82.9797304, 39.9720068 ], [ -82.9797358, 39.971934 ], [ -82.9799026, 39.9719412 ], [ -82.9798979, 39.9720046 ], [ -82.9798822, 39.9720039 ], [ -82.9798815, 39.9720134 ] ] ] } },
{ "type": "Feature", "properties": { "@id": "way/919151745", "amenity": null, "building": "residential", "name": null, "GEOID": "39049003000" }, "geometry": { "type": "Polygon", "coordinates": [ [ [ -82.9810608, 39.9731015 ], [ -82.9810591, 39.973117 ], [ -82.9810917, 39.9731191 ], [ -82.981087, 39.9731609 ], [ -82.9810544, 39.9731587 ], [ -82.9810518, 39.9731822 ], [ -82.980864, 39.9731698 ], [ -82.9808731, 39.9730891 ], [ -82.9810608, 39.9731015 ] ] ] } },
{ "type": "Feature", "properties": { "@id": "way/919151746", "amenity": null, "building": "residential", "name": null, "GEOID": "39049003000" }, "geometry": { "type": "Polygon", "coordinates": [ [ [ -82.9816062, 39.9728362 ], [ -82.9816029, 39.9728804 ], [ -82.9815376, 39.9728775 ], [ -82.9815485, 39.9727285 ], [ -82.9815657, 39.9727293 ], [ -82.9815662, 39.9727229 ], [ -82.9816208, 39.9727252 ], [ -82.9816126, 39.9728365 ], [ -82.9816062, 39.9728362 ] ] ] } },
{ "type": "Feature", "properties": { "@id": "way/919151747", "amenity": null, "building": "residential", "name": null, "GEOID": "39049002900" }, "geometry": { "type": "Polygon", "coordinates": [ [ [ -82.9790229, 39.9739952 ], [ -82.9790299, 39.9739178 ], [ -82.9792386, 39.973929 ], [ -82.9792316, 39.9740064 ], [ -82.9790229, 39.9739952 ] ] ] } },
{ "type": "Feature", "properties": { "@id": "way/919151750", "amenity": null, "building": "residential", "name": null, "GEOID": "39049002900" }, "geometry": { "type": "Polygon", "coordinates": [ [ [ -82.9789168, 39.9726703 ], [ -82.9789225, 39.972614 ], [ -82.9790081, 39.9726191 ], [ -82.9790025, 39.9726754 ], [ -82.9789168, 39.9726703 ] ] ] } },
{ "type": "Feature", "properties": { "@id": "way/919151752", "amenity": null, "building": "residential", "name": null, "GEOID": "39049002900" }, "geometry": { "type": "Polygon", "coordinates": [ [ [ -82.9755156, 39.9753434 ], [ -82.9755178, 39.9753138 ], [ -82.9754553, 39.9753112 ], [ -82.9754581, 39.9752728 ], [ -82.9756451, 39.9752807 ], [ -82.9756401, 39.9753487 ], [ -82.9755156, 39.9753434 ] ] ] } },
{ "type": "Feature", "properties": { "@id": "way/919151753", "amenity": null, "building": "residential", "name": null, "GEOID": "39049002900" }, "geometry": { "type": "Polygon", "coordinates": [ [ [ -82.9791252, 39.9730161 ], [ -82.9791261, 39.9730064 ], [ -82.9790904, 39.9730044 ], [ -82.9790955, 39.9729511 ], [ -82.9791299, 39.9729531 ], [ -82.9791318, 39.9729334 ], [ -82.9793118, 39.9729436 ], [ -82.9793106, 39.9729562 ], [ -82.979325, 39.972957 ], [ -82.9793189, 39.973021 ], [ -82.9793044, 39.9730202 ], [ -82.9793038, 39.9730262 ], [ -82.9791252, 39.9730161 ] ] ] } },
{ "type": "Feature", "properties": { "@id": "way/919151754", "amenity": null, "building": "residential", "name": null, "GEOID": "39049002900" }, "geometry": { "type": "Polygon", "coordinates": [ [ [ -82.9791744, 39.9731209 ], [ -82.9791767, 39.9730982 ], [ -82.9791408, 39.9730961 ], [ -82.9791456, 39.9730474 ], [ -82.9792996, 39.9730563 ], [ -82.9792925, 39.9731277 ], [ -82.9791744, 39.9731209 ] ] ] } },
{ "type": "Feature", "properties": { "@id": "way/919151760", "amenity": null, "building": "residential", "name": null, "GEOID": "39049002900" }, "geometry": { "type": "Polygon", "coordinates": [ [ [ -82.9799309, 39.9727279 ], [ -82.9799366, 39.9726539 ], [ -82.9801155, 39.972662 ], [ -82.9801097, 39.972736 ], [ -82.9799309, 39.9727279 ] ] ] } },
{ "type": "Feature", "properties": { "@id": "way/919151762", "amenity": null, "building": "residential", "name": null, "GEOID": "39049002900" }, "geometry": { "type": "Polygon", "coordinates": [ [ [ -82.9759563, 39.9745365 ], [ -82.9759609, 39.9744842 ], [ -82.9759794, 39.9744852 ], [ -82.9759808, 39.9744698 ], [ -82.9760849, 39.9744752 ], [ -82.9760825, 39.974503 ], [ -82.9761457, 39.9745062 ], [ -82.9761422, 39.9745461 ], [ -82.9759563, 39.9745365 ] ] ] } },
{ "type": "Feature", "properties": { "@id": "way/919151765", "amenity": null, "building": "residential", "name": null, "GEOID": "39049003000" }, "geometry": { "type": "Polygon", "coordinates": [ [ [ -82.9809338, 39.9719698 ], [ -82.9809383, 39.9719 ], [ -82.9810141, 39.9719028 ], [ -82.981015, 39.9718891 ], [ -82.981067, 39.9718911 ], [ -82.9810616, 39.9719746 ], [ -82.9809338, 39.9719698 ] ] ] } },
{ "type": "Feature", "properties": { "@id": "way/919151766", "amenity": null, "building": "residential", "name": null, "GEOID": "39049003000" }, "geometry": { "type": "Polygon", "coordinates": [ [ [ -82.9812303, 39.9725773 ], [ -82.9812329, 39.9725437 ], [ -82.9812119, 39.9725427 ], [ -82.9812159, 39.9724912 ], [ -82.9812994, 39.972495 ], [ -82.9812928, 39.9725801 ], [ -82.9812303, 39.9725773 ] ] ] } },
{ "type": "Feature", "properties": { "@id": "way/919151768", "amenity": null, "building": "residential", "name": null, "GEOID": "39049002900" }, "geometry": { "type": "Polygon", "coordinates": [ [ [ -82.9755324, 39.9751084 ], [ -82.975534, 39.9750805 ], [ -82.9754725, 39.9750784 ], [ -82.9754748, 39.9750384 ], [ -82.9756599, 39.9750447 ], [ -82.9756559, 39.9751127 ], [ -82.9755324, 39.9751084 ] ] ] } },
{ "type": "Feature", "properties": { "@id": "way/919151771", "amenity": null, "building": "residential", "name": null, "GEOID": "39049002900" }, "geometry": { "type": "Polygon", "coordinates": [ [ [ -82.9807162, 39.9715677 ], [ -82.980742, 39.9715688 ], [ -82.9807382, 39.97162 ], [ -82.9807124, 39.9716189 ], [ -82.9807118, 39.9716264 ], [ -82.9805575, 39.9716196 ], [ -82.980559, 39.9716 ], [ -82.9805516, 39.9715997 ], [ -82.9805539, 39.9715689 ], [ -82.9805628, 39.9715693 ], [ -82.9805639, 39.971554 ], [ -82.9807167, 39.9715607 ], [ -82.9807162, 39.9715677 ] ] ] } },
{ "type": "Feature", "properties": { "@id": "way/919151772", "amenity": null, "building": "residential", "name": null, "GEOID": "39049002900" }, "geometry": { "type": "Polygon", "coordinates": [ [ [ -82.9805202, 39.9722071 ], [ -82.9805257, 39.9721348 ], [ -82.9806625, 39.972141 ], [ -82.9806621, 39.9721464 ], [ -82.9806842, 39.9721474 ], [ -82.9806796, 39.9722071 ], [ -82.9806575, 39.9722061 ], [ -82.9806569, 39.9722132 ], [ -82.9805202, 39.9722071 ] ] ] } },
{ "type": "Feature", "properties": { "@id": "way/919151773", "amenity": null, "building": "residential", "name": null, "GEOID": "39049002900" }, "geometry": { "type": "Polygon", "coordinates": [ [ [ -82.9792511, 39.973554 ], [ -82.9792759, 39.9735551 ], [ -82.9792709, 39.9736193 ], [ -82.9792462, 39.9736181 ], [ -82.9792459, 39.9736221 ], [ -82.9791303, 39.9736169 ], [ -82.979136, 39.9735433 ], [ -82.9792516, 39.9735485 ], [ -82.9792511, 39.973554 ] ] ] } },
{ "type": "Feature", "properties": { "@id": "way/919151775", "amenity": null, "building": "residential", "name": null, "GEOID": "39049003000" }, "geometry": { "type": "Polygon", "coordinates": [ [ [ -82.9817344, 39.9721792 ], [ -82.981677, 39.9721773 ], [ -82.9816797, 39.9721282 ], [ -82.9816687, 39.9721279 ], [ -82.9816728, 39.9720539 ], [ -82.9817412, 39.9720561 ], [ -82.9817344, 39.9721792 ] ] ] } },
{ "type": "Feature", "properties": { "@id": "way/919151776", "amenity": null, "building": "residential", "name": null, "GEOID": "39049002900" }, "geometry": { "type": "Polygon", "coordinates": [ [ [ -82.9784233, 39.9726572 ], [ -82.9784268, 39.9726087 ], [ -82.9784878, 39.9726114 ], [ -82.9784887, 39.9725997 ], [ -82.9786003, 39.9726046 ], [ -82.9785984, 39.9726291 ], [ -82.978631, 39.9726305 ], [ -82.9786284, 39.9726661 ], [ -82.9784233, 39.9726572 ] ] ] } },
{ "type": "Feature", "properties": { "@id": "way/919151778", "amenity": null, "building": "residential", "name": null, "GEOID": "39049003000" }, "geometry": { "type": "Polygon", "coordinates": [ [ [ -82.9808815, 39.9734293 ], [ -82.9808823, 39.9734214 ], [ -82.9808555, 39.9734199 ], [ -82.9808613, 39.973359 ], [ -82.980888, 39.9733605 ], [ -82.9808885, 39.9733549 ], [ -82.9810093, 39.9733615 ], [ -82.9810023, 39.9734359 ], [ -82.9808815, 39.9734293 ] ] ] } },
{ "type": "Feature", "properties": { "@id": "way/919151780", "amenity": null, "building": "residential", "name": null, "GEOID": "39049002900" }, "geometry": { "type": "Polygon", "coordinates": [ [ [ -82.9796677, 39.9747539 ], [ -82.9796643, 39.9748005 ], [ -82.9796434, 39.9747996 ], [ -82.9796413, 39.9748285 ], [ -82.9794784, 39.9748214 ], [ -82.979484, 39.9747459 ], [ -82.9796677, 39.9747539 ] ] ] } },
{ "type": "Feature", "properties": { "@id": "way/919151781", "amenity": null, "building": "residential", "name": null, "GEOID": "39049002900" }, "geometry": { "type": "Polygon", "coordinates": [ [ [ -82.9797125, 39.973646 ], [ -82.9797058, 39.9737167 ], [ -82.9795655, 39.9737088 ], [ -82.9795696, 39.9736662 ], [ -82.9795934, 39.9736676 ], [ -82.979596, 39.9736395 ], [ -82.9797125, 39.973646 ] ] ] } },
{ "type": "Feature", "properties": { "@id": "way/919151783", "amenity": null, "building": "residential", "name": null, "GEOID": "39049002900" }, "geometry": { "type": "Polygon", "coordinates": [ [ [ -82.9804848, 39.9728406 ], [ -82.9804907, 39.9727632 ], [ -82.9806338, 39.9727695 ], [ -82.980628, 39.972847 ], [ -82.9804848, 39.9728406 ] ] ] } },
{ "type": "Feature", "properties": { "@id": "way/919151785", "amenity": null, "building": "residential", "name": null, "GEOID": "39049002900" }, "geometry": { "type": "Polygon", "coordinates": [ [ [ -82.9795502, 39.9741911 ], [ -82.9795507, 39.9741816 ], [ -82.979529, 39.974181 ], [ -82.979532, 39.9741204 ], [ -82.9795531, 39.974121 ], [ -82.9795534, 39.9741155 ], [ -82.9797014, 39.9741198 ], [ -82.9796987, 39.9741749 ], [ -82.9796738, 39.9741742 ], [ -82.9796728, 39.9741946 ], [ -82.9795502, 39.9741911 ] ] ] } },
{ "type": "Feature", "properties": { "@id": "way/919151786", "amenity": null, "building": "residential", "name": null, "GEOID": "39049003000" }, "geometry": { "type": "Polygon", "coordinates": [ [ [ -82.9809974, 39.9732798 ], [ -82.9809904, 39.9733491 ], [ -82.9808456, 39.9733405 ], [ -82.9808526, 39.9732712 ], [ -82.9809974, 39.9732798 ] ] ] } },
{ "type": "Feature", "properties": { "@id": "way/919151787", "amenity": null, "building": "residential", "name": null, "GEOID": "39049002900" }, "geometry": { "type": "Polygon", "coordinates": [ [ [ -82.9759532, 39.9748885 ], [ -82.9759545, 39.9748758 ], [ -82.9759335, 39.9748746 ], [ -82.9759391, 39.9748193 ], [ -82.9761246, 39.9748303 ], [ -82.9761207, 39.9748691 ], [ -82.9760587, 39.9748654 ], [ -82.9760557, 39.9748946 ], [ -82.9759532, 39.9748885 ] ] ] } },
{ "type": "Feature", "properties": { "@id": "way/919151788", "amenity": null, "building": "residential", "name": null, "GEOID": "39049002900" }, "geometry": { "type": "Polygon", "coordinates": [ [ [ -82.9789811, 39.9745383 ], [ -82.9789868, 39.9744615 ], [ -82.9791899, 39.9744703 ], [ -82.9791841, 39.9745472 ], [ -82.9789811, 39.9745383 ] ] ] } },
{ "type": "Feature", "properties": { "@id": "way/919151789", "amenity": null, "building": "residential", "name": null, "GEOID": "39049003000" }, "geometry": { "type": "Polygon", "coordinates": [ [ [ -82.9808618, 39.9732556 ], [ -82.98087, 39.9731781 ], [ -82.9810653, 39.9731902 ], [ -82.9810571, 39.9732678 ], [ -82.9808618, 39.9732556 ] ] ] } },
{ "type": "Feature", "properties": { "@id": "way/919151790", "amenity": null, "building": "residential", "name": null, "GEOID": "39049002900" }, "geometry": { "type": "Polygon", "coordinates": [ [ [ -82.9782764, 39.9748521 ], [ -82.9782825, 39.9747766 ], [ -82.9784124, 39.9747827 ], [ -82.9784063, 39.9748583 ], [ -82.9782764, 39.9748521 ] ] ] } },
{ "type": "Feature", "properties": { "@id": "way/919166008", "amenity": null, "building": "residential", "name": null, "GEOID": "39049002800" }, "geometry": { "type": "Polygon", "coordinates": [ [ [ -82.9685638, 39.9756684 ], [ -82.9685432, 39.9756675 ], [ -82.9685485, 39.9756025 ], [ -82.9686152, 39.9756057 ], [ -82.9686149, 39.9756096 ], [ -82.9687348, 39.9756154 ], [ -82.9687296, 39.9756798 ], [ -82.9685635, 39.9756718 ], [ -82.9685638, 39.9756684 ] ] ] } },
{ "type": "Feature", "properties": { "@id": "way/919166009", "amenity": null, "building": "residential", "name": null, "GEOID": "39049002900" }, "geometry": { "type": "Polygon", "coordinates": [ [ [ -82.9697237, 39.9758017 ], [ -82.9697283, 39.9757287 ], [ -82.9698744, 39.9757341 ], [ -82.9698732, 39.9757532 ], [ -82.9699082, 39.9757545 ], [ -82.9699048, 39.9758084 ], [ -82.9697237, 39.9758017 ] ] ] } },
{ "type": "Feature", "properties": { "@id": "way/919166010", "amenity": null, "building": "residential", "name": null, "GEOID": "39049002900" }, "geometry": { "type": "Polygon", "coordinates": [ [ [ -82.9721535, 39.9750791 ], [ -82.9721552, 39.975046 ], [ -82.9721257, 39.9750451 ], [ -82.9721281, 39.974998 ], [ -82.9721562, 39.9749989 ], [ -82.9721579, 39.9749665 ], [ -82.9722753, 39.9749701 ], [ -82.9722695, 39.9750826 ], [ -82.9721535, 39.9750791 ] ] ] } },
{ "type": "Feature", "properties": { "@id": "way/919166011", "amenity": null, "building": "residential", "name": null, "GEOID": "39049002900" }, "geometry": { "type": "Polygon", "coordinates": [ [ [ -82.9711316, 39.9730667 ], [ -82.9712266, 39.9730496 ], [ -82.971293, 39.9732666 ], [ -82.971221, 39.9732795 ], [ -82.9712198, 39.9732757 ], [ -82.9711968, 39.9732799 ], [ -82.9711316, 39.9730667 ] ] ] } },
{ "type": "Feature", "properties": { "@id": "way/919166014", "amenity": null, "building": "residential", "name": null, "GEOID": "39049002900" }, "geometry": { "type": "Polygon", "coordinates": [ [ [ -82.9743258, 39.9772181 ], [ -82.9743322, 39.9771335 ], [ -82.9744639, 39.9771394 ], [ -82.9744575, 39.977224 ], [ -82.9743258, 39.9772181 ] ] ] } },
{ "type": "Feature", "properties": { "@id": "way/919166016", "amenity": null, "building": "residential", "name": null, "GEOID": "39049002900" }, "geometry": { "type": "Polygon", "coordinates": [ [ [ -82.9710506, 39.9746979 ], [ -82.9710534, 39.9746652 ], [ -82.9710275, 39.9746639 ], [ -82.9710316, 39.9746163 ], [ -82.9710558, 39.9746175 ], [ -82.9710588, 39.9745824 ], [ -82.9711659, 39.9745878 ], [ -82.9711561, 39.9747032 ], [ -82.9710506, 39.9746979 ] ] ] } },
{ "type": "Feature", "properties": { "@id": "way/919166017", "amenity": null, "building": "residential", "name": null, "GEOID": "39049002900" }, "geometry": { "type": "Polygon", "coordinates": [ [ [ -82.972034, 39.9757795 ], [ -82.9720413, 39.9756981 ], [ -82.9720803, 39.9757002 ], [ -82.9720815, 39.9756869 ], [ -82.9721412, 39.9756901 ], [ -82.9721399, 39.9757048 ], [ -82.9721837, 39.9757071 ], [ -82.9721765, 39.975787 ], [ -82.972034, 39.9757795 ] ] ] } },
{ "type": "Feature", "properties": { "@id": "way/919166018", "amenity": null, "building": "residential", "name": null, "GEOID": "39049002800" }, "geometry": { "type": "Polygon", "coordinates": [ [ [ -82.969513, 39.9735346 ], [ -82.9694712, 39.9735422 ], [ -82.9694504, 39.9734751 ], [ -82.9695006, 39.9734659 ], [ -82.9694982, 39.9734582 ], [ -82.9695336, 39.9734517 ], [ -82.9695312, 39.9734439 ], [ -82.9695442, 39.9734415 ], [ -82.9695703, 39.9735258 ], [ -82.9695361, 39.973532 ], [ -82.9695394, 39.9735424 ], [ -82.9695168, 39.9735466 ], [ -82.969513, 39.9735346 ] ] ] } },
{ "type": "Feature", "properties": { "@id": "way/919166019", "amenity": null, "building": "residential", "name": null, "GEOID": "39049002900" }, "geometry": { "type": "Polygon", "coordinates": [ [ [ -82.9696538, 39.9772498 ], [ -82.9696555, 39.9772243 ], [ -82.9696239, 39.9772232 ], [ -82.9696273, 39.9771696 ], [ -82.9697405, 39.9771738 ], [ -82.9697355, 39.9772529 ], [ -82.9696538, 39.9772498 ] ] ] } },
{ "type": "Feature", "properties": { "@id": "way/919166020", "amenity": null, "building": "residential", "name": null, "GEOID": "39049002800" }, "geometry": { "type": "Polygon", "coordinates": [ [ [ -82.9692746, 39.9763259 ], [ -82.969277, 39.9763005 ], [ -82.9692497, 39.976299 ], [ -82.9692537, 39.9762554 ], [ -82.969401, 39.9762635 ], [ -82.9693959, 39.9763191 ], [ -82.9693743, 39.9763179 ], [ -82.9693731, 39.9763313 ], [ -82.9692746, 39.9763259 ] ] ] } },
{ "type": "Feature", "properties": { "@id": "way/919166021", "amenity": null, "building": "residential", "name": null, "GEOID": "39049002900" }, "geometry": { "type": "Polygon", "coordinates": [ [ [ -82.9737474, 39.9768532 ], [ -82.9737498, 39.9768211 ], [ -82.9737282, 39.9768202 ], [ -82.9737314, 39.9767762 ], [ -82.9737555, 39.9767772 ], [ -82.9737578, 39.9767459 ], [ -82.9738626, 39.9767504 ], [ -82.9738547, 39.9768579 ], [ -82.9737474, 39.9768532 ] ] ] } },
{ "type": "Feature", "properties": { "@id": "way/919166022", "amenity": null, "building": "residential", "name": null, "GEOID": "39049002900" }, "geometry": { "type": "Polygon", "coordinates": [ [ [ -82.9732587, 39.9766533 ], [ -82.9732668, 39.976544 ], [ -82.9733794, 39.9765489 ], [ -82.9733769, 39.9765818 ], [ -82.9734033, 39.976583 ], [ -82.9734, 39.9766272 ], [ -82.9733731, 39.976626 ], [ -82.9733707, 39.9766582 ], [ -82.9732587, 39.9766533 ] ] ] } },
{ "type": "Feature", "properties": { "@id": "way/919166023", "amenity": null, "building": "residential", "name": null, "GEOID": "39049002900" }, "geometry": { "type": "Polygon", "coordinates": [ [ [ -82.9709834, 39.9732103 ], [ -82.9710405, 39.9732002 ], [ -82.9710387, 39.9731943 ], [ -82.9710816, 39.9731867 ], [ -82.9711034, 39.9732588 ], [ -82.9710035, 39.9732766 ], [ -82.9709834, 39.9732103 ] ] ] } },
{ "type": "Feature", "properties": { "@id": "way/919166024", "amenity": null, "building": "residential", "name": null, "GEOID": "39049002900" }, "geometry": { "type": "Polygon", "coordinates": [ [ [ -82.9708345, 39.9775823 ], [ -82.9708371, 39.9775467 ], [ -82.9708129, 39.9775456 ], [ -82.970816, 39.9775024 ], [ -82.9708422, 39.9775036 ], [ -82.9708447, 39.9774698 ], [ -82.9709593, 39.9774747 ], [ -82.970951, 39.9775874 ], [ -82.9708345, 39.9775823 ] ] ] } },
{ "type": "Feature", "properties": { "@id": "way/919166026", "amenity": null, "building": "residential", "name": null, "GEOID": "39049002800" }, "geometry": { "type": "Polygon", "coordinates": [ [ [ -82.9684481, 39.9769557 ], [ -82.9684508, 39.9769258 ], [ -82.968432, 39.9769249 ], [ -82.9684356, 39.9768835 ], [ -82.9685868, 39.9768914 ], [ -82.9685828, 39.9769361 ], [ -82.9685631, 39.976935 ], [ -82.9685607, 39.9769615 ], [ -82.9684481, 39.9769557 ] ] ] } },
{ "type": "Feature", "properties": { "@id": "way/919166027", "amenity": null, "building": "residential", "name": null, "GEOID": "39049002800" }, "geometry": { "type": "Polygon", "coordinates": [ [ [ -82.9685898, 39.973968 ], [ -82.9686755, 39.9739533 ], [ -82.9687025, 39.9740459 ], [ -82.9686449, 39.9740557 ], [ -82.9686485, 39.9740681 ], [ -82.9686205, 39.974073 ], [ -82.9685898, 39.973968 ] ] ] } },
{ "type": "Feature", "properties": { "@id": "way/919166030", "amenity": null, "building": "residential", "name": null, "GEOID": "39049002900" }, "geometry": { "type": "Polygon", "coordinates": [ [ [ -82.9705573, 39.9746755 ], [ -82.9705649, 39.9745605 ], [ -82.970573, 39.9745608 ], [ -82.9705744, 39.9745398 ], [ -82.9706561, 39.974543 ], [ -82.9706547, 39.9745639 ], [ -82.9706658, 39.9745644 ], [ -82.9706582, 39.9746795 ], [ -82.9705573, 39.9746755 ] ] ] } },
{ "type": "Feature", "properties": { "@id": "way/919166032", "amenity": null, "building": "residential", "name": null, "GEOID": "39049002900" }, "geometry": { "type": "Polygon", "coordinates": [ [ [ -82.9723386, 39.9774515 ], [ -82.9723447, 39.9773701 ], [ -82.9723885, 39.9773721 ], [ -82.9723897, 39.977356 ], [ -82.9724444, 39.9773584 ], [ -82.9724431, 39.9773758 ], [ -82.9724863, 39.9773777 ], [ -82.9724803, 39.9774578 ], [ -82.9723386, 39.9774515 ] ] ] } },
{ "type": "Feature", "properties": { "@id": "way/919166033", "amenity": null, "building": "residential", "name": null, "GEOID": "39049002900" }, "geometry": { "type": "Polygon", "coordinates": [ [ [ -82.9716705, 39.9743792 ], [ -82.9717703, 39.9743618 ], [ -82.9717996, 39.9744605 ], [ -82.9716998, 39.9744779 ], [ -82.9716705, 39.9743792 ] ] ] } },
{ "type": "Feature", "properties": { "@id": "way/919166034", "amenity": null, "building": "residential", "name": null, "GEOID": "39049002800" }, "geometry": { "type": "Polygon", "coordinates": [ [ [ -82.9701447, 39.9747634 ], [ -82.9701471, 39.9747366 ], [ -82.9701331, 39.9747358 ], [ -82.9701419, 39.9746374 ], [ -82.9701512, 39.9746379 ], [ -82.9701534, 39.9746133 ], [ -82.9702358, 39.9746177 ], [ -82.9702336, 39.9746418 ], [ -82.9702429, 39.9746423 ], [ -82.9702341, 39.9747401 ], [ -82.9702137, 39.9747391 ], [ -82.9702113, 39.9747669 ], [ -82.9701447, 39.9747634 ] ] ] } },
{ "type": "Feature", "properties": { "@id": "way/919166034", "amenity": null, "building": "residential", "name": null, "GEOID": "39049002900" }, "geometry": { "type": "Polygon", "coordinates": [ [ [ -82.9701447, 39.9747634 ], [ -82.9701471, 39.9747366 ], [ -82.9701331, 39.9747358 ], [ -82.9701419, 39.9746374 ], [ -82.9701512, 39.9746379 ], [ -82.9701534, 39.9746133 ], [ -82.9702358, 39.9746177 ], [ -82.9702336, 39.9746418 ], [ -82.9702429, 39.9746423 ], [ -82.9702341, 39.9747401 ], [ -82.9702137, 39.9747391 ], [ -82.9702113, 39.9747669 ], [ -82.9701447, 39.9747634 ] ] ] } },
{ "type": "Feature", "properties": { "@id": "way/919166035", "amenity": null, "building": "residential", "name": null, "GEOID": "39049002800" }, "geometry": { "type": "Polygon", "coordinates": [ [ [ -82.969044, 39.9745337 ], [ -82.9690494, 39.974552 ], [ -82.9690081, 39.9745593 ], [ -82.9689592, 39.9743962 ], [ -82.9690215, 39.9743853 ], [ -82.9690392, 39.9744443 ], [ -82.9690626, 39.9744402 ], [ -82.9690883, 39.9745259 ], [ -82.969044, 39.9745337 ] ] ] } },
{ "type": "Feature", "properties": { "@id": "way/919166036", "amenity": null, "building": "residential", "name": null, "GEOID": "39049002900" }, "geometry": { "type": "Polygon", "coordinates": [ [ [ -82.9744737, 39.9766627 ], [ -82.9744999, 39.976633 ], [ -82.9744739, 39.9766196 ], [ -82.9745051, 39.9765842 ], [ -82.9745295, 39.9765968 ], [ -82.9745527, 39.9765704 ], [ -82.9746484, 39.9766199 ], [ -82.9745678, 39.9767114 ], [ -82.9744737, 39.9766627 ] ] ] } },
{ "type": "Feature", "properties": { "@id": "way/919166037", "amenity": null, "building": "residential", "name": null, "GEOID": "39049002800" }, "geometry": { "type": "Polygon", "coordinates": [ [ [ -82.9697985, 39.9744224 ], [ -82.9697906, 39.9744238 ], [ -82.9697654, 39.9743422 ], [ -82.9697943, 39.974337 ], [ -82.9697905, 39.9743245 ], [ -82.9698438, 39.9743148 ], [ -82.9698489, 39.9743314 ], [ -82.9698624, 39.9743289 ], [ -82.9698861, 39.9744056 ], [ -82.9698722, 39.9744081 ], [ -82.9698782, 39.9744277 ], [ -82.9698043, 39.9744411 ], [ -82.9697985, 39.9744224 ] ] ] } },
{ "type": "Feature", "properties": { "@id": "way/919166038", "amenity": null, "building": "residential", "name": null, "GEOID": "39049002900" }, "geometry": { "type": "Polygon", "coordinates": [ [ [ -82.970961, 39.9758667 ], [ -82.9709632, 39.9758354 ], [ -82.9709376, 39.9758343 ], [ -82.9709408, 39.9757895 ], [ -82.9709684, 39.9757906 ], [ -82.9709708, 39.9757572 ], [ -82.9710847, 39.975762 ], [ -82.9710768, 39.9758716 ], [ -82.970961, 39.9758667 ] ] ] } },
{ "type": "Feature", "properties": { "@id": "way/919166042", "amenity": null, "building": "residential", "name": null, "GEOID": "39049002900" }, "geometry": { "type": "Polygon", "coordinates": [ [ [ -82.9715858, 39.9756032 ], [ -82.9716822, 39.9755554 ], [ -82.9717604, 39.9756481 ], [ -82.971664, 39.9756959 ], [ -82.9715858, 39.9756032 ] ] ] } },
{ "type": "Feature", "properties": { "@id": "way/919166043", "amenity": null, "building": "residential", "name": null, "GEOID": "39049002900" }, "geometry": { "type": "Polygon", "coordinates": [ [ [ -82.9723713, 39.9771106 ], [ -82.9723727, 39.9770912 ], [ -82.9723309, 39.9770894 ], [ -82.9723367, 39.977009 ], [ -82.9724769, 39.977015 ], [ -82.9724709, 39.977097 ], [ -82.9724274, 39.9770952 ], [ -82.9724261, 39.977113 ], [ -82.9723713, 39.9771106 ] ] ] } },
{ "type": "Feature", "properties": { "@id": "way/919166044", "amenity": null, "building": "residential", "name": null, "GEOID": "39049002800" }, "geometry": { "type": "Polygon", "coordinates": [ [ [ -82.9684513, 39.9768578 ], [ -82.9684594, 39.976766 ], [ -82.9686182, 39.9767743 ], [ -82.9686101, 39.976866 ], [ -82.9684513, 39.9768578 ] ] ] } },
{ "type": "Feature", "properties": { "@id": "way/919166045", "amenity": null, "building": "residential", "name": null, "GEOID": "39049002900" }, "geometry": { "type": "Polygon", "coordinates": [ [ [ -82.9704272, 39.9737716 ], [ -82.9704065, 39.9737751 ], [ -82.9703934, 39.9737294 ], [ -82.9704066, 39.9737272 ], [ -82.9703952, 39.9736875 ], [ -82.9704496, 39.9736783 ], [ -82.9704797, 39.9737831 ], [ -82.9704328, 39.9737911 ], [ -82.9704272, 39.9737716 ] ] ] } },
{ "type": "Feature", "properties": { "@id": "way/919166046", "amenity": null, "building": "residential", "name": null, "GEOID": "39049002800" }, "geometry": { "type": "Polygon", "coordinates": [ [ [ -82.9692311, 39.977066 ], [ -82.9692355, 39.9770165 ], [ -82.9693378, 39.9770218 ], [ -82.9693349, 39.9770547 ], [ -82.9693141, 39.9770536 ], [ -82.9693126, 39.9770702 ], [ -82.9692311, 39.977066 ] ] ] } },
{ "type": "Feature", "properties": { "@id": "way/919166048", "amenity": null, "building": "residential", "name": null, "GEOID": "39049002800" }, "geometry": { "type": "Polygon", "coordinates": [ [ [ -82.9686879, 39.9750029 ], [ -82.9686948, 39.9748783 ], [ -82.9687846, 39.9748812 ], [ -82.9687777, 39.9750058 ], [ -82.9686879, 39.9750029 ] ] ] } },
{ "type": "Feature", "properties": { "@id": "way/919166049", "amenity": null, "building": "residential", "name": null, "GEOID": "39049002900" }, "geometry": { "type": "Polygon", "coordinates": [ [ [ -82.9699364, 39.9730872 ], [ -82.9700452, 39.9730677 ], [ -82.97007, 39.9731494 ], [ -82.9699612, 39.9731688 ], [ -82.9699364, 39.9730872 ] ] ] } },
{ "type": "Feature", "properties": { "@id": "way/919166050", "amenity": null, "building": "residential", "name": null, "GEOID": "39049002800" }, "geometry": { "type": "Polygon", "coordinates": [ [ [ -82.9693335, 39.9752065 ], [ -82.9693356, 39.9751832 ], [ -82.9693007, 39.9751813 ], [ -82.9693046, 39.9751375 ], [ -82.9693388, 39.9751393 ], [ -82.9693396, 39.9751307 ], [ -82.9694687, 39.9751374 ], [ -82.969468, 39.9751453 ], [ -82.969494, 39.9751466 ], [ -82.9694888, 39.9752049 ], [ -82.9694589, 39.9752034 ], [ -82.969458, 39.975213 ], [ -82.9693335, 39.9752065 ] ] ] } },
{ "type": "Feature", "properties": { "@id": "way/919166051", "amenity": null, "building": "residential", "name": null, "GEOID": "39049002800" }, "geometry": { "type": "Polygon", "coordinates": [ [ [ -82.9692949, 39.9743843 ], [ -82.9692997, 39.9743835 ], [ -82.9692961, 39.9743708 ], [ -82.9693214, 39.9743665 ], [ -82.969325, 39.9743793 ], [ -82.9693711, 39.9743716 ], [ -82.9693668, 39.9743566 ], [ -82.9693932, 39.9743522 ], [ -82.9693974, 39.9743672 ], [ -82.9694043, 39.9743661 ], [ -82.9694403, 39.9744929 ], [ -82.9693309, 39.9745112 ], [ -82.9692949, 39.9743843 ] ] ] } },
{ "type": "Feature", "properties": { "@id": "way/919166052", "amenity": null, "building": "residential", "name": null, "GEOID": "39049002800" }, "geometry": { "type": "Polygon", "coordinates": [ [ [ -82.9691202, 39.9771538 ], [ -82.9691269, 39.9770797 ], [ -82.9693389, 39.9770909 ], [ -82.9693323, 39.977165 ], [ -82.9691202, 39.9771538 ] ] ] } },
{ "type": "Feature", "properties": { "@id": "way/919166053", "amenity": null, "building": "residential", "name": null, "GEOID": "39049002900" }, "geometry": { "type": "Polygon", "coordinates": [ [ [ -82.9736383, 39.9775503 ], [ -82.9736447, 39.9774657 ], [ -82.9736877, 39.9774676 ], [ -82.9736888, 39.9774534 ], [ -82.9737429, 39.9774558 ], [ -82.9737415, 39.9774745 ], [ -82.9737863, 39.9774765 ], [ -82.9737802, 39.9775566 ], [ -82.9736383, 39.9775503 ] ] ] } },
{ "type": "Feature", "properties": { "@id": "way/919166054", "amenity": null, "building": "residential", "name": null, "GEOID": "39049002900" }, "geometry": { "type": "Polygon", "coordinates": [ [ [ -82.9709998, 39.975401 ], [ -82.9710025, 39.9753683 ], [ -82.9709748, 39.9753669 ], [ -82.9709793, 39.9753133 ], [ -82.9710069, 39.9753147 ], [ -82.9710095, 39.9752843 ], [ -82.9711175, 39.9752897 ], [ -82.9711076, 39.9754064 ], [ -82.9709998, 39.975401 ] ] ] } },
{ "type": "Feature", "properties": { "@id": "way/919166055", "amenity": null, "building": "residential", "name": null, "GEOID": "39049002900" }, "geometry": { "type": "Polygon", "coordinates": [ [ [ -82.9716441, 39.9739697 ], [ -82.9717532, 39.9739507 ], [ -82.9717987, 39.9741042 ], [ -82.9716896, 39.9741232 ], [ -82.9716441, 39.9739697 ] ] ] } },
{ "type": "Feature", "properties": { "@id": "way/919166056", "amenity": null, "building": "residential", "name": null, "GEOID": "39049002900" }, "geometry": { "type": "Polygon", "coordinates": [ [ [ -82.9713078, 39.9735914 ], [ -82.971281, 39.9735962 ], [ -82.9712565, 39.9735161 ], [ -82.9712671, 39.9735142 ], [ -82.9712606, 39.973493 ], [ -82.971303, 39.9734854 ], [ -82.971304, 39.9734886 ], [ -82.9713589, 39.9734788 ], [ -82.9713989, 39.9736096 ], [ -82.9713178, 39.9736241 ], [ -82.9713078, 39.9735914 ] ] ] } },
{ "type": "Feature", "properties": { "@id": "way/919166057", "amenity": null, "building": "residential", "name": null, "GEOID": "39049002900" }, "geometry": { "type": "Polygon", "coordinates": [ [ [ -82.9710738, 39.9740892 ], [ -82.971166, 39.9740762 ], [ -82.9711933, 39.9741898 ], [ -82.9711259, 39.9741993 ], [ -82.9711139, 39.9741495 ], [ -82.9710891, 39.974153 ], [ -82.9710738, 39.9740892 ] ] ] } },
{ "type": "Feature", "properties": { "@id": "way/919166058", "amenity": null, "building": "residential", "name": null, "GEOID": "39049002900" }, "geometry": { "type": "Polygon", "coordinates": [ [ [ -82.9719058, 39.9773502 ], [ -82.9719484, 39.97735 ], [ -82.9719482, 39.9773336 ], [ -82.9720039, 39.9773333 ], [ -82.972004, 39.9773487 ], [ -82.9720475, 39.9773485 ], [ -82.9720482, 39.9774292 ], [ -82.9719065, 39.9774299 ], [ -82.9719058, 39.9773502 ] ] ] } },
{ "type": "Feature", "properties": { "@id": "way/919166059", "amenity": null, "building": "residential", "name": null, "GEOID": "39049002900" }, "geometry": { "type": "Polygon", "coordinates": [ [ [ -82.9714357, 39.9744216 ], [ -82.9714796, 39.974414 ], [ -82.9714723, 39.9743895 ], [ -82.9715304, 39.9743795 ], [ -82.9715376, 39.9744038 ], [ -82.9715823, 39.9743961 ], [ -82.9716079, 39.9744832 ], [ -82.9714613, 39.9745086 ], [ -82.9714357, 39.9744216 ] ] ] } },
{ "type": "Feature", "properties": { "@id": "way/919166060", "amenity": null, "building": "residential", "name": null, "GEOID": "39049002900" }, "geometry": { "type": "Polygon", "coordinates": [ [ [ -82.97158, 39.9754813 ], [ -82.9715899, 39.9753658 ], [ -82.9716956, 39.9753712 ], [ -82.9716924, 39.9754083 ], [ -82.9717169, 39.9754096 ], [ -82.9717139, 39.9754442 ], [ -82.9716889, 39.975443 ], [ -82.9716852, 39.9754866 ], [ -82.97158, 39.9754813 ] ] ] } },
{ "type": "Feature", "properties": { "@id": "way/919166061", "amenity": null, "building": "residential", "name": null, "GEOID": "39049002900" }, "geometry": { "type": "Polygon", "coordinates": [ [ [ -82.9725751, 39.9742203 ], [ -82.9726181, 39.9742123 ], [ -82.9726119, 39.9741927 ], [ -82.9726733, 39.9741813 ], [ -82.9726796, 39.9742013 ], [ -82.9727213, 39.9741935 ], [ -82.9727492, 39.9742819 ], [ -82.9726032, 39.9743091 ], [ -82.9725751, 39.9742203 ] ] ] } },
{ "type": "Feature", "properties": { "@id": "way/919166062", "amenity": null, "building": "residential", "name": null, "GEOID": "39049002800" }, "geometry": { "type": "Polygon", "coordinates": [ [ [ -82.9691621, 39.973976 ], [ -82.9691168, 39.9739841 ], [ -82.9691257, 39.9740133 ], [ -82.9690808, 39.9740213 ], [ -82.9690712, 39.9739899 ], [ -82.9690651, 39.973991 ], [ -82.9690381, 39.9739029 ], [ -82.9690434, 39.9739019 ], [ -82.9690375, 39.9738826 ], [ -82.9691229, 39.9738673 ], [ -82.9691288, 39.9738866 ], [ -82.9691345, 39.9738856 ], [ -82.9691621, 39.973976 ] ] ] } },
{ "type": "Feature", "properties": { "@id": "way/919166063", "amenity": null, "building": "residential", "name": null, "GEOID": "39049002900" }, "geometry": { "type": "Polygon", "coordinates": [ [ [ -82.9728229, 39.9771315 ], [ -82.9728241, 39.9771135 ], [ -82.9727823, 39.9771118 ], [ -82.9727876, 39.9770348 ], [ -82.9729344, 39.9770408 ], [ -82.972929, 39.9771189 ], [ -82.9728862, 39.9771172 ], [ -82.972885, 39.9771341 ], [ -82.9728229, 39.9771315 ] ] ] } },
{ "type": "Feature", "properties": { "@id": "way/919166064", "amenity": null, "building": "residential", "name": null, "GEOID": "39049002800" }, "geometry": { "type": "Polygon", "coordinates": [ [ [ -82.9692472, 39.9736024 ], [ -82.9692096, 39.9736094 ], [ -82.9691877, 39.9735411 ], [ -82.9692432, 39.9735307 ], [ -82.9692405, 39.9735222 ], [ -82.9692842, 39.973514 ], [ -82.969309, 39.9735916 ], [ -82.9692767, 39.9735977 ], [ -82.9692807, 39.97361 ], [ -82.9692514, 39.9736155 ], [ -82.9692472, 39.9736024 ] ] ] } },
{ "type": "Feature", "properties": { "@id": "way/919166065", "amenity": null, "building": "residential", "name": null, "GEOID": "39049002900" }, "geometry": { "type": "Polygon", "coordinates": [ [ [ -82.9705466, 39.9732502 ], [ -82.970655, 39.9732315 ], [ -82.9706893, 39.9733484 ], [ -82.9705809, 39.9733671 ], [ -82.9705466, 39.9732502 ] ] ] } },
{ "type": "Feature", "properties": { "@id": "way/919166068", "amenity": null, "building": "residential", "name": null, "GEOID": "39049002900" }, "geometry": { "type": "Polygon", "coordinates": [ [ [ -82.9696522, 39.9774573 ], [ -82.969653, 39.9774384 ], [ -82.9696286, 39.9774378 ], [ -82.9696303, 39.9773997 ], [ -82.9696538, 39.9774003 ], [ -82.9696547, 39.9773803 ], [ -82.9697405, 39.9773825 ], [ -82.9697371, 39.9774595 ], [ -82.9696522, 39.9774573 ] ] ] } },
{ "type": "Feature", "properties": { "@id": "way/919166069", "amenity": null, "building": "residential", "name": null, "GEOID": "39049002800" }, "geometry": { "type": "Polygon", "coordinates": [ [ [ -82.969196, 39.9773875 ], [ -82.9692034, 39.9773099 ], [ -82.9692878, 39.9773146 ], [ -82.9692848, 39.9773465 ], [ -82.9692991, 39.9773473 ], [ -82.9692974, 39.977364 ], [ -82.9692859, 39.9773634 ], [ -82.9692831, 39.9773924 ], [ -82.969196, 39.9773875 ] ] ] } },
{ "type": "Feature", "properties": { "@id": "way/919166070", "amenity": null, "building": "residential", "name": null, "GEOID": "39049002900" }, "geometry": { "type": "Polygon", "coordinates": [ [ [ -82.9722239, 39.9734677 ], [ -82.9722173, 39.9734688 ], [ -82.9722051, 39.9734268 ], [ -82.9721851, 39.9734302 ], [ -82.9721715, 39.9733834 ], [ -82.972191, 39.9733801 ], [ -82.9721757, 39.9733272 ], [ -82.9722484, 39.9733148 ], [ -82.9722763, 39.9734111 ], [ -82.9722612, 39.9734137 ], [ -82.9722632, 39.9734205 ], [ -82.9722796, 39.9734178 ], [ -82.9722901, 39.9734543 ], [ -82.9722756, 39.9734567 ], [ -82.9722834, 39.9734834 ], [ -82.972231, 39.9734923 ], [ -82.9722239, 39.9734677 ] ] ] } },
{ "type": "Feature", "properties": { "@id": "way/919166071", "amenity": null, "building": "residential", "name": null, "GEOID": "39049002900" }, "geometry": { "type": "Polygon", "coordinates": [ [ [ -82.9728533, 39.9745891 ], [ -82.9728596, 39.9744812 ], [ -82.9729726, 39.9744851 ], [ -82.9729703, 39.9745243 ], [ -82.9729943, 39.9745251 ], [ -82.9729922, 39.9745608 ], [ -82.9729676, 39.97456 ], [ -82.9729657, 39.974593 ], [ -82.9728533, 39.9745891 ] ] ] } },
{ "type": "Feature", "properties": { "@id": "way/919166072", "amenity": null, "building": "residential", "name": null, "GEOID": "39049002900" }, "geometry": { "type": "Polygon", "coordinates": [ [ [ -82.9696691, 39.9766854 ], [ -82.9696724, 39.9766349 ], [ -82.9698419, 39.9766415 ], [ -82.9698386, 39.976692 ], [ -82.9696691, 39.9766854 ] ] ] } },
{ "type": "Feature", "properties": { "@id": "way/919166074", "amenity": null, "building": "residential", "name": null, "GEOID": "39049002800" }, "geometry": { "type": "Polygon", "coordinates": [ [ [ -82.9685535, 39.9757548 ], [ -82.968554, 39.9757482 ], [ -82.9685299, 39.975747 ], [ -82.9685356, 39.9756791 ], [ -82.9685597, 39.9756803 ], [ -82.9685601, 39.9756757 ], [ -82.9686676, 39.975681 ], [ -82.9686667, 39.975692 ], [ -82.9686931, 39.9756933 ], [ -82.9686901, 39.9757301 ], [ -82.9686646, 39.9757288 ], [ -82.9686619, 39.9757601 ], [ -82.9685535, 39.9757548 ] ] ] } },
{ "type": "Feature", "properties": { "@id": "way/919166076", "amenity": null, "building": "residential", "name": null, "GEOID": "39049002900" }, "geometry": { "type": "Polygon", "coordinates": [ [ [ -82.9721725, 39.9748982 ], [ -82.972175, 39.9748653 ], [ -82.9721483, 39.9748641 ], [ -82.9721519, 39.9748177 ], [ -82.9721775, 39.9748189 ], [ -82.9721802, 39.9747844 ], [ -82.9722854, 39.9747891 ], [ -82.9722767, 39.9749029 ], [ -82.9721725, 39.9748982 ] ] ] } },
{ "type": "Feature", "properties": { "@id": "way/919166077", "amenity": null, "building": "residential", "name": null, "GEOID": "39049002900" }, "geometry": { "type": "Polygon", "coordinates": [ [ [ -82.9723442, 39.9742586 ], [ -82.9723879, 39.9742501 ], [ -82.9723814, 39.9742307 ], [ -82.972439, 39.9742195 ], [ -82.9724467, 39.9742428 ], [ -82.97249, 39.9742344 ], [ -82.9725189, 39.9743217 ], [ -82.9723744, 39.9743498 ], [ -82.9723442, 39.9742586 ] ] ] } },
{ "type": "Feature", "properties": { "@id": "way/919166078", "amenity": null, "building": "residential", "name": null, "GEOID": "39049002900" }, "geometry": { "type": "Polygon", "coordinates": [ [ [ -82.9715083, 39.9734778 ], [ -82.9715345, 39.9734733 ], [ -82.9715294, 39.9734559 ], [ -82.971592, 39.973445 ], [ -82.971601, 39.9734752 ], [ -82.9716101, 39.9734736 ], [ -82.9716286, 39.9735362 ], [ -82.9715306, 39.9735533 ], [ -82.9715083, 39.9734778 ] ] ] } },
{ "type": "Feature", "properties": { "@id": "way/919166079", "amenity": null, "building": "residential", "name": null, "GEOID": "39049002900" }, "geometry": { "type": "Polygon", "coordinates": [ [ [ -82.9710161, 39.9752359 ], [ -82.9710191, 39.9752018 ], [ -82.9709874, 39.9752001 ], [ -82.9709917, 39.9751522 ], [ -82.9710169, 39.9751535 ], [ -82.97102, 39.9751197 ], [ -82.9711389, 39.975126 ], [ -82.9711284, 39.9752418 ], [ -82.9710161, 39.9752359 ] ] ] } },
{ "type": "Feature", "properties": { "@id": "way/919166081", "amenity": null, "building": "residential", "name": null, "GEOID": "39049002800" }, "geometry": { "type": "Polygon", "coordinates": [ [ [ -82.9684995, 39.9767221 ], [ -82.9685065, 39.9766432 ], [ -82.9686407, 39.9766503 ], [ -82.9686336, 39.9767291 ], [ -82.9684995, 39.9767221 ] ] ] } },
{ "type": "Feature", "properties": { "@id": "way/919166082", "amenity": null, "building": "residential", "name": null, "GEOID": "39049002900" }, "geometry": { "type": "Polygon", "coordinates": [ [ [ -82.9696428, 39.9775363 ], [ -82.9696064, 39.9775349 ], [ -82.9696086, 39.9775009 ], [ -82.9696451, 39.9775023 ], [ -82.9696463, 39.9774841 ], [ -82.9697362, 39.9774876 ], [ -82.9697356, 39.9774969 ], [ -82.9697675, 39.9774981 ], [ -82.9697633, 39.9775619 ], [ -82.9697314, 39.9775607 ], [ -82.969731, 39.9775656 ], [ -82.9696411, 39.9775621 ], [ -82.9696428, 39.9775363 ] ] ] } },
{ "type": "Feature", "properties": { "@id": "way/919166083", "amenity": null, "building": "residential", "name": null, "GEOID": "39049002800" }, "geometry": { "type": "Polygon", "coordinates": [ [ [ -82.9684559, 39.9773463 ], [ -82.9684582, 39.9773205 ], [ -82.9684432, 39.9773197 ], [ -82.9684449, 39.9773004 ], [ -82.9684604, 39.9773013 ], [ -82.9684631, 39.9772711 ], [ -82.9685438, 39.9772753 ], [ -82.9685371, 39.9773506 ], [ -82.9684559, 39.9773463 ] ] ] } },
{ "type": "Feature", "properties": { "@id": "way/919166084", "amenity": null, "building": "residential", "name": null, "GEOID": "39049002800" }, "geometry": { "type": "Polygon", "coordinates": [ [ [ -82.9683507, 39.9740129 ], [ -82.9684592, 39.9739939 ], [ -82.9684999, 39.9741302 ], [ -82.9684809, 39.9741336 ], [ -82.9684866, 39.9741526 ], [ -82.9684114, 39.9741658 ], [ -82.9684061, 39.974148 ], [ -82.9683917, 39.9741505 ], [ -82.9683507, 39.9740129 ] ] ] } },
{ "type": "Feature", "properties": { "@id": "way/919166085", "amenity": null, "building": "residential", "name": null, "GEOID": "39049002900" }, "geometry": { "type": "Polygon", "coordinates": [ [ [ -82.9709088, 39.9735609 ], [ -82.9710026, 39.973549 ], [ -82.9710264, 39.9736587 ], [ -82.9709326, 39.9736706 ], [ -82.9709088, 39.9735609 ] ] ] } },
{ "type": "Feature", "properties": { "@id": "way/919166087", "amenity": null, "building": "residential", "name": null, "GEOID": "39049002900" }, "geometry": { "type": "Polygon", "coordinates": [ [ [ -82.9703872, 39.9766391 ], [ -82.9703913, 39.976577 ], [ -82.9704941, 39.9765811 ], [ -82.9704931, 39.9765958 ], [ -82.9705447, 39.9765979 ], [ -82.9705415, 39.9766451 ], [ -82.9703872, 39.9766391 ] ] ] } },
{ "type": "Feature", "properties": { "@id": "way/919166088", "amenity": null, "building": "residential", "name": null, "GEOID": "39049002900" }, "geometry": { "type": "Polygon", "coordinates": [ [ [ -82.9708249, 39.9777355 ], [ -82.9708326, 39.9776339 ], [ -82.9709375, 39.9776385 ], [ -82.9709299, 39.9777401 ], [ -82.9708249, 39.9777355 ] ] ] } },
{ "type": "Feature", "properties": { "@id": "way/919166089", "amenity": null, "building": "residential", "name": null, "GEOID": "39049002900" }, "geometry": { "type": "Polygon", "coordinates": [ [ [ -82.9737273, 39.9771699 ], [ -82.9737298, 39.9771362 ], [ -82.9737046, 39.9771351 ], [ -82.9737079, 39.9770895 ], [ -82.9737323, 39.9770905 ], [ -82.9737346, 39.9770582 ], [ -82.9738406, 39.9770627 ], [ -82.9738325, 39.9771744 ], [ -82.9737273, 39.9771699 ] ] ] } },
{ "type": "Feature", "properties": { "@id": "way/919166092", "amenity": null, "building": "residential", "name": null, "GEOID": "39049002900" }, "geometry": { "type": "Polygon", "coordinates": [ [ [ -82.9729849, 39.9728428 ], [ -82.9730986, 39.9728407 ], [ -82.9730996, 39.9728722 ], [ -82.9731132, 39.9728719 ], [ -82.9731145, 39.9729128 ], [ -82.9729872, 39.9729152 ], [ -82.9729849, 39.9728428 ] ] ] } },
{ "type": "Feature", "properties": { "@id": "way/919166093", "amenity": null, "building": "residential", "name": null, "GEOID": "39049002900" }, "geometry": { "type": "Polygon", "coordinates": [ [ [ -82.9716757, 39.9725641 ], [ -82.9717766, 39.9725456 ], [ -82.9718135, 39.9726641 ], [ -82.9717126, 39.9726826 ], [ -82.9716757, 39.9725641 ] ] ] } },
{ "type": "Feature", "properties": { "@id": "way/919166095", "amenity": null, "building": "residential", "name": null, "GEOID": "39049002800" }, "geometry": { "type": "Polygon", "coordinates": [ [ [ -82.9691035, 39.9779984 ], [ -82.9691099, 39.9779183 ], [ -82.9692749, 39.977926 ], [ -82.9692704, 39.9779838 ], [ -82.9692413, 39.9779825 ], [ -82.9692395, 39.9780048 ], [ -82.9691035, 39.9779984 ] ] ] } },
{ "type": "Feature", "properties": { "@id": "way/919166097", "amenity": null, "building": "residential", "name": null, "GEOID": "39049002800" }, "geometry": { "type": "Polygon", "coordinates": [ [ [ -82.9694987, 39.9729439 ], [ -82.9695597, 39.9729332 ], [ -82.9696002, 39.9730681 ], [ -82.9695392, 39.9730789 ], [ -82.9694987, 39.9729439 ] ] ] } },
{ "type": "Feature", "properties": { "@id": "way/919166098", "amenity": null, "building": "residential", "name": null, "GEOID": "39049002800" }, "geometry": { "type": "Polygon", "coordinates": [ [ [ -82.9694028, 39.9738432 ], [ -82.969397, 39.9738239 ], [ -82.9694341, 39.9738174 ], [ -82.9694399, 39.9738367 ], [ -82.9694703, 39.9738313 ], [ -82.9694921, 39.9739038 ], [ -82.9694812, 39.9739058 ], [ -82.9694897, 39.973934 ], [ -82.9694375, 39.9739432 ], [ -82.9694309, 39.9739211 ], [ -82.9693983, 39.9739269 ], [ -82.9693746, 39.9738482 ], [ -82.9694028, 39.9738432 ] ] ] } },
{ "type": "Feature", "properties": { "@id": "way/919166099", "amenity": null, "building": "residential", "name": null, "GEOID": "39049002900" }, "geometry": { "type": "Polygon", "coordinates": [ [ [ -82.9720608, 39.9730467 ], [ -82.9721578, 39.9730284 ], [ -82.9721934, 39.9731393 ], [ -82.9720964, 39.9731576 ], [ -82.9720608, 39.9730467 ] ] ] } },
{ "type": "Feature", "properties": { "@id": "way/919166100", "amenity": null, "building": "residential", "name": null, "GEOID": "39049002900" }, "geometry": { "type": "Polygon", "coordinates": [ [ [ -82.9721065, 39.9742983 ], [ -82.9722035, 39.9742817 ], [ -82.9722331, 39.9743831 ], [ -82.9721361, 39.9743997 ], [ -82.9721065, 39.9742983 ] ] ] } },
{ "type": "Feature", "properties": { "@id": "way/919166101", "amenity": null, "building": "residential", "name": null, "GEOID": "39049002900" }, "geometry": { "type": "Polygon", "coordinates": [ [ [ -82.9716537, 39.975316 ], [ -82.9716611, 39.9752016 ], [ -82.9717774, 39.9752059 ], [ -82.9717747, 39.9752481 ], [ -82.9718034, 39.9752492 ], [ -82.9718009, 39.9752881 ], [ -82.971773, 39.975287 ], [ -82.9717708, 39.9753204 ], [ -82.9716537, 39.975316 ] ] ] } },
{ "type": "Feature", "properties": { "@id": "way/919166102", "amenity": null, "building": "residential", "name": null, "GEOID": "39049002900" }, "geometry": { "type": "Polygon", "coordinates": [ [ [ -82.97032, 39.9772736 ], [ -82.9703223, 39.9772369 ], [ -82.970347, 39.9772378 ], [ -82.9703481, 39.9772194 ], [ -82.9705281, 39.9772261 ], [ -82.9705246, 39.9772812 ], [ -82.97032, 39.9772736 ] ] ] } },
{ "type": "Feature", "properties": { "@id": "way/919166103", "amenity": null, "building": "residential", "name": null, "GEOID": "39049002900" }, "geometry": { "type": "Polygon", "coordinates": [ [ [ -82.9742315, 39.9767106 ], [ -82.9742755, 39.9767085 ], [ -82.9742739, 39.9766895 ], [ -82.9743266, 39.976687 ], [ -82.9743283, 39.9767075 ], [ -82.9743728, 39.9767054 ], [ -82.9743799, 39.9767922 ], [ -82.9742387, 39.9767989 ], [ -82.9742315, 39.9767106 ] ] ] } },
{ "type": "Feature", "properties": { "@id": "way/919166104", "amenity": null, "building": "residential", "name": null, "GEOID": "39049002900" }, "geometry": { "type": "Polygon", "coordinates": [ [ [ -82.9716313, 39.9771007 ], [ -82.9716325, 39.9770789 ], [ -82.971588, 39.9770774 ], [ -82.9715929, 39.9769895 ], [ -82.971725, 39.9769938 ], [ -82.9717202, 39.9770819 ], [ -82.9716818, 39.9770807 ], [ -82.9716806, 39.9771023 ], [ -82.9716313, 39.9771007 ] ] ] } },
{ "type": "Feature", "properties": { "@id": "way/919166105", "amenity": null, "building": "residential", "name": null, "GEOID": "39049002900" }, "geometry": { "type": "Polygon", "coordinates": [ [ [ -82.9711963, 39.9741389 ], [ -82.9711912, 39.9741398 ], [ -82.9711695, 39.9740679 ], [ -82.9712739, 39.9740493 ], [ -82.9712957, 39.9741214 ], [ -82.9712765, 39.9741249 ], [ -82.9712946, 39.9741846 ], [ -82.9712144, 39.9741989 ], [ -82.9711963, 39.9741389 ] ] ] } },
{ "type": "Feature", "properties": { "@id": "way/919166106", "amenity": null, "building": "residential", "name": null, "GEOID": "39049002800" }, "geometry": { "type": "Polygon", "coordinates": [ [ [ -82.9700951, 39.9742747 ], [ -82.9701957, 39.9742571 ], [ -82.9702324, 39.9743802 ], [ -82.9701318, 39.9743978 ], [ -82.9700951, 39.9742747 ] ] ] } },
{ "type": "Feature", "properties": { "@id": "way/919166107", "amenity": null, "building": "residential", "name": null, "GEOID": "39049002900" }, "geometry": { "type": "Polygon", "coordinates": [ [ [ -82.9722445, 39.9757967 ], [ -82.9722514, 39.9757145 ], [ -82.9722965, 39.9757167 ], [ -82.9722979, 39.9757003 ], [ -82.9723527, 39.975703 ], [ -82.9723511, 39.9757215 ], [ -82.9723962, 39.9757237 ], [ -82.9723895, 39.9758038 ], [ -82.9722445, 39.9757967 ] ] ] } },
{ "type": "Feature", "properties": { "@id": "way/919166108", "amenity": null, "building": "residential", "name": null, "GEOID": "39049002900" }, "geometry": { "type": "Polygon", "coordinates": [ [ [ -82.9709597, 39.9742016 ], [ -82.9709386, 39.9741229 ], [ -82.9710375, 39.9741074 ], [ -82.9710586, 39.974186 ], [ -82.9709597, 39.9742016 ] ] ] } },
{ "type": "Feature", "properties": { "@id": "way/919166110", "amenity": null, "building": "residential", "name": null, "GEOID": "39049002900" }, "geometry": { "type": "Polygon", "coordinates": [ [ [ -82.9704003, 39.9774013 ], [ -82.9704061, 39.9773256 ], [ -82.9704941, 39.9773296 ], [ -82.9704919, 39.9773585 ], [ -82.9705147, 39.9773595 ], [ -82.9705131, 39.9773807 ], [ -82.9704908, 39.9773797 ], [ -82.9704889, 39.9774053 ], [ -82.9704003, 39.9774013 ] ] ] } },
{ "type": "Feature", "properties": { "@id": "way/919166111", "amenity": null, "building": "residential", "name": null, "GEOID": "39049002900" }, "geometry": { "type": "Polygon", "coordinates": [ [ [ -82.9727948, 39.9752954 ], [ -82.972801, 39.9751885 ], [ -82.9729181, 39.9751925 ], [ -82.9729161, 39.9752267 ], [ -82.9729387, 39.9752275 ], [ -82.9729362, 39.97527 ], [ -82.972913, 39.9752692 ], [ -82.9729113, 39.9752994 ], [ -82.9727948, 39.9752954 ] ] ] } },
{ "type": "Feature", "properties": { "@id": "way/919166113", "amenity": null, "building": "residential", "name": null, "GEOID": "39049002900" }, "geometry": { "type": "Polygon", "coordinates": [ [ [ -82.9717978, 39.9757605 ], [ -82.9718278, 39.9756747 ], [ -82.9719649, 39.9757029 ], [ -82.9719349, 39.9757887 ], [ -82.9717978, 39.9757605 ] ] ] } },
{ "type": "Feature", "properties": { "@id": "way/919166114", "amenity": null, "building": "residential", "name": null, "GEOID": "39049002800" }, "geometry": { "type": "Polygon", "coordinates": [ [ [ -82.9693141, 39.9756213 ], [ -82.9693194, 39.9755484 ], [ -82.9694295, 39.9755531 ], [ -82.9694279, 39.9755757 ], [ -82.9694517, 39.9755767 ], [ -82.9694495, 39.9756071 ], [ -82.9694308, 39.9756063 ], [ -82.9694293, 39.9756262 ], [ -82.9693141, 39.9756213 ] ] ] } },
{ "type": "Feature", "properties": { "@id": "way/919166115", "amenity": null, "building": "residential", "name": null, "GEOID": "39049002900" }, "geometry": { "type": "Polygon", "coordinates": [ [ [ -82.9729695, 39.9774753 ], [ -82.9729786, 39.9773936 ], [ -82.973027, 39.9773968 ], [ -82.9730283, 39.9773848 ], [ -82.97308, 39.9773881 ], [ -82.9730782, 39.9774042 ], [ -82.9731194, 39.9774068 ], [ -82.9731109, 39.9774844 ], [ -82.9729695, 39.9774753 ] ] ] } },
{ "type": "Feature", "properties": { "@id": "way/919166116", "amenity": null, "building": "residential", "name": null, "GEOID": "39049002900" }, "geometry": { "type": "Polygon", "coordinates": [ [ [ -82.9707265, 39.9741701 ], [ -82.9708184, 39.974154 ], [ -82.9708454, 39.9742442 ], [ -82.9707534, 39.9742604 ], [ -82.9707265, 39.9741701 ] ] ] } },
{ "type": "Feature", "properties": { "@id": "way/919166117", "amenity": null, "building": "residential", "name": null, "GEOID": "39049002900" }, "geometry": { "type": "Polygon", "coordinates": [ [ [ -82.9700938, 39.97283 ], [ -82.9701686, 39.9728179 ], [ -82.9702017, 39.972938 ], [ -82.9701274, 39.97295 ], [ -82.9701141, 39.972902 ], [ -82.9701075, 39.9729031 ], [ -82.9700985, 39.9728706 ], [ -82.9701047, 39.9728696 ], [ -82.9700938, 39.97283 ] ] ] } },
{ "type": "Feature", "properties": { "@id": "way/919166118", "amenity": null, "building": "residential", "name": null, "GEOID": "39049002900" }, "geometry": { "type": "Polygon", "coordinates": [ [ [ -82.9725943, 39.9753777 ], [ -82.9727336, 39.9753854 ], [ -82.9727263, 39.9754627 ], [ -82.9726818, 39.9754602 ], [ -82.9726802, 39.9754775 ], [ -82.9726247, 39.9754744 ], [ -82.9726264, 39.9754567 ], [ -82.9725871, 39.9754545 ], [ -82.9725943, 39.9753777 ] ] ] } },
{ "type": "Feature", "properties": { "@id": "way/919166119", "amenity": null, "building": "residential", "name": null, "GEOID": "39049002900" }, "geometry": { "type": "Polygon", "coordinates": [ [ [ -82.9714001, 39.9740113 ], [ -82.9714387, 39.9740045 ], [ -82.9714406, 39.9740109 ], [ -82.9714783, 39.9740042 ], [ -82.9714743, 39.973991 ], [ -82.9714983, 39.9739868 ], [ -82.9715449, 39.9741409 ], [ -82.9714446, 39.9741587 ], [ -82.9714001, 39.9740113 ] ] ] } },
{ "type": "Feature", "properties": { "@id": "way/919166121", "amenity": null, "building": "residential", "name": null, "GEOID": "39049002800" }, "geometry": { "type": "Polygon", "coordinates": [ [ [ -82.969332, 39.9735701 ], [ -82.9693147, 39.9735135 ], [ -82.96943, 39.9734928 ], [ -82.9694474, 39.9735496 ], [ -82.9694322, 39.9735523 ], [ -82.9694365, 39.9735662 ], [ -82.9693866, 39.9735752 ], [ -82.9693823, 39.9735611 ], [ -82.969332, 39.9735701 ] ] ] } },
{ "type": "Feature", "properties": { "@id": "way/919166122", "amenity": null, "building": "residential", "name": null, "GEOID": "39049002900" }, "geometry": { "type": "Polygon", "coordinates": [ [ [ -82.9738183, 39.976352 ], [ -82.9738199, 39.9763317 ], [ -82.9737751, 39.9763297 ], [ -82.9737811, 39.9762517 ], [ -82.9739268, 39.9762582 ], [ -82.9739206, 39.9763392 ], [ -82.9738783, 39.9763373 ], [ -82.973877, 39.9763546 ], [ -82.9738183, 39.976352 ] ] ] } },
{ "type": "Feature", "properties": { "@id": "way/919166123", "amenity": null, "building": "residential", "name": null, "GEOID": "39049002900" }, "geometry": { "type": "Polygon", "coordinates": [ [ [ -82.972409, 39.9729677 ], [ -82.9725151, 39.9729494 ], [ -82.9725466, 39.9730563 ], [ -82.9724406, 39.9730747 ], [ -82.972409, 39.9729677 ] ] ] } },
{ "type": "Feature", "properties": { "@id": "way/919166125", "amenity": null, "building": "residential", "name": null, "GEOID": "39049002900" }, "geometry": { "type": "Polygon", "coordinates": [ [ [ -82.9732858, 39.9768204 ], [ -82.9732941, 39.9767109 ], [ -82.9734005, 39.9767156 ], [ -82.9733981, 39.9767485 ], [ -82.9734204, 39.9767495 ], [ -82.9734172, 39.9767923 ], [ -82.9733954, 39.9767913 ], [ -82.9733928, 39.9768252 ], [ -82.9732858, 39.9768204 ] ] ] } },
{ "type": "Feature", "properties": { "@id": "way/919166126", "amenity": null, "building": "residential", "name": null, "GEOID": "39049002800" }, "geometry": { "type": "Polygon", "coordinates": [ [ [ -82.9684453, 39.9774619 ], [ -82.9684476, 39.9774364 ], [ -82.9684328, 39.9774356 ], [ -82.9684347, 39.9774144 ], [ -82.968449, 39.9774152 ], [ -82.9684517, 39.9773869 ], [ -82.9685418, 39.9773918 ], [ -82.9685349, 39.9774668 ], [ -82.9684453, 39.9774619 ] ] ] } },
{ "type": "Feature", "properties": { "@id": "way/919166127", "amenity": null, "building": "residential", "name": null, "GEOID": "39049002900" }, "geometry": { "type": "Polygon", "coordinates": [ [ [ -82.9701618, 39.978045 ], [ -82.9701689, 39.9779368 ], [ -82.9702422, 39.9779396 ], [ -82.9702375, 39.9780114 ], [ -82.9702207, 39.9780108 ], [ -82.9702184, 39.9780472 ], [ -82.9701618, 39.978045 ] ] ] } },
{ "type": "Feature", "properties": { "@id": "way/919166128", "amenity": null, "building": "residential", "name": null, "GEOID": "39049002900" }, "geometry": { "type": "Polygon", "coordinates": [ [ [ -82.9696037, 39.9777752 ], [ -82.9696063, 39.9777474 ], [ -82.9695907, 39.9777466 ], [ -82.9695927, 39.9777253 ], [ -82.9696081, 39.9777261 ], [ -82.9696108, 39.9776976 ], [ -82.9696989, 39.9777024 ], [ -82.9696917, 39.97778 ], [ -82.9696037, 39.9777752 ] ] ] } },
{ "type": "Feature", "properties": { "@id": "way/919166130", "amenity": null, "building": "residential", "name": null, "GEOID": "39049002800" }, "geometry": { "type": "Polygon", "coordinates": [ [ [ -82.9693304, 39.975456 ], [ -82.9693397, 39.9753837 ], [ -82.9694765, 39.9753941 ], [ -82.9694684, 39.9754565 ], [ -82.9694455, 39.9754548 ], [ -82.9694442, 39.9754646 ], [ -82.9693304, 39.975456 ] ] ] } },
{ "type": "Feature", "properties": { "@id": "way/919166131", "amenity": null, "building": "residential", "name": null, "GEOID": "39049002800" }, "geometry": { "type": "Polygon", "coordinates": [ [ [ -82.9692574, 39.9764088 ], [ -82.9692596, 39.9763848 ], [ -82.9692358, 39.9763836 ], [ -82.9692396, 39.9763407 ], [ -82.9693707, 39.9763475 ], [ -82.96937, 39.9763552 ], [ -82.9693988, 39.9763567 ], [ -82.9693941, 39.9764097 ], [ -82.9693653, 39.9764082 ], [ -82.9693647, 39.9764143 ], [ -82.9692574, 39.9764088 ] ] ] } },
{ "type": "Feature", "properties": { "@id": "way/919166132", "amenity": null, "building": "residential", "name": null, "GEOID": "39049002800" }, "geometry": { "type": "Polygon", "coordinates": [ [ [ -82.9683968, 39.9780393 ], [ -82.9683976, 39.9780296 ], [ -82.9683911, 39.9780292 ], [ -82.968397, 39.9779603 ], [ -82.9684972, 39.9779653 ], [ -82.9684916, 39.9780311 ], [ -82.9684259, 39.9780278 ], [ -82.9684248, 39.9780408 ], [ -82.9683968, 39.9780393 ] ] ] } },
{ "type": "Feature", "properties": { "@id": "way/919166136", "amenity": null, "building": "residential", "name": null, "GEOID": "39049002800" }, "geometry": { "type": "Polygon", "coordinates": [ [ [ -82.9692445, 39.976243 ], [ -82.9692509, 39.9761766 ], [ -82.9693855, 39.9761842 ], [ -82.969379, 39.9762507 ], [ -82.9692445, 39.976243 ] ] ] } },
{ "type": "Feature", "properties": { "@id": "way/919166137", "amenity": null, "building": "residential", "name": null, "GEOID": "39049002900" }, "geometry": { "type": "Polygon", "coordinates": [ [ [ -82.9728319, 39.9747926 ], [ -82.9728382, 39.9746847 ], [ -82.9729599, 39.9746888 ], [ -82.9729576, 39.9747281 ], [ -82.9729815, 39.9747289 ], [ -82.9729794, 39.9747646 ], [ -82.9729548, 39.9747637 ], [ -82.9729529, 39.9747967 ], [ -82.9728319, 39.9747926 ] ] ] } },
{ "type": "Feature", "properties": { "@id": "way/919166138", "amenity": null, "building": "residential", "name": null, "GEOID": "39049002900" }, "geometry": { "type": "Polygon", "coordinates": [ [ [ -82.9722798, 39.9729475 ], [ -82.9723736, 39.9729315 ], [ -82.9724129, 39.973067 ], [ -82.9723506, 39.9730776 ], [ -82.9723443, 39.9730556 ], [ -82.9723127, 39.973061 ], [ -82.9722798, 39.9729475 ] ] ] } },
{ "type": "Feature", "properties": { "@id": "way/919166140", "amenity": null, "building": "residential", "name": null, "GEOID": "39049002900" }, "geometry": { "type": "Polygon", "coordinates": [ [ [ -82.9713974, 39.9730976 ], [ -82.9714926, 39.9730805 ], [ -82.9715394, 39.9732338 ], [ -82.9714763, 39.9732452 ], [ -82.9714747, 39.9732401 ], [ -82.9714427, 39.9732458 ], [ -82.9713974, 39.9730976 ] ] ] } },
{ "type": "Feature", "properties": { "@id": "way/919166142", "amenity": null, "building": "residential", "name": null, "GEOID": "39049002900" }, "geometry": { "type": "Polygon", "coordinates": [ [ [ -82.9709764, 39.9756972 ], [ -82.9709834, 39.9755999 ], [ -82.9710863, 39.9756043 ], [ -82.9710793, 39.9757016 ], [ -82.9709764, 39.9756972 ] ] ] } },
{ "type": "Feature", "properties": { "@id": "way/919166143", "amenity": null, "building": "residential", "name": null, "GEOID": "39049002800" }, "geometry": { "type": "Polygon", "coordinates": [ [ [ -82.9691486, 39.9778816 ], [ -82.9691555, 39.9778049 ], [ -82.9692387, 39.9778093 ], [ -82.9692318, 39.9778859 ], [ -82.9691486, 39.9778816 ] ] ] } },
{ "type": "Feature", "properties": { "@id": "way/919166144", "amenity": null, "building": "residential", "name": null, "GEOID": "39049002900" }, "geometry": { "type": "Polygon", "coordinates": [ [ [ -82.9714477, 39.9774281 ], [ -82.9714538, 39.9773424 ], [ -82.9715011, 39.9773443 ], [ -82.9715026, 39.9773237 ], [ -82.9715554, 39.9773259 ], [ -82.9715539, 39.9773473 ], [ -82.9715972, 39.9773491 ], [ -82.9715911, 39.9774341 ], [ -82.9714477, 39.9774281 ] ] ] } },
{ "type": "Feature", "properties": { "@id": "way/919166145", "amenity": null, "building": "residential", "name": null, "GEOID": "39049002900" }, "geometry": { "type": "Polygon", "coordinates": [ [ [ -82.9696171, 39.9776647 ], [ -82.969619, 39.9776379 ], [ -82.9696068, 39.9776374 ], [ -82.9696083, 39.9776167 ], [ -82.9696223, 39.9776173 ], [ -82.9696244, 39.9775885 ], [ -82.9697144, 39.9775924 ], [ -82.9697088, 39.9776687 ], [ -82.9696171, 39.9776647 ] ] ] } },
{ "type": "Feature", "properties": { "@id": "way/919166146", "amenity": null, "building": "residential", "name": null, "GEOID": "39049002800" }, "geometry": { "type": "Polygon", "coordinates": [ [ [ -82.9685534, 39.9754168 ], [ -82.9685581, 39.9753503 ], [ -82.9686929, 39.975356 ], [ -82.9686914, 39.9753765 ], [ -82.9687182, 39.9753776 ], [ -82.9687153, 39.9754181 ], [ -82.9686891, 39.975417 ], [ -82.9686887, 39.9754225 ], [ -82.9685534, 39.9754168 ] ] ] } },
{ "type": "Feature", "properties": { "@id": "way/919166147", "amenity": null, "building": "residential", "name": null, "GEOID": "39049002900" }, "geometry": { "type": "Polygon", "coordinates": [ [ [ -82.9729163, 39.9757323 ], [ -82.9729626, 39.9757269 ], [ -82.9729581, 39.9757047 ], [ -82.9730196, 39.9756974 ], [ -82.9730246, 39.9757221 ], [ -82.9730572, 39.9757182 ], [ -82.9730742, 39.9758029 ], [ -82.9729338, 39.9758195 ], [ -82.9729163, 39.9757323 ] ] ] } },
{ "type": "Feature", "properties": { "@id": "way/919166149", "amenity": null, "building": "residential", "name": null, "GEOID": "39049002900" }, "geometry": { "type": "Polygon", "coordinates": [ [ [ -82.9732841, 39.9763867 ], [ -82.9733657, 39.9762994 ], [ -82.9734593, 39.9763507 ], [ -82.9734377, 39.9763738 ], [ -82.9734589, 39.9763855 ], [ -82.9734237, 39.9764232 ], [ -82.9734035, 39.9764121 ], [ -82.9733787, 39.9764387 ], [ -82.9732841, 39.9763867 ] ] ] } },
{ "type": "Feature", "properties": { "@id": "way/919166150", "amenity": null, "building": "residential", "name": null, "GEOID": "39049002900" }, "geometry": { "type": "Polygon", "coordinates": [ [ [ -82.9708515, 39.9742356 ], [ -82.9708295, 39.9741619 ], [ -82.9708774, 39.9741535 ], [ -82.9708712, 39.9741326 ], [ -82.9709128, 39.9741254 ], [ -82.9709413, 39.974221 ], [ -82.9709334, 39.9742224 ], [ -82.9709394, 39.9742427 ], [ -82.9708641, 39.9742559 ], [ -82.9708578, 39.9742345 ], [ -82.9708515, 39.9742356 ] ] ] } },
{ "type": "Feature", "properties": { "@id": "way/919166152", "amenity": null, "building": "residential", "name": null, "GEOID": "39049002900" }, "geometry": { "type": "Polygon", "coordinates": [ [ [ -82.9726788, 39.9758195 ], [ -82.9726858, 39.975737 ], [ -82.9727282, 39.9757391 ], [ -82.9727295, 39.9757239 ], [ -82.9727837, 39.9757265 ], [ -82.9727821, 39.9757446 ], [ -82.972832, 39.9757471 ], [ -82.9728253, 39.9758267 ], [ -82.9726788, 39.9758195 ] ] ] } },
{ "type": "Feature", "properties": { "@id": "way/919166153", "amenity": null, "building": "residential", "name": null, "GEOID": "39049002900" }, "geometry": { "type": "Polygon", "coordinates": [ [ [ -82.97171, 39.9748046 ], [ -82.9717172, 39.9746898 ], [ -82.9718319, 39.974694 ], [ -82.9718294, 39.9747341 ], [ -82.9718631, 39.9747353 ], [ -82.9718605, 39.9747767 ], [ -82.9718292, 39.9747756 ], [ -82.9718272, 39.9748089 ], [ -82.97171, 39.9748046 ] ] ] } },
{ "type": "Feature", "properties": { "@id": "way/919166155", "amenity": null, "building": "residential", "name": null, "GEOID": "39049002800" }, "geometry": { "type": "Polygon", "coordinates": [ [ [ -82.9691499, 39.9777585 ], [ -82.9691568, 39.9776816 ], [ -82.9692409, 39.9776861 ], [ -82.9692382, 39.9777165 ], [ -82.9692527, 39.9777173 ], [ -82.969251, 39.9777359 ], [ -82.9692379, 39.9777352 ], [ -82.9692354, 39.977763 ], [ -82.9691499, 39.9777585 ] ] ] } },
{ "type": "Feature", "properties": { "@id": "way/919166157", "amenity": null, "building": "residential", "name": null, "GEOID": "39049002800" }, "geometry": { "type": "Polygon", "coordinates": [ [ [ -82.968809, 39.9739237 ], [ -82.9688649, 39.9739136 ], [ -82.9688708, 39.9739329 ], [ -82.9689113, 39.9739256 ], [ -82.9689376, 39.9740113 ], [ -82.9689284, 39.974013 ], [ -82.9689359, 39.9740372 ], [ -82.9688924, 39.974045 ], [ -82.9688971, 39.9740604 ], [ -82.9688534, 39.9740683 ], [ -82.968809, 39.9739237 ] ] ] } },
{ "type": "Feature", "properties": { "@id": "way/919166158", "amenity": null, "building": "residential", "name": null, "GEOID": "39049002900" }, "geometry": { "type": "Polygon", "coordinates": [ [ [ -82.9742852, 39.9775821 ], [ -82.9742921, 39.9774957 ], [ -82.9743339, 39.9774977 ], [ -82.9743354, 39.9774792 ], [ -82.9743929, 39.9774819 ], [ -82.9743914, 39.9775002 ], [ -82.9744338, 39.9775022 ], [ -82.9744269, 39.9775888 ], [ -82.9742852, 39.9775821 ] ] ] } },
{ "type": "Feature", "properties": { "@id": "way/919166159", "amenity": null, "building": "residential", "name": null, "GEOID": "39049002800" }, "geometry": { "type": "Polygon", "coordinates": [ [ [ -82.9695131, 39.9743409 ], [ -82.9695247, 39.9743389 ], [ -82.9695203, 39.9743241 ], [ -82.969551, 39.9743187 ], [ -82.9695549, 39.9743319 ], [ -82.9695758, 39.9743283 ], [ -82.9695721, 39.974316 ], [ -82.9696094, 39.9743095 ], [ -82.9696138, 39.9743242 ], [ -82.969622, 39.9743228 ], [ -82.9696564, 39.9744382 ], [ -82.9696475, 39.9744397 ], [ -82.9696529, 39.974458 ], [ -82.9695619, 39.974474 ], [ -82.9695565, 39.9744557 ], [ -82.9695479, 39.9744572 ], [ -82.9695131, 39.9743409 ] ] ] } },
{ "type": "Feature", "properties": { "@id": "way/919166160", "amenity": null, "building": "residential", "name": null, "GEOID": "39049002900" }, "geometry": { "type": "Polygon", "coordinates": [ [ [ -82.971041, 39.9750655 ], [ -82.9710436, 39.9750346 ], [ -82.9710162, 39.9750332 ], [ -82.97102, 39.9749892 ], [ -82.9710416, 39.9749902 ], [ -82.9710449, 39.9749513 ], [ -82.9711562, 39.9749568 ], [ -82.9711465, 39.9750707 ], [ -82.971041, 39.9750655 ] ] ] } },
{ "type": "Feature", "properties": { "@id": "way/919166161", "amenity": null, "building": "residential", "name": null, "GEOID": "39049002900" }, "geometry": { "type": "Polygon", "coordinates": [ [ [ -82.9706847, 39.9732895 ], [ -82.9707103, 39.973285 ], [ -82.9707011, 39.9732541 ], [ -82.9708006, 39.9732365 ], [ -82.9708215, 39.9733061 ], [ -82.9707854, 39.9733125 ], [ -82.9707879, 39.9733209 ], [ -82.9707686, 39.9733243 ], [ -82.9707663, 39.9733166 ], [ -82.9706966, 39.9733289 ], [ -82.9706847, 39.9732895 ] ] ] } },
{ "type": "Feature", "properties": { "@id": "way/919166162", "amenity": null, "building": "residential", "name": null, "GEOID": "39049002800" }, "geometry": { "type": "Polygon", "coordinates": [ [ [ -82.9684293, 39.9776928 ], [ -82.9684317, 39.9776667 ], [ -82.9684187, 39.977666 ], [ -82.9684205, 39.9776463 ], [ -82.9684321, 39.9776469 ], [ -82.9684353, 39.9776123 ], [ -82.9685664, 39.9776193 ], [ -82.968559, 39.9776998 ], [ -82.9684293, 39.9776928 ] ] ] } },
{ "type": "Feature", "properties": { "@id": "way/919166165", "amenity": null, "building": "residential", "name": null, "GEOID": "39049002900" }, "geometry": { "type": "Polygon", "coordinates": [ [ [ -82.9704938, 39.9763054 ], [ -82.9704974, 39.9762529 ], [ -82.9705813, 39.9762563 ], [ -82.9705809, 39.9762627 ], [ -82.9706001, 39.9762634 ], [ -82.9705972, 39.9763052 ], [ -82.9705781, 39.9763044 ], [ -82.9705778, 39.9763088 ], [ -82.9704938, 39.9763054 ] ] ] } },
{ "type": "Feature", "properties": { "@id": "way/919166166", "amenity": null, "building": "residential", "name": null, "GEOID": "39049002900" }, "geometry": { "type": "Polygon", "coordinates": [ [ [ -82.9720588, 39.9726587 ], [ -82.9720423, 39.9726618 ], [ -82.9720481, 39.9726805 ], [ -82.9719692, 39.972695 ], [ -82.9719631, 39.9726757 ], [ -82.9719503, 39.9726781 ], [ -82.9719007, 39.9725193 ], [ -82.972009, 39.9724994 ], [ -82.9720588, 39.9726587 ] ] ] } },
{ "type": "Feature", "properties": { "@id": "way/919166167", "amenity": null, "building": "residential", "name": null, "GEOID": "39049002800" }, "geometry": { "type": "Polygon", "coordinates": [ [ [ -82.9683737, 39.9784115 ], [ -82.9683778, 39.9783752 ], [ -82.9683485, 39.9783733 ], [ -82.9683554, 39.9783131 ], [ -82.9683778, 39.9783146 ], [ -82.9683793, 39.9783017 ], [ -82.9684999, 39.9783098 ], [ -82.9684925, 39.978375 ], [ -82.9684699, 39.9783735 ], [ -82.9684649, 39.9784176 ], [ -82.9683737, 39.9784115 ] ] ] } },
{ "type": "Feature", "properties": { "@id": "way/919166170", "amenity": null, "building": "residential", "name": null, "GEOID": "39049002800" }, "geometry": { "type": "Polygon", "coordinates": [ [ [ -82.9691844, 39.9739717 ], [ -82.9691779, 39.9739728 ], [ -82.9691509, 39.9738804 ], [ -82.9691545, 39.9738798 ], [ -82.9691498, 39.973864 ], [ -82.9692348, 39.9738494 ], [ -82.9692394, 39.9738653 ], [ -82.9692434, 39.9738646 ], [ -82.9692708, 39.9739589 ], [ -82.9692397, 39.9739642 ], [ -82.9692468, 39.9739886 ], [ -82.969192, 39.9739979 ], [ -82.9691844, 39.9739717 ] ] ] } },
{ "type": "Feature", "properties": { "@id": "way/919166171", "amenity": null, "building": "residential", "name": null, "GEOID": "39049002900" }, "geometry": { "type": "Polygon", "coordinates": [ [ [ -82.9721237, 39.977441 ], [ -82.9721298, 39.9773516 ], [ -82.9721739, 39.9773534 ], [ -82.9721751, 39.9773361 ], [ -82.9722302, 39.9773383 ], [ -82.9722289, 39.9773584 ], [ -82.9722693, 39.97736 ], [ -82.9722633, 39.9774466 ], [ -82.9721237, 39.977441 ] ] ] } },
{ "type": "Feature", "properties": { "@id": "way/919166172", "amenity": null, "building": "residential", "name": null, "GEOID": "39049002900" }, "geometry": { "type": "Polygon", "coordinates": [ [ [ -82.9732865, 39.9770445 ], [ -82.973295, 39.9769336 ], [ -82.9733971, 39.9769382 ], [ -82.9733945, 39.9769722 ], [ -82.9734174, 39.9769732 ], [ -82.9734141, 39.9770169 ], [ -82.9733915, 39.9770159 ], [ -82.973389, 39.9770491 ], [ -82.9732865, 39.9770445 ] ] ] } },
{ "type": "Feature", "properties": { "@id": "way/919166173", "amenity": null, "building": "residential", "name": null, "GEOID": "39049002800" }, "geometry": { "type": "Polygon", "coordinates": [ [ [ -82.9691774, 39.9736283 ], [ -82.9691838, 39.9736511 ], [ -82.9691006, 39.9736649 ], [ -82.9690941, 39.9736421 ], [ -82.9690868, 39.9736433 ], [ -82.9690621, 39.9735558 ], [ -82.9691597, 39.9735396 ], [ -82.9691844, 39.9736271 ], [ -82.9691774, 39.9736283 ] ] ] } },
{ "type": "Feature", "properties": { "@id": "way/919166174", "amenity": null, "building": "residential", "name": null, "GEOID": "39049002800" }, "geometry": { "type": "Polygon", "coordinates": [ [ [ -82.9692045, 39.9744414 ], [ -82.9692315, 39.9744366 ], [ -82.9692277, 39.9744242 ], [ -82.9692797, 39.9744149 ], [ -82.9692843, 39.9744299 ], [ -82.9692968, 39.9744277 ], [ -82.969325, 39.9745203 ], [ -82.9692334, 39.9745367 ], [ -82.9692045, 39.9744414 ] ] ] } },
{ "type": "Feature", "properties": { "@id": "way/919166176", "amenity": null, "building": "residential", "name": null, "GEOID": "39049002900" }, "geometry": { "type": "Polygon", "coordinates": [ [ [ -82.9697385, 39.9759782 ], [ -82.969739, 39.9759727 ], [ -82.9697085, 39.9759709 ], [ -82.9697151, 39.9759036 ], [ -82.9697443, 39.9759053 ], [ -82.969745, 39.9758986 ], [ -82.9698594, 39.9759052 ], [ -82.9698559, 39.9759409 ], [ -82.9698823, 39.9759424 ], [ -82.969878, 39.9759863 ], [ -82.9697385, 39.9759782 ] ] ] } },
{ "type": "Feature", "properties": { "@id": "way/919166178", "amenity": null, "building": "residential", "name": null, "GEOID": "39049002900" }, "geometry": { "type": "Polygon", "coordinates": [ [ [ -82.9725523, 39.9774598 ], [ -82.9725585, 39.9773767 ], [ -82.9726023, 39.9773786 ], [ -82.9726035, 39.9773634 ], [ -82.9726583, 39.9773658 ], [ -82.9726569, 39.9773849 ], [ -82.9726994, 39.9773867 ], [ -82.9726935, 39.9774659 ], [ -82.9725523, 39.9774598 ] ] ] } },
{ "type": "Feature", "properties": { "@id": "way/919166179", "amenity": null, "building": "residential", "name": null, "GEOID": "39049002900" }, "geometry": { "type": "Polygon", "coordinates": [ [ [ -82.9727619, 39.977466 ], [ -82.972768, 39.9773826 ], [ -82.9729022, 39.9773884 ], [ -82.9728961, 39.9774718 ], [ -82.9727619, 39.977466 ] ] ] } },
{ "type": "Feature", "properties": { "@id": "way/919166180", "amenity": null, "building": "residential", "name": null, "GEOID": "39049002900" }, "geometry": { "type": "Polygon", "coordinates": [ [ [ -82.9708879, 39.9732808 ], [ -82.9708564, 39.9732866 ], [ -82.9708241, 39.9731832 ], [ -82.9708722, 39.9731744 ], [ -82.9708765, 39.9731882 ], [ -82.970927, 39.9731789 ], [ -82.9709542, 39.9732657 ], [ -82.9709211, 39.9732718 ], [ -82.9709267, 39.9732899 ], [ -82.9708927, 39.9732962 ], [ -82.9708879, 39.9732808 ] ] ] } },
{ "type": "Feature", "properties": { "@id": "way/919166181", "amenity": null, "building": "residential", "name": null, "GEOID": "39049002900" }, "geometry": { "type": "Polygon", "coordinates": [ [ [ -82.9743341, 39.9763286 ], [ -82.9743385, 39.9763066 ], [ -82.9742972, 39.9763017 ], [ -82.9743147, 39.9762154 ], [ -82.9744594, 39.9762326 ], [ -82.9744418, 39.9763197 ], [ -82.9743984, 39.9763146 ], [ -82.9743942, 39.9763358 ], [ -82.9743341, 39.9763286 ] ] ] } },
{ "type": "Feature", "properties": { "@id": "way/919166182", "amenity": null, "building": "residential", "name": null, "GEOID": "39049002900" }, "geometry": { "type": "Polygon", "coordinates": [ [ [ -82.9704074, 39.9742332 ], [ -82.9704195, 39.9742311 ], [ -82.9704104, 39.9742002 ], [ -82.9704275, 39.9741973 ], [ -82.9704215, 39.9741768 ], [ -82.9704657, 39.9741692 ], [ -82.9704722, 39.9741912 ], [ -82.970485, 39.974189 ], [ -82.9705181, 39.9743021 ], [ -82.970432, 39.9743169 ], [ -82.9704074, 39.9742332 ] ] ] } },
{ "type": "Feature", "properties": { "@id": "way/919166183", "amenity": null, "building": "residential", "name": null, "GEOID": "39049002900" }, "geometry": { "type": "Polygon", "coordinates": [ [ [ -82.971939, 39.9770979 ], [ -82.9719404, 39.9770791 ], [ -82.97189, 39.977077 ], [ -82.9718958, 39.976998 ], [ -82.9720428, 39.9770044 ], [ -82.972037, 39.977083 ], [ -82.9720022, 39.9770815 ], [ -82.9720008, 39.9771006 ], [ -82.971939, 39.9770979 ] ] ] } },
{ "type": "Feature", "properties": { "@id": "way/919166184", "amenity": null, "building": "residential", "name": null, "GEOID": "39049002900" }, "geometry": { "type": "Polygon", "coordinates": [ [ [ -82.9721329, 39.9752632 ], [ -82.9721359, 39.9752302 ], [ -82.9721108, 39.9752289 ], [ -82.9721151, 39.9751819 ], [ -82.9721425, 39.9751833 ], [ -82.9721458, 39.9751468 ], [ -82.9722623, 39.975153 ], [ -82.9722518, 39.9752696 ], [ -82.9721329, 39.9752632 ] ] ] } },
{ "type": "Feature", "properties": { "@id": "way/919166185", "amenity": null, "building": "residential", "name": null, "GEOID": "39049002900" }, "geometry": { "type": "Polygon", "coordinates": [ [ [ -82.9697153, 39.9760595 ], [ -82.9697198, 39.9759977 ], [ -82.9699012, 39.9760054 ], [ -82.9699003, 39.9760182 ], [ -82.9699184, 39.976019 ], [ -82.9699168, 39.9760405 ], [ -82.9698993, 39.9760398 ], [ -82.9698973, 39.9760672 ], [ -82.9697153, 39.9760595 ] ] ] } },
{ "type": "Feature", "properties": { "@id": "way/919166189", "amenity": null, "building": "residential", "name": null, "GEOID": "39049002800" }, "geometry": { "type": "Polygon", "coordinates": [ [ [ -82.9684246, 39.9775771 ], [ -82.9684302, 39.9775115 ], [ -82.9684403, 39.977512 ], [ -82.9684412, 39.9775017 ], [ -82.9684673, 39.977503 ], [ -82.9684664, 39.9775134 ], [ -82.9685324, 39.9775167 ], [ -82.9685267, 39.9775823 ], [ -82.9684246, 39.9775771 ] ] ] } },
{ "type": "Feature", "properties": { "@id": "way/919166190", "amenity": null, "building": "residential", "name": null, "GEOID": "39049002900" }, "geometry": { "type": "Polygon", "coordinates": [ [ [ -82.9697409, 39.9758818 ], [ -82.9697454, 39.9758148 ], [ -82.9698612, 39.9758193 ], [ -82.9698567, 39.9758863 ], [ -82.9697409, 39.9758818 ] ] ] } },
{ "type": "Feature", "properties": { "@id": "way/919166191", "amenity": null, "building": "residential", "name": null, "GEOID": "39049002800" }, "geometry": { "type": "Polygon", "coordinates": [ [ [ -82.9692425, 39.974917 ], [ -82.9692495, 39.9747877 ], [ -82.9693387, 39.9747905 ], [ -82.9693318, 39.9749199 ], [ -82.9692425, 39.974917 ] ] ] } },
{ "type": "Feature", "properties": { "@id": "way/919166192", "amenity": null, "building": "residential", "name": null, "GEOID": "39049002900" }, "geometry": { "type": "Polygon", "coordinates": [ [ [ -82.9745295, 39.9776468 ], [ -82.9745378, 39.9775375 ], [ -82.9746504, 39.9775426 ], [ -82.9746479, 39.9775753 ], [ -82.9746775, 39.9775766 ], [ -82.9746742, 39.9776199 ], [ -82.9746495, 39.9776188 ], [ -82.9746469, 39.977652 ], [ -82.9745295, 39.9776468 ] ] ] } },
{ "type": "Feature", "properties": { "@id": "way/919166193", "amenity": null, "building": "residential", "name": null, "GEOID": "39049002800" }, "geometry": { "type": "Polygon", "coordinates": [ [ [ -82.9691812, 39.976986 ], [ -82.9691866, 39.9769248 ], [ -82.9693565, 39.9769336 ], [ -82.9693511, 39.9769949 ], [ -82.9691812, 39.976986 ] ] ] } },
{ "type": "Feature", "properties": { "@id": "way/919166194", "amenity": null, "building": "residential", "name": null, "GEOID": "39049002800" }, "geometry": { "type": "Polygon", "coordinates": [ [ [ -82.9696306, 39.9738383 ], [ -82.9696613, 39.9738329 ], [ -82.9696575, 39.9738205 ], [ -82.9696944, 39.973814 ], [ -82.9696978, 39.9738251 ], [ -82.9697283, 39.9738196 ], [ -82.9697492, 39.9738884 ], [ -82.9696994, 39.9738973 ], [ -82.9697015, 39.9739041 ], [ -82.9696532, 39.9739127 ], [ -82.9696306, 39.9738383 ] ] ] } },
{ "type": "Feature", "properties": { "@id": "way/919166195", "amenity": null, "building": "residential", "name": null, "GEOID": "39049002900" }, "geometry": { "type": "Polygon", "coordinates": [ [ [ -82.9728927, 39.9742691 ], [ -82.9729032, 39.9741658 ], [ -82.9730075, 39.9741721 ], [ -82.9729969, 39.9742754 ], [ -82.9728927, 39.9742691 ] ] ] } },
{ "type": "Feature", "properties": { "@id": "way/919166196", "amenity": null, "building": "residential", "name": null, "GEOID": "39049002900" }, "geometry": { "type": "Polygon", "coordinates": [ [ [ -82.9739193, 39.9772011 ], [ -82.9739255, 39.9771163 ], [ -82.9740594, 39.977122 ], [ -82.9740532, 39.9772069 ], [ -82.9739193, 39.9772011 ] ] ] } },
{ "type": "Feature", "properties": { "@id": "way/919166197", "amenity": null, "building": "residential", "name": null, "GEOID": "39049002900" }, "geometry": { "type": "Polygon", "coordinates": [ [ [ -82.9724639, 39.9758131 ], [ -82.9724704, 39.9757307 ], [ -82.9725129, 39.9757327 ], [ -82.9725142, 39.9757168 ], [ -82.9725697, 39.9757194 ], [ -82.9725682, 39.9757383 ], [ -82.9726124, 39.9757403 ], [ -82.9726061, 39.9758197 ], [ -82.9724639, 39.9758131 ] ] ] } },
{ "type": "Feature", "properties": { "@id": "way/919166198", "amenity": null, "building": "residential", "name": null, "GEOID": "39049002800" }, "geometry": { "type": "Polygon", "coordinates": [ [ [ -82.9691825, 39.9775101 ], [ -82.9691887, 39.9774368 ], [ -82.9692708, 39.9774409 ], [ -82.9692646, 39.9775142 ], [ -82.9691825, 39.9775101 ] ] ] } },
{ "type": "Feature", "properties": { "@id": "way/919166201", "amenity": null, "building": "residential", "name": null, "GEOID": "39049002900" }, "geometry": { "type": "Polygon", "coordinates": [ [ [ -82.9718621, 39.9731723 ], [ -82.9718568, 39.9731732 ], [ -82.9718266, 39.9730759 ], [ -82.9719148, 39.9730598 ], [ -82.9719448, 39.9731567 ], [ -82.9719399, 39.9731576 ], [ -82.9719456, 39.9731761 ], [ -82.9718677, 39.9731903 ], [ -82.9718621, 39.9731723 ] ] ] } },
{ "type": "Feature", "properties": { "@id": "way/919166202", "amenity": null, "building": "residential", "name": null, "GEOID": "39049002900" }, "geometry": { "type": "Polygon", "coordinates": [ [ [ -82.9721486, 39.9770925 ], [ -82.9721498, 39.9770749 ], [ -82.9721039, 39.9770729 ], [ -82.9721096, 39.9769929 ], [ -82.9722588, 39.9769991 ], [ -82.9722531, 39.9770789 ], [ -82.9722084, 39.977077 ], [ -82.9722071, 39.977095 ], [ -82.9721486, 39.9770925 ] ] ] } },
{ "type": "Feature", "properties": { "@id": "way/919166203", "amenity": null, "building": "residential", "name": null, "GEOID": "39049002900" }, "geometry": { "type": "Polygon", "coordinates": [ [ [ -82.969648, 39.9773516 ], [ -82.969653, 39.9772764 ], [ -82.9697919, 39.9772818 ], [ -82.9697901, 39.9773103 ], [ -82.9697385, 39.9773083 ], [ -82.9697355, 39.977355 ], [ -82.969648, 39.9773516 ] ] ] } },
{ "type": "Feature", "properties": { "@id": "way/919166205", "amenity": null, "building": "residential", "name": null, "GEOID": "39049002900" }, "geometry": { "type": "Polygon", "coordinates": [ [ [ -82.9703355, 39.9743064 ], [ -82.9703207, 39.974309 ], [ -82.970295, 39.9742223 ], [ -82.9703413, 39.9742142 ], [ -82.9703363, 39.9741971 ], [ -82.9703762, 39.9741902 ], [ -82.9704144, 39.9743191 ], [ -82.9703429, 39.9743316 ], [ -82.9703355, 39.9743064 ] ] ] } },
{ "type": "Feature", "properties": { "@id": "way/919166206", "amenity": null, "building": "residential", "name": null, "GEOID": "39049002800" }, "geometry": { "type": "Polygon", "coordinates": [ [ [ -82.9692882, 39.9756963 ], [ -82.9692927, 39.975637 ], [ -82.9694533, 39.9756441 ], [ -82.9694488, 39.9757034 ], [ -82.9692882, 39.9756963 ] ] ] } },
{ "type": "Feature", "properties": { "@id": "way/919166207", "amenity": null, "building": "residential", "name": null, "GEOID": "39049002800" }, "geometry": { "type": "Polygon", "coordinates": [ [ [ -82.9691808, 39.9772374 ], [ -82.9691828, 39.9772159 ], [ -82.9691513, 39.9772143 ], [ -82.9691546, 39.9771774 ], [ -82.9691883, 39.9771792 ], [ -82.9691895, 39.977166 ], [ -82.9693301, 39.9771734 ], [ -82.9693236, 39.977245 ], [ -82.9691808, 39.9772374 ] ] ] } },
{ "type": "Feature", "properties": { "@id": "way/919166209", "amenity": null, "building": "residential", "name": null, "GEOID": "39049002900" }, "geometry": { "type": "Polygon", "coordinates": [ [ [ -82.9730413, 39.9771374 ], [ -82.9730427, 39.9771199 ], [ -82.9730006, 39.9771179 ], [ -82.9730069, 39.9770388 ], [ -82.9731505, 39.9770455 ], [ -82.9731441, 39.9771253 ], [ -82.9731008, 39.9771233 ], [ -82.9730994, 39.9771401 ], [ -82.9730413, 39.9771374 ] ] ] } },
{ "type": "Feature", "properties": { "@id": "way/919166210", "amenity": null, "building": "residential", "name": null, "GEOID": "39049002900" }, "geometry": { "type": "Polygon", "coordinates": [ [ [ -82.9745673, 39.9772041 ], [ -82.9745755, 39.9770951 ], [ -82.9746867, 39.9771001 ], [ -82.9746842, 39.9771329 ], [ -82.9747123, 39.9771342 ], [ -82.974709, 39.9771781 ], [ -82.9746818, 39.9771769 ], [ -82.9746794, 39.9772092 ], [ -82.9745673, 39.9772041 ] ] ] } },
{ "type": "Feature", "properties": { "@id": "way/919166211", "amenity": null, "building": "residential", "name": null, "GEOID": "39049002800" }, "geometry": { "type": "Polygon", "coordinates": [ [ [ -82.9692589, 39.9764929 ], [ -82.969265, 39.9764251 ], [ -82.9693889, 39.9764317 ], [ -82.9693827, 39.9764995 ], [ -82.9692589, 39.9764929 ] ] ] } },
{ "type": "Feature", "properties": { "@id": "way/919166213", "amenity": null, "building": "residential", "name": null, "GEOID": "39049002900" }, "geometry": { "type": "Polygon", "coordinates": [ [ [ -82.9716946, 39.9749843 ], [ -82.9717016, 39.9748703 ], [ -82.9718051, 39.974874 ], [ -82.9718027, 39.9749131 ], [ -82.9718304, 39.9749141 ], [ -82.9718285, 39.9749453 ], [ -82.9718055, 39.9749445 ], [ -82.9718028, 39.9749882 ], [ -82.9716946, 39.9749843 ] ] ] } },
{ "type": "Feature", "properties": { "@id": "way/919166215", "amenity": null, "building": "residential", "name": null, "GEOID": "39049002900" }, "geometry": { "type": "Polygon", "coordinates": [ [ [ -82.9721912, 39.9747308 ], [ -82.9721932, 39.9746961 ], [ -82.9721681, 39.9746952 ], [ -82.9721714, 39.9746408 ], [ -82.9721956, 39.9746416 ], [ -82.9721973, 39.9746133 ], [ -82.9723068, 39.9746171 ], [ -82.9722997, 39.9747346 ], [ -82.9721912, 39.9747308 ] ] ] } },
{ "type": "Feature", "properties": { "@id": "way/919166216", "amenity": null, "building": "residential", "name": null, "GEOID": "39049002900" }, "geometry": { "type": "Polygon", "coordinates": [ [ [ -82.9731864, 39.9774994 ], [ -82.9732074, 39.9774207 ], [ -82.9732476, 39.977427 ], [ -82.973252, 39.9774106 ], [ -82.9733074, 39.9774192 ], [ -82.973303, 39.9774356 ], [ -82.9733496, 39.9774429 ], [ -82.9733286, 39.9775217 ], [ -82.9731864, 39.9774994 ] ] ] } },
{ "type": "Feature", "properties": { "@id": "way/919166217", "amenity": null, "building": "residential", "name": null, "GEOID": "39049002900" }, "geometry": { "type": "Polygon", "coordinates": [ [ [ -82.9735874, 39.9763059 ], [ -82.9735449, 39.9763085 ], [ -82.9735356, 39.976219 ], [ -82.9736826, 39.97621 ], [ -82.9736918, 39.9762994 ], [ -82.9736469, 39.9763021 ], [ -82.973649, 39.9763222 ], [ -82.9735894, 39.9763258 ], [ -82.9735874, 39.9763059 ] ] ] } },
{ "type": "Feature", "properties": { "@id": "way/919166218", "amenity": null, "building": "residential", "name": null, "GEOID": "39049002900" }, "geometry": { "type": "Polygon", "coordinates": [ [ [ -82.9734086, 39.9775342 ], [ -82.9734231, 39.9774444 ], [ -82.9734698, 39.9774488 ], [ -82.9734726, 39.9774317 ], [ -82.9735283, 39.977437 ], [ -82.9735248, 39.9774583 ], [ -82.9735656, 39.9774622 ], [ -82.9735518, 39.9775478 ], [ -82.9734086, 39.9775342 ] ] ] } },
{ "type": "Feature", "properties": { "@id": "way/919166219", "amenity": null, "building": "residential", "name": null, "GEOID": "39049002800" }, "geometry": { "type": "Polygon", "coordinates": [ [ [ -82.9685229, 39.9764843 ], [ -82.9685253, 39.9764584 ], [ -82.9685119, 39.9764577 ], [ -82.9685137, 39.9764376 ], [ -82.9685276, 39.9764383 ], [ -82.9685303, 39.9764095 ], [ -82.9686194, 39.9764143 ], [ -82.9686126, 39.9764891 ], [ -82.9685229, 39.9764843 ] ] ] } },
{ "type": "Feature", "properties": { "@id": "way/919166220", "amenity": null, "building": "residential", "name": null, "GEOID": "39049002900" }, "geometry": { "type": "Polygon", "coordinates": [ [ [ -82.9716748, 39.977438 ], [ -82.9716757, 39.9773576 ], [ -82.9717242, 39.9773579 ], [ -82.9717243, 39.9773421 ], [ -82.97178, 39.9773425 ], [ -82.9717798, 39.9773613 ], [ -82.9718213, 39.9773616 ], [ -82.9718204, 39.977439 ], [ -82.9716748, 39.977438 ] ] ] } },
{ "type": "Feature", "properties": { "@id": "way/919166224", "amenity": null, "building": "residential", "name": null, "GEOID": "39049002800" }, "geometry": { "type": "Polygon", "coordinates": [ [ [ -82.9684182, 39.9778098 ], [ -82.9684248, 39.9777316 ], [ -82.9685126, 39.9777359 ], [ -82.968506, 39.9778142 ], [ -82.9684182, 39.9778098 ] ] ] } },
{ "type": "Feature", "properties": { "@id": "way/919166225", "amenity": null, "building": "residential", "name": null, "GEOID": "39049002900" }, "geometry": { "type": "Polygon", "coordinates": [ [ [ -82.9740663, 39.9763443 ], [ -82.9740678, 39.9763246 ], [ -82.9740247, 39.9763226 ], [ -82.9740315, 39.9762343 ], [ -82.9741736, 39.9762407 ], [ -82.9741667, 39.9763307 ], [ -82.9741259, 39.9763289 ], [ -82.9741245, 39.976347 ], [ -82.9740663, 39.9763443 ] ] ] } },
{ "type": "Feature", "properties": { "@id": "way/919166226", "amenity": null, "building": "residential", "name": null, "GEOID": "39049002900" }, "geometry": { "type": "Polygon", "coordinates": [ [ [ -82.9696648, 39.9769649 ], [ -82.9696689, 39.9769045 ], [ -82.9698192, 39.9769106 ], [ -82.9698151, 39.976971 ], [ -82.9696648, 39.9769649 ] ] ] } },
{ "type": "Feature", "properties": { "@id": "way/919166227", "amenity": null, "building": "residential", "name": null, "GEOID": "39049002900" }, "geometry": { "type": "Polygon", "coordinates": [ [ [ -82.9712261, 39.9774098 ], [ -82.9712321, 39.9773293 ], [ -82.9712798, 39.9773313 ], [ -82.9712807, 39.9773184 ], [ -82.9713361, 39.9773208 ], [ -82.971335, 39.9773363 ], [ -82.9713732, 39.977338 ], [ -82.9713674, 39.977416 ], [ -82.9712261, 39.9774098 ] ] ] } },
{ "type": "Feature", "properties": { "@id": "way/919166228", "amenity": null, "building": "residential", "name": null, "GEOID": "39049002800" }, "geometry": { "type": "Polygon", "coordinates": [ [ [ -82.9699114, 39.9737893 ], [ -82.9699446, 39.9737837 ], [ -82.9699412, 39.9737719 ], [ -82.9699659, 39.9737678 ], [ -82.9699693, 39.9737797 ], [ -82.9700085, 39.9737732 ], [ -82.9700272, 39.9738385 ], [ -82.969977, 39.9738469 ], [ -82.9699798, 39.9738567 ], [ -82.9699329, 39.9738646 ], [ -82.9699114, 39.9737893 ] ] ] } },
{ "type": "Feature", "properties": { "@id": "way/919166229", "amenity": null, "building": "residential", "name": null, "GEOID": "39049002900" }, "geometry": { "type": "Polygon", "coordinates": [ [ [ -82.9704704, 39.9736551 ], [ -82.9705466, 39.9736428 ], [ -82.9705816, 39.9737695 ], [ -82.9705054, 39.9737819 ], [ -82.9704704, 39.9736551 ] ] ] } },
{ "type": "Feature", "properties": { "@id": "way/919166232", "amenity": null, "building": "residential", "name": null, "GEOID": "39049002800" }, "geometry": { "type": "Polygon", "coordinates": [ [ [ -82.9693127, 39.9757854 ], [ -82.969318, 39.9757146 ], [ -82.9694437, 39.9757202 ], [ -82.9694384, 39.975791 ], [ -82.9693127, 39.9757854 ] ] ] } },
{ "type": "Feature", "properties": { "@id": "way/919166235", "amenity": null, "building": "residential", "name": null, "GEOID": "39049002900" }, "geometry": { "type": "Polygon", "coordinates": [ [ [ -82.97035, 39.9771299 ], [ -82.9703552, 39.9770589 ], [ -82.9705355, 39.9770667 ], [ -82.9705303, 39.9771376 ], [ -82.97035, 39.9771299 ] ] ] } },
{ "type": "Feature", "properties": { "@id": "way/919166236", "amenity": null, "building": "residential", "name": null, "GEOID": "39049002900" }, "geometry": { "type": "Polygon", "coordinates": [ [ [ -82.9728049, 39.9751291 ], [ -82.9728112, 39.9750222 ], [ -82.9729235, 39.975026 ], [ -82.9729215, 39.9750602 ], [ -82.9729441, 39.975061 ], [ -82.9729416, 39.9751035 ], [ -82.9729184, 39.9751027 ], [ -82.9729166, 39.9751329 ], [ -82.9728049, 39.9751291 ] ] ] } },
{ "type": "Feature", "properties": { "@id": "way/919166238", "amenity": null, "building": "residential", "name": null, "GEOID": "39049002900" }, "geometry": { "type": "Polygon", "coordinates": [ [ [ -82.9713463, 39.9732341 ], [ -82.9713308, 39.9732369 ], [ -82.9713187, 39.9731976 ], [ -82.9713265, 39.9731962 ], [ -82.9713138, 39.9731549 ], [ -82.9713766, 39.9731436 ], [ -82.9714136, 39.9732636 ], [ -82.9713585, 39.9732736 ], [ -82.9713463, 39.9732341 ] ] ] } },
{ "type": "Feature", "properties": { "@id": "way/919166239", "amenity": null, "building": "residential", "name": null, "GEOID": "39049002900" }, "geometry": { "type": "Polygon", "coordinates": [ [ [ -82.9716608, 39.9732046 ], [ -82.9716538, 39.9732058 ], [ -82.9716588, 39.9732228 ], [ -82.9716114, 39.973231 ], [ -82.9715636, 39.9730699 ], [ -82.9716472, 39.9730553 ], [ -82.9716508, 39.9730677 ], [ -82.9716763, 39.9730632 ], [ -82.9717206, 39.9732125 ], [ -82.9716659, 39.973222 ], [ -82.9716608, 39.9732046 ] ] ] } },
{ "type": "Feature", "properties": { "@id": "way/919166240", "amenity": null, "building": "residential", "name": null, "GEOID": "39049002800" }, "geometry": { "type": "Polygon", "coordinates": [ [ [ -82.9691474, 39.9768942 ], [ -82.9691521, 39.9768459 ], [ -82.9693562, 39.9768574 ], [ -82.969353, 39.9768902 ], [ -82.969333, 39.9768891 ], [ -82.9693315, 39.9769046 ], [ -82.9691474, 39.9768942 ] ] ] } },
{ "type": "Feature", "properties": { "@id": "way/919166241", "amenity": null, "building": "residential", "name": null, "GEOID": "39049002800" }, "geometry": { "type": "Polygon", "coordinates": [ [ [ -82.9693051, 39.9758667 ], [ -82.9693098, 39.9758012 ], [ -82.9694405, 39.9758067 ], [ -82.9694357, 39.9758723 ], [ -82.9693051, 39.9758667 ] ] ] } },
{ "type": "Feature", "properties": { "@id": "way/919166242", "amenity": null, "building": "residential", "name": null, "GEOID": "39049002800" }, "geometry": { "type": "Polygon", "coordinates": [ [ [ -82.9689386, 39.9739288 ], [ -82.968931, 39.9739036 ], [ -82.9690084, 39.9738898 ], [ -82.969016, 39.973915 ], [ -82.9690205, 39.9739142 ], [ -82.9690427, 39.9739872 ], [ -82.9689542, 39.974003 ], [ -82.968932, 39.97393 ], [ -82.9689386, 39.9739288 ] ] ] } },
{ "type": "Feature", "properties": { "@id": "way/919166246", "amenity": null, "building": "residential", "name": null, "GEOID": "39049002900" }, "geometry": { "type": "Polygon", "coordinates": [ [ [ -82.9739901, 39.9767543 ], [ -82.9739971, 39.9766641 ], [ -82.9740354, 39.9766659 ], [ -82.9740367, 39.9766481 ], [ -82.974096, 39.9766508 ], [ -82.9740945, 39.9766707 ], [ -82.9741401, 39.9766727 ], [ -82.9741333, 39.9767608 ], [ -82.9739901, 39.9767543 ] ] ] } },
{ "type": "Feature", "properties": { "@id": "way/919166247", "amenity": null, "building": "residential", "name": null, "GEOID": "39049002900" }, "geometry": { "type": "Polygon", "coordinates": [ [ [ -82.9716897, 39.9751516 ], [ -82.9716972, 39.975038 ], [ -82.971803, 39.9750421 ], [ -82.9718005, 39.9750808 ], [ -82.9718268, 39.9750818 ], [ -82.9718243, 39.9751202 ], [ -82.9717975, 39.9751191 ], [ -82.9717951, 39.9751557 ], [ -82.9716897, 39.9751516 ] ] ] } },
{ "type": "Feature", "properties": { "@id": "way/919166248", "amenity": null, "building": "residential", "name": null, "GEOID": "39049002900" }, "geometry": { "type": "Polygon", "coordinates": [ [ [ -82.971039, 39.974884 ], [ -82.9710416, 39.974849 ], [ -82.9710116, 39.9748477 ], [ -82.971015, 39.9748016 ], [ -82.9710454, 39.9748029 ], [ -82.9710481, 39.9747673 ], [ -82.9711656, 39.9747724 ], [ -82.9711569, 39.9748892 ], [ -82.971039, 39.974884 ] ] ] } },
{ "type": "Feature", "properties": { "@id": "way/919166249", "amenity": null, "building": "residential", "name": null, "GEOID": "39049002900" }, "geometry": { "type": "Polygon", "coordinates": [ [ [ -82.9728255, 39.9749657 ], [ -82.9728317, 39.9748588 ], [ -82.9729441, 39.9748626 ], [ -82.9729421, 39.9748968 ], [ -82.9729647, 39.9748976 ], [ -82.9729622, 39.9749401 ], [ -82.9729389, 39.9749393 ], [ -82.9729372, 39.9749695 ], [ -82.9728255, 39.9749657 ] ] ] } },
{ "type": "Feature", "properties": { "@id": "way/919166250", "amenity": null, "building": "residential", "name": null, "GEOID": "39049002800" }, "geometry": { "type": "Polygon", "coordinates": [ [ [ -82.9697683, 39.9752286 ], [ -82.9697728, 39.9751617 ], [ -82.969943, 39.9751684 ], [ -82.9699395, 39.975221 ], [ -82.9699095, 39.9752198 ], [ -82.9699085, 39.975234 ], [ -82.9697683, 39.9752286 ] ] ] } },
{ "type": "Feature", "properties": { "@id": "way/919166252", "amenity": null, "building": "residential", "name": null, "GEOID": "39049002900" }, "geometry": { "type": "Polygon", "coordinates": [ [ [ -82.9695796, 39.9779169 ], [ -82.9695818, 39.9778947 ], [ -82.9695624, 39.9778936 ], [ -82.9695655, 39.977862 ], [ -82.9695853, 39.9778631 ], [ -82.9695871, 39.9778441 ], [ -82.9697436, 39.977853 ], [ -82.9697418, 39.977872 ], [ -82.9697596, 39.977873 ], [ -82.9697544, 39.9779268 ], [ -82.9695796, 39.9779169 ] ] ] } },
{ "type": "Feature", "properties": { "@id": "way/919166253", "amenity": null, "building": "residential", "name": null, "GEOID": "39049002900" }, "geometry": { "type": "Polygon", "coordinates": [ [ [ -82.969675, 39.9767629 ], [ -82.9696796, 39.9766964 ], [ -82.9698394, 39.9767029 ], [ -82.9698349, 39.9767694 ], [ -82.969675, 39.9767629 ] ] ] } },
{ "type": "Feature", "properties": { "@id": "way/919166254", "amenity": null, "building": "residential", "name": null, "GEOID": "39049002800" }, "geometry": { "type": "Polygon", "coordinates": [ [ [ -82.9692959, 39.9739812 ], [ -82.9692602, 39.9738649 ], [ -82.969267, 39.9738637 ], [ -82.9692618, 39.9738467 ], [ -82.9693427, 39.9738321 ], [ -82.9693479, 39.9738491 ], [ -82.9693564, 39.9738476 ], [ -82.9693921, 39.9739639 ], [ -82.9692959, 39.9739812 ] ] ] } },
{ "type": "Feature", "properties": { "@id": "way/919166255", "amenity": null, "building": "residential", "name": null, "GEOID": "39049002800" }, "geometry": { "type": "Polygon", "coordinates": [ [ [ -82.9692602, 39.9767317 ], [ -82.969264, 39.9766888 ], [ -82.9693686, 39.9766943 ], [ -82.9693648, 39.9767371 ], [ -82.9692602, 39.9767317 ] ] ] } },
{ "type": "Feature", "properties": { "@id": "way/919166256", "amenity": null, "building": "residential", "name": null, "GEOID": "39049002900" }, "geometry": { "type": "Polygon", "coordinates": [ [ [ -82.9738542, 39.9775525 ], [ -82.9738599, 39.9774742 ], [ -82.9739025, 39.977476 ], [ -82.9739038, 39.9774591 ], [ -82.9739602, 39.9774615 ], [ -82.9739589, 39.9774792 ], [ -82.9740023, 39.9774811 ], [ -82.9739966, 39.9775587 ], [ -82.9738542, 39.9775525 ] ] ] } },
{ "type": "Feature", "properties": { "@id": "way/919166257", "amenity": null, "building": "residential", "name": null, "GEOID": "39049002800" }, "geometry": { "type": "Polygon", "coordinates": [ [ [ -82.9693395, 39.9753701 ], [ -82.9693402, 39.9753638 ], [ -82.9693201, 39.9753625 ], [ -82.9693254, 39.9753142 ], [ -82.9693451, 39.9753154 ], [ -82.9693459, 39.9753083 ], [ -82.9694569, 39.9753155 ], [ -82.9694562, 39.9753216 ], [ -82.9694773, 39.9753229 ], [ -82.9694721, 39.9753702 ], [ -82.9694523, 39.9753689 ], [ -82.9694514, 39.9753773 ], [ -82.9693395, 39.9753701 ] ] ] } },
{ "type": "Feature", "properties": { "@id": "way/919166258", "amenity": null, "building": "residential", "name": null, "GEOID": "39049002800" }, "geometry": { "type": "Polygon", "coordinates": [ [ [ -82.9697689, 39.9751421 ], [ -82.9697742, 39.9750741 ], [ -82.9699498, 39.975082 ], [ -82.9699459, 39.9751322 ], [ -82.9699153, 39.9751308 ], [ -82.969914, 39.9751487 ], [ -82.9697689, 39.9751421 ] ] ] } },
{ "type": "Feature", "properties": { "@id": "way/919166259", "amenity": null, "building": "residential", "name": null, "GEOID": "39049002800" }, "geometry": { "type": "Polygon", "coordinates": [ [ [ -82.9697712, 39.9755545 ], [ -82.9697743, 39.9754861 ], [ -82.969889, 39.9754892 ], [ -82.9698878, 39.9755159 ], [ -82.9699153, 39.9755166 ], [ -82.9699135, 39.9755549 ], [ -82.969886, 39.9755542 ], [ -82.9698858, 39.9755576 ], [ -82.9697712, 39.9755545 ] ] ] } },
{ "type": "Feature", "properties": { "@id": "way/919166259", "amenity": null, "building": "residential", "name": null, "GEOID": "39049002900" }, "geometry": { "type": "Polygon", "coordinates": [ [ [ -82.9697712, 39.9755545 ], [ -82.9697743, 39.9754861 ], [ -82.969889, 39.9754892 ], [ -82.9698878, 39.9755159 ], [ -82.9699153, 39.9755166 ], [ -82.9699135, 39.9755549 ], [ -82.969886, 39.9755542 ], [ -82.9698858, 39.9755576 ], [ -82.9697712, 39.9755545 ] ] ] } },
{ "type": "Feature", "properties": { "@id": "way/919166261", "amenity": null, "building": "residential", "name": null, "GEOID": "39049002800" }, "geometry": { "type": "Polygon", "coordinates": [ [ [ -82.9698017, 39.9750067 ], [ -82.9698027, 39.974992 ], [ -82.9697694, 39.9749905 ], [ -82.9697732, 39.974939 ], [ -82.9698022, 39.9749403 ], [ -82.969804, 39.9749161 ], [ -82.9697739, 39.9749148 ], [ -82.9697777, 39.9748634 ], [ -82.9698098, 39.9748648 ], [ -82.9698118, 39.9748373 ], [ -82.9697808, 39.974836 ], [ -82.9697846, 39.9747846 ], [ -82.9698173, 39.974786 ], [ -82.969819, 39.9747623 ], [ -82.9697893, 39.974761 ], [ -82.969793, 39.9747097 ], [ -82.9698239, 39.974711 ], [ -82.969825, 39.9746961 ], [ -82.9697953, 39.9746948 ], [ -82.9697977, 39.9746619 ], [ -82.9698709, 39.9746651 ], [ -82.9698723, 39.9746458 ], [ -82.9699794, 39.9746504 ], [ -82.9699707, 39.9747688 ], [ -82.9699329, 39.9747671 ], [ -82.9699311, 39.9747918 ], [ -82.96997, 39.9747935 ], [ -82.9699662, 39.9748456 ], [ -82.9699268, 39.9748439 ], [ -82.9699249, 39.9748693 ], [ -82.969964, 39.9748709 ], [ -82.9699602, 39.9749229 ], [ -82.9699195, 39.9749211 ], [ -82.969918, 39.9749427 ], [ -82.9699534, 39.9749442 ], [ -82.9699483, 39.975013 ], [ -82.9698017, 39.9750067 ] ] ] } },
{ "type": "Feature", "properties": { "@id": "way/919166262", "amenity": null, "building": "residential", "name": null, "GEOID": "39049002900" }, "geometry": { "type": "Polygon", "coordinates": [ [ [ -82.971988, 39.973517 ], [ -82.9719697, 39.9735202 ], [ -82.9719297, 39.9733898 ], [ -82.9720189, 39.9733738 ], [ -82.9720534, 39.9734866 ], [ -82.9720386, 39.9734892 ], [ -82.9720467, 39.9735159 ], [ -82.9719907, 39.9735259 ], [ -82.971988, 39.973517 ] ] ] } },
{ "type": "Feature", "properties": { "@id": "way/919166263", "amenity": null, "building": "residential", "name": null, "GEOID": "39049002900" }, "geometry": { "type": "Polygon", "coordinates": [ [ [ -82.97099, 39.9755689 ], [ -82.9709926, 39.9755338 ], [ -82.9709712, 39.9755328 ], [ -82.9709744, 39.9754894 ], [ -82.970997, 39.9754904 ], [ -82.9709995, 39.9754577 ], [ -82.9711041, 39.9754623 ], [ -82.9710957, 39.9755735 ], [ -82.97099, 39.9755689 ] ] ] } },
{ "type": "Feature", "properties": { "@id": "way/919166265", "amenity": null, "building": "residential", "name": null, "GEOID": "39049002900" }, "geometry": { "type": "Polygon", "coordinates": [ [ [ -82.9707044, 39.9737136 ], [ -82.9707289, 39.9737094 ], [ -82.9707183, 39.9736731 ], [ -82.9707052, 39.9736754 ], [ -82.9706833, 39.9736005 ], [ -82.9707622, 39.973587 ], [ -82.9708147, 39.973767 ], [ -82.9707245, 39.9737825 ], [ -82.9707044, 39.9737136 ] ] ] } },
{ "type": "Feature", "properties": { "@id": "way/919166266", "amenity": null, "building": "residential", "name": null, "GEOID": "39049002800" }, "geometry": { "type": "Polygon", "coordinates": [ [ [ -82.9684104, 39.9779246 ], [ -82.968413, 39.9778946 ], [ -82.9683983, 39.9778939 ], [ -82.9683998, 39.9778766 ], [ -82.9684147, 39.9778774 ], [ -82.9684173, 39.9778468 ], [ -82.9685055, 39.9778512 ], [ -82.9685049, 39.977859 ], [ -82.9685467, 39.9778611 ], [ -82.9685419, 39.9779166 ], [ -82.968498, 39.9779144 ], [ -82.9684968, 39.977929 ], [ -82.9684104, 39.9779246 ] ] ] } },
{ "type": "Feature", "properties": { "@id": "way/919166267", "amenity": null, "building": "residential", "name": null, "GEOID": "39049002900" }, "geometry": { "type": "Polygon", "coordinates": [ [ [ -82.9703617, 39.9747228 ], [ -82.9703719, 39.974585 ], [ -82.9704462, 39.9745882 ], [ -82.970436, 39.974726 ], [ -82.9703617, 39.9747228 ] ] ] } },
{ "type": "Feature", "properties": { "@id": "way/919166268", "amenity": null, "building": "residential", "name": null, "GEOID": "39049002800" }, "geometry": { "type": "Polygon", "coordinates": [ [ [ -82.9687488, 39.9753453 ], [ -82.9685703, 39.9753367 ], [ -82.9685767, 39.975258 ], [ -82.9687596, 39.9752668 ], [ -82.9687591, 39.9752724 ], [ -82.9687851, 39.9752737 ], [ -82.9687796, 39.9753408 ], [ -82.9687493, 39.9753394 ], [ -82.9687488, 39.9753453 ] ] ] } },
{ "type": "Feature", "properties": { "@id": "way/919166269", "amenity": null, "building": "residential", "name": null, "GEOID": "39049002800" }, "geometry": { "type": "Polygon", "coordinates": [ [ [ -82.9697668, 39.9755711 ], [ -82.969883, 39.9755759 ], [ -82.9698787, 39.9756364 ], [ -82.9697626, 39.9756316 ], [ -82.9697668, 39.9755711 ] ] ] } },
{ "type": "Feature", "properties": { "@id": "way/919166269", "amenity": null, "building": "residential", "name": null, "GEOID": "39049002900" }, "geometry": { "type": "Polygon", "coordinates": [ [ [ -82.9697668, 39.9755711 ], [ -82.969883, 39.9755759 ], [ -82.9698787, 39.9756364 ], [ -82.9697626, 39.9756316 ], [ -82.9697668, 39.9755711 ] ] ] } },
{ "type": "Feature", "properties": { "@id": "way/919166272", "amenity": null, "building": "residential", "name": null, "GEOID": "39049002800" }, "geometry": { "type": "Polygon", "coordinates": [ [ [ -82.9685195, 39.9740847 ], [ -82.9685087, 39.9740866 ], [ -82.9684842, 39.9740038 ], [ -82.9684897, 39.9740028 ], [ -82.9684842, 39.9739841 ], [ -82.9685655, 39.97397 ], [ -82.9685711, 39.9739887 ], [ -82.9685757, 39.9739879 ], [ -82.9686002, 39.9740707 ], [ -82.9685538, 39.9740788 ], [ -82.9685572, 39.97409 ], [ -82.9685229, 39.9740961 ], [ -82.9685195, 39.9740847 ] ] ] } },
{ "type": "Feature", "properties": { "@id": "way/919166273", "amenity": null, "building": "residential", "name": null, "GEOID": "39049002800" }, "geometry": { "type": "Polygon", "coordinates": [ [ [ -82.9700217, 39.974634 ], [ -82.9701245, 39.9746378 ], [ -82.9701153, 39.9747825 ], [ -82.9700125, 39.9747786 ], [ -82.9700217, 39.974634 ] ] ] } },
{ "type": "Feature", "properties": { "@id": "way/919166274", "amenity": null, "building": "residential", "name": null, "GEOID": "39049002800" }, "geometry": { "type": "Polygon", "coordinates": [ [ [ -82.9685555, 39.9748943 ], [ -82.968561, 39.9748945 ], [ -82.9685618, 39.9748809 ], [ -82.9686656, 39.9748843 ], [ -82.9686648, 39.9748979 ], [ -82.9686692, 39.9748981 ], [ -82.9686607, 39.9750502 ], [ -82.9685469, 39.9750464 ], [ -82.9685555, 39.9748943 ] ] ] } },
{ "type": "Feature", "properties": { "@id": "way/919166276", "amenity": null, "building": "residential", "name": null, "GEOID": "39049002800" }, "geometry": { "type": "Polygon", "coordinates": [ [ [ -82.9687276, 39.9755083 ], [ -82.9685503, 39.9754999 ], [ -82.9685564, 39.9754254 ], [ -82.9687336, 39.9754338 ], [ -82.9687276, 39.9755083 ] ] ] } },
{ "type": "Feature", "properties": { "@id": "way/919166278", "amenity": null, "building": "residential", "name": null, "GEOID": "39049002900" }, "geometry": { "type": "Polygon", "coordinates": [ [ [ -82.970844, 39.9773939 ], [ -82.9708504, 39.9773094 ], [ -82.9709861, 39.9773155 ], [ -82.9709796, 39.9774 ], [ -82.970844, 39.9773939 ] ] ] } },
{ "type": "Feature", "properties": { "@id": "way/919166279", "amenity": null, "building": "residential", "name": null, "GEOID": "39049002800" }, "geometry": { "type": "Polygon", "coordinates": [ [ [ -82.9691572, 39.9776346 ], [ -82.9691642, 39.9775557 ], [ -82.9692466, 39.97756 ], [ -82.9692438, 39.9775921 ], [ -82.9692608, 39.9775929 ], [ -82.9692591, 39.9776115 ], [ -82.9692478, 39.9776109 ], [ -82.9692453, 39.9776392 ], [ -82.9691572, 39.9776346 ] ] ] } },
{ "type": "Feature", "properties": { "@id": "way/919166280", "amenity": null, "building": "residential", "name": null, "GEOID": "39049002900" }, "geometry": { "type": "Polygon", "coordinates": [ [ [ -82.9701113, 39.9729748 ], [ -82.9700338, 39.9729861 ], [ -82.9700242, 39.9729475 ], [ -82.9700159, 39.9729487 ], [ -82.9700037, 39.9729002 ], [ -82.9700233, 39.9728974 ], [ -82.9700141, 39.9728604 ], [ -82.9700803, 39.9728507 ], [ -82.9701113, 39.9729748 ] ] ] } },
{ "type": "Feature", "properties": { "@id": "way/919166281", "amenity": null, "building": "residential", "name": null, "GEOID": "39049002900" }, "geometry": { "type": "Polygon", "coordinates": [ [ [ -82.9706207, 39.974154 ], [ -82.9706807, 39.9741435 ], [ -82.9706863, 39.9741624 ], [ -82.9707048, 39.9741592 ], [ -82.9707389, 39.9742734 ], [ -82.9706799, 39.9742837 ], [ -82.9706789, 39.9742803 ], [ -82.9706595, 39.9742837 ], [ -82.9706207, 39.974154 ] ] ] } },
{ "type": "Feature", "properties": { "@id": "way/919166282", "amenity": null, "building": "residential", "name": null, "GEOID": "39049002900" }, "geometry": { "type": "Polygon", "coordinates": [ [ [ -82.9722773, 39.9733303 ], [ -82.9722833, 39.9733293 ], [ -82.9722774, 39.9733097 ], [ -82.9723563, 39.9732958 ], [ -82.9723861, 39.9733949 ], [ -82.9723761, 39.9733967 ], [ -82.972382, 39.9734165 ], [ -82.9723072, 39.9734297 ], [ -82.9722773, 39.9733303 ] ] ] } },
{ "type": "Feature", "properties": { "@id": "way/919166283", "amenity": null, "building": "residential", "name": null, "GEOID": "39049002900" }, "geometry": { "type": "Polygon", "coordinates": [ [ [ -82.9729923, 39.9728254 ], [ -82.9729572, 39.9728264 ], [ -82.9729547, 39.9727749 ], [ -82.9729908, 39.9727739 ], [ -82.9729904, 39.9727648 ], [ -82.9731076, 39.9727615 ], [ -82.973111, 39.9728324 ], [ -82.9729928, 39.9728358 ], [ -82.9729923, 39.9728254 ] ] ] } },
{ "type": "Feature", "properties": { "@id": "way/919166286", "amenity": null, "building": "residential", "name": null, "GEOID": "39049002900" }, "geometry": { "type": "Polygon", "coordinates": [ [ [ -82.9740658, 39.977571 ], [ -82.974073, 39.9774828 ], [ -82.974116, 39.9774849 ], [ -82.9741178, 39.977463 ], [ -82.9741735, 39.9774657 ], [ -82.9741717, 39.9774886 ], [ -82.974219, 39.9774909 ], [ -82.9742119, 39.977578 ], [ -82.9740658, 39.977571 ] ] ] } },
{ "type": "Feature", "properties": { "@id": "way/919166287", "amenity": null, "building": "residential", "name": null, "GEOID": "39049002900" }, "geometry": { "type": "Polygon", "coordinates": [ [ [ -82.9703932, 39.9775263 ], [ -82.970394, 39.9775159 ], [ -82.970335, 39.9775132 ], [ -82.9703388, 39.9774641 ], [ -82.970397, 39.9774668 ], [ -82.9703987, 39.9774456 ], [ -82.9704879, 39.9774496 ], [ -82.9704858, 39.9774759 ], [ -82.9705083, 39.9774769 ], [ -82.9705058, 39.9775089 ], [ -82.9704827, 39.9775078 ], [ -82.970481, 39.9775303 ], [ -82.9703932, 39.9775263 ] ] ] } },
{ "type": "Feature", "properties": { "@id": "way/919166289", "amenity": null, "building": "residential", "name": null, "GEOID": "39049002900" }, "geometry": { "type": "Polygon", "coordinates": [ [ [ -82.9717726, 39.9731612 ], [ -82.9717534, 39.9731648 ], [ -82.9717386, 39.9731185 ], [ -82.9717472, 39.9731168 ], [ -82.9717352, 39.9730793 ], [ -82.9718043, 39.9730664 ], [ -82.9718429, 39.9731871 ], [ -82.9717844, 39.9731981 ], [ -82.9717726, 39.9731612 ] ] ] } },
{ "type": "Feature", "properties": { "@id": "way/919166290", "amenity": null, "building": "residential", "name": null, "GEOID": "39049002900" }, "geometry": { "type": "Polygon", "coordinates": [ [ [ -82.972555, 39.9729803 ], [ -82.9725659, 39.9729783 ], [ -82.9725635, 39.9729707 ], [ -82.972577, 39.9729682 ], [ -82.972561, 39.9729159 ], [ -82.9726278, 39.9729039 ], [ -82.9726692, 39.9730393 ], [ -82.9726259, 39.9730471 ], [ -82.9726298, 39.97306 ], [ -82.972582, 39.9730686 ], [ -82.972555, 39.9729803 ] ] ] } },
{ "type": "Feature", "properties": { "@id": "way/919166292", "amenity": null, "building": "residential", "name": null, "GEOID": "39049002800" }, "geometry": { "type": "Polygon", "coordinates": [ [ [ -82.9684723, 39.9771541 ], [ -82.9684749, 39.9771272 ], [ -82.9684604, 39.9771264 ], [ -82.9684622, 39.9771071 ], [ -82.9684775, 39.9771079 ], [ -82.9684805, 39.9770764 ], [ -82.9685667, 39.9770812 ], [ -82.9685594, 39.9771589 ], [ -82.9684723, 39.9771541 ] ] ] } },
{ "type": "Feature", "properties": { "@id": "way/919166293", "amenity": null, "building": "residential", "name": null, "GEOID": "39049002900" }, "geometry": { "type": "Polygon", "coordinates": [ [ [ -82.9703663, 39.9770485 ], [ -82.9703702, 39.97699 ], [ -82.9705401, 39.9769967 ], [ -82.9705362, 39.9770552 ], [ -82.9703663, 39.9770485 ] ] ] } },
{ "type": "Feature", "properties": { "@id": "way/919166295", "amenity": null, "building": "residential", "name": null, "GEOID": "39049002900" }, "geometry": { "type": "Polygon", "coordinates": [ [ [ -82.9705039, 39.9741995 ], [ -82.9705669, 39.9741889 ], [ -82.9705826, 39.9742442 ], [ -82.9705895, 39.9742431 ], [ -82.9706031, 39.9742909 ], [ -82.970581, 39.9742946 ], [ -82.9705802, 39.9742918 ], [ -82.9705325, 39.9742998 ], [ -82.9705039, 39.9741995 ] ] ] } },
{ "type": "Feature", "properties": { "@id": "way/919166296", "amenity": null, "building": "residential", "name": null, "GEOID": "39049002800" }, "geometry": { "type": "Polygon", "coordinates": [ [ [ -82.9685118, 39.9766105 ], [ -82.9685144, 39.9765814 ], [ -82.9685054, 39.9765809 ], [ -82.9685069, 39.9765635 ], [ -82.9685207, 39.9765642 ], [ -82.9685234, 39.9765354 ], [ -82.9686053, 39.9765397 ], [ -82.9685984, 39.9766151 ], [ -82.9685118, 39.9766105 ] ] ] } },
{ "type": "Feature", "properties": { "@id": "way/919166298", "amenity": null, "building": "residential", "name": null, "GEOID": "39049002900" }, "geometry": { "type": "Polygon", "coordinates": [ [ [ -82.9745426, 39.9764458 ], [ -82.9745149, 39.9764535 ], [ -82.9744947, 39.9764107 ], [ -82.9745162, 39.9764047 ], [ -82.9744987, 39.9763675 ], [ -82.9746103, 39.9763366 ], [ -82.974662, 39.9764465 ], [ -82.9745566, 39.9764756 ], [ -82.9745426, 39.9764458 ] ] ] } },
{ "type": "Feature", "properties": { "@id": "way/919166299", "amenity": null, "building": "residential", "name": null, "GEOID": "39049002800" }, "geometry": { "type": "Polygon", "coordinates": [ [ [ -82.9691446, 39.9749227 ], [ -82.9691452, 39.9749077 ], [ -82.9691361, 39.9749074 ], [ -82.9691399, 39.9748169 ], [ -82.9691465, 39.974817 ], [ -82.9691471, 39.9748021 ], [ -82.9692204, 39.974804 ], [ -82.9692198, 39.9748191 ], [ -82.9692313, 39.9748194 ], [ -82.9692273, 39.974912 ], [ -82.9691927, 39.9749112 ], [ -82.9691922, 39.9749239 ], [ -82.9691446, 39.9749227 ] ] ] } },
{ "type": "Feature", "properties": { "@id": "way/919166300", "amenity": null, "building": "residential", "name": null, "GEOID": "39049002800" }, "geometry": { "type": "Polygon", "coordinates": [ [ [ -82.9686949, 39.9739462 ], [ -82.9687887, 39.9739285 ], [ -82.9688244, 39.9740395 ], [ -82.9687683, 39.9740501 ], [ -82.9687718, 39.974061 ], [ -82.9687341, 39.9740681 ], [ -82.9686949, 39.9739462 ] ] ] } },
{ "type": "Feature", "properties": { "@id": "way/919166301", "amenity": null, "building": "residential", "name": null, "GEOID": "39049002800" }, "geometry": { "type": "Polygon", "coordinates": [ [ [ -82.9698718, 39.9743234 ], [ -82.9699659, 39.9743069 ], [ -82.9700018, 39.9744267 ], [ -82.9699077, 39.9744432 ], [ -82.9698718, 39.9743234 ] ] ] } },
{ "type": "Feature", "properties": { "@id": "way/919166302", "amenity": null, "building": "residential", "name": null, "GEOID": "39049002800" }, "geometry": { "type": "Polygon", "coordinates": [ [ [ -82.9690567, 39.9749508 ], [ -82.9690585, 39.9749163 ], [ -82.9690443, 39.9749158 ], [ -82.9690473, 39.9748601 ], [ -82.9690627, 39.9748606 ], [ -82.9690647, 39.9748235 ], [ -82.9691251, 39.9748254 ], [ -82.9691182, 39.9749528 ], [ -82.9690567, 39.9749508 ] ] ] } },
{ "type": "Feature", "properties": { "@id": "way/919166303", "amenity": null, "building": "residential", "name": null, "GEOID": "39049002800" }, "geometry": { "type": "Polygon", "coordinates": [ [ [ -82.969244, 39.9765725 ], [ -82.9692499, 39.976509 ], [ -82.9693912, 39.9765166 ], [ -82.9693854, 39.9765801 ], [ -82.969244, 39.9765725 ] ] ] } },
{ "type": "Feature", "properties": { "@id": "way/919166305", "amenity": null, "building": "residential", "name": null, "GEOID": "39049002900" }, "geometry": { "type": "Polygon", "coordinates": [ [ [ -82.9722716, 39.9753619 ], [ -82.9724153, 39.9753699 ], [ -82.9724081, 39.9754471 ], [ -82.9723635, 39.9754447 ], [ -82.9723619, 39.975462 ], [ -82.9723065, 39.9754589 ], [ -82.9723081, 39.9754411 ], [ -82.9722644, 39.9754387 ], [ -82.9722716, 39.9753619 ] ] ] } },
{ "type": "Feature", "properties": { "@id": "way/919166306", "amenity": null, "building": "residential", "name": null, "GEOID": "39049002800" }, "geometry": { "type": "Polygon", "coordinates": [ [ [ -82.9697748, 39.9738268 ], [ -82.9698136, 39.97382 ], [ -82.9698104, 39.9738092 ], [ -82.9698347, 39.973805 ], [ -82.9698377, 39.9738153 ], [ -82.9698739, 39.973809 ], [ -82.9698969, 39.9738868 ], [ -82.9698532, 39.9738944 ], [ -82.9698504, 39.9738849 ], [ -82.9697948, 39.9738945 ], [ -82.9697748, 39.9738268 ] ] ] } },
{ "type": "Feature", "properties": { "@id": "way/919166309", "amenity": null, "building": "residential", "name": null, "GEOID": "39049002800" }, "geometry": { "type": "Polygon", "coordinates": [ [ [ -82.96977, 39.9753106 ], [ -82.9697736, 39.975253 ], [ -82.9698966, 39.9752575 ], [ -82.9698972, 39.9752471 ], [ -82.9699517, 39.9752491 ], [ -82.9699514, 39.9752534 ], [ -82.96999, 39.9752548 ], [ -82.9699887, 39.9752756 ], [ -82.9699497, 39.9752741 ], [ -82.969947, 39.9753171 ], [ -82.96977, 39.9753106 ] ] ] } },
{ "type": "Feature", "properties": { "@id": "way/919166309", "amenity": null, "building": "residential", "name": null, "GEOID": "39049002900" }, "geometry": { "type": "Polygon", "coordinates": [ [ [ -82.96977, 39.9753106 ], [ -82.9697736, 39.975253 ], [ -82.9698966, 39.9752575 ], [ -82.9698972, 39.9752471 ], [ -82.9699517, 39.9752491 ], [ -82.9699514, 39.9752534 ], [ -82.96999, 39.9752548 ], [ -82.9699887, 39.9752756 ], [ -82.9699497, 39.9752741 ], [ -82.969947, 39.9753171 ], [ -82.96977, 39.9753106 ] ] ] } },
{ "type": "Feature", "properties": { "@id": "way/919166311", "amenity": null, "building": "residential", "name": null, "GEOID": "39049002800" }, "geometry": { "type": "Polygon", "coordinates": [ [ [ -82.9686124, 39.9736119 ], [ -82.9686994, 39.9735966 ], [ -82.9687247, 39.9736805 ], [ -82.9686377, 39.9736959 ], [ -82.9686124, 39.9736119 ] ] ] } },
{ "type": "Feature", "properties": { "@id": "way/919166313", "amenity": null, "building": "residential", "name": null, "GEOID": "39049002900" }, "geometry": { "type": "Polygon", "coordinates": [ [ [ -82.9741725, 39.9772328 ], [ -82.9741736, 39.9772174 ], [ -82.974132, 39.9772156 ], [ -82.9741378, 39.977135 ], [ -82.9742815, 39.9771411 ], [ -82.9742759, 39.9772205 ], [ -82.9742354, 39.9772188 ], [ -82.9742342, 39.9772354 ], [ -82.9741725, 39.9772328 ] ] ] } },
{ "type": "Feature", "properties": { "@id": "way/919166314", "amenity": null, "building": "residential", "name": null, "GEOID": "39049002900" }, "geometry": { "type": "Polygon", "coordinates": [ [ [ -82.9712251, 39.9744564 ], [ -82.9712722, 39.9744478 ], [ -82.9712666, 39.9744296 ], [ -82.9713209, 39.9744196 ], [ -82.9713269, 39.9744387 ], [ -82.9713708, 39.9744307 ], [ -82.9713952, 39.9745094 ], [ -82.9712497, 39.9745358 ], [ -82.9712251, 39.9744564 ] ] ] } },
{ "type": "Feature", "properties": { "@id": "way/921749280", "amenity": null, "building": "residential", "name": null, "GEOID": "39049002800" }, "geometry": { "type": "Polygon", "coordinates": [ [ [ -82.9673602, 39.9752721 ], [ -82.9673723, 39.9751283 ], [ -82.9674734, 39.9751333 ], [ -82.9674614, 39.975277 ], [ -82.9673602, 39.9752721 ] ] ] } },
{ "type": "Feature", "properties": { "@id": "way/921749281", "amenity": null, "building": "residential", "name": null, "GEOID": "39049002800" }, "geometry": { "type": "Polygon", "coordinates": [ [ [ -82.9659724, 39.9745635 ], [ -82.9658776, 39.9745796 ], [ -82.9658405, 39.9744514 ], [ -82.9659353, 39.9744353 ], [ -82.9659724, 39.9745635 ] ] ] } },
{ "type": "Feature", "properties": { "@id": "way/921749282", "amenity": null, "building": "residential", "name": null, "GEOID": "39049002800" }, "geometry": { "type": "Polygon", "coordinates": [ [ [ -82.9665667, 39.9735172 ], [ -82.9665947, 39.9735123 ], [ -82.9665921, 39.9735036 ], [ -82.9666258, 39.9734977 ], [ -82.9666286, 39.9735071 ], [ -82.9666752, 39.9734988 ], [ -82.9666961, 39.9735684 ], [ -82.9665879, 39.9735875 ], [ -82.9665667, 39.9735172 ] ] ] } },
{ "type": "Feature", "properties": { "@id": "way/921749284", "amenity": null, "building": "residential", "name": null, "GEOID": "39049002800" }, "geometry": { "type": "Polygon", "coordinates": [ [ [ -82.9661037, 39.9750032 ], [ -82.9661164, 39.9750008 ], [ -82.9661083, 39.9749748 ], [ -82.9661398, 39.974969 ], [ -82.9661477, 39.9749946 ], [ -82.9661882, 39.9749872 ], [ -82.9661997, 39.9750243 ], [ -82.9661913, 39.9750258 ], [ -82.9662044, 39.975068 ], [ -82.9661282, 39.9750819 ], [ -82.9661037, 39.9750032 ] ] ] } },
{ "type": "Feature", "properties": { "@id": "way/921749286", "amenity": null, "building": "residential", "name": null, "GEOID": "39049002800" }, "geometry": { "type": "Polygon", "coordinates": [ [ [ -82.96684, 39.97439 ], [ -82.9667847, 39.9743999 ], [ -82.9667892, 39.9744149 ], [ -82.9667519, 39.9744215 ], [ -82.9667484, 39.9744098 ], [ -82.9667392, 39.9744114 ], [ -82.9667061, 39.9743026 ], [ -82.9668079, 39.9742844 ], [ -82.96684, 39.97439 ] ] ] } },
{ "type": "Feature", "properties": { "@id": "way/921749287", "amenity": null, "building": "residential", "name": null, "GEOID": "39049002800" }, "geometry": { "type": "Polygon", "coordinates": [ [ [ -82.9647245, 39.9747557 ], [ -82.9646726, 39.9747658 ], [ -82.9646395, 39.9746668 ], [ -82.9647336, 39.9746483 ], [ -82.9647723, 39.9747643 ], [ -82.9647301, 39.9747725 ], [ -82.9647245, 39.9747557 ] ] ] } },
{ "type": "Feature", "properties": { "@id": "way/921749288", "amenity": null, "building": "residential", "name": null, "GEOID": "39049002800" }, "geometry": { "type": "Polygon", "coordinates": [ [ [ -82.9623546, 39.9752724 ], [ -82.962355, 39.9752574 ], [ -82.9623167, 39.9752568 ], [ -82.9623193, 39.9751742 ], [ -82.9624082, 39.9751758 ], [ -82.9624056, 39.9752586 ], [ -82.9623999, 39.9752585 ], [ -82.9623994, 39.9752732 ], [ -82.9623546, 39.9752724 ] ] ] } },
{ "type": "Feature", "properties": { "@id": "way/921749289", "amenity": null, "building": "residential", "name": null, "GEOID": "39049002800" }, "geometry": { "type": "Polygon", "coordinates": [ [ [ -82.9672949, 39.9743311 ], [ -82.9672409, 39.9743409 ], [ -82.9672042, 39.974223 ], [ -82.9672582, 39.9742131 ], [ -82.9672949, 39.9743311 ] ] ] } },
{ "type": "Feature", "properties": { "@id": "way/921749290", "amenity": null, "building": "residential", "name": null, "GEOID": "39049002800" }, "geometry": { "type": "Polygon", "coordinates": [ [ [ -82.9659572, 39.9742109 ], [ -82.9659628, 39.9742302 ], [ -82.9658831, 39.9742436 ], [ -82.9658775, 39.9742243 ], [ -82.9658724, 39.9742252 ], [ -82.9658486, 39.9741423 ], [ -82.9658594, 39.9741404 ], [ -82.9658543, 39.974123 ], [ -82.9658942, 39.9741162 ], [ -82.9658979, 39.974129 ], [ -82.9659423, 39.9741215 ], [ -82.9659676, 39.9742092 ], [ -82.9659572, 39.9742109 ] ] ] } },
{ "type": "Feature", "properties": { "@id": "way/921749291", "amenity": null, "building": "residential", "name": null, "GEOID": "39049002800" }, "geometry": { "type": "Polygon", "coordinates": [ [ [ -82.9679608, 39.976873 ], [ -82.9679676, 39.9767942 ], [ -82.9681543, 39.9768037 ], [ -82.9681475, 39.9768825 ], [ -82.9679608, 39.976873 ] ] ] } },
{ "type": "Feature", "properties": { "@id": "way/921749292", "amenity": null, "building": "residential", "name": null, "GEOID": "39049002800" }, "geometry": { "type": "Polygon", "coordinates": [ [ [ -82.9672605, 39.9774079 ], [ -82.967263, 39.9773812 ], [ -82.9672486, 39.9773805 ], [ -82.9672504, 39.9773599 ], [ -82.967262, 39.9773606 ], [ -82.9672645, 39.9773326 ], [ -82.9673572, 39.9773375 ], [ -82.9673503, 39.9774127 ], [ -82.9672605, 39.9774079 ] ] ] } },
{ "type": "Feature", "properties": { "@id": "way/921749293", "amenity": null, "building": "residential", "name": null, "GEOID": "39049002800" }, "geometry": { "type": "Polygon", "coordinates": [ [ [ -82.9622062, 39.9767003 ], [ -82.9623448, 39.9766176 ], [ -82.962405, 39.9766768 ], [ -82.9622664, 39.9767595 ], [ -82.9622062, 39.9767003 ] ] ] } },
{ "type": "Feature", "properties": { "@id": "way/921749294", "amenity": null, "building": "residential", "name": null, "GEOID": "39049002800" }, "geometry": { "type": "Polygon", "coordinates": [ [ [ -82.967646, 39.973912 ], [ -82.9676523, 39.973933 ], [ -82.9675712, 39.9739473 ], [ -82.9675649, 39.9739263 ], [ -82.9675617, 39.9739269 ], [ -82.9675132, 39.9737648 ], [ -82.9675658, 39.9737556 ], [ -82.9675821, 39.9738101 ], [ -82.9676211, 39.9738032 ], [ -82.9676533, 39.9739107 ], [ -82.967646, 39.973912 ] ] ] } },
{ "type": "Feature", "properties": { "@id": "way/921749295", "amenity": null, "building": "residential", "name": null, "GEOID": "39049002800" }, "geometry": { "type": "Polygon", "coordinates": [ [ [ -82.964041, 39.9748714 ], [ -82.9639992, 39.9748792 ], [ -82.9640029, 39.974891 ], [ -82.9639651, 39.9748981 ], [ -82.9639609, 39.9748847 ], [ -82.9639502, 39.9748866 ], [ -82.9639223, 39.9747982 ], [ -82.9639316, 39.9747965 ], [ -82.963927, 39.9747822 ], [ -82.9639966, 39.9747693 ], [ -82.9640009, 39.974783 ], [ -82.9640124, 39.9747809 ], [ -82.964041, 39.9748714 ] ] ] } },
{ "type": "Feature", "properties": { "@id": "way/921749296", "amenity": null, "building": "residential", "name": null, "GEOID": "39049002800" }, "geometry": { "type": "Polygon", "coordinates": [ [ [ -82.9682286, 39.9755457 ], [ -82.9681361, 39.9755414 ], [ -82.9681417, 39.9754721 ], [ -82.9682342, 39.9754765 ], [ -82.9682333, 39.975487 ], [ -82.9682631, 39.9754884 ], [ -82.9682589, 39.9755408 ], [ -82.9682291, 39.9755394 ], [ -82.9682286, 39.9755457 ] ] ] } },
{ "type": "Feature", "properties": { "@id": "way/921749298", "amenity": null, "building": "residential", "name": null, "GEOID": "39049002800" }, "geometry": { "type": "Polygon", "coordinates": [ [ [ -82.9638184, 39.9745702 ], [ -82.9638252, 39.974593 ], [ -82.9637591, 39.9746045 ], [ -82.9637524, 39.9745817 ], [ -82.9637433, 39.9745833 ], [ -82.9637228, 39.9745144 ], [ -82.9638062, 39.9744998 ], [ -82.9638267, 39.9745687 ], [ -82.9638184, 39.9745702 ] ] ] } },
{ "type": "Feature", "properties": { "@id": "way/921749299", "amenity": null, "building": "residential", "name": null, "GEOID": "39049002800" }, "geometry": { "type": "Polygon", "coordinates": [ [ [ -82.961227, 39.9746892 ], [ -82.9612502, 39.9746901 ], [ -82.9612505, 39.9746853 ], [ -82.9613889, 39.9746903 ], [ -82.9613839, 39.9747704 ], [ -82.9612467, 39.9747654 ], [ -82.961247, 39.9747604 ], [ -82.9612227, 39.9747595 ], [ -82.961227, 39.9746892 ] ] ] } },
{ "type": "Feature", "properties": { "@id": "way/921749301", "amenity": null, "building": "residential", "name": null, "GEOID": "39049002800" }, "geometry": { "type": "Polygon", "coordinates": [ [ [ -82.9648886, 39.974412 ], [ -82.9648036, 39.9744271 ], [ -82.9647729, 39.9743259 ], [ -82.9648138, 39.9743186 ], [ -82.9648079, 39.9742992 ], [ -82.964852, 39.9742914 ], [ -82.9648886, 39.974412 ] ] ] } },
{ "type": "Feature", "properties": { "@id": "way/921749302", "amenity": null, "building": "residential", "name": null, "GEOID": "39049002800" }, "geometry": { "type": "Polygon", "coordinates": [ [ [ -82.9668402, 39.9740184 ], [ -82.9668318, 39.9740199 ], [ -82.9668165, 39.9739685 ], [ -82.9668687, 39.9739594 ], [ -82.9668633, 39.9739415 ], [ -82.9669131, 39.9739328 ], [ -82.9669438, 39.9740357 ], [ -82.9669395, 39.9740365 ], [ -82.9669446, 39.9740537 ], [ -82.9668621, 39.9740682 ], [ -82.9668566, 39.9740495 ], [ -82.9668498, 39.9740507 ], [ -82.9668402, 39.9740184 ] ] ] } },
{ "type": "Feature", "properties": { "@id": "way/921749303", "amenity": null, "building": "residential", "name": null, "GEOID": "39049002800" }, "geometry": { "type": "Polygon", "coordinates": [ [ [ -82.9680057, 39.9763248 ], [ -82.9680116, 39.9762485 ], [ -82.9681979, 39.976257 ], [ -82.968192, 39.9763334 ], [ -82.9680057, 39.9763248 ] ] ] } },
{ "type": "Feature", "properties": { "@id": "way/921749305", "amenity": null, "building": "residential", "name": null, "GEOID": "39049002800" }, "geometry": { "type": "Polygon", "coordinates": [ [ [ -82.9626951, 39.9762194 ], [ -82.9627086, 39.9762115 ], [ -82.9626981, 39.9762009 ], [ -82.9627394, 39.9761768 ], [ -82.9627503, 39.9761878 ], [ -82.9627636, 39.9761801 ], [ -82.9628268, 39.9762437 ], [ -82.9627587, 39.9762834 ], [ -82.9626951, 39.9762194 ] ] ] } },
{ "type": "Feature", "properties": { "@id": "way/921749306", "amenity": null, "building": "residential", "name": null, "GEOID": "39049002800" }, "geometry": { "type": "Polygon", "coordinates": [ [ [ -82.9679701, 39.9767626 ], [ -82.9679768, 39.9766857 ], [ -82.9681639, 39.9766953 ], [ -82.9681571, 39.9767722 ], [ -82.9679701, 39.9767626 ] ] ] } },
{ "type": "Feature", "properties": { "@id": "way/921749308", "amenity": null, "building": "residential", "name": null, "GEOID": "39049002800" }, "geometry": { "type": "Polygon", "coordinates": [ [ [ -82.9670852, 39.9747854 ], [ -82.9670947, 39.9747837 ], [ -82.9670888, 39.9747641 ], [ -82.9671602, 39.9747515 ], [ -82.9671659, 39.9747704 ], [ -82.9671737, 39.9747691 ], [ -82.9672136, 39.9749018 ], [ -82.9671249, 39.9749174 ], [ -82.9670852, 39.9747854 ] ] ] } },
{ "type": "Feature", "properties": { "@id": "way/921749309", "amenity": null, "building": "residential", "name": null, "GEOID": "39049002800" }, "geometry": { "type": "Polygon", "coordinates": [ [ [ -82.9658161, 39.9750015 ], [ -82.9659396, 39.9749805 ], [ -82.9659679, 39.9750781 ], [ -82.9659298, 39.9750846 ], [ -82.9659331, 39.9750959 ], [ -82.9658477, 39.9751104 ], [ -82.9658161, 39.9750015 ] ] ] } },
{ "type": "Feature", "properties": { "@id": "way/921749312", "amenity": null, "building": "residential", "name": null, "GEOID": "39049002800" }, "geometry": { "type": "Polygon", "coordinates": [ [ [ -82.9680335, 39.9762321 ], [ -82.9680383, 39.9761709 ], [ -82.9682039, 39.9761786 ], [ -82.9681991, 39.9762398 ], [ -82.9680335, 39.9762321 ] ] ] } },
{ "type": "Feature", "properties": { "@id": "way/921749313", "amenity": null, "building": "residential", "name": null, "GEOID": "39049002800" }, "geometry": { "type": "Polygon", "coordinates": [ [ [ -82.9647857, 39.9744332 ], [ -82.9647065, 39.9744468 ], [ -82.9646705, 39.9743235 ], [ -82.964728, 39.9743137 ], [ -82.9647339, 39.974334 ], [ -82.9647557, 39.9743302 ], [ -82.9647857, 39.9744332 ] ] ] } },
{ "type": "Feature", "properties": { "@id": "way/921749314", "amenity": null, "building": "residential", "name": null, "GEOID": "39049002800" }, "geometry": { "type": "Polygon", "coordinates": [ [ [ -82.9624419, 39.975526 ], [ -82.9624476, 39.9754376 ], [ -82.9625269, 39.9754406 ], [ -82.9625211, 39.9755291 ], [ -82.9624419, 39.975526 ] ] ] } },
{ "type": "Feature", "properties": { "@id": "way/921749315", "amenity": null, "building": "residential", "name": null, "GEOID": "39049002800" }, "geometry": { "type": "Polygon", "coordinates": [ [ [ -82.9623331, 39.9760646 ], [ -82.9623369, 39.9760118 ], [ -82.9623831, 39.9760138 ], [ -82.9623822, 39.9760267 ], [ -82.9625056, 39.976032 ], [ -82.9625027, 39.9760718 ], [ -82.9623331, 39.9760646 ] ] ] } },
{ "type": "Feature", "properties": { "@id": "way/921749316", "amenity": null, "building": "residential", "name": null, "GEOID": "39049002800" }, "geometry": { "type": "Polygon", "coordinates": [ [ [ -82.9661679, 39.9741689 ], [ -82.966159, 39.9741705 ], [ -82.9661224, 39.9740488 ], [ -82.9662088, 39.9740335 ], [ -82.966245, 39.9741536 ], [ -82.9662321, 39.9741558 ], [ -82.9662395, 39.9741802 ], [ -82.9661747, 39.9741917 ], [ -82.9661679, 39.9741689 ] ] ] } },
{ "type": "Feature", "properties": { "@id": "way/921749317", "amenity": null, "building": "residential", "name": null, "GEOID": "39049002800" }, "geometry": { "type": "Polygon", "coordinates": [ [ [ -82.9631431, 39.9776197 ], [ -82.9631452, 39.9775883 ], [ -82.9632001, 39.9775905 ], [ -82.9632009, 39.9775789 ], [ -82.9632222, 39.9775798 ], [ -82.963224, 39.9775533 ], [ -82.963273, 39.9775552 ], [ -82.963275, 39.9775259 ], [ -82.9634286, 39.977532 ], [ -82.9634219, 39.9776308 ], [ -82.9631431, 39.9776197 ] ] ] } },
{ "type": "Feature", "properties": { "@id": "way/921749319", "amenity": null, "building": "residential", "name": null, "GEOID": "39049002800" }, "geometry": { "type": "Polygon", "coordinates": [ [ [ -82.9636732, 39.97582 ], [ -82.9637317, 39.9757862 ], [ -82.9636627, 39.9757161 ], [ -82.9637217, 39.975682 ], [ -82.9637966, 39.975758 ], [ -82.963774, 39.9757711 ], [ -82.9638258, 39.9758237 ], [ -82.9637309, 39.9758786 ], [ -82.9636732, 39.97582 ] ] ] } },
{ "type": "Feature", "properties": { "@id": "way/921749320", "amenity": null, "building": "residential", "name": null, "GEOID": "39049002800" }, "geometry": { "type": "Polygon", "coordinates": [ [ [ -82.9678089, 39.977252 ], [ -82.9678176, 39.9771403 ], [ -82.9681028, 39.9771533 ], [ -82.9680972, 39.9772252 ], [ -82.9680573, 39.9772234 ], [ -82.9680542, 39.9772632 ], [ -82.9678089, 39.977252 ] ] ] } },
{ "type": "Feature", "properties": { "@id": "way/921749324", "amenity": null, "building": "residential", "name": null, "GEOID": "39049002800" }, "geometry": { "type": "Polygon", "coordinates": [ [ [ -82.9645331, 39.975747 ], [ -82.9645405, 39.9757426 ], [ -82.964594, 39.9757955 ], [ -82.9645226, 39.9758379 ], [ -82.964469, 39.975785 ], [ -82.9644763, 39.9757807 ], [ -82.9644628, 39.9757674 ], [ -82.9645195, 39.9757337 ], [ -82.9645331, 39.975747 ] ] ] } },
{ "type": "Feature", "properties": { "@id": "way/921749326", "amenity": null, "building": "residential", "name": null, "GEOID": "39049002800" }, "geometry": { "type": "Polygon", "coordinates": [ [ [ -82.9621939, 39.9753168 ], [ -82.9622022, 39.9751785 ], [ -82.9622953, 39.9751817 ], [ -82.9622871, 39.9753201 ], [ -82.9621939, 39.9753168 ] ] ] } },
{ "type": "Feature", "properties": { "@id": "way/921749327", "amenity": null, "building": "residential", "name": null, "GEOID": "39049002800" }, "geometry": { "type": "Polygon", "coordinates": [ [ [ -82.9640309, 39.9773294 ], [ -82.9640259, 39.9773908 ], [ -82.9637804, 39.9773791 ], [ -82.9637834, 39.9773424 ], [ -82.9638075, 39.9773435 ], [ -82.9638095, 39.9773189 ], [ -82.9640309, 39.9773294 ] ] ] } },
{ "type": "Feature", "properties": { "@id": "way/921749329", "amenity": null, "building": "residential", "name": null, "GEOID": "39049002800" }, "geometry": { "type": "Polygon", "coordinates": [ [ [ -82.9649495, 39.9743897 ], [ -82.9649098, 39.9743974 ], [ -82.9648799, 39.9743064 ], [ -82.9649617, 39.9742907 ], [ -82.9649915, 39.9743811 ], [ -82.9649825, 39.9743829 ], [ -82.9649867, 39.9743956 ], [ -82.9649536, 39.974402 ], [ -82.9649495, 39.9743897 ] ] ] } },
{ "type": "Feature", "properties": { "@id": "way/921749330", "amenity": null, "building": "residential", "name": null, "GEOID": "39049002800" }, "geometry": { "type": "Polygon", "coordinates": [ [ [ -82.9642552, 39.9745002 ], [ -82.9642499, 39.9745011 ], [ -82.9642559, 39.9745213 ], [ -82.9641831, 39.974534 ], [ -82.9641771, 39.9745139 ], [ -82.9641691, 39.9745153 ], [ -82.9641419, 39.9744244 ], [ -82.9642028, 39.9744138 ], [ -82.9642079, 39.9744309 ], [ -82.9642332, 39.9744265 ], [ -82.9642552, 39.9745002 ] ] ] } },
{ "type": "Feature", "properties": { "@id": "way/921749332", "amenity": null, "building": "residential", "name": null, "GEOID": "39049002800" }, "geometry": { "type": "Polygon", "coordinates": [ [ [ -82.962846, 39.9762446 ], [ -82.962918, 39.9762026 ], [ -82.9630268, 39.9763121 ], [ -82.9629548, 39.9763541 ], [ -82.962846, 39.9762446 ] ] ] } },
{ "type": "Feature", "properties": { "@id": "way/921749333", "amenity": null, "building": "residential", "name": null, "GEOID": "39049002800" }, "geometry": { "type": "Polygon", "coordinates": [ [ [ -82.9674379, 39.9763933 ], [ -82.9673192, 39.9763882 ], [ -82.967324, 39.9763226 ], [ -82.967466, 39.9763287 ], [ -82.9674636, 39.9763626 ], [ -82.9674401, 39.9763616 ], [ -82.9674379, 39.9763933 ] ] ] } },
{ "type": "Feature", "properties": { "@id": "way/921749334", "amenity": null, "building": "residential", "name": null, "GEOID": "39049002800" }, "geometry": { "type": "Polygon", "coordinates": [ [ [ -82.9631971, 39.9750192 ], [ -82.9631114, 39.9750332 ], [ -82.9630823, 39.974929 ], [ -82.9631679, 39.9749149 ], [ -82.9631971, 39.9750192 ] ] ] } },
{ "type": "Feature", "properties": { "@id": "way/921749335", "amenity": null, "building": "residential", "name": null, "GEOID": "39049002800" }, "geometry": { "type": "Polygon", "coordinates": [ [ [ -82.962252, 39.9749851 ], [ -82.9622606, 39.9748705 ], [ -82.9623018, 39.9748724 ], [ -82.9623, 39.9748955 ], [ -82.962332, 39.9748969 ], [ -82.9623252, 39.9749883 ], [ -82.962252, 39.9749851 ] ] ] } },
{ "type": "Feature", "properties": { "@id": "way/921749336", "amenity": null, "building": "residential", "name": null, "GEOID": "39049002800" }, "geometry": { "type": "Polygon", "coordinates": [ [ [ -82.9682454, 39.975379 ], [ -82.9682451, 39.9753825 ], [ -82.9682695, 39.9753836 ], [ -82.9682636, 39.975459 ], [ -82.9682392, 39.9754579 ], [ -82.9682389, 39.9754623 ], [ -82.9680766, 39.9754548 ], [ -82.9680832, 39.9753714 ], [ -82.9682454, 39.975379 ] ] ] } },
{ "type": "Feature", "properties": { "@id": "way/921749337", "amenity": null, "building": "residential", "name": null, "GEOID": "39049002800" }, "geometry": { "type": "Polygon", "coordinates": [ [ [ -82.9627006, 39.9764083 ], [ -82.9627605, 39.9763737 ], [ -82.9627307, 39.9763435 ], [ -82.9627713, 39.97632 ], [ -82.9628572, 39.9764072 ], [ -82.9627567, 39.9764653 ], [ -82.9627006, 39.9764083 ] ] ] } },
{ "type": "Feature", "properties": { "@id": "way/921749338", "amenity": null, "building": "residential", "name": null, "GEOID": "39049002800" }, "geometry": { "type": "Polygon", "coordinates": [ [ [ -82.9672837, 39.977292 ], [ -82.9672857, 39.9772644 ], [ -82.9672664, 39.9772636 ], [ -82.9672681, 39.9772399 ], [ -82.9672864, 39.9772407 ], [ -82.9672883, 39.9772139 ], [ -82.9673769, 39.9772176 ], [ -82.9673714, 39.9772956 ], [ -82.9672837, 39.977292 ] ] ] } },
{ "type": "Feature", "properties": { "@id": "way/921749339", "amenity": null, "building": "residential", "name": null, "GEOID": "39049002800" }, "geometry": { "type": "Polygon", "coordinates": [ [ [ -82.9679528, 39.9769786 ], [ -82.9679592, 39.9769036 ], [ -82.9681459, 39.9769129 ], [ -82.9681395, 39.9769879 ], [ -82.9679528, 39.9769786 ] ] ] } },
{ "type": "Feature", "properties": { "@id": "way/921749340", "amenity": null, "building": "residential", "name": null, "GEOID": "39049002800" }, "geometry": { "type": "Polygon", "coordinates": [ [ [ -82.9674388, 39.9739694 ], [ -82.9673376, 39.9739871 ], [ -82.9673069, 39.9738847 ], [ -82.9673521, 39.9738768 ], [ -82.9673461, 39.9738569 ], [ -82.9674027, 39.973847 ], [ -82.9674388, 39.9739694 ] ] ] } },
{ "type": "Feature", "properties": { "@id": "way/921749341", "amenity": null, "building": "residential", "name": null, "GEOID": "39049002800" }, "geometry": { "type": "Polygon", "coordinates": [ [ [ -82.9633686, 39.9740164 ], [ -82.9634567, 39.9740018 ], [ -82.9634855, 39.9741038 ], [ -82.9633975, 39.9741184 ], [ -82.9633686, 39.9740164 ] ] ] } },
{ "type": "Feature", "properties": { "@id": "way/921749342", "amenity": null, "building": "residential", "name": null, "GEOID": "39049002800" }, "geometry": { "type": "Polygon", "coordinates": [ [ [ -82.962406, 39.9758238 ], [ -82.9624105, 39.9757502 ], [ -82.962509, 39.9757537 ], [ -82.9625045, 39.9758273 ], [ -82.962406, 39.9758238 ] ] ] } },
{ "type": "Feature", "properties": { "@id": "way/921749344", "amenity": null, "building": "residential", "name": null, "GEOID": "39049002800" }, "geometry": { "type": "Polygon", "coordinates": [ [ [ -82.9644956, 39.9771937 ], [ -82.9645012, 39.9771298 ], [ -82.9646125, 39.9771355 ], [ -82.964611, 39.9771521 ], [ -82.9646364, 39.9771534 ], [ -82.9646338, 39.9771823 ], [ -82.964615, 39.9771813 ], [ -82.9646134, 39.9771997 ], [ -82.9644956, 39.9771937 ] ] ] } },
{ "type": "Feature", "properties": { "@id": "way/921749345", "amenity": null, "building": "residential", "name": null, "GEOID": "39049002800" }, "geometry": { "type": "Polygon", "coordinates": [ [ [ -82.9653731, 39.9736713 ], [ -82.9654039, 39.9736664 ], [ -82.9653986, 39.9736468 ], [ -82.965443, 39.9736396 ], [ -82.9654807, 39.973777 ], [ -82.9654054, 39.9737891 ], [ -82.9653731, 39.9736713 ] ] ] } },
{ "type": "Feature", "properties": { "@id": "way/921749348", "amenity": null, "building": "residential", "name": null, "GEOID": "39049002800" }, "geometry": { "type": "Polygon", "coordinates": [ [ [ -82.9674043, 39.9768934 ], [ -82.9672843, 39.9768877 ], [ -82.9672894, 39.9768249 ], [ -82.9674269, 39.9768314 ], [ -82.967424, 39.976868 ], [ -82.9674064, 39.9768672 ], [ -82.9674043, 39.9768934 ] ] ] } },
{ "type": "Feature", "properties": { "@id": "way/921749349", "amenity": null, "building": "residential", "name": null, "GEOID": "39049002800" }, "geometry": { "type": "Polygon", "coordinates": [ [ [ -82.9625461, 39.9749096 ], [ -82.9625407, 39.9749999 ], [ -82.9624036, 39.9749951 ], [ -82.962409, 39.9749048 ], [ -82.9625461, 39.9749096 ] ] ] } },
{ "type": "Feature", "properties": { "@id": "way/921749350", "amenity": null, "building": "residential", "name": null, "GEOID": "39049002800" }, "geometry": { "type": "Polygon", "coordinates": [ [ [ -82.9624974, 39.9753229 ], [ -82.9625058, 39.9751719 ], [ -82.9625761, 39.9751742 ], [ -82.9625677, 39.9753252 ], [ -82.9624974, 39.9753229 ] ] ] } },
{ "type": "Feature", "properties": { "@id": "way/921749351", "amenity": null, "building": "residential", "name": null, "GEOID": "39049002800" }, "geometry": { "type": "Polygon", "coordinates": [ [ [ -82.9648725, 39.9746345 ], [ -82.9648675, 39.9746192 ], [ -82.964948, 39.9746036 ], [ -82.9649903, 39.974732 ], [ -82.9649474, 39.9747403 ], [ -82.9649428, 39.9747263 ], [ -82.9648995, 39.9747347 ], [ -82.9648669, 39.9746356 ], [ -82.9648725, 39.9746345 ] ] ] } },
{ "type": "Feature", "properties": { "@id": "way/921749352", "amenity": null, "building": "residential", "name": null, "GEOID": "39049002800" }, "geometry": { "type": "Polygon", "coordinates": [ [ [ -82.9639402, 39.9744522 ], [ -82.9640202, 39.9744387 ], [ -82.9640554, 39.974561 ], [ -82.9639754, 39.9745746 ], [ -82.9639402, 39.9744522 ] ] ] } },
{ "type": "Feature", "properties": { "@id": "way/921749353", "amenity": null, "building": "residential", "name": null, "GEOID": "39049002800" }, "geometry": { "type": "Polygon", "coordinates": [ [ [ -82.9612106, 39.9753875 ], [ -82.9612158, 39.9753212 ], [ -82.9613451, 39.9753272 ], [ -82.9613399, 39.9753934 ], [ -82.9612106, 39.9753875 ] ] ] } },
{ "type": "Feature", "properties": { "@id": "way/921749356", "amenity": null, "building": "residential", "name": null, "GEOID": "39049002800" }, "geometry": { "type": "Polygon", "coordinates": [ [ [ -82.9635006, 39.9759205 ], [ -82.9635462, 39.9758939 ], [ -82.9634918, 39.9758392 ], [ -82.9635357, 39.9758136 ], [ -82.9636504, 39.975929 ], [ -82.9635609, 39.9759812 ], [ -82.9635006, 39.9759205 ] ] ] } },
{ "type": "Feature", "properties": { "@id": "way/921749358", "amenity": null, "building": "residential", "name": null, "GEOID": "39049002800" }, "geometry": { "type": "Polygon", "coordinates": [ [ [ -82.967916, 39.9781634 ], [ -82.9679228, 39.9780863 ], [ -82.9680105, 39.9780908 ], [ -82.9680079, 39.9781206 ], [ -82.9680224, 39.9781214 ], [ -82.9680206, 39.9781409 ], [ -82.9680083, 39.9781402 ], [ -82.9680058, 39.978168 ], [ -82.967916, 39.9781634 ] ] ] } },
{ "type": "Feature", "properties": { "@id": "way/921749360", "amenity": null, "building": "residential", "name": null, "GEOID": "39049002800" }, "geometry": { "type": "Polygon", "coordinates": [ [ [ -82.9646738, 39.9744244 ], [ -82.9646806, 39.9744462 ], [ -82.9646025, 39.9744605 ], [ -82.9645957, 39.9744388 ], [ -82.9645846, 39.9744408 ], [ -82.9645624, 39.9743698 ], [ -82.9646009, 39.9743627 ], [ -82.9645952, 39.9743444 ], [ -82.9646587, 39.9743327 ], [ -82.9646866, 39.9744221 ], [ -82.9646738, 39.9744244 ] ] ] } },
{ "type": "Feature", "properties": { "@id": "way/921749362", "amenity": null, "building": "residential", "name": null, "GEOID": "39049002800" }, "geometry": { "type": "Polygon", "coordinates": [ [ [ -82.9626585, 39.977403 ], [ -82.962665, 39.9773233 ], [ -82.9627574, 39.9773277 ], [ -82.962751, 39.9774074 ], [ -82.9626585, 39.977403 ] ] ] } },
{ "type": "Feature", "properties": { "@id": "way/921749363", "amenity": null, "building": "residential", "name": null, "GEOID": "39049002800" }, "geometry": { "type": "Polygon", "coordinates": [ [ [ -82.96711, 39.9749117 ], [ -82.9670474, 39.9749221 ], [ -82.9670063, 39.9747762 ], [ -82.9670689, 39.9747659 ], [ -82.96711, 39.9749117 ] ] ] } },
{ "type": "Feature", "properties": { "@id": "way/921749365", "amenity": null, "building": "residential", "name": null, "GEOID": "39049002800" }, "geometry": { "type": "Polygon", "coordinates": [ [ [ -82.9642785, 39.9753969 ], [ -82.9643055, 39.9753908 ], [ -82.9642993, 39.9753745 ], [ -82.9643457, 39.9753642 ], [ -82.9643765, 39.9754453 ], [ -82.964359, 39.9754492 ], [ -82.9643669, 39.97547 ], [ -82.9643111, 39.9754825 ], [ -82.9642785, 39.9753969 ] ] ] } },
{ "type": "Feature", "properties": { "@id": "way/921749366", "amenity": null, "building": "residential", "name": null, "GEOID": "39049002800" }, "geometry": { "type": "Polygon", "coordinates": [ [ [ -82.964458, 39.977977 ], [ -82.9644623, 39.9778871 ], [ -82.964553, 39.9778897 ], [ -82.9645511, 39.97793 ], [ -82.9645725, 39.9779306 ], [ -82.9645715, 39.9779524 ], [ -82.9645503, 39.9779518 ], [ -82.9645489, 39.9779795 ], [ -82.964458, 39.977977 ] ] ] } },
{ "type": "Feature", "properties": { "@id": "way/921749367", "amenity": null, "building": "residential", "name": null, "GEOID": "39049002800" }, "geometry": { "type": "Polygon", "coordinates": [ [ [ -82.9632096, 39.9753718 ], [ -82.9633014, 39.9753555 ], [ -82.9633266, 39.9754391 ], [ -82.9632348, 39.9754554 ], [ -82.9632096, 39.9753718 ] ] ] } },
{ "type": "Feature", "properties": { "@id": "way/921749368", "amenity": null, "building": "residential", "name": null, "GEOID": "39049002800" }, "geometry": { "type": "Polygon", "coordinates": [ [ [ -82.9632896, 39.9748928 ], [ -82.9633794, 39.9748773 ], [ -82.96341, 39.9749812 ], [ -82.9633202, 39.9749967 ], [ -82.9632896, 39.9748928 ] ] ] } },
{ "type": "Feature", "properties": { "@id": "way/921749369", "amenity": null, "building": "residential", "name": null, "GEOID": "39049002800" }, "geometry": { "type": "Polygon", "coordinates": [ [ [ -82.9629366, 39.9740962 ], [ -82.9629597, 39.9741782 ], [ -82.9628734, 39.9741925 ], [ -82.9628504, 39.9741105 ], [ -82.9628601, 39.9741089 ], [ -82.9628548, 39.9740897 ], [ -82.9629241, 39.9740783 ], [ -82.9629295, 39.9740974 ], [ -82.9629366, 39.9740962 ] ] ] } },
{ "type": "Feature", "properties": { "@id": "way/921749371", "amenity": null, "building": "residential", "name": null, "GEOID": "39049002800" }, "geometry": { "type": "Polygon", "coordinates": [ [ [ -82.9631707, 39.9741646 ], [ -82.9630915, 39.9741776 ], [ -82.9630631, 39.9740756 ], [ -82.9630708, 39.9740743 ], [ -82.9630663, 39.974058 ], [ -82.9631331, 39.9740471 ], [ -82.9631377, 39.9740634 ], [ -82.9631423, 39.9740626 ], [ -82.9631707, 39.9741646 ] ] ] } },
{ "type": "Feature", "properties": { "@id": "way/921749372", "amenity": null, "building": "residential", "name": null, "GEOID": "39049002800" }, "geometry": { "type": "Polygon", "coordinates": [ [ [ -82.9650626, 39.9737937 ], [ -82.9650798, 39.9737908 ], [ -82.9650615, 39.973728 ], [ -82.9651505, 39.9737127 ], [ -82.9651838, 39.9738272 ], [ -82.9650776, 39.9738453 ], [ -82.9650626, 39.9737937 ] ] ] } },
{ "type": "Feature", "properties": { "@id": "way/921749374", "amenity": null, "building": "residential", "name": null, "GEOID": "39049002800" }, "geometry": { "type": "Polygon", "coordinates": [ [ [ -82.9641567, 39.9745327 ], [ -82.9641477, 39.9745342 ], [ -82.9641524, 39.9745503 ], [ -82.9640827, 39.9745623 ], [ -82.964078, 39.9745461 ], [ -82.9640719, 39.9745472 ], [ -82.9640409, 39.9744409 ], [ -82.9640992, 39.9744309 ], [ -82.9641055, 39.9744525 ], [ -82.964132, 39.974448 ], [ -82.9641567, 39.9745327 ] ] ] } },
{ "type": "Feature", "properties": { "@id": "way/921749375", "amenity": null, "building": "residential", "name": null, "GEOID": "39049002800" }, "geometry": { "type": "Polygon", "coordinates": [ [ [ -82.9633025, 39.9764797 ], [ -82.96338, 39.9764346 ], [ -82.96342, 39.9764749 ], [ -82.9634333, 39.9764672 ], [ -82.9634584, 39.9764925 ], [ -82.9634471, 39.9764991 ], [ -82.9634743, 39.9765265 ], [ -82.9634628, 39.9765332 ], [ -82.9635095, 39.9765803 ], [ -82.9634415, 39.9766199 ], [ -82.9633025, 39.9764797 ] ] ] } },
{ "type": "Feature", "properties": { "@id": "way/921749376", "amenity": null, "building": "residential", "name": null, "GEOID": "39049002800" }, "geometry": { "type": "Polygon", "coordinates": [ [ [ -82.9624561, 39.9748034 ], [ -82.9624565, 39.9747971 ], [ -82.9624072, 39.9747953 ], [ -82.9624095, 39.9747581 ], [ -82.9625849, 39.9747645 ], [ -82.9625822, 39.974808 ], [ -82.9624561, 39.9748034 ] ] ] } },
{ "type": "Feature", "properties": { "@id": "way/921749379", "amenity": null, "building": "residential", "name": null, "GEOID": "39049002800" }, "geometry": { "type": "Polygon", "coordinates": [ [ [ -82.9661272, 39.9744126 ], [ -82.9662327, 39.9743938 ], [ -82.9662806, 39.9745515 ], [ -82.9661751, 39.9745703 ], [ -82.9661272, 39.9744126 ] ] ] } },
{ "type": "Feature", "properties": { "@id": "way/921749380", "amenity": null, "building": "residential", "name": null, "GEOID": "39049002800" }, "geometry": { "type": "Polygon", "coordinates": [ [ [ -82.9679241, 39.9746473 ], [ -82.9678936, 39.9746529 ], [ -82.967878, 39.9746031 ], [ -82.9679183, 39.9745957 ], [ -82.9679069, 39.9745593 ], [ -82.9679705, 39.9745476 ], [ -82.9680181, 39.9746997 ], [ -82.9679447, 39.9747132 ], [ -82.9679241, 39.9746473 ] ] ] } },
{ "type": "Feature", "properties": { "@id": "way/921749381", "amenity": null, "building": "residential", "name": null, "GEOID": "39049002800" }, "geometry": { "type": "Polygon", "coordinates": [ [ [ -82.9653124, 39.9745492 ], [ -82.9653893, 39.9745355 ], [ -82.9653945, 39.9745525 ], [ -82.9653986, 39.9745517 ], [ -82.965448, 39.9747139 ], [ -82.9653802, 39.974726 ], [ -82.9653583, 39.974654 ], [ -82.965345, 39.9746563 ], [ -82.9653124, 39.9745492 ] ] ] } },
{ "type": "Feature", "properties": { "@id": "way/921749384", "amenity": null, "building": "residential", "name": null, "GEOID": "39049002800" }, "geometry": { "type": "Polygon", "coordinates": [ [ [ -82.9644507, 39.9748556 ], [ -82.9644381, 39.9748579 ], [ -82.9644427, 39.9748726 ], [ -82.9643591, 39.9748877 ], [ -82.9643546, 39.974873 ], [ -82.9643438, 39.974875 ], [ -82.9642955, 39.974718 ], [ -82.9644024, 39.9746987 ], [ -82.9644507, 39.9748556 ] ] ] } },
{ "type": "Feature", "properties": { "@id": "way/921749387", "amenity": null, "building": "residential", "name": null, "GEOID": "39049002800" }, "geometry": { "type": "Polygon", "coordinates": [ [ [ -82.9628596, 39.9768467 ], [ -82.962843, 39.9768563 ], [ -82.9627555, 39.9767683 ], [ -82.9628335, 39.9767228 ], [ -82.9629211, 39.9768109 ], [ -82.962898, 39.9768243 ], [ -82.9629303, 39.9768568 ], [ -82.9628919, 39.9768792 ], [ -82.9628596, 39.9768467 ] ] ] } },
{ "type": "Feature", "properties": { "@id": "way/921749389", "amenity": null, "building": "residential", "name": null, "GEOID": "39049002800" }, "geometry": { "type": "Polygon", "coordinates": [ [ [ -82.9629657, 39.9740925 ], [ -82.9629604, 39.9740728 ], [ -82.9630338, 39.9740611 ], [ -82.9630393, 39.9740814 ], [ -82.9630461, 39.9740803 ], [ -82.9630729, 39.9741794 ], [ -82.9630001, 39.974191 ], [ -82.9629974, 39.974181 ], [ -82.9629807, 39.9741837 ], [ -82.9629564, 39.9740939 ], [ -82.9629657, 39.9740925 ] ] ] } },
{ "type": "Feature", "properties": { "@id": "way/921749390", "amenity": null, "building": "residential", "name": null, "GEOID": "39049002800" }, "geometry": { "type": "Polygon", "coordinates": [ [ [ -82.964609, 39.9761445 ], [ -82.9646106, 39.9761267 ], [ -82.9647421, 39.9761337 ], [ -82.9647342, 39.9762213 ], [ -82.9645773, 39.9762129 ], [ -82.9645836, 39.9761432 ], [ -82.964609, 39.9761445 ] ] ] } },
{ "type": "Feature", "properties": { "@id": "way/921749391", "amenity": null, "building": "residential", "name": null, "GEOID": "39049002800" }, "geometry": { "type": "Polygon", "coordinates": [ [ [ -82.9644507, 39.9775735 ], [ -82.9644543, 39.9775315 ], [ -82.9645022, 39.9775339 ], [ -82.9645057, 39.9774922 ], [ -82.9645995, 39.9774969 ], [ -82.9645975, 39.9775199 ], [ -82.9646176, 39.9775209 ], [ -82.9646147, 39.9775549 ], [ -82.964594, 39.9775539 ], [ -82.9645917, 39.9775805 ], [ -82.9644507, 39.9775735 ] ] ] } },
{ "type": "Feature", "properties": { "@id": "way/921749394", "amenity": null, "building": "residential", "name": null, "GEOID": "39049002800" }, "geometry": { "type": "Polygon", "coordinates": [ [ [ -82.961142, 39.9764622 ], [ -82.9611481, 39.9763864 ], [ -82.9613051, 39.9763938 ], [ -82.9613037, 39.9764122 ], [ -82.9613303, 39.9764134 ], [ -82.9613269, 39.9764555 ], [ -82.961309, 39.9764547 ], [ -82.9613078, 39.9764701 ], [ -82.961142, 39.9764622 ] ] ] } },
{ "type": "Feature", "properties": { "@id": "way/921749395", "amenity": null, "building": "residential", "name": null, "GEOID": "39049002800" }, "geometry": { "type": "Polygon", "coordinates": [ [ [ -82.9636143, 39.9744749 ], [ -82.9637013, 39.9744599 ], [ -82.9637475, 39.9746173 ], [ -82.9636605, 39.9746323 ], [ -82.9636143, 39.9744749 ] ] ] } },
{ "type": "Feature", "properties": { "@id": "way/921749397", "amenity": null, "building": "residential", "name": null, "GEOID": "39049002800" }, "geometry": { "type": "Polygon", "coordinates": [ [ [ -82.9675104, 39.9734076 ], [ -82.967422, 39.9734234 ], [ -82.967392, 39.9733247 ], [ -82.9674803, 39.9733089 ], [ -82.9675104, 39.9734076 ] ] ] } },
{ "type": "Feature", "properties": { "@id": "way/921749398", "amenity": null, "building": "residential", "name": null, "GEOID": "39049002800" }, "geometry": { "type": "Polygon", "coordinates": [ [ [ -82.9641967, 39.9755784 ], [ -82.9641883, 39.9755829 ], [ -82.9642028, 39.9755985 ], [ -82.9641552, 39.9756245 ], [ -82.9641407, 39.9756089 ], [ -82.9641326, 39.9756134 ], [ -82.9640769, 39.9755534 ], [ -82.964141, 39.9755184 ], [ -82.9641967, 39.9755784 ] ] ] } },
{ "type": "Feature", "properties": { "@id": "way/921749399", "amenity": null, "building": "residential", "name": null, "GEOID": "39049002800" }, "geometry": { "type": "Polygon", "coordinates": [ [ [ -82.9628582, 39.9758282 ], [ -82.9628654, 39.9757381 ], [ -82.9629015, 39.9757398 ], [ -82.962902, 39.9757329 ], [ -82.9630338, 39.9757391 ], [ -82.9630274, 39.9758199 ], [ -82.9629785, 39.9758176 ], [ -82.9629772, 39.9758338 ], [ -82.9628582, 39.9758282 ] ] ] } },
{ "type": "Feature", "properties": { "@id": "way/921749400", "amenity": null, "building": "residential", "name": null, "GEOID": "39049002800" }, "geometry": { "type": "Polygon", "coordinates": [ [ [ -82.9651035, 39.9743632 ], [ -82.9651075, 39.9743771 ], [ -82.9650316, 39.9743899 ], [ -82.9650276, 39.9743759 ], [ -82.9650178, 39.9743776 ], [ -82.964984, 39.9742603 ], [ -82.965078, 39.9742444 ], [ -82.9651118, 39.9743618 ], [ -82.9651035, 39.9743632 ] ] ] } },
{ "type": "Feature", "properties": { "@id": "way/921749401", "amenity": null, "building": "residential", "name": null, "GEOID": "39049002800" }, "geometry": { "type": "Polygon", "coordinates": [ [ [ -82.9633996, 39.977929 ], [ -82.9634218, 39.9779301 ], [ -82.9634176, 39.9779795 ], [ -82.9633954, 39.9779784 ], [ -82.9633949, 39.9779841 ], [ -82.9632825, 39.9779785 ], [ -82.9632883, 39.9779105 ], [ -82.9634007, 39.9779161 ], [ -82.9633996, 39.977929 ] ] ] } },
{ "type": "Feature", "properties": { "@id": "way/921749403", "amenity": null, "building": "residential", "name": null, "GEOID": "39049002800" }, "geometry": { "type": "Polygon", "coordinates": [ [ [ -82.9622131, 39.9743783 ], [ -82.9621051, 39.9743739 ], [ -82.962117, 39.9742031 ], [ -82.9622249, 39.9742076 ], [ -82.9622131, 39.9743783 ] ] ] } },
{ "type": "Feature", "properties": { "@id": "way/921749404", "amenity": null, "building": "residential", "name": null, "GEOID": "39049002800" }, "geometry": { "type": "Polygon", "coordinates": [ [ [ -82.9637519, 39.9779693 ], [ -82.963755, 39.9779344 ], [ -82.9637391, 39.9779335 ], [ -82.9637403, 39.97792 ], [ -82.9637582, 39.9779209 ], [ -82.9637614, 39.9778845 ], [ -82.9638481, 39.977889 ], [ -82.9638405, 39.9779739 ], [ -82.9637519, 39.9779693 ] ] ] } },
{ "type": "Feature", "properties": { "@id": "way/921749405", "amenity": null, "building": "residential", "name": null, "GEOID": "39049002800" }, "geometry": { "type": "Polygon", "coordinates": [ [ [ -82.9673996, 39.9743041 ], [ -82.9673684, 39.9743099 ], [ -82.9673626, 39.9742914 ], [ -82.9673166, 39.9742999 ], [ -82.9672871, 39.9742068 ], [ -82.9673642, 39.9741925 ], [ -82.9673996, 39.9743041 ] ] ] } },
{ "type": "Feature", "properties": { "@id": "way/921749408", "amenity": null, "building": "residential", "name": null, "GEOID": "39049002800" }, "geometry": { "type": "Polygon", "coordinates": [ [ [ -82.9633131, 39.9746645 ], [ -82.9633185, 39.9746827 ], [ -82.9632437, 39.9746957 ], [ -82.9632383, 39.9746775 ], [ -82.96323, 39.974679 ], [ -82.9632096, 39.97461 ], [ -82.9632179, 39.9746085 ], [ -82.963211, 39.9745853 ], [ -82.963253, 39.974578 ], [ -82.9632595, 39.9745998 ], [ -82.9633005, 39.9745927 ], [ -82.9633213, 39.9746631 ], [ -82.9633131, 39.9746645 ] ] ] } },
{ "type": "Feature", "properties": { "@id": "way/921749413", "amenity": null, "building": "residential", "name": null, "GEOID": "39049002800" }, "geometry": { "type": "Polygon", "coordinates": [ [ [ -82.9672831, 39.9768027 ], [ -82.9672883, 39.976738 ], [ -82.967444, 39.9767454 ], [ -82.9674416, 39.9767743 ], [ -82.9674161, 39.976773 ], [ -82.9674132, 39.9768089 ], [ -82.9672831, 39.9768027 ] ] ] } },
{ "type": "Feature", "properties": { "@id": "way/921749414", "amenity": null, "building": "residential", "name": null, "GEOID": "39049002800" }, "geometry": { "type": "Polygon", "coordinates": [ [ [ -82.9634116, 39.9777312 ], [ -82.9633085, 39.9777264 ], [ -82.9633139, 39.9776582 ], [ -82.963417, 39.977663 ], [ -82.9634148, 39.9776901 ], [ -82.9634438, 39.9776914 ], [ -82.9634413, 39.9777229 ], [ -82.9634123, 39.9777215 ], [ -82.9634116, 39.9777312 ] ] ] } },
{ "type": "Feature", "properties": { "@id": "way/921749415", "amenity": null, "building": "residential", "name": null, "GEOID": "39049002800" }, "geometry": { "type": "Polygon", "coordinates": [ [ [ -82.9620597, 39.9768511 ], [ -82.9620659, 39.9767281 ], [ -82.962178, 39.9767315 ], [ -82.9621718, 39.9768544 ], [ -82.9620597, 39.9768511 ] ] ] } },
{ "type": "Feature", "properties": { "@id": "way/921749416", "amenity": null, "building": "residential", "name": null, "GEOID": "39049002800" }, "geometry": { "type": "Polygon", "coordinates": [ [ [ -82.9675494, 39.973953 ], [ -82.9674554, 39.9739697 ], [ -82.9674235, 39.9738646 ], [ -82.9674568, 39.9738587 ], [ -82.9674495, 39.9738345 ], [ -82.9675102, 39.9738237 ], [ -82.9675494, 39.973953 ] ] ] } },
{ "type": "Feature", "properties": { "@id": "way/921749418", "amenity": null, "building": "residential", "name": null, "GEOID": "39049002800" }, "geometry": { "type": "Polygon", "coordinates": [ [ [ -82.9679668, 39.9751678 ], [ -82.9679626, 39.9751677 ], [ -82.9679696, 39.975039 ], [ -82.9679745, 39.9750392 ], [ -82.9679755, 39.9750207 ], [ -82.9680756, 39.975024 ], [ -82.9680746, 39.9750424 ], [ -82.9680779, 39.9750425 ], [ -82.9680708, 39.9751712 ], [ -82.9680653, 39.975171 ], [ -82.9680646, 39.9751832 ], [ -82.9680214, 39.9751818 ], [ -82.9680221, 39.9751696 ], [ -82.968003, 39.975169 ], [ -82.9680023, 39.9751824 ], [ -82.967966, 39.9751812 ], [ -82.9679668, 39.9751678 ] ] ] } },
{ "type": "Feature", "properties": { "@id": "way/921749419", "amenity": null, "building": "residential", "name": null, "GEOID": "39049002800" }, "geometry": { "type": "Polygon", "coordinates": [ [ [ -82.9646888, 39.9765304 ], [ -82.9646831, 39.9765881 ], [ -82.9645647, 39.9765812 ], [ -82.9645704, 39.9765236 ], [ -82.9646888, 39.9765304 ] ] ] } },
{ "type": "Feature", "properties": { "@id": "way/921749421", "amenity": null, "building": "residential", "name": null, "GEOID": "39049002800" }, "geometry": { "type": "Polygon", "coordinates": [ [ [ -82.9628309, 39.9747621 ], [ -82.9628245, 39.9747632 ], [ -82.9628009, 39.9746818 ], [ -82.9628563, 39.9746724 ], [ -82.9628595, 39.9746831 ], [ -82.9628874, 39.9746784 ], [ -82.9629079, 39.974749 ], [ -82.9629045, 39.9747496 ], [ -82.9629088, 39.9747646 ], [ -82.9628353, 39.9747771 ], [ -82.9628309, 39.9747621 ] ] ] } },
{ "type": "Feature", "properties": { "@id": "way/921749423", "amenity": null, "building": "residential", "name": null, "GEOID": "39049002800" }, "geometry": { "type": "Polygon", "coordinates": [ [ [ -82.9628671, 39.9755228 ], [ -82.9628415, 39.9755273 ], [ -82.9628257, 39.9754735 ], [ -82.9628513, 39.9754691 ], [ -82.9628487, 39.9754603 ], [ -82.9629834, 39.9754369 ], [ -82.9629879, 39.9754524 ], [ -82.9630094, 39.9754487 ], [ -82.9630203, 39.9754859 ], [ -82.9629981, 39.9754898 ], [ -82.9630034, 39.9755079 ], [ -82.9628696, 39.9755311 ], [ -82.9628671, 39.9755228 ] ] ] } },
{ "type": "Feature", "properties": { "@id": "way/921749426", "amenity": null, "building": "residential", "name": null, "GEOID": "39049002800" }, "geometry": { "type": "Polygon", "coordinates": [ [ [ -82.9645839, 39.9764017 ], [ -82.9645866, 39.9763685 ], [ -82.9645684, 39.9763676 ], [ -82.9645703, 39.9763437 ], [ -82.964701, 39.97635 ], [ -82.9646963, 39.9764072 ], [ -82.9645839, 39.9764017 ] ] ] } },
{ "type": "Feature", "properties": { "@id": "way/921749428", "amenity": null, "building": "residential", "name": null, "GEOID": "39049002800" }, "geometry": { "type": "Polygon", "coordinates": [ [ [ -82.9647209, 39.9758291 ], [ -82.9646801, 39.975788 ], [ -82.9646396, 39.9758117 ], [ -82.9645572, 39.9757289 ], [ -82.9646443, 39.975678 ], [ -82.9647676, 39.9758018 ], [ -82.9647209, 39.9758291 ] ] ] } },
{ "type": "Feature", "properties": { "@id": "way/921749429", "amenity": null, "building": "residential", "name": null, "GEOID": "39049002800" }, "geometry": { "type": "Polygon", "coordinates": [ [ [ -82.9670797, 39.9743841 ], [ -82.9669851, 39.9744013 ], [ -82.9669432, 39.9742661 ], [ -82.9670379, 39.9742489 ], [ -82.9670797, 39.9743841 ] ] ] } },
{ "type": "Feature", "properties": { "@id": "way/921749430", "amenity": null, "building": "residential", "name": null, "GEOID": "39049002800" }, "geometry": { "type": "Polygon", "coordinates": [ [ [ -82.9673773, 39.9757134 ], [ -82.967382, 39.9756476 ], [ -82.9675039, 39.9756528 ], [ -82.9675035, 39.9756586 ], [ -82.9675191, 39.9756593 ], [ -82.967517, 39.975689 ], [ -82.9675017, 39.9756884 ], [ -82.9674995, 39.9757186 ], [ -82.9673773, 39.9757134 ] ] ] } },
{ "type": "Feature", "properties": { "@id": "way/921749431", "amenity": null, "building": "residential", "name": null, "GEOID": "39049002800" }, "geometry": { "type": "Polygon", "coordinates": [ [ [ -82.9679641, 39.9776016 ], [ -82.9679707, 39.9775244 ], [ -82.9680592, 39.9775288 ], [ -82.9680527, 39.977606 ], [ -82.9679641, 39.9776016 ] ] ] } },
{ "type": "Feature", "properties": { "@id": "way/921749432", "amenity": null, "building": "residential", "name": null, "GEOID": "39049002800" }, "geometry": { "type": "Polygon", "coordinates": [ [ [ -82.9612226, 39.9752908 ], [ -82.9612258, 39.9752526 ], [ -82.9612465, 39.9752537 ], [ -82.9612494, 39.9752196 ], [ -82.9614993, 39.9752319 ], [ -82.961495, 39.9752833 ], [ -82.961433, 39.9752802 ], [ -82.9614313, 39.9753011 ], [ -82.9612226, 39.9752908 ] ] ] } },
{ "type": "Feature", "properties": { "@id": "way/921749433", "amenity": null, "building": "residential", "name": null, "GEOID": "39049002800" }, "geometry": { "type": "Polygon", "coordinates": [ [ [ -82.9617583, 39.9753141 ], [ -82.9617657, 39.9751952 ], [ -82.961838, 39.9751979 ], [ -82.9618345, 39.9752546 ], [ -82.9618482, 39.9752551 ], [ -82.9618443, 39.9753172 ], [ -82.9617583, 39.9753141 ] ] ] } },
{ "type": "Feature", "properties": { "@id": "way/921749434", "amenity": null, "building": "residential", "name": null, "GEOID": "39049002800" }, "geometry": { "type": "Polygon", "coordinates": [ [ [ -82.9643881, 39.9768179 ], [ -82.9643958, 39.9767218 ], [ -82.9646543, 39.976734 ], [ -82.9646465, 39.9768302 ], [ -82.9643881, 39.9768179 ] ] ] } },
{ "type": "Feature", "properties": { "@id": "way/921749436", "amenity": null, "building": "residential", "name": null, "GEOID": "39049002800" }, "geometry": { "type": "Polygon", "coordinates": [ [ [ -82.9651396, 39.9743587 ], [ -82.9651316, 39.9743602 ], [ -82.9650996, 39.9742572 ], [ -82.9651831, 39.974242 ], [ -82.9652051, 39.974313 ], [ -82.965194, 39.974315 ], [ -82.9652036, 39.9743457 ], [ -82.9651692, 39.974352 ], [ -82.9651745, 39.9743689 ], [ -82.9651445, 39.9743744 ], [ -82.9651396, 39.9743587 ] ] ] } },
{ "type": "Feature", "properties": { "@id": "way/921749437", "amenity": null, "building": "residential", "name": null, "GEOID": "39049002800" }, "geometry": { "type": "Polygon", "coordinates": [ [ [ -82.9650988, 39.9746042 ], [ -82.9651242, 39.9745995 ], [ -82.9651215, 39.974591 ], [ -82.9651525, 39.9745853 ], [ -82.9651553, 39.9745944 ], [ -82.9651911, 39.9745878 ], [ -82.9652203, 39.9746811 ], [ -82.9651753, 39.9746894 ], [ -82.9651816, 39.9747093 ], [ -82.9651345, 39.974718 ], [ -82.9650988, 39.9746042 ] ] ] } },
{ "type": "Feature", "properties": { "@id": "way/921749438", "amenity": null, "building": "residential", "name": null, "GEOID": "39049002800" }, "geometry": { "type": "Polygon", "coordinates": [ [ [ -82.9647129, 39.9762663 ], [ -82.964709, 39.9763182 ], [ -82.9646823, 39.976317 ], [ -82.9646814, 39.9763285 ], [ -82.9645626, 39.9763233 ], [ -82.9645649, 39.9762924 ], [ -82.9645855, 39.9762933 ], [ -82.9645879, 39.9762608 ], [ -82.9647129, 39.9762663 ] ] ] } },
{ "type": "Feature", "properties": { "@id": "way/921749442", "amenity": null, "building": "residential", "name": null, "GEOID": "39049002800" }, "geometry": { "type": "Polygon", "coordinates": [ [ [ -82.9643629, 39.9758467 ], [ -82.9643683, 39.9758435 ], [ -82.964458, 39.975932 ], [ -82.9644128, 39.9759589 ], [ -82.964402, 39.9759482 ], [ -82.9643859, 39.9759577 ], [ -82.9643655, 39.9759376 ], [ -82.9643566, 39.9759429 ], [ -82.9642981, 39.9758851 ], [ -82.9643043, 39.9758815 ], [ -82.9642859, 39.9758633 ], [ -82.9643444, 39.9758284 ], [ -82.9643629, 39.9758467 ] ] ] } },
{ "type": "Feature", "properties": { "@id": "way/921749443", "amenity": null, "building": "residential", "name": null, "GEOID": "39049002800" }, "geometry": { "type": "Polygon", "coordinates": [ [ [ -82.9664956, 39.9744577 ], [ -82.9664642, 39.9744632 ], [ -82.96646, 39.9744492 ], [ -82.966386, 39.9744623 ], [ -82.9663616, 39.9743808 ], [ -82.9663712, 39.9743791 ], [ -82.9663665, 39.9743635 ], [ -82.9664524, 39.9743484 ], [ -82.9664571, 39.974364 ], [ -82.966467, 39.9743623 ], [ -82.9664956, 39.9744577 ] ] ] } },
{ "type": "Feature", "properties": { "@id": "way/921749444", "amenity": null, "building": "residential", "name": null, "GEOID": "39049002800" }, "geometry": { "type": "Polygon", "coordinates": [ [ [ -82.9619581, 39.9742205 ], [ -82.9620123, 39.9742226 ], [ -82.9620088, 39.9742778 ], [ -82.9620146, 39.974278 ], [ -82.9620101, 39.9743467 ], [ -82.9619501, 39.9743444 ], [ -82.9619581, 39.9742205 ] ] ] } },
{ "type": "Feature", "properties": { "@id": "way/921749445", "amenity": null, "building": "residential", "name": null, "GEOID": "39049002800" }, "geometry": { "type": "Polygon", "coordinates": [ [ [ -82.9680982, 39.9756292 ], [ -82.9681039, 39.9755589 ], [ -82.9682569, 39.9755662 ], [ -82.9682512, 39.9756365 ], [ -82.9680982, 39.9756292 ] ] ] } },
{ "type": "Feature", "properties": { "@id": "way/921749447", "amenity": null, "building": "residential", "name": null, "GEOID": "39049002800" }, "geometry": { "type": "Polygon", "coordinates": [ [ [ -82.9642272, 39.9760222 ], [ -82.9642149, 39.9760294 ], [ -82.9641869, 39.9760012 ], [ -82.9641991, 39.9759941 ], [ -82.9641697, 39.9759645 ], [ -82.9642661, 39.9759081 ], [ -82.9643189, 39.9759611 ], [ -82.9642638, 39.9759933 ], [ -82.9642957, 39.9760254 ], [ -82.9642543, 39.9760496 ], [ -82.9642272, 39.9760222 ] ] ] } },
{ "type": "Feature", "properties": { "@id": "way/921749448", "amenity": null, "building": "residential", "name": null, "GEOID": "39049002800" }, "geometry": { "type": "Polygon", "coordinates": [ [ [ -82.962958, 39.9753457 ], [ -82.962961, 39.9753561 ], [ -82.9629824, 39.9753525 ], [ -82.9629939, 39.9753919 ], [ -82.9629718, 39.9753957 ], [ -82.9629758, 39.9754094 ], [ -82.962812, 39.9754373 ], [ -82.9627935, 39.9753738 ], [ -82.962958, 39.9753457 ] ] ] } },
{ "type": "Feature", "properties": { "@id": "way/921749450", "amenity": null, "building": "residential", "name": null, "GEOID": "39049002800" }, "geometry": { "type": "Polygon", "coordinates": [ [ [ -82.96495, 39.9752659 ], [ -82.9649396, 39.9752676 ], [ -82.9649084, 39.9751527 ], [ -82.9649863, 39.9751403 ], [ -82.965023, 39.9752751 ], [ -82.9649554, 39.9752859 ], [ -82.96495, 39.9752659 ] ] ] } },
{ "type": "Feature", "properties": { "@id": "way/921749453", "amenity": null, "building": "residential", "name": null, "GEOID": "39049002800" }, "geometry": { "type": "Polygon", "coordinates": [ [ [ -82.9678412, 39.974124 ], [ -82.9678534, 39.9741219 ], [ -82.9678813, 39.9742169 ], [ -82.967865, 39.9742197 ], [ -82.9678715, 39.9742419 ], [ -82.9677857, 39.9742566 ], [ -82.9677786, 39.9742324 ], [ -82.9677712, 39.9742336 ], [ -82.967744, 39.9741408 ], [ -82.9677482, 39.97414 ], [ -82.9677426, 39.9741211 ], [ -82.9678357, 39.9741051 ], [ -82.9678412, 39.974124 ] ] ] } },
{ "type": "Feature", "properties": { "@id": "way/921749454", "amenity": null, "building": "residential", "name": null, "GEOID": "39049002800" }, "geometry": { "type": "Polygon", "coordinates": [ [ [ -82.9626205, 39.9779399 ], [ -82.962622, 39.9779209 ], [ -82.9626068, 39.9779202 ], [ -82.9626084, 39.9779003 ], [ -82.9626165, 39.9779007 ], [ -82.9626183, 39.9778771 ], [ -82.9627881, 39.9778847 ], [ -82.9627833, 39.9779471 ], [ -82.9626205, 39.9779399 ] ] ] } },
{ "type": "Feature", "properties": { "@id": "way/921749455", "amenity": null, "building": "residential", "name": null, "GEOID": "39049002800" }, "geometry": { "type": "Polygon", "coordinates": [ [ [ -82.9637951, 39.97747 ], [ -82.963801, 39.9774058 ], [ -82.9639394, 39.9774133 ], [ -82.9639335, 39.9774775 ], [ -82.9637951, 39.97747 ] ] ] } },
{ "type": "Feature", "properties": { "@id": "way/921749456", "amenity": null, "building": "residential", "name": null, "GEOID": "39049002800" }, "geometry": { "type": "Polygon", "coordinates": [ [ [ -82.967492, 39.9758017 ], [ -82.967388, 39.9757972 ], [ -82.9673884, 39.9757914 ], [ -82.9673703, 39.9757906 ], [ -82.967374, 39.9757395 ], [ -82.9673922, 39.9757403 ], [ -82.9673927, 39.9757328 ], [ -82.9675185, 39.9757382 ], [ -82.967516, 39.9757714 ], [ -82.9674943, 39.9757705 ], [ -82.967492, 39.9758017 ] ] ] } },
{ "type": "Feature", "properties": { "@id": "way/921749457", "amenity": null, "building": "residential", "name": null, "GEOID": "39049002800" }, "geometry": { "type": "Polygon", "coordinates": [ [ [ -82.962977, 39.9749749 ], [ -82.963004, 39.9750654 ], [ -82.9629078, 39.9750823 ], [ -82.9628808, 39.9749919 ], [ -82.9628843, 39.9749913 ], [ -82.9628787, 39.9749726 ], [ -82.9629654, 39.9749573 ], [ -82.962971, 39.9749759 ], [ -82.962977, 39.9749749 ] ] ] } },
{ "type": "Feature", "properties": { "@id": "way/921749458", "amenity": null, "building": "residential", "name": null, "GEOID": "39049002800" }, "geometry": { "type": "Polygon", "coordinates": [ [ [ -82.963771, 39.9761674 ], [ -82.9638356, 39.9761285 ], [ -82.9639326, 39.9762232 ], [ -82.963868, 39.976262 ], [ -82.963771, 39.9761674 ] ] ] } },
{ "type": "Feature", "properties": { "@id": "way/921749459", "amenity": null, "building": "residential", "name": null, "GEOID": "39049002800" }, "geometry": { "type": "Polygon", "coordinates": [ [ [ -82.963882, 39.9739081 ], [ -82.9639595, 39.9738951 ], [ -82.9639868, 39.973991 ], [ -82.9639461, 39.9739979 ], [ -82.9639512, 39.974016 ], [ -82.9639145, 39.9740221 ], [ -82.963882, 39.9739081 ] ] ] } },
{ "type": "Feature", "properties": { "@id": "way/921749460", "amenity": null, "building": "residential", "name": null, "GEOID": "39049002800" }, "geometry": { "type": "Polygon", "coordinates": [ [ [ -82.9617714, 39.9758164 ], [ -82.9617646, 39.9758162 ], [ -82.9617635, 39.9758337 ], [ -82.9616917, 39.9758312 ], [ -82.9616927, 39.9758137 ], [ -82.9616859, 39.9758135 ], [ -82.9616907, 39.9757318 ], [ -82.9617762, 39.9757348 ], [ -82.9617714, 39.9758164 ] ] ] } },
{ "type": "Feature", "properties": { "@id": "way/921749461", "amenity": null, "building": "residential", "name": null, "GEOID": "39049002800" }, "geometry": { "type": "Polygon", "coordinates": [ [ [ -82.9626131, 39.9780277 ], [ -82.9626148, 39.9780082 ], [ -82.9626007, 39.9780075 ], [ -82.9626021, 39.9779908 ], [ -82.9626156, 39.9779915 ], [ -82.9626177, 39.9779674 ], [ -82.9627315, 39.9779732 ], [ -82.9627295, 39.9779966 ], [ -82.9627736, 39.9779988 ], [ -82.9627704, 39.9780357 ], [ -82.9626131, 39.9780277 ] ] ] } },
{ "type": "Feature", "properties": { "@id": "way/921749463", "amenity": null, "building": "residential", "name": null, "GEOID": "39049002800" }, "geometry": { "type": "Polygon", "coordinates": [ [ [ -82.9657525, 39.9741663 ], [ -82.9657914, 39.97416 ], [ -82.9657868, 39.9741433 ], [ -82.9658257, 39.974137 ], [ -82.9658566, 39.9742484 ], [ -82.9657787, 39.974261 ], [ -82.9657525, 39.9741663 ] ] ] } },
{ "type": "Feature", "properties": { "@id": "way/921749464", "amenity": null, "building": "residential", "name": null, "GEOID": "39049002800" }, "geometry": { "type": "Polygon", "coordinates": [ [ [ -82.9673967, 39.9769822 ], [ -82.9672978, 39.9769775 ], [ -82.967298, 39.976974 ], [ -82.9672804, 39.9769732 ], [ -82.9672854, 39.9769111 ], [ -82.9673031, 39.9769119 ], [ -82.9673033, 39.9769084 ], [ -82.9674023, 39.9769131 ], [ -82.9673967, 39.9769822 ] ] ] } },
{ "type": "Feature", "properties": { "@id": "way/921749465", "amenity": null, "building": "residential", "name": null, "GEOID": "39049002800" }, "geometry": { "type": "Polygon", "coordinates": [ [ [ -82.9639402, 39.976842 ], [ -82.9639377, 39.9768704 ], [ -82.9639542, 39.9768713 ], [ -82.9639515, 39.9769016 ], [ -82.963935, 39.9769008 ], [ -82.9639345, 39.9769062 ], [ -82.9638277, 39.9769006 ], [ -82.9638282, 39.9768959 ], [ -82.9638062, 39.9768948 ], [ -82.9638111, 39.9768396 ], [ -82.9638331, 39.9768408 ], [ -82.9638335, 39.9768363 ], [ -82.9639402, 39.976842 ] ] ] } },
{ "type": "Feature", "properties": { "@id": "way/921749467", "amenity": null, "building": "residential", "name": null, "GEOID": "39049002800" }, "geometry": { "type": "Polygon", "coordinates": [ [ [ -82.9638904, 39.9775796 ], [ -82.9638839, 39.9776532 ], [ -82.9637587, 39.9776467 ], [ -82.9637597, 39.9776362 ], [ -82.9637319, 39.9776348 ], [ -82.9637368, 39.9775791 ], [ -82.9637645, 39.9775806 ], [ -82.9637652, 39.9775732 ], [ -82.9638904, 39.9775796 ] ] ] } },
{ "type": "Feature", "properties": { "@id": "way/921749468", "amenity": null, "building": "residential", "name": null, "GEOID": "39049002800" }, "geometry": { "type": "Polygon", "coordinates": [ [ [ -82.9644917, 39.9772816 ], [ -82.9644943, 39.9772481 ], [ -82.9644538, 39.9772463 ], [ -82.9644561, 39.9772164 ], [ -82.9646094, 39.9772233 ], [ -82.9646088, 39.9772317 ], [ -82.9646356, 39.977233 ], [ -82.9646336, 39.9772589 ], [ -82.964613, 39.977258 ], [ -82.9646108, 39.9772869 ], [ -82.9644917, 39.9772816 ] ] ] } },
{ "type": "Feature", "properties": { "@id": "way/921749469", "amenity": null, "building": "residential", "name": null, "GEOID": "39049002800" }, "geometry": { "type": "Polygon", "coordinates": [ [ [ -82.9634111, 39.9769157 ], [ -82.9634189, 39.9768358 ], [ -82.9634559, 39.9768379 ], [ -82.9634595, 39.9768008 ], [ -82.9635137, 39.9768039 ], [ -82.9635096, 39.9768462 ], [ -82.9634979, 39.9768455 ], [ -82.9634907, 39.9769203 ], [ -82.9634111, 39.9769157 ] ] ] } },
{ "type": "Feature", "properties": { "@id": "way/921749470", "amenity": null, "building": "residential", "name": null, "GEOID": "39049002800" }, "geometry": { "type": "Polygon", "coordinates": [ [ [ -82.9649312, 39.9752903 ], [ -82.9648388, 39.975307 ], [ -82.9647941, 39.9751614 ], [ -82.9648865, 39.9751447 ], [ -82.9649312, 39.9752903 ] ] ] } },
{ "type": "Feature", "properties": { "@id": "way/921749471", "amenity": null, "building": "residential", "name": null, "GEOID": "39049002800" }, "geometry": { "type": "Polygon", "coordinates": [ [ [ -82.9625204, 39.9744788 ], [ -82.9625317, 39.9742162 ], [ -82.9626087, 39.9742182 ], [ -82.9626081, 39.9742325 ], [ -82.9626217, 39.9742329 ], [ -82.9626111, 39.9744811 ], [ -82.9625204, 39.9744788 ] ] ] } },
{ "type": "Feature", "properties": { "@id": "way/921749472", "amenity": null, "building": "residential", "name": null, "GEOID": "39049002800" }, "geometry": { "type": "Polygon", "coordinates": [ [ [ -82.9618111, 39.9758178 ], [ -82.961804, 39.9758175 ], [ -82.9618087, 39.9757361 ], [ -82.9618957, 39.9757391 ], [ -82.9618909, 39.9758205 ], [ -82.9618854, 39.9758203 ], [ -82.9618845, 39.975836 ], [ -82.9618102, 39.9758334 ], [ -82.9618111, 39.9758178 ] ] ] } },
{ "type": "Feature", "properties": { "@id": "way/921749473", "amenity": null, "building": "residential", "name": null, "GEOID": "39049002800" }, "geometry": { "type": "Polygon", "coordinates": [ [ [ -82.9679892, 39.9765117 ], [ -82.967995, 39.9764348 ], [ -82.9681831, 39.9764432 ], [ -82.9681773, 39.97652 ], [ -82.9679892, 39.9765117 ] ] ] } },
{ "type": "Feature", "properties": { "@id": "way/921749474", "amenity": null, "building": "residential", "name": null, "GEOID": "39049002800" }, "geometry": { "type": "Polygon", "coordinates": [ [ [ -82.9673509, 39.9760492 ], [ -82.967355, 39.9759831 ], [ -82.9675014, 39.9759884 ], [ -82.9674992, 39.9760241 ], [ -82.9674722, 39.9760232 ], [ -82.9674703, 39.9760535 ], [ -82.9673509, 39.9760492 ] ] ] } },
{ "type": "Feature", "properties": { "@id": "way/921749475", "amenity": null, "building": "residential", "name": null, "GEOID": "39049002800" }, "geometry": { "type": "Polygon", "coordinates": [ [ [ -82.9629802, 39.9762234 ], [ -82.9630419, 39.9761877 ], [ -82.9631288, 39.9762761 ], [ -82.9630671, 39.9763118 ], [ -82.9629802, 39.9762234 ] ] ] } },
{ "type": "Feature", "properties": { "@id": "way/921749477", "amenity": null, "building": "residential", "name": null, "GEOID": "39049002800" }, "geometry": { "type": "Polygon", "coordinates": [ [ [ -82.9611593, 39.9760987 ], [ -82.961162, 39.9760208 ], [ -82.9612751, 39.9760231 ], [ -82.9612724, 39.976101 ], [ -82.9611593, 39.9760987 ] ] ] } },
{ "type": "Feature", "properties": { "@id": "way/921749479", "amenity": null, "building": "residential", "name": null, "GEOID": "39049002800" }, "geometry": { "type": "Polygon", "coordinates": [ [ [ -82.9674516, 39.9763098 ], [ -82.9673294, 39.9763045 ], [ -82.9673341, 39.97624 ], [ -82.9674742, 39.9762461 ], [ -82.9674717, 39.9762798 ], [ -82.9674538, 39.976279 ], [ -82.9674516, 39.9763098 ] ] ] } },
{ "type": "Feature", "properties": { "@id": "way/921749481", "amenity": null, "building": "residential", "name": null, "GEOID": "39049002800" }, "geometry": { "type": "Polygon", "coordinates": [ [ [ -82.9612325, 39.9749369 ], [ -82.9612365, 39.9748745 ], [ -82.9613926, 39.9748803 ], [ -82.9613891, 39.9749362 ], [ -82.9612931, 39.9749326 ], [ -82.9612927, 39.9749391 ], [ -82.9612325, 39.9749369 ] ] ] } },
{ "type": "Feature", "properties": { "@id": "way/921749482", "amenity": null, "building": "residential", "name": null, "GEOID": "39049002800" }, "geometry": { "type": "Polygon", "coordinates": [ [ [ -82.9613753, 39.9756508 ], [ -82.9613689, 39.9757146 ], [ -82.9612952, 39.9757104 ], [ -82.9612934, 39.9757286 ], [ -82.9611742, 39.9757217 ], [ -82.9611823, 39.9756396 ], [ -82.9613753, 39.9756508 ] ] ] } },
{ "type": "Feature", "properties": { "@id": "way/921749484", "amenity": null, "building": "residential", "name": null, "GEOID": "39049002800" }, "geometry": { "type": "Polygon", "coordinates": [ [ [ -82.9638538, 39.9766584 ], [ -82.9639557, 39.9766637 ], [ -82.9639522, 39.9767021 ], [ -82.9639774, 39.9767034 ], [ -82.9639748, 39.9767315 ], [ -82.963949, 39.9767302 ], [ -82.9639488, 39.9767317 ], [ -82.9638477, 39.9767263 ], [ -82.9638481, 39.9767216 ], [ -82.9638216, 39.9767202 ], [ -82.9638269, 39.9766609 ], [ -82.9638535, 39.9766623 ], [ -82.9638538, 39.9766584 ] ] ] } },
{ "type": "Feature", "properties": { "@id": "way/921749485", "amenity": null, "building": "residential", "name": null, "GEOID": "39049002800" }, "geometry": { "type": "Polygon", "coordinates": [ [ [ -82.962845, 39.9756826 ], [ -82.9628171, 39.9756876 ], [ -82.9628055, 39.9756493 ], [ -82.9630068, 39.9756135 ], [ -82.9630279, 39.9756831 ], [ -82.9628545, 39.975714 ], [ -82.962845, 39.9756826 ] ] ] } },
{ "type": "Feature", "properties": { "@id": "way/921749487", "amenity": null, "building": "residential", "name": null, "GEOID": "39049002800" }, "geometry": { "type": "Polygon", "coordinates": [ [ [ -82.9634443, 39.9746439 ], [ -82.9634349, 39.9746455 ], [ -82.963412, 39.9745682 ], [ -82.9635058, 39.9745519 ], [ -82.9635287, 39.9746292 ], [ -82.9635207, 39.9746306 ], [ -82.9635257, 39.9746475 ], [ -82.9634493, 39.9746608 ], [ -82.9634443, 39.9746439 ] ] ] } },
{ "type": "Feature", "properties": { "@id": "way/921749489", "amenity": null, "building": "residential", "name": null, "GEOID": "39049002800" }, "geometry": { "type": "Polygon", "coordinates": [ [ [ -82.9611521, 39.976365 ], [ -82.9611581, 39.9762897 ], [ -82.9613179, 39.9762972 ], [ -82.9613168, 39.9763118 ], [ -82.9613381, 39.9763128 ], [ -82.9613347, 39.9763547 ], [ -82.9613185, 39.9763539 ], [ -82.961317, 39.9763728 ], [ -82.9611521, 39.976365 ] ] ] } },
{ "type": "Feature", "properties": { "@id": "way/921749492", "amenity": null, "building": "residential", "name": null, "GEOID": "39049002800" }, "geometry": { "type": "Polygon", "coordinates": [ [ [ -82.9631849, 39.9749086 ], [ -82.9632728, 39.9748934 ], [ -82.963304, 39.9749997 ], [ -82.9632162, 39.9750149 ], [ -82.9631849, 39.9749086 ] ] ] } },
{ "type": "Feature", "properties": { "@id": "way/921749493", "amenity": null, "building": "residential", "name": null, "GEOID": "39049002800" }, "geometry": { "type": "Polygon", "coordinates": [ [ [ -82.9660343, 39.9744152 ], [ -82.9660761, 39.97456 ], [ -82.9659907, 39.9745745 ], [ -82.9659488, 39.9744297 ], [ -82.9660343, 39.9744152 ] ] ] } },
{ "type": "Feature", "properties": { "@id": "way/921749494", "amenity": null, "building": "residential", "name": null, "GEOID": "39049002800" }, "geometry": { "type": "Polygon", "coordinates": [ [ [ -82.9679152, 39.9780489 ], [ -82.9679223, 39.9779737 ], [ -82.9680107, 39.9779786 ], [ -82.9680079, 39.978008 ], [ -82.9680202, 39.9780087 ], [ -82.9680186, 39.9780253 ], [ -82.9680081, 39.9780248 ], [ -82.9680054, 39.9780538 ], [ -82.9679152, 39.9780489 ] ] ] } },
{ "type": "Feature", "properties": { "@id": "way/921749495", "amenity": null, "building": "residential", "name": null, "GEOID": "39049002800" }, "geometry": { "type": "Polygon", "coordinates": [ [ [ -82.9630079, 39.9766418 ], [ -82.9630983, 39.9765892 ], [ -82.9631581, 39.9766495 ], [ -82.9630677, 39.9767021 ], [ -82.9630079, 39.9766418 ] ] ] } },
{ "type": "Feature", "properties": { "@id": "way/921749497", "amenity": null, "building": "residential", "name": null, "GEOID": "39049002800" }, "geometry": { "type": "Polygon", "coordinates": [ [ [ -82.9612293, 39.9748609 ], [ -82.9612302, 39.9748222 ], [ -82.9612397, 39.9748223 ], [ -82.9612404, 39.9747899 ], [ -82.9613439, 39.9747912 ], [ -82.9613423, 39.9748624 ], [ -82.9612293, 39.9748609 ] ] ] } },
{ "type": "Feature", "properties": { "@id": "way/921749499", "amenity": null, "building": "residential", "name": null, "GEOID": "39049002800" }, "geometry": { "type": "Polygon", "coordinates": [ [ [ -82.9632767, 39.9780668 ], [ -82.9632834, 39.9779924 ], [ -82.9633947, 39.9779982 ], [ -82.9633881, 39.9780727 ], [ -82.9632767, 39.9780668 ] ] ] } },
{ "type": "Feature", "properties": { "@id": "way/921749500", "amenity": null, "building": "residential", "name": null, "GEOID": "39049002800" }, "geometry": { "type": "Polygon", "coordinates": [ [ [ -82.9633493, 39.9774686 ], [ -82.9633585, 39.9773631 ], [ -82.963336, 39.9773619 ], [ -82.9633395, 39.9773224 ], [ -82.9634211, 39.9773266 ], [ -82.9634178, 39.977364 ], [ -82.963405, 39.9773633 ], [ -82.963403, 39.9773866 ], [ -82.9634486, 39.9773889 ], [ -82.963446, 39.9774182 ], [ -82.9634646, 39.9774191 ], [ -82.9634625, 39.9774424 ], [ -82.9634477, 39.9774416 ], [ -82.9634449, 39.9774735 ], [ -82.9633493, 39.9774686 ] ] ] } },
{ "type": "Feature", "properties": { "@id": "way/921749502", "amenity": null, "building": "residential", "name": null, "GEOID": "39049002800" }, "geometry": { "type": "Polygon", "coordinates": [ [ [ -82.9624206, 39.9748706 ], [ -82.9624227, 39.974831 ], [ -82.9624601, 39.9748322 ], [ -82.9624603, 39.9748273 ], [ -82.9625599, 39.9748304 ], [ -82.9625597, 39.9748332 ], [ -82.9625799, 39.9748338 ], [ -82.9625775, 39.9748794 ], [ -82.9625573, 39.9748788 ], [ -82.9625572, 39.9748815 ], [ -82.9624576, 39.9748784 ], [ -82.962458, 39.9748717 ], [ -82.9624206, 39.9748706 ] ] ] } },
{ "type": "Feature", "properties": { "@id": "way/921749504", "amenity": null, "building": "residential", "name": null, "GEOID": "39049002800" }, "geometry": { "type": "Polygon", "coordinates": [ [ [ -82.9679854, 39.9766628 ], [ -82.9679908, 39.9766064 ], [ -82.968024, 39.9766083 ], [ -82.9680254, 39.9765939 ], [ -82.9681476, 39.9766009 ], [ -82.9681407, 39.9766717 ], [ -82.9679854, 39.9766628 ] ] ] } },
{ "type": "Feature", "properties": { "@id": "way/921749506", "amenity": null, "building": "residential", "name": null, "GEOID": "39049002800" }, "geometry": { "type": "Polygon", "coordinates": [ [ [ -82.9644842, 39.9777121 ], [ -82.9644916, 39.9776269 ], [ -82.9645799, 39.9776314 ], [ -82.9645768, 39.9776666 ], [ -82.9645845, 39.977667 ], [ -82.9645833, 39.9776817 ], [ -82.9645714, 39.9776811 ], [ -82.9645683, 39.9777164 ], [ -82.9644842, 39.9777121 ] ] ] } },
{ "type": "Feature", "properties": { "@id": "way/921749507", "amenity": null, "building": "residential", "name": null, "GEOID": "39049002800" }, "geometry": { "type": "Polygon", "coordinates": [ [ [ -82.962625, 39.9778559 ], [ -82.9626311, 39.9777815 ], [ -82.9627368, 39.9777867 ], [ -82.9627306, 39.9778611 ], [ -82.962625, 39.9778559 ] ] ] } },
{ "type": "Feature", "properties": { "@id": "way/921749508", "amenity": null, "building": "residential", "name": null, "GEOID": "39049002800" }, "geometry": { "type": "Polygon", "coordinates": [ [ [ -82.9651016, 39.9747282 ], [ -82.9650248, 39.9747417 ], [ -82.9650163, 39.9747133 ], [ -82.9650083, 39.9747147 ], [ -82.9649733, 39.9745985 ], [ -82.9650581, 39.9745835 ], [ -82.9651016, 39.9747282 ] ] ] } },
{ "type": "Feature", "properties": { "@id": "way/921749509", "amenity": null, "building": "residential", "name": null, "GEOID": "39049002800" }, "geometry": { "type": "Polygon", "coordinates": [ [ [ -82.9676805, 39.9747209 ], [ -82.9677833, 39.9747024 ], [ -82.9678001, 39.9747573 ], [ -82.96778, 39.9747609 ], [ -82.9677867, 39.9747827 ], [ -82.967704, 39.9747976 ], [ -82.9676805, 39.9747209 ] ] ] } },
{ "type": "Feature", "properties": { "@id": "way/921749510", "amenity": null, "building": "residential", "name": null, "GEOID": "39049002800" }, "geometry": { "type": "Polygon", "coordinates": [ [ [ -82.9680896, 39.9761614 ], [ -82.9680947, 39.9760949 ], [ -82.9682082, 39.9761 ], [ -82.9682031, 39.9761665 ], [ -82.9680896, 39.9761614 ] ] ] } },
{ "type": "Feature", "properties": { "@id": "way/921749511", "amenity": null, "building": "residential", "name": null, "GEOID": "39049002800" }, "geometry": { "type": "Polygon", "coordinates": [ [ [ -82.9630948, 39.9750387 ], [ -82.9630285, 39.9750504 ], [ -82.9630056, 39.9749738 ], [ -82.9630111, 39.9749728 ], [ -82.9630065, 39.9749574 ], [ -82.9630612, 39.9749478 ], [ -82.9630658, 39.9749632 ], [ -82.9630719, 39.9749621 ], [ -82.9630948, 39.9750387 ] ] ] } },
{ "type": "Feature", "properties": { "@id": "way/921749513", "amenity": null, "building": "residential", "name": null, "GEOID": "39049002800" }, "geometry": { "type": "Polygon", "coordinates": [ [ [ -82.9611432, 39.976594 ], [ -82.9611425, 39.9764996 ], [ -82.9611927, 39.9764994 ], [ -82.9611929, 39.9765153 ], [ -82.9612142, 39.9765152 ], [ -82.9612143, 39.9765268 ], [ -82.9612809, 39.9765264 ], [ -82.9612815, 39.9765934 ], [ -82.9611432, 39.976594 ] ] ] } },
{ "type": "Feature", "properties": { "@id": "way/921749514", "amenity": null, "building": "residential", "name": null, "GEOID": "39049002800" }, "geometry": { "type": "Polygon", "coordinates": [ [ [ -82.9674767, 39.9752542 ], [ -82.9674888, 39.9751076 ], [ -82.9675895, 39.9751125 ], [ -82.9675773, 39.9752591 ], [ -82.9674767, 39.9752542 ] ] ] } },
{ "type": "Feature", "properties": { "@id": "way/921749515", "amenity": null, "building": "residential", "name": null, "GEOID": "39049002800" }, "geometry": { "type": "Polygon", "coordinates": [ [ [ -82.9676069, 39.9752437 ], [ -82.9676078, 39.9752321 ], [ -82.967598, 39.9752317 ], [ -82.9676099, 39.9750872 ], [ -82.9677136, 39.9750923 ], [ -82.9677007, 39.9752483 ], [ -82.9676069, 39.9752437 ] ] ] } },
{ "type": "Feature", "properties": { "@id": "way/921749516", "amenity": null, "building": "residential", "name": null, "GEOID": "39049002800" }, "geometry": { "type": "Polygon", "coordinates": [ [ [ -82.9638164, 39.9768023 ], [ -82.9638225, 39.9767417 ], [ -82.9639401, 39.9767486 ], [ -82.9639374, 39.9767764 ], [ -82.9639661, 39.9767781 ], [ -82.9639635, 39.9768044 ], [ -82.9639354, 39.9768027 ], [ -82.9639347, 39.9768093 ], [ -82.9638164, 39.9768023 ] ] ] } },
{ "type": "Feature", "properties": { "@id": "way/921749517", "amenity": null, "building": "residential", "name": null, "GEOID": "39049002800" }, "geometry": { "type": "Polygon", "coordinates": [ [ [ -82.9678473, 39.9756979 ], [ -82.9678513, 39.9756425 ], [ -82.9679684, 39.9756474 ], [ -82.9679644, 39.9757029 ], [ -82.9678473, 39.9756979 ] ] ] } },
{ "type": "Feature", "properties": { "@id": "way/921749518", "amenity": null, "building": "residential", "name": null, "GEOID": "39049002800" }, "geometry": { "type": "Polygon", "coordinates": [ [ [ -82.9631171, 39.9765733 ], [ -82.9631409, 39.9765594 ], [ -82.9631222, 39.9765405 ], [ -82.9631677, 39.976514 ], [ -82.9631883, 39.9765349 ], [ -82.9632202, 39.9765164 ], [ -82.9632661, 39.9765628 ], [ -82.9632375, 39.9765794 ], [ -82.9632477, 39.9765897 ], [ -82.9631752, 39.9766319 ], [ -82.9631171, 39.9765733 ] ] ] } },
{ "type": "Feature", "properties": { "@id": "way/921749519", "amenity": null, "building": "residential", "name": null, "GEOID": "39049002800" }, "geometry": { "type": "Polygon", "coordinates": [ [ [ -82.9646294, 39.9769108 ], [ -82.9646246, 39.9769735 ], [ -82.9645509, 39.9769702 ], [ -82.9645539, 39.9769312 ], [ -82.9645226, 39.9769298 ], [ -82.9645272, 39.9768701 ], [ -82.9646565, 39.9768759 ], [ -82.9646537, 39.9769119 ], [ -82.9646294, 39.9769108 ] ] ] } },
{ "type": "Feature", "properties": { "@id": "way/921749521", "amenity": null, "building": "residential", "name": null, "GEOID": "39049002800" }, "geometry": { "type": "Polygon", "coordinates": [ [ [ -82.9673638, 39.9771794 ], [ -82.9672762, 39.9771762 ], [ -82.9672778, 39.9771512 ], [ -82.9672541, 39.9771503 ], [ -82.9672558, 39.9771233 ], [ -82.9672794, 39.9771242 ], [ -82.967281, 39.9770983 ], [ -82.9673686, 39.9771015 ], [ -82.9673638, 39.9771794 ] ] ] } },
{ "type": "Feature", "properties": { "@id": "way/921749522", "amenity": null, "building": "residential", "name": null, "GEOID": "39049002800" }, "geometry": { "type": "Polygon", "coordinates": [ [ [ -82.9635025, 39.9748606 ], [ -82.9635862, 39.9748462 ], [ -82.96359, 39.9748591 ], [ -82.963597, 39.9748579 ], [ -82.9636216, 39.9749422 ], [ -82.9635307, 39.9749578 ], [ -82.9635025, 39.9748606 ] ] ] } },
{ "type": "Feature", "properties": { "@id": "way/921749523", "amenity": null, "building": "residential", "name": null, "GEOID": "39049002800" }, "geometry": { "type": "Polygon", "coordinates": [ [ [ -82.9644942, 39.9752797 ], [ -82.9645423, 39.9752713 ], [ -82.9645369, 39.975253 ], [ -82.9645671, 39.9752477 ], [ -82.9646005, 39.9753607 ], [ -82.9645222, 39.9753743 ], [ -82.9644942, 39.9752797 ] ] ] } },
{ "type": "Feature", "properties": { "@id": "way/921749524", "amenity": null, "building": "residential", "name": null, "GEOID": "39049002800" }, "geometry": { "type": "Polygon", "coordinates": [ [ [ -82.9673563, 39.9759624 ], [ -82.9673612, 39.975898 ], [ -82.9675149, 39.9759049 ], [ -82.967512, 39.9759429 ], [ -82.9674782, 39.9759414 ], [ -82.9674762, 39.9759677 ], [ -82.9673563, 39.9759624 ] ] ] } },
{ "type": "Feature", "properties": { "@id": "way/921749525", "amenity": null, "building": "residential", "name": null, "GEOID": "39049002800" }, "geometry": { "type": "Polygon", "coordinates": [ [ [ -82.9637382, 39.9780767 ], [ -82.963741, 39.9780445 ], [ -82.963723, 39.9780436 ], [ -82.9637244, 39.9780271 ], [ -82.9637413, 39.978028 ], [ -82.9637442, 39.9779947 ], [ -82.9638347, 39.9779994 ], [ -82.9638275, 39.9780813 ], [ -82.9637382, 39.9780767 ] ] ] } },
{ "type": "Feature", "properties": { "@id": "way/921749530", "amenity": null, "building": "residential", "name": null, "GEOID": "39049002800" }, "geometry": { "type": "Polygon", "coordinates": [ [ [ -82.9644943, 39.9754111 ], [ -82.9644234, 39.9754229 ], [ -82.9644013, 39.9753449 ], [ -82.9644721, 39.9753331 ], [ -82.9644943, 39.9754111 ] ] ] } },
{ "type": "Feature", "properties": { "@id": "way/921749531", "amenity": null, "building": "residential", "name": null, "GEOID": "39049002800" }, "geometry": { "type": "Polygon", "coordinates": [ [ [ -82.9673059, 39.9766286 ], [ -82.9673096, 39.9765651 ], [ -82.967434, 39.9765693 ], [ -82.9674336, 39.9765772 ], [ -82.9674573, 39.976578 ], [ -82.9674556, 39.9766071 ], [ -82.9674301, 39.9766063 ], [ -82.9674286, 39.9766328 ], [ -82.9673059, 39.9766286 ] ] ] } },
{ "type": "Feature", "properties": { "@id": "way/921749532", "amenity": null, "building": "residential", "name": null, "GEOID": "39049002800" }, "geometry": { "type": "Polygon", "coordinates": [ [ [ -82.9618844, 39.9752936 ], [ -82.9618921, 39.9751913 ], [ -82.9620171, 39.9751968 ], [ -82.9620095, 39.9752991 ], [ -82.9618844, 39.9752936 ] ] ] } },
{ "type": "Feature", "properties": { "@id": "way/921749533", "amenity": null, "building": "residential", "name": null, "GEOID": "39049002800" }, "geometry": { "type": "Polygon", "coordinates": [ [ [ -82.963217, 39.9746808 ], [ -82.9632106, 39.9746819 ], [ -82.9632155, 39.9746987 ], [ -82.9631464, 39.9747106 ], [ -82.9631415, 39.9746937 ], [ -82.9631357, 39.9746947 ], [ -82.9631058, 39.9745923 ], [ -82.9631614, 39.9745827 ], [ -82.9631679, 39.9746049 ], [ -82.9631936, 39.9746005 ], [ -82.963217, 39.9746808 ] ] ] } },
{ "type": "Feature", "properties": { "@id": "way/921749535", "amenity": null, "building": "residential", "name": null, "GEOID": "39049002800" }, "geometry": { "type": "Polygon", "coordinates": [ [ [ -82.9679241, 39.977938 ], [ -82.9679311, 39.9778633 ], [ -82.9680191, 39.9778681 ], [ -82.9680164, 39.9778968 ], [ -82.9680316, 39.9778976 ], [ -82.96803, 39.9779146 ], [ -82.9680166, 39.9779139 ], [ -82.9680139, 39.9779429 ], [ -82.9679241, 39.977938 ] ] ] } },
{ "type": "Feature", "properties": { "@id": "way/921749536", "amenity": null, "building": "residential", "name": null, "GEOID": "39049002800" }, "geometry": { "type": "Polygon", "coordinates": [ [ [ -82.9679113, 39.9782728 ], [ -82.9679179, 39.9781977 ], [ -82.9680032, 39.9782021 ], [ -82.9680007, 39.9782312 ], [ -82.968015, 39.9782319 ], [ -82.9680134, 39.9782499 ], [ -82.9680038, 39.9782494 ], [ -82.9680014, 39.9782774 ], [ -82.9679113, 39.9782728 ] ] ] } },
{ "type": "Feature", "properties": { "@id": "way/921749537", "amenity": null, "building": "residential", "name": null, "GEOID": "39049002800" }, "geometry": { "type": "Polygon", "coordinates": [ [ [ -82.963053, 39.9761748 ], [ -82.9630847, 39.9761565 ], [ -82.9630697, 39.9761414 ], [ -82.9631157, 39.9761147 ], [ -82.9631541, 39.9761535 ], [ -82.9631896, 39.9761329 ], [ -82.9632215, 39.9761653 ], [ -82.9632023, 39.9761764 ], [ -82.9632155, 39.9761898 ], [ -82.9631828, 39.9762087 ], [ -82.9631986, 39.9762248 ], [ -82.9631374, 39.9762603 ], [ -82.963053, 39.9761748 ] ] ] } },
{ "type": "Feature", "properties": { "@id": "way/921749539", "amenity": null, "building": "residential", "name": null, "GEOID": "39049002800" }, "geometry": { "type": "Polygon", "coordinates": [ [ [ -82.9651366, 39.9752275 ], [ -82.9651289, 39.9752289 ], [ -82.9651338, 39.9752454 ], [ -82.9650761, 39.9752555 ], [ -82.9650712, 39.975239 ], [ -82.9650622, 39.9752405 ], [ -82.9650321, 39.9751397 ], [ -82.9650573, 39.9751353 ], [ -82.9650482, 39.975105 ], [ -82.9650974, 39.9750964 ], [ -82.9651366, 39.9752275 ] ] ] } },
{ "type": "Feature", "properties": { "@id": "way/921749540", "amenity": null, "building": "residential", "name": null, "GEOID": "39049002800" }, "geometry": { "type": "Polygon", "coordinates": [ [ [ -82.9633183, 39.9778724 ], [ -82.9633256, 39.9777909 ], [ -82.9634169, 39.9777957 ], [ -82.9634144, 39.9778239 ], [ -82.9634304, 39.9778248 ], [ -82.9634283, 39.9778487 ], [ -82.9634112, 39.9778478 ], [ -82.9634086, 39.9778772 ], [ -82.9633183, 39.9778724 ] ] ] } },
{ "type": "Feature", "properties": { "@id": "way/921749541", "amenity": null, "building": "residential", "name": null, "GEOID": "39049002800" }, "geometry": { "type": "Polygon", "coordinates": [ [ [ -82.9646699, 39.9764362 ], [ -82.9646695, 39.9764419 ], [ -82.9646922, 39.9764429 ], [ -82.9646876, 39.9765018 ], [ -82.9646649, 39.9765008 ], [ -82.9646645, 39.9765055 ], [ -82.9644877, 39.9764973 ], [ -82.9644931, 39.9764281 ], [ -82.9646699, 39.9764362 ] ] ] } },
{ "type": "Feature", "properties": { "@id": "way/921749542", "amenity": null, "building": "residential", "name": null, "GEOID": "39049002800" }, "geometry": { "type": "Polygon", "coordinates": [ [ [ -82.9619046, 39.9749674 ], [ -82.9619101, 39.9748821 ], [ -82.9620019, 39.9748857 ], [ -82.9619963, 39.974971 ], [ -82.9619046, 39.9749674 ] ] ] } },
{ "type": "Feature", "properties": { "@id": "way/921749543", "amenity": null, "building": "residential", "name": null, "GEOID": "39049002800" }, "geometry": { "type": "Polygon", "coordinates": [ [ [ -82.9619192, 39.9775526 ], [ -82.961963, 39.9775301 ], [ -82.9619797, 39.9775493 ], [ -82.9620557, 39.9775105 ], [ -82.9620886, 39.9775483 ], [ -82.9620616, 39.9775621 ], [ -82.9621024, 39.977609 ], [ -82.962113, 39.9776036 ], [ -82.962157, 39.9776542 ], [ -82.9620775, 39.9776948 ], [ -82.9620397, 39.9776514 ], [ -82.9620507, 39.9776458 ], [ -82.9620288, 39.9776206 ], [ -82.9620061, 39.9776322 ], [ -82.9620155, 39.977643 ], [ -82.9619619, 39.9776704 ], [ -82.9619262, 39.9776293 ], [ -82.9619059, 39.9776396 ], [ -82.9618742, 39.9776032 ], [ -82.9619358, 39.9775717 ], [ -82.9619192, 39.9775526 ] ] ] } },
{ "type": "Feature", "properties": { "@id": "way/921749544", "amenity": null, "building": "residential", "name": null, "GEOID": "39049002800" }, "geometry": { "type": "Polygon", "coordinates": [ [ [ -82.9665746, 39.9741008 ], [ -82.9665804, 39.9741195 ], [ -82.9665018, 39.9741337 ], [ -82.9664958, 39.974114 ], [ -82.9664881, 39.9741153 ], [ -82.9664621, 39.974031 ], [ -82.9664967, 39.9740247 ], [ -82.9664907, 39.9740052 ], [ -82.96655, 39.9739945 ], [ -82.9665823, 39.9740994 ], [ -82.9665746, 39.9741008 ] ] ] } },
{ "type": "Feature", "properties": { "@id": "way/921749545", "amenity": null, "building": "residential", "name": null, "GEOID": "39049002800" }, "geometry": { "type": "Polygon", "coordinates": [ [ [ -82.9612377, 39.9746004 ], [ -82.9612545, 39.974601 ], [ -82.9612553, 39.9745875 ], [ -82.9613976, 39.9745924 ], [ -82.9613926, 39.9746768 ], [ -82.9612437, 39.9746717 ], [ -82.9612443, 39.9746621 ], [ -82.9612341, 39.9746618 ], [ -82.9612377, 39.9746004 ] ] ] } },
{ "type": "Feature", "properties": { "@id": "way/921749546", "amenity": null, "building": "residential", "name": null, "GEOID": "39049002800" }, "geometry": { "type": "Polygon", "coordinates": [ [ [ -82.963801, 39.9771565 ], [ -82.9638074, 39.9770861 ], [ -82.9639388, 39.9770932 ], [ -82.9639355, 39.9771299 ], [ -82.9639596, 39.9771312 ], [ -82.9639579, 39.9771503 ], [ -82.963971, 39.9771511 ], [ -82.9639696, 39.9771656 ], [ -82.963801, 39.9771565 ] ] ] } },
{ "type": "Feature", "properties": { "@id": "way/921749547", "amenity": null, "building": "residential", "name": null, "GEOID": "39049002800" }, "geometry": { "type": "Polygon", "coordinates": [ [ [ -82.9676423, 39.9742366 ], [ -82.9676158, 39.9742414 ], [ -82.9676288, 39.9742842 ], [ -82.9675592, 39.9742966 ], [ -82.9675458, 39.9742523 ], [ -82.9675386, 39.9742536 ], [ -82.9675115, 39.9741644 ], [ -82.9675528, 39.974157 ], [ -82.9675498, 39.9741473 ], [ -82.9676118, 39.9741362 ], [ -82.9676423, 39.9742366 ] ] ] } },
{ "type": "Feature", "properties": { "@id": "way/921749551", "amenity": null, "building": "residential", "name": null, "GEOID": "39049002800" }, "geometry": { "type": "Polygon", "coordinates": [ [ [ -82.9663501, 39.9741428 ], [ -82.9663559, 39.974161 ], [ -82.9662782, 39.9741754 ], [ -82.9662724, 39.974157 ], [ -82.9662651, 39.9741583 ], [ -82.9662358, 39.9740651 ], [ -82.9662953, 39.9740541 ], [ -82.966301, 39.9740722 ], [ -82.9663355, 39.9740658 ], [ -82.9663592, 39.9741411 ], [ -82.9663501, 39.9741428 ] ] ] } },
{ "type": "Feature", "properties": { "@id": "way/921749554", "amenity": null, "building": "residential", "name": null, "GEOID": "39049002800" }, "geometry": { "type": "Polygon", "coordinates": [ [ [ -82.9617434, 39.9769318 ], [ -82.9617494, 39.976861 ], [ -82.9619121, 39.9768691 ], [ -82.9619061, 39.9769399 ], [ -82.9617434, 39.9769318 ] ] ] } },
{ "type": "Feature", "properties": { "@id": "way/921749555", "amenity": null, "building": "residential", "name": null, "GEOID": "39049002800" }, "geometry": { "type": "Polygon", "coordinates": [ [ [ -82.9653387, 39.9743201 ], [ -82.9653332, 39.974321 ], [ -82.9653103, 39.9742433 ], [ -82.9653285, 39.9742401 ], [ -82.9653222, 39.9742188 ], [ -82.9653795, 39.9742089 ], [ -82.9654086, 39.9743079 ], [ -82.9653987, 39.9743096 ], [ -82.9654033, 39.9743252 ], [ -82.9653433, 39.9743356 ], [ -82.9653387, 39.9743201 ] ] ] } },
{ "type": "Feature", "properties": { "@id": "way/921749557", "amenity": null, "building": "residential", "name": null, "GEOID": "39049002800" }, "geometry": { "type": "Polygon", "coordinates": [ [ [ -82.96352, 39.9745427 ], [ -82.9636064, 39.9745281 ], [ -82.9636361, 39.9746316 ], [ -82.9635497, 39.9746462 ], [ -82.96352, 39.9745427 ] ] ] } },
{ "type": "Feature", "properties": { "@id": "way/921749558", "amenity": null, "building": "residential", "name": null, "GEOID": "39049002800" }, "geometry": { "type": "Polygon", "coordinates": [ [ [ -82.9640123, 39.9760608 ], [ -82.9640391, 39.9760448 ], [ -82.9640279, 39.9760338 ], [ -82.9640669, 39.9760106 ], [ -82.9640787, 39.9760222 ], [ -82.9641026, 39.976008 ], [ -82.9641265, 39.9760316 ], [ -82.9641412, 39.9760228 ], [ -82.964161, 39.9760423 ], [ -82.9641456, 39.9760515 ], [ -82.9641673, 39.9760729 ], [ -82.9640783, 39.9761259 ], [ -82.9640123, 39.9760608 ] ] ] } },
{ "type": "Feature", "properties": { "@id": "way/921749560", "amenity": null, "building": "residential", "name": null, "GEOID": "39049002800" }, "geometry": { "type": "Polygon", "coordinates": [ [ [ -82.9637191, 39.9749193 ], [ -82.9636347, 39.9749338 ], [ -82.9636062, 39.9748361 ], [ -82.9636906, 39.9748217 ], [ -82.9637191, 39.9749193 ] ] ] } },
{ "type": "Feature", "properties": { "@id": "way/921749562", "amenity": null, "building": "residential", "name": null, "GEOID": "39049002800" }, "geometry": { "type": "Polygon", "coordinates": [ [ [ -82.9628323, 39.9769641 ], [ -82.9628908, 39.97693 ], [ -82.9629406, 39.9769802 ], [ -82.9628821, 39.9770143 ], [ -82.9628323, 39.9769641 ] ] ] } },
{ "type": "Feature", "properties": { "@id": "way/921749564", "amenity": null, "building": "residential", "name": null, "GEOID": "39049002800" }, "geometry": { "type": "Polygon", "coordinates": [ [ [ -82.9654461, 39.9746275 ], [ -82.9654241, 39.9745472 ], [ -82.9654295, 39.9745463 ], [ -82.9654246, 39.9745283 ], [ -82.9654968, 39.9745167 ], [ -82.9655017, 39.9745347 ], [ -82.965507, 39.9745339 ], [ -82.9655289, 39.9746142 ], [ -82.9654461, 39.9746275 ] ] ] } },
{ "type": "Feature", "properties": { "@id": "way/921749565", "amenity": null, "building": "residential", "name": null, "GEOID": "39049002800" }, "geometry": { "type": "Polygon", "coordinates": [ [ [ -82.9664509, 39.9741233 ], [ -82.9664571, 39.9741442 ], [ -82.9663878, 39.9741563 ], [ -82.9663816, 39.9741354 ], [ -82.9663775, 39.9741361 ], [ -82.9663532, 39.9740544 ], [ -82.9663806, 39.9740496 ], [ -82.9663745, 39.9740292 ], [ -82.9664288, 39.9740197 ], [ -82.9664593, 39.9741218 ], [ -82.9664509, 39.9741233 ] ] ] } },
{ "type": "Feature", "properties": { "@id": "way/921749566", "amenity": null, "building": "residential", "name": null, "GEOID": "39049002800" }, "geometry": { "type": "Polygon", "coordinates": [ [ [ -82.9633172, 39.9772809 ], [ -82.9633233, 39.9772128 ], [ -82.9634476, 39.9772193 ], [ -82.9634415, 39.9772874 ], [ -82.9633172, 39.9772809 ] ] ] } },
{ "type": "Feature", "properties": { "@id": "way/921749567", "amenity": null, "building": "residential", "name": null, "GEOID": "39049002800" }, "geometry": { "type": "Polygon", "coordinates": [ [ [ -82.9634511, 39.9753344 ], [ -82.963553, 39.9753168 ], [ -82.9635851, 39.9754256 ], [ -82.9634832, 39.9754433 ], [ -82.9634511, 39.9753344 ] ] ] } },
{ "type": "Feature", "properties": { "@id": "way/921749569", "amenity": null, "building": "residential", "name": null, "GEOID": "39049002800" }, "geometry": { "type": "Polygon", "coordinates": [ [ [ -82.9673349, 39.9762184 ], [ -82.9673401, 39.9761566 ], [ -82.9674801, 39.9761636 ], [ -82.9674775, 39.9761935 ], [ -82.9674528, 39.9761923 ], [ -82.9674501, 39.9762242 ], [ -82.9673349, 39.9762184 ] ] ] } },
{ "type": "Feature", "properties": { "@id": "way/921749570", "amenity": null, "building": "residential", "name": null, "GEOID": "39049002800" }, "geometry": { "type": "Polygon", "coordinates": [ [ [ -82.9668697, 39.973465 ], [ -82.9669064, 39.9734584 ], [ -82.9669034, 39.9734484 ], [ -82.9669287, 39.9734439 ], [ -82.9669317, 39.9734537 ], [ -82.9669808, 39.9734449 ], [ -82.9670027, 39.9735168 ], [ -82.9668915, 39.9735367 ], [ -82.9668697, 39.973465 ] ] ] } },
{ "type": "Feature", "properties": { "@id": "way/921749571", "amenity": null, "building": "residential", "name": null, "GEOID": "39049002800" }, "geometry": { "type": "Polygon", "coordinates": [ [ [ -82.961799, 39.976849 ], [ -82.961803, 39.9768012 ], [ -82.9619202, 39.976807 ], [ -82.9619162, 39.9768548 ], [ -82.961799, 39.976849 ] ] ] } },
{ "type": "Feature", "properties": { "@id": "way/921749572", "amenity": null, "building": "residential", "name": null, "GEOID": "39049002800" }, "geometry": { "type": "Polygon", "coordinates": [ [ [ -82.9682337, 39.9746606 ], [ -82.9682273, 39.9746617 ], [ -82.9682091, 39.9746024 ], [ -82.9682214, 39.9746002 ], [ -82.9682101, 39.9745636 ], [ -82.9682588, 39.9745549 ], [ -82.9682535, 39.9745376 ], [ -82.9683167, 39.9745262 ], [ -82.9683283, 39.974564 ], [ -82.968333, 39.9745632 ], [ -82.9683515, 39.9746235 ], [ -82.9683469, 39.9746244 ], [ -82.9683596, 39.9746655 ], [ -82.9683044, 39.9746755 ], [ -82.968309, 39.9746905 ], [ -82.9682463, 39.9747018 ], [ -82.9682337, 39.9746606 ] ] ] } },
{ "type": "Feature", "properties": { "@id": "way/921749575", "amenity": null, "building": "residential", "name": null, "GEOID": "39049002800" }, "geometry": { "type": "Polygon", "coordinates": [ [ [ -82.9678406, 39.9752094 ], [ -82.9678499, 39.9750419 ], [ -82.96796, 39.9750455 ], [ -82.9679508, 39.975213 ], [ -82.9678406, 39.9752094 ] ] ] } },
{ "type": "Feature", "properties": { "@id": "way/921749576", "amenity": null, "building": "residential", "name": null, "GEOID": "39049002800" }, "geometry": { "type": "Polygon", "coordinates": [ [ [ -82.9679957, 39.9764186 ], [ -82.9680014, 39.9763445 ], [ -82.9681849, 39.9763527 ], [ -82.9681792, 39.9764269 ], [ -82.9679957, 39.9764186 ] ] ] } },
{ "type": "Feature", "properties": { "@id": "way/921749577", "amenity": null, "building": "residential", "name": null, "GEOID": "39049002800" }, "geometry": { "type": "Polygon", "coordinates": [ [ [ -82.9643858, 39.9780866 ], [ -82.9643899, 39.9780272 ], [ -82.9645415, 39.9780334 ], [ -82.9645374, 39.9780927 ], [ -82.9643858, 39.9780866 ] ] ] } },
{ "type": "Feature", "properties": { "@id": "way/921749578", "amenity": null, "building": "residential", "name": null, "GEOID": "39049002800" }, "geometry": { "type": "Polygon", "coordinates": [ [ [ -82.9645401, 39.976665 ], [ -82.9645454, 39.976606 ], [ -82.9646582, 39.976612 ], [ -82.9646562, 39.9766342 ], [ -82.9646686, 39.9766349 ], [ -82.9646673, 39.9766491 ], [ -82.964657, 39.9766486 ], [ -82.9646549, 39.9766711 ], [ -82.9645401, 39.976665 ] ] ] } },
{ "type": "Feature", "properties": { "@id": "way/921749579", "amenity": null, "building": "residential", "name": null, "GEOID": "39049002800" }, "geometry": { "type": "Polygon", "coordinates": [ [ [ -82.9643178, 39.9748765 ], [ -82.9642085, 39.9748958 ], [ -82.9641633, 39.9747449 ], [ -82.9642726, 39.9747256 ], [ -82.9643178, 39.9748765 ] ] ] } },
{ "type": "Feature", "properties": { "@id": "way/921749580", "amenity": null, "building": "residential", "name": null, "GEOID": "39049002800" }, "geometry": { "type": "Polygon", "coordinates": [ [ [ -82.9611621, 39.9758511 ], [ -82.9611668, 39.9757567 ], [ -82.9612926, 39.9757603 ], [ -82.9612889, 39.9758354 ], [ -82.9612338, 39.9758338 ], [ -82.9612328, 39.9758532 ], [ -82.9611621, 39.9758511 ] ] ] } },
{ "type": "Feature", "properties": { "@id": "way/921749582", "amenity": null, "building": "residential", "name": null, "GEOID": "39049002800" }, "geometry": { "type": "Polygon", "coordinates": [ [ [ -82.9679344, 39.9778247 ], [ -82.967941, 39.9777482 ], [ -82.9680241, 39.9777524 ], [ -82.9680216, 39.9777813 ], [ -82.9680374, 39.9777821 ], [ -82.9680358, 39.9778009 ], [ -82.9680241, 39.9778003 ], [ -82.9680216, 39.9778292 ], [ -82.9679344, 39.9778247 ] ] ] } },
{ "type": "Feature", "properties": { "@id": "way/921749587", "amenity": null, "building": "residential", "name": null, "GEOID": "39049002800" }, "geometry": { "type": "Polygon", "coordinates": [ [ [ -82.9653004, 39.9743445 ], [ -82.9652325, 39.9743558 ], [ -82.9651968, 39.9742291 ], [ -82.9652647, 39.9742179 ], [ -82.9653004, 39.9743445 ] ] ] } },
{ "type": "Feature", "properties": { "@id": "way/921749588", "amenity": null, "building": "residential", "name": null, "GEOID": "39049002800" }, "geometry": { "type": "Polygon", "coordinates": [ [ [ -82.9638256, 39.974906 ], [ -82.9637305, 39.9749224 ], [ -82.9637054, 39.9748369 ], [ -82.9637136, 39.9748355 ], [ -82.963709, 39.9748198 ], [ -82.9637853, 39.9748067 ], [ -82.9637899, 39.9748223 ], [ -82.9638005, 39.9748205 ], [ -82.9638256, 39.974906 ] ] ] } },
{ "type": "Feature", "properties": { "@id": "way/921749589", "amenity": null, "building": "residential", "name": null, "GEOID": "39049002800" }, "geometry": { "type": "Polygon", "coordinates": [ [ [ -82.9636947, 39.9752906 ], [ -82.9637852, 39.9752747 ], [ -82.9638127, 39.9753669 ], [ -82.9637222, 39.9753828 ], [ -82.9636947, 39.9752906 ] ] ] } },
{ "type": "Feature", "properties": { "@id": "way/921749591", "amenity": null, "building": "residential", "name": null, "GEOID": "39049002800" }, "geometry": { "type": "Polygon", "coordinates": [ [ [ -82.9673127, 39.9764739 ], [ -82.967318, 39.9764081 ], [ -82.9674705, 39.9764153 ], [ -82.9674677, 39.9764505 ], [ -82.9674425, 39.9764493 ], [ -82.9674401, 39.9764799 ], [ -82.9673127, 39.9764739 ] ] ] } },
{ "type": "Feature", "properties": { "@id": "way/921749592", "amenity": null, "building": "residential", "name": null, "GEOID": "39049002800" }, "geometry": { "type": "Polygon", "coordinates": [ [ [ -82.961839, 39.9743358 ], [ -82.9618451, 39.9742367 ], [ -82.9619339, 39.9742399 ], [ -82.9619278, 39.974339 ], [ -82.961839, 39.9743358 ] ] ] } },
{ "type": "Feature", "properties": { "@id": "way/921749593", "amenity": null, "building": "residential", "name": null, "GEOID": "39049002800" }, "geometry": { "type": "Polygon", "coordinates": [ [ [ -82.9658525, 39.9745599 ], [ -82.9658029, 39.974569 ], [ -82.9658098, 39.9745911 ], [ -82.9657683, 39.9745987 ], [ -82.9657292, 39.9744732 ], [ -82.9658203, 39.9744566 ], [ -82.9658525, 39.9745599 ] ] ] } },
{ "type": "Feature", "properties": { "@id": "way/921749594", "amenity": null, "building": "residential", "name": null, "GEOID": "39049002800" }, "geometry": { "type": "Polygon", "coordinates": [ [ [ -82.9631478, 39.9767915 ], [ -82.9632239, 39.9767445 ], [ -82.9632805, 39.9767983 ], [ -82.9632044, 39.9768453 ], [ -82.9631478, 39.9767915 ] ] ] } },
{ "type": "Feature", "properties": { "@id": "way/921749595", "amenity": null, "building": "residential", "name": null, "GEOID": "39049002800" }, "geometry": { "type": "Polygon", "coordinates": [ [ [ -82.9674689, 39.9760725 ], [ -82.9674667, 39.9761019 ], [ -82.9675532, 39.9761058 ], [ -82.9675509, 39.9761371 ], [ -82.9673457, 39.976128 ], [ -82.9673503, 39.9760672 ], [ -82.9674689, 39.9760725 ] ] ] } },
{ "type": "Feature", "properties": { "@id": "way/921749596", "amenity": null, "building": "residential", "name": null, "GEOID": "39049002800" }, "geometry": { "type": "Polygon", "coordinates": [ [ [ -82.962902, 39.9751142 ], [ -82.9628072, 39.9751325 ], [ -82.9627615, 39.9749931 ], [ -82.9628562, 39.9749748 ], [ -82.962902, 39.9751142 ] ] ] } },
{ "type": "Feature", "properties": { "@id": "way/921749598", "amenity": null, "building": "residential", "name": null, "GEOID": "39049002800" }, "geometry": { "type": "Polygon", "coordinates": [ [ [ -82.9620215, 39.9743483 ], [ -82.9620257, 39.9742782 ], [ -82.9620344, 39.9742785 ], [ -82.9620375, 39.9742255 ], [ -82.9620912, 39.9742274 ], [ -82.9620839, 39.9743505 ], [ -82.9620215, 39.9743483 ] ] ] } },
{ "type": "Feature", "properties": { "@id": "way/921749599", "amenity": null, "building": "residential", "name": null, "GEOID": "39049002800" }, "geometry": { "type": "Polygon", "coordinates": [ [ [ -82.9638563, 39.9749308 ], [ -82.9638508, 39.9749318 ], [ -82.9638207, 39.9748304 ], [ -82.9638269, 39.9748293 ], [ -82.9638252, 39.9748237 ], [ -82.9638404, 39.974821 ], [ -82.963842, 39.9748266 ], [ -82.9638537, 39.9748245 ], [ -82.9638506, 39.9748141 ], [ -82.9639006, 39.9748054 ], [ -82.9639037, 39.9748159 ], [ -82.9639076, 39.9748153 ], [ -82.9639459, 39.9749443 ], [ -82.9638645, 39.9749585 ], [ -82.9638563, 39.9749308 ] ] ] } },
{ "type": "Feature", "properties": { "@id": "way/921749600", "amenity": null, "building": "residential", "name": null, "GEOID": "39049002800" }, "geometry": { "type": "Polygon", "coordinates": [ [ [ -82.9645008, 39.9758377 ], [ -82.9644948, 39.9758412 ], [ -82.9645251, 39.9758721 ], [ -82.9644597, 39.9759098 ], [ -82.9643701, 39.9758184 ], [ -82.9644415, 39.9757773 ], [ -82.9645008, 39.9758377 ] ] ] } },
{ "type": "Feature", "properties": { "@id": "way/921749602", "amenity": null, "building": "residential", "name": null, "GEOID": "39049002800" }, "geometry": { "type": "Polygon", "coordinates": [ [ [ -82.9634084, 39.9748735 ], [ -82.9634801, 39.9748614 ], [ -82.9635217, 39.9750056 ], [ -82.9634629, 39.9750156 ], [ -82.963452, 39.9749778 ], [ -82.9634391, 39.97498 ], [ -82.9634084, 39.9748735 ] ] ] } },
{ "type": "Feature", "properties": { "@id": "way/921749603", "amenity": null, "building": "residential", "name": null, "GEOID": "39049002800" }, "geometry": { "type": "Polygon", "coordinates": [ [ [ -82.9637526, 39.9778465 ], [ -82.9637599, 39.9777627 ], [ -82.9638509, 39.9777674 ], [ -82.9638437, 39.9778511 ], [ -82.9637526, 39.9778465 ] ] ] } },
{ "type": "Feature", "properties": { "@id": "way/921749604", "amenity": null, "building": "residential", "name": null, "GEOID": "39049002800" }, "geometry": { "type": "Polygon", "coordinates": [ [ [ -82.9663816, 39.9744795 ], [ -82.9663371, 39.9744872 ], [ -82.9663336, 39.9744753 ], [ -82.966275, 39.9744855 ], [ -82.9662514, 39.9744054 ], [ -82.9662592, 39.974404 ], [ -82.966253, 39.9743828 ], [ -82.9663397, 39.9743678 ], [ -82.966346, 39.974389 ], [ -82.9663545, 39.9743876 ], [ -82.9663816, 39.9744795 ] ] ] } },
{ "type": "Feature", "properties": { "@id": "way/921749605", "amenity": null, "building": "residential", "name": null, "GEOID": "39049002800" }, "geometry": { "type": "Polygon", "coordinates": [ [ [ -82.9668163, 39.9740604 ], [ -82.9668208, 39.9740753 ], [ -82.9667414, 39.9740893 ], [ -82.966736, 39.9740714 ], [ -82.9667287, 39.9740727 ], [ -82.9667039, 39.9739904 ], [ -82.9667974, 39.9739739 ], [ -82.9668231, 39.9740592 ], [ -82.9668163, 39.9740604 ] ] ] } },
{ "type": "Feature", "properties": { "@id": "way/921749609", "amenity": null, "building": "residential", "name": null, "GEOID": "39049002800" }, "geometry": { "type": "Polygon", "coordinates": [ [ [ -82.9661466, 39.974192 ], [ -82.9661503, 39.9742042 ], [ -82.966072, 39.9742183 ], [ -82.9660683, 39.9742061 ], [ -82.9660524, 39.974209 ], [ -82.9660229, 39.974113 ], [ -82.9660505, 39.974108 ], [ -82.9660424, 39.9740817 ], [ -82.9661178, 39.9740681 ], [ -82.9661554, 39.9741904 ], [ -82.9661466, 39.974192 ] ] ] } },
{ "type": "Feature", "properties": { "@id": "way/921749610", "amenity": null, "building": "residential", "name": null, "GEOID": "39049002800" }, "geometry": { "type": "Polygon", "coordinates": [ [ [ -82.964454, 39.9774423 ], [ -82.9644571, 39.9774033 ], [ -82.9645096, 39.9774057 ], [ -82.964513, 39.9773621 ], [ -82.9646232, 39.9773671 ], [ -82.9646174, 39.977441 ], [ -82.9645949, 39.97744 ], [ -82.9645942, 39.9774487 ], [ -82.964454, 39.9774423 ] ] ] } },
{ "type": "Feature", "properties": { "@id": "way/921749611", "amenity": null, "building": "residential", "name": null, "GEOID": "39049002800" }, "geometry": { "type": "Polygon", "coordinates": [ [ [ -82.9614812, 39.9770227 ], [ -82.961718, 39.9769959 ], [ -82.961735, 39.9770848 ], [ -82.9614983, 39.9771115 ], [ -82.9614812, 39.9770227 ] ] ] } },
{ "type": "Feature", "properties": { "@id": "way/921749612", "amenity": null, "building": "residential", "name": null, "GEOID": "39049002800" }, "geometry": { "type": "Polygon", "coordinates": [ [ [ -82.9640305, 39.9747628 ], [ -82.9641374, 39.9747438 ], [ -82.9641831, 39.9748944 ], [ -82.9640763, 39.9749135 ], [ -82.9640305, 39.9747628 ] ] ] } },
{ "type": "Feature", "properties": { "@id": "way/921749613", "amenity": null, "building": "residential", "name": null, "GEOID": "39049002800" }, "geometry": { "type": "Polygon", "coordinates": [ [ [ -82.9626959, 39.9769158 ], [ -82.9626676, 39.9769322 ], [ -82.9626183, 39.9768825 ], [ -82.9627195, 39.9768237 ], [ -82.9627859, 39.9768907 ], [ -82.962713, 39.9769331 ], [ -82.9626959, 39.9769158 ] ] ] } },
{ "type": "Feature", "properties": { "@id": "way/921749614", "amenity": null, "building": "residential", "name": null, "GEOID": "39049002800" }, "geometry": { "type": "Polygon", "coordinates": [ [ [ -82.9675135, 39.9758188 ], [ -82.9675114, 39.975851 ], [ -82.9674835, 39.9758499 ], [ -82.9674814, 39.9758802 ], [ -82.9673652, 39.9758756 ], [ -82.9673694, 39.9758131 ], [ -82.9675135, 39.9758188 ] ] ] } },
{ "type": "Feature", "properties": { "@id": "way/921749616", "amenity": null, "building": "residential", "name": null, "GEOID": "39049002800" }, "geometry": { "type": "Polygon", "coordinates": [ [ [ -82.9674067, 39.9742019 ], [ -82.9674168, 39.9742001 ], [ -82.9674112, 39.974181 ], [ -82.9674825, 39.9741686 ], [ -82.9674874, 39.9741852 ], [ -82.9674976, 39.9741835 ], [ -82.9675222, 39.974267 ], [ -82.9674306, 39.9742829 ], [ -82.9674067, 39.9742019 ] ] ] } },
{ "type": "Feature", "properties": { "@id": "way/921749618", "amenity": null, "building": "residential", "name": null, "GEOID": "39049002800" }, "geometry": { "type": "Polygon", "coordinates": [ [ [ -82.9674036, 39.975564 ], [ -82.9675079, 39.9755669 ], [ -82.9675074, 39.9755771 ], [ -82.9675201, 39.9755774 ], [ -82.967519, 39.9756015 ], [ -82.9675056, 39.9756011 ], [ -82.967504, 39.9756357 ], [ -82.9674005, 39.9756328 ], [ -82.9674009, 39.9756251 ], [ -82.9673815, 39.9756245 ], [ -82.9673839, 39.9755716 ], [ -82.9674033, 39.9755721 ], [ -82.9674036, 39.975564 ] ] ] } },
{ "type": "Feature", "properties": { "@id": "way/921749619", "amenity": null, "building": "residential", "name": null, "GEOID": "39049002800" }, "geometry": { "type": "Polygon", "coordinates": [ [ [ -82.9648316, 39.9747338 ], [ -82.9647763, 39.9747439 ], [ -82.9647519, 39.9746652 ], [ -82.9647578, 39.9746641 ], [ -82.9647519, 39.9746451 ], [ -82.9648508, 39.974627 ], [ -82.9648869, 39.9747431 ], [ -82.9648373, 39.9747521 ], [ -82.9648316, 39.9747338 ] ] ] } },
{ "type": "Feature", "properties": { "@id": "way/921749620", "amenity": null, "building": "residential", "name": null, "GEOID": "39049002800" }, "geometry": { "type": "Polygon", "coordinates": [ [ [ -82.9612347, 39.9751856 ], [ -82.9612396, 39.9751585 ], [ -82.9612364, 39.9751581 ], [ -82.9612426, 39.9751237 ], [ -82.9614065, 39.9751411 ], [ -82.9613984, 39.9751861 ], [ -82.9613414, 39.97518 ], [ -82.9613384, 39.9751966 ], [ -82.9612347, 39.9751856 ] ] ] } },
{ "type": "Feature", "properties": { "@id": "way/921749621", "amenity": null, "building": "residential", "name": null, "GEOID": "39049002800" }, "geometry": { "type": "Polygon", "coordinates": [ [ [ -82.9673867, 39.977071 ], [ -82.9672664, 39.9770656 ], [ -82.9672716, 39.9769981 ], [ -82.9673919, 39.9770036 ], [ -82.9673867, 39.977071 ] ] ] } },
{ "type": "Feature", "properties": { "@id": "way/921749622", "amenity": null, "building": "residential", "name": null, "GEOID": "39049002800" }, "geometry": { "type": "Polygon", "coordinates": [ [ [ -82.9631963, 39.9771119 ], [ -82.963203, 39.9770366 ], [ -82.9632834, 39.9770408 ], [ -82.9632805, 39.9770739 ], [ -82.9633244, 39.9770762 ], [ -82.9633275, 39.9770406 ], [ -82.9634749, 39.9770483 ], [ -82.963468, 39.977126 ], [ -82.9631963, 39.9771119 ] ] ] } },
{ "type": "Feature", "properties": { "@id": "way/921749623", "amenity": null, "building": "residential", "name": null, "GEOID": "39049002800" }, "geometry": { "type": "Polygon", "coordinates": [ [ [ -82.9679564, 39.9777126 ], [ -82.9679628, 39.977637 ], [ -82.9680504, 39.9776414 ], [ -82.9680476, 39.9776736 ], [ -82.9680597, 39.9776742 ], [ -82.9680581, 39.9776932 ], [ -82.968045, 39.9776925 ], [ -82.968043, 39.9777169 ], [ -82.9679564, 39.9777126 ] ] ] } },
{ "type": "Feature", "properties": { "@id": "way/921749624", "amenity": null, "building": "residential", "name": null, "GEOID": "39049002800" }, "geometry": { "type": "Polygon", "coordinates": [ [ [ -82.9679814, 39.9774187 ], [ -82.9679879, 39.9773402 ], [ -82.9680775, 39.9773446 ], [ -82.968071, 39.9774231 ], [ -82.9679814, 39.9774187 ] ] ] } },
{ "type": "Feature", "properties": { "@id": "way/921749629", "amenity": null, "building": "residential", "name": null, "GEOID": "39049002800" }, "geometry": { "type": "Polygon", "coordinates": [ [ [ -82.9634296, 39.9746606 ], [ -82.9633376, 39.9746787 ], [ -82.9633104, 39.9745976 ], [ -82.9634023, 39.9745795 ], [ -82.9634296, 39.9746606 ] ] ] } },
{ "type": "Feature", "properties": { "@id": "way/921749631", "amenity": null, "building": "residential", "name": null, "GEOID": "39049002800" }, "geometry": { "type": "Polygon", "coordinates": [ [ [ -82.9631143, 39.9747136 ], [ -82.9631184, 39.9747277 ], [ -82.9630405, 39.974741 ], [ -82.9630364, 39.974727 ], [ -82.9630318, 39.9747278 ], [ -82.9629919, 39.974591 ], [ -82.9630821, 39.9745755 ], [ -82.963122, 39.9747123 ], [ -82.9631143, 39.9747136 ] ] ] } },
{ "type": "Feature", "properties": { "@id": "way/921749632", "amenity": null, "building": "residential", "name": null, "GEOID": "39049002800" }, "geometry": { "type": "Polygon", "coordinates": [ [ [ -82.9681559, 39.9740523 ], [ -82.968182, 39.9741342 ], [ -82.9681646, 39.9741375 ], [ -82.9681655, 39.9741403 ], [ -82.9681831, 39.974137 ], [ -82.9682073, 39.9742127 ], [ -82.9680698, 39.9742385 ], [ -82.9680186, 39.9740779 ], [ -82.9681559, 39.9740523 ] ] ] } },
{ "type": "Feature", "properties": { "@id": "way/921749633", "amenity": null, "building": "residential", "name": null, "GEOID": "39049002800" }, "geometry": { "type": "Polygon", "coordinates": [ [ [ -82.9639371, 39.9755923 ], [ -82.9640092, 39.9755489 ], [ -82.9641018, 39.9756394 ], [ -82.9640297, 39.9756827 ], [ -82.9639371, 39.9755923 ] ] ] } },
{ "type": "Feature", "properties": { "@id": "way/921749634", "amenity": null, "building": "residential", "name": null, "GEOID": "39049002800" }, "geometry": { "type": "Polygon", "coordinates": [ [ [ -82.9674201, 39.9734788 ], [ -82.9673124, 39.973498 ], [ -82.967271, 39.9733617 ], [ -82.9672793, 39.9733602 ], [ -82.9672742, 39.9733433 ], [ -82.9673672, 39.9733268 ], [ -82.9673723, 39.9733436 ], [ -82.9673787, 39.9733425 ], [ -82.9674201, 39.9734788 ] ] ] } },
{ "type": "Feature", "properties": { "@id": "way/921749636", "amenity": null, "building": "residential", "name": null, "GEOID": "39049002800" }, "geometry": { "type": "Polygon", "coordinates": [ [ [ -82.9632503, 39.9740452 ], [ -82.9632729, 39.9741267 ], [ -82.9631848, 39.9741411 ], [ -82.9631621, 39.9740595 ], [ -82.96317, 39.9740583 ], [ -82.9631651, 39.9740407 ], [ -82.9632351, 39.9740293 ], [ -82.96324, 39.9740469 ], [ -82.9632503, 39.9740452 ] ] ] } },
{ "type": "Feature", "properties": { "@id": "way/921749638", "amenity": null, "building": "residential", "name": null, "GEOID": "39049002800" }, "geometry": { "type": "Polygon", "coordinates": [ [ [ -82.9611743, 39.9756153 ], [ -82.9611837, 39.9755293 ], [ -82.9612386, 39.9755328 ], [ -82.9612376, 39.9755425 ], [ -82.9612561, 39.9755437 ], [ -82.961255, 39.9755539 ], [ -82.9613288, 39.9755586 ], [ -82.9613215, 39.9756247 ], [ -82.9611743, 39.9756153 ] ] ] } },
{ "type": "Feature", "properties": { "@id": "way/921749642", "amenity": null, "building": "residential", "name": null, "GEOID": "39049002800" }, "geometry": { "type": "Polygon", "coordinates": [ [ [ -82.965627, 39.9742879 ], [ -82.9655526, 39.9743002 ], [ -82.9655207, 39.9741866 ], [ -82.9655951, 39.9741743 ], [ -82.965627, 39.9742879 ] ] ] } },
{ "type": "Feature", "properties": { "@id": "way/921749644", "amenity": null, "building": "residential", "name": null, "GEOID": "39049002800" }, "geometry": { "type": "Polygon", "coordinates": [ [ [ -82.9626388, 39.9776639 ], [ -82.9626453, 39.9775802 ], [ -82.9628046, 39.9775875 ], [ -82.962798, 39.9776713 ], [ -82.9626388, 39.9776639 ] ] ] } },
{ "type": "Feature", "properties": { "@id": "way/921749645", "amenity": null, "building": "residential", "name": null, "GEOID": "39049002800" }, "geometry": { "type": "Polygon", "coordinates": [ [ [ -82.9667411, 39.9744619 ], [ -82.9666562, 39.9744776 ], [ -82.966647, 39.9744483 ], [ -82.9666282, 39.9744517 ], [ -82.9665883, 39.9743245 ], [ -82.966692, 39.9743054 ], [ -82.9667411, 39.9744619 ] ] ] } },
{ "type": "Feature", "properties": { "@id": "way/921749647", "amenity": null, "building": "residential", "name": null, "GEOID": "39049002800" }, "geometry": { "type": "Polygon", "coordinates": [ [ [ -82.9666033, 39.9744309 ], [ -82.9665617, 39.9744379 ], [ -82.9665656, 39.9744512 ], [ -82.9665261, 39.9744579 ], [ -82.9665232, 39.9744477 ], [ -82.9665116, 39.9744497 ], [ -82.9664807, 39.9743423 ], [ -82.9665734, 39.9743267 ], [ -82.9666033, 39.9744309 ] ] ] } },
{ "type": "Feature", "properties": { "@id": "way/921749648", "amenity": null, "building": "residential", "name": null, "GEOID": "39049002800" }, "geometry": { "type": "Polygon", "coordinates": [ [ [ -82.9671847, 39.9743327 ], [ -82.9671013, 39.9743476 ], [ -82.9670687, 39.9742398 ], [ -82.9671521, 39.974225 ], [ -82.9671847, 39.9743327 ] ] ] } },
{ "type": "Feature", "properties": { "@id": "way/921749649", "amenity": null, "building": "residential", "name": null, "GEOID": "39049002800" }, "geometry": { "type": "Polygon", "coordinates": [ [ [ -82.963305, 39.9770242 ], [ -82.9633076, 39.9769938 ], [ -82.9633441, 39.9769957 ], [ -82.9633473, 39.9769577 ], [ -82.9634765, 39.9769642 ], [ -82.9634754, 39.9769771 ], [ -82.9634981, 39.9769782 ], [ -82.9634942, 39.9770229 ], [ -82.9634739, 39.9770219 ], [ -82.963473, 39.9770327 ], [ -82.963305, 39.9770242 ] ] ] } },
{ "type": "Feature", "properties": { "@id": "way/921749650", "amenity": null, "building": "residential", "name": null, "GEOID": "39049002800" }, "geometry": { "type": "Polygon", "coordinates": [ [ [ -82.9674585, 39.976656 ], [ -82.9674558, 39.9766938 ], [ -82.9674251, 39.9766925 ], [ -82.9674231, 39.9767211 ], [ -82.9672915, 39.9767156 ], [ -82.9672961, 39.9766493 ], [ -82.9674585, 39.976656 ] ] ] } },
{ "type": "Feature", "properties": { "@id": "way/921749651", "amenity": null, "building": "residential", "name": null, "GEOID": "39049002800" }, "geometry": { "type": "Polygon", "coordinates": [ [ [ -82.9672103, 39.9739888 ], [ -82.9671829, 39.9738976 ], [ -82.9672025, 39.9738942 ], [ -82.9671888, 39.9738486 ], [ -82.9672623, 39.9738357 ], [ -82.9672752, 39.9738786 ], [ -82.9672924, 39.9738756 ], [ -82.9673206, 39.9739694 ], [ -82.9673134, 39.9739706 ], [ -82.9673183, 39.973987 ], [ -82.9672214, 39.9740041 ], [ -82.9672164, 39.9739877 ], [ -82.9672103, 39.9739888 ] ] ] } },
{ "type": "Feature", "properties": { "@id": "way/921749652", "amenity": null, "building": "residential", "name": null, "GEOID": "39049002800" }, "geometry": { "type": "Polygon", "coordinates": [ [ [ -82.9617891, 39.9764481 ], [ -82.9617919, 39.9763811 ], [ -82.9619363, 39.9763846 ], [ -82.9619336, 39.9764516 ], [ -82.9617891, 39.9764481 ] ] ] } },
{ "type": "Feature", "properties": { "@id": "way/921749653", "amenity": null, "building": "residential", "name": null, "GEOID": "39049002800" }, "geometry": { "type": "Polygon", "coordinates": [ [ [ -82.9611928, 39.9754811 ], [ -82.9611985, 39.9754092 ], [ -82.9613254, 39.9754151 ], [ -82.9613197, 39.975487 ], [ -82.9611928, 39.9754811 ] ] ] } },
{ "type": "Feature", "properties": { "@id": "way/921749654", "amenity": null, "building": "residential", "name": null, "GEOID": "39049002800" }, "geometry": { "type": "Polygon", "coordinates": [ [ [ -82.9629034, 39.9746556 ], [ -82.9629911, 39.9746406 ], [ -82.9630215, 39.9747446 ], [ -82.9629338, 39.9747596 ], [ -82.9629034, 39.9746556 ] ] ] } },
{ "type": "Feature", "properties": { "@id": "way/921749655", "amenity": null, "building": "residential", "name": null, "GEOID": "39049002800" }, "geometry": { "type": "Polygon", "coordinates": [ [ [ -82.9619543, 39.9761114 ], [ -82.9619631, 39.9760016 ], [ -82.9620123, 39.9760039 ], [ -82.9620035, 39.9761138 ], [ -82.9619543, 39.9761114 ] ] ] } },
{ "type": "Feature", "properties": { "@id": "way/921749658", "amenity": null, "building": "residential", "name": null, "GEOID": "39049002800" }, "geometry": { "type": "Polygon", "coordinates": [ [ [ -82.9680719, 39.973824 ], [ -82.9680875, 39.9738727 ], [ -82.9680691, 39.9738761 ], [ -82.9680707, 39.9738812 ], [ -82.9679693, 39.9739003 ], [ -82.9679506, 39.9738419 ], [ -82.9680507, 39.9738232 ], [ -82.9680522, 39.9738277 ], [ -82.9680719, 39.973824 ] ] ] } },
{ "type": "Feature", "properties": { "@id": "way/921749659", "amenity": null, "building": "residential", "name": null, "GEOID": "39049002800" }, "geometry": { "type": "Polygon", "coordinates": [ [ [ -82.9669421, 39.9739424 ], [ -82.9669575, 39.9739396 ], [ -82.9669464, 39.9739029 ], [ -82.9670319, 39.9738877 ], [ -82.9670425, 39.9739225 ], [ -82.9670506, 39.9739211 ], [ -82.9670832, 39.9740287 ], [ -82.9669742, 39.9740481 ], [ -82.9669421, 39.9739424 ] ] ] } },
{ "type": "Feature", "properties": { "@id": "way/921749660", "amenity": null, "building": "residential", "name": null, "GEOID": "39049002800" }, "geometry": { "type": "Polygon", "coordinates": [ [ [ -82.9621661, 39.9758305 ], [ -82.962161, 39.9758304 ], [ -82.9621678, 39.9757294 ], [ -82.962228, 39.9757318 ], [ -82.9622266, 39.975753 ], [ -82.9622517, 39.975754 ], [ -82.9622463, 39.9758337 ], [ -82.9622397, 39.9758334 ], [ -82.9622385, 39.9758508 ], [ -82.9621649, 39.9758479 ], [ -82.9621661, 39.9758305 ] ] ] } },
{ "type": "Feature", "properties": { "@id": "way/921749661", "amenity": null, "building": "residential", "name": null, "GEOID": "39049002800" }, "geometry": { "type": "Polygon", "coordinates": [ [ [ -82.9621428, 39.9749645 ], [ -82.962149, 39.974865 ], [ -82.9621936, 39.9748666 ], [ -82.9621919, 39.974893 ], [ -82.9622272, 39.9748943 ], [ -82.9622226, 39.9749675 ], [ -82.9621428, 39.9749645 ] ] ] } },
{ "type": "Feature", "properties": { "@id": "way/921749664", "amenity": null, "building": "residential", "name": null, "GEOID": "39049002800" }, "geometry": { "type": "Polygon", "coordinates": [ [ [ -82.9644798, 39.9778384 ], [ -82.9644862, 39.9777571 ], [ -82.9645777, 39.9777613 ], [ -82.9645757, 39.9777875 ], [ -82.9645925, 39.9777882 ], [ -82.9645905, 39.9778138 ], [ -82.9645732, 39.977813 ], [ -82.9645709, 39.9778426 ], [ -82.9644798, 39.9778384 ] ] ] } },
{ "type": "Feature", "properties": { "@id": "way/921749665", "amenity": null, "building": "residential", "name": null, "GEOID": "39049002800" }, "geometry": { "type": "Polygon", "coordinates": [ [ [ -82.9621281, 39.9758296 ], [ -82.9621226, 39.9758294 ], [ -82.9621213, 39.9758482 ], [ -82.9620492, 39.9758455 ], [ -82.9620505, 39.9758266 ], [ -82.9620466, 39.9758264 ], [ -82.9620515, 39.975752 ], [ -82.962133, 39.9757551 ], [ -82.9621281, 39.9758296 ] ] ] } },
{ "type": "Feature", "properties": { "@id": "way/921966877", "amenity": null, "building": "residential", "name": null, "GEOID": "39049002800" }, "geometry": { "type": "Polygon", "coordinates": [ [ [ -82.9578494, 39.9776906 ], [ -82.9578537, 39.9776375 ], [ -82.9579491, 39.977642 ], [ -82.9579473, 39.9776634 ], [ -82.9579736, 39.9776646 ], [ -82.957971, 39.9776965 ], [ -82.9578494, 39.9776906 ] ] ] } },
{ "type": "Feature", "properties": { "@id": "way/921966878", "amenity": null, "building": "residential", "name": null, "GEOID": "39049002520" }, "geometry": { "type": "Polygon", "coordinates": [ [ [ -82.9601905, 39.974378 ], [ -82.9601991, 39.9742706 ], [ -82.9602798, 39.9742744 ], [ -82.9602712, 39.9743817 ], [ -82.9601905, 39.974378 ] ] ] } },
{ "type": "Feature", "properties": { "@id": "way/921966880", "amenity": null, "building": "residential", "name": null, "GEOID": "39049002800" }, "geometry": { "type": "Polygon", "coordinates": [ [ [ -82.9584267, 39.9761029 ], [ -82.9584331, 39.9760224 ], [ -82.9586079, 39.9760306 ], [ -82.9586054, 39.9760621 ], [ -82.958587, 39.9760612 ], [ -82.9585831, 39.9761102 ], [ -82.9584267, 39.9761029 ] ] ] } },
{ "type": "Feature", "properties": { "@id": "way/921966881", "amenity": null, "building": "residential", "name": null, "GEOID": "39049002520" }, "geometry": { "type": "Polygon", "coordinates": [ [ [ -82.9567095, 39.9761857 ], [ -82.9567057, 39.9762387 ], [ -82.956601, 39.9762344 ], [ -82.9566047, 39.9761813 ], [ -82.9567095, 39.9761857 ] ] ] } },
{ "type": "Feature", "properties": { "@id": "way/921966883", "amenity": null, "building": "residential", "name": null, "GEOID": "39049002800" }, "geometry": { "type": "Polygon", "coordinates": [ [ [ -82.9596727, 39.976383 ], [ -82.9596782, 39.9763042 ], [ -82.959826, 39.9763102 ], [ -82.9598205, 39.976389 ], [ -82.9596727, 39.976383 ] ] ] } },
{ "type": "Feature", "properties": { "@id": "way/921966885", "amenity": null, "building": "residential", "name": null, "GEOID": "39049002800" }, "geometry": { "type": "Polygon", "coordinates": [ [ [ -82.9570178, 39.9753249 ], [ -82.9570238, 39.9752449 ], [ -82.9572192, 39.9752537 ], [ -82.9572131, 39.9753336 ], [ -82.9570178, 39.9753249 ] ] ] } },
{ "type": "Feature", "properties": { "@id": "way/921966889", "amenity": null, "building": "residential", "name": null, "GEOID": "39049002520" }, "geometry": { "type": "Polygon", "coordinates": [ [ [ -82.9604128, 39.9743261 ], [ -82.9604272, 39.9743268 ], [ -82.9604221, 39.9743896 ], [ -82.9603133, 39.9743844 ], [ -82.9603184, 39.9743216 ], [ -82.960354, 39.9743233 ], [ -82.9603553, 39.9743072 ], [ -82.9604141, 39.97431 ], [ -82.9604128, 39.9743261 ] ] ] } },
{ "type": "Feature", "properties": { "@id": "way/921966890", "amenity": null, "building": "residential", "name": null, "GEOID": "39049002800" }, "geometry": { "type": "Polygon", "coordinates": [ [ [ -82.9579328, 39.9758898 ], [ -82.9579354, 39.9758592 ], [ -82.9579029, 39.9758576 ], [ -82.9579062, 39.9758184 ], [ -82.9580629, 39.9758264 ], [ -82.9580569, 39.9758961 ], [ -82.9579328, 39.9758898 ] ] ] } },
{ "type": "Feature", "properties": { "@id": "way/921966893", "amenity": null, "building": "residential", "name": null, "GEOID": "39049002800" }, "geometry": { "type": "Polygon", "coordinates": [ [ [ -82.9597312, 39.9750754 ], [ -82.9598227, 39.9750796 ], [ -82.9598148, 39.9751806 ], [ -82.9598025, 39.9751801 ], [ -82.9598002, 39.9752105 ], [ -82.9597388, 39.9752076 ], [ -82.9597412, 39.9751775 ], [ -82.9597233, 39.9751767 ], [ -82.9597312, 39.9750754 ] ] ] } },
{ "type": "Feature", "properties": { "@id": "way/921966894", "amenity": null, "building": "residential", "name": null, "GEOID": "39049002300" }, "geometry": { "type": "Polygon", "coordinates": [ [ [ -82.9573853, 39.9780978 ], [ -82.9573923, 39.9780122 ], [ -82.9574829, 39.9780166 ], [ -82.9574759, 39.9781021 ], [ -82.9573853, 39.9780978 ] ] ] } },
{ "type": "Feature", "properties": { "@id": "way/921966895", "amenity": null, "building": "residential", "name": null, "GEOID": "39049002800" }, "geometry": { "type": "Polygon", "coordinates": [ [ [ -82.9594669, 39.9755903 ], [ -82.9595206, 39.9755927 ], [ -82.9595188, 39.9756155 ], [ -82.959552, 39.975617 ], [ -82.9595439, 39.9757218 ], [ -82.9595371, 39.9757215 ], [ -82.9595354, 39.9757433 ], [ -82.9594553, 39.9757397 ], [ -82.9594669, 39.9755903 ] ] ] } },
{ "type": "Feature", "properties": { "@id": "way/921966896", "amenity": null, "building": "residential", "name": null, "GEOID": "39049002800" }, "geometry": { "type": "Polygon", "coordinates": [ [ [ -82.9583926, 39.9769217 ], [ -82.9583714, 39.9769208 ], [ -82.9583758, 39.9768626 ], [ -82.958397, 39.9768636 ], [ -82.9583974, 39.9768585 ], [ -82.9585078, 39.9768634 ], [ -82.9585058, 39.9768898 ], [ -82.9585211, 39.9768905 ], [ -82.958518, 39.9769316 ], [ -82.9583923, 39.976926 ], [ -82.9583926, 39.9769217 ] ] ] } },
{ "type": "Feature", "properties": { "@id": "way/921966897", "amenity": null, "building": "residential", "name": null, "GEOID": "39049002800" }, "geometry": { "type": "Polygon", "coordinates": [ [ [ -82.958503, 39.9755713 ], [ -82.9585088, 39.9755007 ], [ -82.9586194, 39.9755061 ], [ -82.9586136, 39.9755767 ], [ -82.958503, 39.9755713 ] ] ] } },
{ "type": "Feature", "properties": { "@id": "way/921966901", "amenity": null, "building": "residential", "name": null, "GEOID": "39049002520" }, "geometry": { "type": "Polygon", "coordinates": [ [ [ -82.956489, 39.9759728 ], [ -82.9564906, 39.9759542 ], [ -82.9564592, 39.9759527 ], [ -82.9564634, 39.9759033 ], [ -82.9564962, 39.9759049 ], [ -82.9564968, 39.9758973 ], [ -82.9566169, 39.9759033 ], [ -82.9566162, 39.975911 ], [ -82.9566353, 39.9759119 ], [ -82.95663, 39.9759739 ], [ -82.9566089, 39.9759729 ], [ -82.9566084, 39.9759788 ], [ -82.956489, 39.9759728 ] ] ] } },
{ "type": "Feature", "properties": { "@id": "way/921966902", "amenity": null, "building": "residential", "name": null, "GEOID": "39049002800" }, "geometry": { "type": "Polygon", "coordinates": [ [ [ -82.9580325, 39.9759134 ], [ -82.9580595, 39.9759147 ], [ -82.9580537, 39.9759817 ], [ -82.9580267, 39.9759803 ], [ -82.9580264, 39.9759838 ], [ -82.9579177, 39.9759782 ], [ -82.957921, 39.9759411 ], [ -82.9578974, 39.9759399 ], [ -82.9579002, 39.9759074 ], [ -82.9579198, 39.9759084 ], [ -82.9579203, 39.9759027 ], [ -82.958033, 39.9759085 ], [ -82.9580325, 39.9759134 ] ] ] } },
{ "type": "Feature", "properties": { "@id": "way/921966904", "amenity": null, "building": "residential", "name": null, "GEOID": "39049002800" }, "geometry": { "type": "Polygon", "coordinates": [ [ [ -82.9569693, 39.9773037 ], [ -82.9569719, 39.9772723 ], [ -82.9569932, 39.9772733 ], [ -82.9569976, 39.9772185 ], [ -82.9570978, 39.9772233 ], [ -82.9570908, 39.9773095 ], [ -82.9569693, 39.9773037 ] ] ] } },
{ "type": "Feature", "properties": { "@id": "way/921966905", "amenity": null, "building": "residential", "name": null, "GEOID": "39049002800" }, "geometry": { "type": "Polygon", "coordinates": [ [ [ -82.9585861, 39.975181 ], [ -82.9585984, 39.9750233 ], [ -82.9586897, 39.9750275 ], [ -82.9586774, 39.9751851 ], [ -82.9585861, 39.975181 ] ] ] } },
{ "type": "Feature", "properties": { "@id": "way/921966906", "amenity": null, "building": "residential", "name": null, "GEOID": "39049002800" }, "geometry": { "type": "Polygon", "coordinates": [ [ [ -82.9592253, 39.9759312 ], [ -82.9593102, 39.9759354 ], [ -82.9593017, 39.9760362 ], [ -82.9592168, 39.9760319 ], [ -82.9592253, 39.9759312 ] ] ] } },
{ "type": "Feature", "properties": { "@id": "way/921966907", "amenity": null, "building": "residential", "name": null, "GEOID": "39049002520" }, "geometry": { "type": "Polygon", "coordinates": [ [ [ -82.9608009, 39.9744889 ], [ -82.9608072, 39.9744054 ], [ -82.9608954, 39.9744093 ], [ -82.9608936, 39.9744335 ], [ -82.9609066, 39.9744341 ], [ -82.9609048, 39.9744577 ], [ -82.9608919, 39.9744571 ], [ -82.9608892, 39.9744928 ], [ -82.9608009, 39.9744889 ] ] ] } },
{ "type": "Feature", "properties": { "@id": "way/921966908", "amenity": null, "building": "residential", "name": null, "GEOID": "39049002520" }, "geometry": { "type": "Polygon", "coordinates": [ [ [ -82.9595965, 39.9747604 ], [ -82.9596253, 39.9747618 ], [ -82.9596271, 39.9747404 ], [ -82.9596938, 39.9747436 ], [ -82.959683, 39.9748748 ], [ -82.9595875, 39.9748702 ], [ -82.9595965, 39.9747604 ] ] ] } },
{ "type": "Feature", "properties": { "@id": "way/921966909", "amenity": null, "building": "residential", "name": null, "GEOID": "39049002800" }, "geometry": { "type": "Polygon", "coordinates": [ [ [ -82.9592663, 39.977375 ], [ -82.9592742, 39.977297 ], [ -82.9594331, 39.9773065 ], [ -82.9594265, 39.9773716 ], [ -82.9593402, 39.9773665 ], [ -82.9593389, 39.9773794 ], [ -82.9592663, 39.977375 ] ] ] } },
{ "type": "Feature", "properties": { "@id": "way/921966910", "amenity": null, "building": "residential", "name": null, "GEOID": "39049002520" }, "geometry": { "type": "Polygon", "coordinates": [ [ [ -82.9571174, 39.9743205 ], [ -82.9571246, 39.9742296 ], [ -82.9573166, 39.9742385 ], [ -82.9573094, 39.9743294 ], [ -82.9571174, 39.9743205 ] ] ] } },
{ "type": "Feature", "properties": { "@id": "way/921966911", "amenity": null, "building": "residential", "name": null, "GEOID": "39049002520" }, "geometry": { "type": "Polygon", "coordinates": [ [ [ -82.9565851, 39.9761361 ], [ -82.9565842, 39.9761456 ], [ -82.9564865, 39.97614 ], [ -82.9564883, 39.9761212 ], [ -82.956452, 39.9761191 ], [ -82.9564571, 39.9760665 ], [ -82.9566163, 39.9760757 ], [ -82.9566102, 39.9761375 ], [ -82.9565851, 39.9761361 ] ] ] } },
{ "type": "Feature", "properties": { "@id": "way/921966912", "amenity": null, "building": "residential", "name": null, "GEOID": "39049002800" }, "geometry": { "type": "Polygon", "coordinates": [ [ [ -82.9569902, 39.9774362 ], [ -82.9569967, 39.977359 ], [ -82.9571273, 39.9773655 ], [ -82.9571208, 39.9774426 ], [ -82.9569902, 39.9774362 ] ] ] } },
{ "type": "Feature", "properties": { "@id": "way/921966913", "amenity": null, "building": "residential", "name": null, "GEOID": "39049002520" }, "geometry": { "type": "Polygon", "coordinates": [ [ [ -82.9565201, 39.9757198 ], [ -82.9565214, 39.975706 ], [ -82.9564831, 39.975704 ], [ -82.9564874, 39.9756566 ], [ -82.9566519, 39.9756653 ], [ -82.9566463, 39.9757265 ], [ -82.9565201, 39.9757198 ] ] ] } },
{ "type": "Feature", "properties": { "@id": "way/921966914", "amenity": null, "building": "residential", "name": null, "GEOID": "39049002520" }, "geometry": { "type": "Polygon", "coordinates": [ [ [ -82.9584995, 39.9742139 ], [ -82.958501, 39.9741944 ], [ -82.958604, 39.9741992 ], [ -82.9586024, 39.9742187 ], [ -82.958613, 39.9742192 ], [ -82.9586021, 39.9743574 ], [ -82.9585249, 39.9743539 ], [ -82.9585235, 39.9743715 ], [ -82.9584786, 39.9743694 ], [ -82.958491, 39.9742135 ], [ -82.9584995, 39.9742139 ] ] ] } },
{ "type": "Feature", "properties": { "@id": "way/921966917", "amenity": null, "building": "residential", "name": null, "GEOID": "39049002520" }, "geometry": { "type": "Polygon", "coordinates": [ [ [ -82.9601797, 39.9747433 ], [ -82.9602864, 39.9747483 ], [ -82.9602793, 39.974838 ], [ -82.9602637, 39.9748372 ], [ -82.9602601, 39.9748828 ], [ -82.9602531, 39.9748824 ], [ -82.9602518, 39.9748988 ], [ -82.9601676, 39.9748949 ], [ -82.9601797, 39.9747433 ] ] ] } },
{ "type": "Feature", "properties": { "@id": "way/921966918", "amenity": null, "building": "residential", "name": null, "GEOID": "39049002520" }, "geometry": { "type": "Polygon", "coordinates": [ [ [ -82.9594652, 39.9747365 ], [ -82.9594975, 39.974738 ], [ -82.9594987, 39.9747225 ], [ -82.9595359, 39.9747242 ], [ -82.9595346, 39.9747398 ], [ -82.9595387, 39.97474 ], [ -82.9595279, 39.9748734 ], [ -82.9594544, 39.9748699 ], [ -82.9594652, 39.9747365 ] ] ] } },
{ "type": "Feature", "properties": { "@id": "way/921966923", "amenity": null, "building": "residential", "name": null, "GEOID": "39049002800" }, "geometry": { "type": "Polygon", "coordinates": [ [ [ -82.9594426, 39.9757217 ], [ -82.9594107, 39.9757201 ], [ -82.9594087, 39.9757421 ], [ -82.9593508, 39.9757391 ], [ -82.9593611, 39.9756219 ], [ -82.9594, 39.9756239 ], [ -82.9593991, 39.9756341 ], [ -82.9594501, 39.9756367 ], [ -82.9594426, 39.9757217 ] ] ] } },
{ "type": "Feature", "properties": { "@id": "way/921966926", "amenity": null, "building": "residential", "name": null, "GEOID": "39049002800" }, "geometry": { "type": "Polygon", "coordinates": [ [ [ -82.960063, 39.9770684 ], [ -82.9600693, 39.9769881 ], [ -82.9601635, 39.9769925 ], [ -82.9601572, 39.9770728 ], [ -82.960063, 39.9770684 ] ] ] } },
{ "type": "Feature", "properties": { "@id": "way/921966927", "amenity": null, "building": "residential", "name": null, "GEOID": "39049002800" }, "geometry": { "type": "Polygon", "coordinates": [ [ [ -82.9593346, 39.977828 ], [ -82.9593427, 39.9777098 ], [ -82.9594386, 39.9777136 ], [ -82.9594305, 39.9778318 ], [ -82.9593346, 39.977828 ] ] ] } },
{ "type": "Feature", "properties": { "@id": "way/921966928", "amenity": null, "building": "residential", "name": null, "GEOID": "39049002520" }, "geometry": { "type": "Polygon", "coordinates": [ [ [ -82.9581038, 39.9747887 ], [ -82.9581183, 39.9745998 ], [ -82.9582411, 39.9746053 ], [ -82.9582266, 39.9747942 ], [ -82.9581038, 39.9747887 ] ] ] } },
{ "type": "Feature", "properties": { "@id": "way/921966929", "amenity": null, "building": "residential", "name": null, "GEOID": "39049002520" }, "geometry": { "type": "Polygon", "coordinates": [ [ [ -82.9564374, 39.9751048 ], [ -82.9564441, 39.975029 ], [ -82.9566811, 39.9750413 ], [ -82.9566744, 39.9751171 ], [ -82.9564374, 39.9751048 ] ] ] } },
{ "type": "Feature", "properties": { "@id": "way/921966930", "amenity": null, "building": "residential", "name": null, "GEOID": "39049002520" }, "geometry": { "type": "Polygon", "coordinates": [ [ [ -82.9589443, 39.9742139 ], [ -82.9590418, 39.9742184 ], [ -82.9590303, 39.9743618 ], [ -82.9589329, 39.9743572 ], [ -82.9589443, 39.9742139 ] ] ] } },
{ "type": "Feature", "properties": { "@id": "way/921966931", "amenity": null, "building": "residential", "name": null, "GEOID": "39049002800" }, "geometry": { "type": "Polygon", "coordinates": [ [ [ -82.9590408, 39.9773689 ], [ -82.9590478, 39.9772829 ], [ -82.9592028, 39.9772903 ], [ -82.9591973, 39.9773583 ], [ -82.9591097, 39.9773541 ], [ -82.9591082, 39.9773721 ], [ -82.9590408, 39.9773689 ] ] ] } },
{ "type": "Feature", "properties": { "@id": "way/921966932", "amenity": null, "building": "residential", "name": null, "GEOID": "39049002300" }, "geometry": { "type": "Polygon", "coordinates": [ [ [ -82.9572745, 39.9781377 ], [ -82.9572819, 39.9780052 ], [ -82.9573254, 39.9780066 ], [ -82.957326, 39.9779958 ], [ -82.9573464, 39.9779965 ], [ -82.9573458, 39.9780073 ], [ -82.9573824, 39.9780084 ], [ -82.9573751, 39.978141 ], [ -82.9572745, 39.9781377 ] ] ] } },
{ "type": "Feature", "properties": { "@id": "way/921966933", "amenity": null, "building": "residential", "name": null, "GEOID": "39049002520" }, "geometry": { "type": "Polygon", "coordinates": [ [ [ -82.9571064, 39.9744287 ], [ -82.9571134, 39.9743391 ], [ -82.9573087, 39.9743481 ], [ -82.9573082, 39.9743544 ], [ -82.9573361, 39.9743556 ], [ -82.9573299, 39.9744345 ], [ -82.9573006, 39.9744331 ], [ -82.9573003, 39.9744376 ], [ -82.9571064, 39.9744287 ] ] ] } },
{ "type": "Feature", "properties": { "@id": "way/921966934", "amenity": null, "building": "residential", "name": null, "GEOID": "39049002800" }, "geometry": { "type": "Polygon", "coordinates": [ [ [ -82.9578531, 39.9776033 ], [ -82.9578575, 39.977548 ], [ -82.9579534, 39.9775525 ], [ -82.9579518, 39.9775726 ], [ -82.9579763, 39.9775737 ], [ -82.9579735, 39.977609 ], [ -82.9578531, 39.9776033 ] ] ] } },
{ "type": "Feature", "properties": { "@id": "way/921966935", "amenity": null, "building": "residential", "name": null, "GEOID": "39049002800" }, "geometry": { "type": "Polygon", "coordinates": [ [ [ -82.9591098, 39.9757269 ], [ -82.9590062, 39.9757219 ], [ -82.9590183, 39.9755752 ], [ -82.9591218, 39.9755803 ], [ -82.9591118, 39.9757024 ], [ -82.9591098, 39.9757269 ] ] ] } },
{ "type": "Feature", "properties": { "@id": "way/921966937", "amenity": null, "building": "residential", "name": null, "GEOID": "39049002520" }, "geometry": { "type": "Polygon", "coordinates": [ [ [ -82.9603508, 39.9748875 ], [ -82.9603523, 39.9748692 ], [ -82.9603065, 39.974867 ], [ -82.9603119, 39.9748008 ], [ -82.960423, 39.9748061 ], [ -82.9604161, 39.9748906 ], [ -82.9603508, 39.9748875 ] ] ] } },
{ "type": "Feature", "properties": { "@id": "way/921966938", "amenity": null, "building": "residential", "name": null, "GEOID": "39049002800" }, "geometry": { "type": "Polygon", "coordinates": [ [ [ -82.9575536, 39.9777326 ], [ -82.9575595, 39.9776607 ], [ -82.9576356, 39.9776644 ], [ -82.9576279, 39.9777572 ], [ -82.9575753, 39.9777546 ], [ -82.957577, 39.9777337 ], [ -82.9575536, 39.9777326 ] ] ] } },
{ "type": "Feature", "properties": { "@id": "way/921966940", "amenity": null, "building": "residential", "name": null, "GEOID": "39049002800" }, "geometry": { "type": "Polygon", "coordinates": [ [ [ -82.9569852, 39.977533 ], [ -82.9569883, 39.9774977 ], [ -82.9569734, 39.977497 ], [ -82.9569753, 39.9774756 ], [ -82.9569883, 39.9774763 ], [ -82.9569896, 39.9774613 ], [ -82.9571011, 39.977467 ], [ -82.9570948, 39.9775386 ], [ -82.9569852, 39.977533 ] ] ] } },
{ "type": "Feature", "properties": { "@id": "way/921966941", "amenity": null, "building": "residential", "name": null, "GEOID": "39049002520" }, "geometry": { "type": "Polygon", "coordinates": [ [ [ -82.9555792, 39.9742368 ], [ -82.955589, 39.9741099 ], [ -82.9556575, 39.974113 ], [ -82.9556478, 39.9742399 ], [ -82.9555792, 39.9742368 ] ] ] } },
{ "type": "Feature", "properties": { "@id": "way/921966943", "amenity": null, "building": "residential", "name": null, "GEOID": "39049002800" }, "geometry": { "type": "Polygon", "coordinates": [ [ [ -82.9580854, 39.9752463 ], [ -82.9581722, 39.9752517 ], [ -82.9581664, 39.9753069 ], [ -82.9582041, 39.9753093 ], [ -82.9581993, 39.9753549 ], [ -82.9580748, 39.9753472 ], [ -82.9580854, 39.9752463 ] ] ] } },
{ "type": "Feature", "properties": { "@id": "way/921966944", "amenity": null, "building": "residential", "name": null, "GEOID": "39049002520" }, "geometry": { "type": "Polygon", "coordinates": [ [ [ -82.9597333, 39.9747311 ], [ -82.9598457, 39.9747363 ], [ -82.9598343, 39.9748827 ], [ -82.9597219, 39.9748775 ], [ -82.9597333, 39.9747311 ] ] ] } },
{ "type": "Feature", "properties": { "@id": "way/921966945", "amenity": null, "building": "residential", "name": null, "GEOID": "39049002800" }, "geometry": { "type": "Polygon", "coordinates": [ [ [ -82.9578425, 39.9777867 ], [ -82.9578443, 39.9777644 ], [ -82.9578244, 39.9777634 ], [ -82.9578274, 39.9777272 ], [ -82.9579695, 39.9777342 ], [ -82.9579646, 39.9777927 ], [ -82.9578425, 39.9777867 ] ] ] } },
{ "type": "Feature", "properties": { "@id": "way/921966946", "amenity": null, "building": "residential", "name": null, "GEOID": "39049002800" }, "geometry": { "type": "Polygon", "coordinates": [ [ [ -82.9596281, 39.977841 ], [ -82.9596352, 39.9777519 ], [ -82.9596838, 39.9777542 ], [ -82.9596825, 39.9777702 ], [ -82.9597137, 39.9777717 ], [ -82.9597079, 39.9778447 ], [ -82.9596281, 39.977841 ] ] ] } },
{ "type": "Feature", "properties": { "@id": "way/921966948", "amenity": null, "building": "residential", "name": null, "GEOID": "39049002800" }, "geometry": { "type": "Polygon", "coordinates": [ [ [ -82.9581323, 39.975137 ], [ -82.9581334, 39.9751156 ], [ -82.9580864, 39.9751142 ], [ -82.9580883, 39.9750766 ], [ -82.9580265, 39.9750748 ], [ -82.9580301, 39.9750024 ], [ -82.9582088, 39.9750077 ], [ -82.9582061, 39.9750612 ], [ -82.9582172, 39.9750615 ], [ -82.958216, 39.975086 ], [ -82.9582053, 39.9750857 ], [ -82.9582036, 39.9751209 ], [ -82.9581956, 39.9751206 ], [ -82.9581946, 39.9751389 ], [ -82.9581323, 39.975137 ] ] ] } },
{ "type": "Feature", "properties": { "@id": "way/921966950", "amenity": null, "building": "residential", "name": null, "GEOID": "39049002520" }, "geometry": { "type": "Polygon", "coordinates": [ [ [ -82.9566379, 39.9741716 ], [ -82.9566437, 39.9740983 ], [ -82.9568365, 39.9741071 ], [ -82.9568307, 39.9741805 ], [ -82.9566379, 39.9741716 ] ] ] } },
{ "type": "Feature", "properties": { "@id": "way/921966951", "amenity": null, "building": "residential", "name": null, "GEOID": "39049002800" }, "geometry": { "type": "Polygon", "coordinates": [ [ [ -82.9569974, 39.9766992 ], [ -82.9569994, 39.976674 ], [ -82.9569878, 39.9766735 ], [ -82.9569933, 39.9766067 ], [ -82.9571104, 39.9766123 ], [ -82.9571029, 39.9767043 ], [ -82.9569974, 39.9766992 ] ] ] } },
{ "type": "Feature", "properties": { "@id": "way/921966954", "amenity": null, "building": "residential", "name": null, "GEOID": "39049002800" }, "geometry": { "type": "Polygon", "coordinates": [ [ [ -82.9572215, 39.9752322 ], [ -82.9570238, 39.975223 ], [ -82.9570302, 39.9751414 ], [ -82.957228, 39.9751506 ], [ -82.9572215, 39.9752322 ] ] ] } },
{ "type": "Feature", "properties": { "@id": "way/921966956", "amenity": null, "building": "residential", "name": null, "GEOID": "39049002520" }, "geometry": { "type": "Polygon", "coordinates": [ [ [ -82.9571272, 39.9742079 ], [ -82.9571339, 39.9741194 ], [ -82.9573224, 39.9741279 ], [ -82.9573157, 39.9742163 ], [ -82.9571272, 39.9742079 ] ] ] } },
{ "type": "Feature", "properties": { "@id": "way/921966957", "amenity": null, "building": "residential", "name": null, "GEOID": "39049002800" }, "geometry": { "type": "Polygon", "coordinates": [ [ [ -82.9600199, 39.977267 ], [ -82.9600235, 39.9772276 ], [ -82.9600418, 39.9772285 ], [ -82.9600444, 39.9771997 ], [ -82.9602068, 39.9772083 ], [ -82.9602006, 39.9772766 ], [ -82.9600199, 39.977267 ] ] ] } },
{ "type": "Feature", "properties": { "@id": "way/921966959", "amenity": null, "building": "residential", "name": null, "GEOID": "39049002520" }, "geometry": { "type": "Polygon", "coordinates": [ [ [ -82.9566434, 39.9754938 ], [ -82.956637, 39.9755665 ], [ -82.9564533, 39.9755569 ], [ -82.9564597, 39.9754842 ], [ -82.9566434, 39.9754938 ] ] ] } },
{ "type": "Feature", "properties": { "@id": "way/921966960", "amenity": null, "building": "residential", "name": null, "GEOID": "39049002800" }, "geometry": { "type": "Polygon", "coordinates": [ [ [ -82.9580063, 39.9771036 ], [ -82.9580018, 39.9771623 ], [ -82.9578565, 39.9771557 ], [ -82.9578596, 39.9771158 ], [ -82.9578745, 39.9771165 ], [ -82.9578768, 39.9770878 ], [ -82.9579352, 39.9770904 ], [ -82.9579345, 39.9771003 ], [ -82.9580063, 39.9771036 ] ] ] } },
{ "type": "Feature", "properties": { "@id": "way/921966961", "amenity": null, "building": "residential", "name": null, "GEOID": "39049002800" }, "geometry": { "type": "Polygon", "coordinates": [ [ [ -82.9595395, 39.9774228 ], [ -82.959553, 39.9772981 ], [ -82.9596472, 39.9773041 ], [ -82.95964, 39.9773714 ], [ -82.959655, 39.9773723 ], [ -82.9596488, 39.9774297 ], [ -82.9595395, 39.9774228 ] ] ] } },
{ "type": "Feature", "properties": { "@id": "way/921966962", "amenity": null, "building": "residential", "name": null, "GEOID": "39049002800" }, "geometry": { "type": "Polygon", "coordinates": [ [ [ -82.959483, 39.9750628 ], [ -82.9595844, 39.9750678 ], [ -82.9595756, 39.9751743 ], [ -82.9594741, 39.9751694 ], [ -82.959483, 39.9750628 ] ] ] } },
{ "type": "Feature", "properties": { "@id": "way/921966963", "amenity": null, "building": "residential", "name": null, "GEOID": "39049002520" }, "geometry": { "type": "Polygon", "coordinates": [ [ [ -82.9575073, 39.9742945 ], [ -82.9575188, 39.9741449 ], [ -82.9576349, 39.9741501 ], [ -82.9576233, 39.9742998 ], [ -82.9575073, 39.9742945 ] ] ] } },
{ "type": "Feature", "properties": { "@id": "way/921966964", "amenity": null, "building": "residential", "name": null, "GEOID": "39049002520" }, "geometry": { "type": "Polygon", "coordinates": [ [ [ -82.9607887, 39.9745997 ], [ -82.9607952, 39.9745162 ], [ -82.9608865, 39.9745204 ], [ -82.9608801, 39.9746038 ], [ -82.9607887, 39.9745997 ] ] ] } },
{ "type": "Feature", "properties": { "@id": "way/921966965", "amenity": null, "building": "residential", "name": null, "GEOID": "39049002800" }, "geometry": { "type": "Polygon", "coordinates": [ [ [ -82.9591181, 39.9759246 ], [ -82.9591991, 39.9759286 ], [ -82.95919, 39.9760357 ], [ -82.959109, 39.9760316 ], [ -82.9591181, 39.9759246 ] ] ] } },
{ "type": "Feature", "properties": { "@id": "way/921966968", "amenity": null, "building": "residential", "name": null, "GEOID": "39049002800" }, "geometry": { "type": "Polygon", "coordinates": [ [ [ -82.9597388, 39.9760877 ], [ -82.9597487, 39.9759658 ], [ -82.9598094, 39.9759687 ], [ -82.959806, 39.9760107 ], [ -82.9598212, 39.9760114 ], [ -82.9598176, 39.9760566 ], [ -82.959805, 39.976056 ], [ -82.9598022, 39.9760907 ], [ -82.9597388, 39.9760877 ] ] ] } },
{ "type": "Feature", "properties": { "@id": "way/921966971", "amenity": null, "building": "residential", "name": null, "GEOID": "39049002520" }, "geometry": { "type": "Polygon", "coordinates": [ [ [ -82.9588218, 39.9748367 ], [ -82.9588324, 39.9747016 ], [ -82.9588745, 39.9747035 ], [ -82.9588715, 39.9747418 ], [ -82.9589133, 39.9747437 ], [ -82.9589057, 39.9748406 ], [ -82.9588218, 39.9748367 ] ] ] } },
{ "type": "Feature", "properties": { "@id": "way/921966972", "amenity": null, "building": "residential", "name": null, "GEOID": "39049002520" }, "geometry": { "type": "Polygon", "coordinates": [ [ [ -82.9565449, 39.9753915 ], [ -82.9565463, 39.9753751 ], [ -82.9565041, 39.9753731 ], [ -82.9565088, 39.9753181 ], [ -82.9566818, 39.9753267 ], [ -82.9566758, 39.975398 ], [ -82.9565449, 39.9753915 ] ] ] } },
{ "type": "Feature", "properties": { "@id": "way/921966973", "amenity": null, "building": "residential", "name": null, "GEOID": "39049002800" }, "geometry": { "type": "Polygon", "coordinates": [ [ [ -82.9569999, 39.9764509 ], [ -82.957011, 39.976348 ], [ -82.9571007, 39.9763537 ], [ -82.9570896, 39.9764565 ], [ -82.9569999, 39.9764509 ] ] ] } },
{ "type": "Feature", "properties": { "@id": "way/921966974", "amenity": null, "building": "residential", "name": null, "GEOID": "39049002520" }, "geometry": { "type": "Polygon", "coordinates": [ [ [ -82.9600255, 39.9743991 ], [ -82.9600352, 39.9742804 ], [ -82.9600422, 39.9742807 ], [ -82.9600439, 39.974259 ], [ -82.960137, 39.9742634 ], [ -82.9601352, 39.9742852 ], [ -82.9601427, 39.9742855 ], [ -82.9601331, 39.9744042 ], [ -82.9600255, 39.9743991 ] ] ] } },
{ "type": "Feature", "properties": { "@id": "way/921966975", "amenity": null, "building": "residential", "name": null, "GEOID": "39049002520" }, "geometry": { "type": "Polygon", "coordinates": [ [ [ -82.9584511, 39.9748224 ], [ -82.9584625, 39.9746813 ], [ -82.95856, 39.9746859 ], [ -82.9585485, 39.9748271 ], [ -82.9584511, 39.9748224 ] ] ] } },
{ "type": "Feature", "properties": { "@id": "way/921966980", "amenity": null, "building": "residential", "name": null, "GEOID": "39049002800" }, "geometry": { "type": "Polygon", "coordinates": [ [ [ -82.9594461, 39.9759444 ], [ -82.9595257, 39.9759484 ], [ -82.9595172, 39.9760491 ], [ -82.9594376, 39.9760452 ], [ -82.9594461, 39.9759444 ] ] ] } },
{ "type": "Feature", "properties": { "@id": "way/921966981", "amenity": null, "building": "residential", "name": null, "GEOID": "39049002800" }, "geometry": { "type": "Polygon", "coordinates": [ [ [ -82.9597079, 39.9750949 ], [ -82.9597141, 39.9750951 ], [ -82.959708, 39.9751769 ], [ -82.9596181, 39.975173 ], [ -82.9596242, 39.9750912 ], [ -82.9596322, 39.9750916 ], [ -82.9596336, 39.9750738 ], [ -82.9597092, 39.9750771 ], [ -82.9597079, 39.9750949 ] ] ] } },
{ "type": "Feature", "properties": { "@id": "way/921966982", "amenity": null, "building": "residential", "name": null, "GEOID": "39049002800" }, "geometry": { "type": "Polygon", "coordinates": [ [ [ -82.9580708, 39.9756523 ], [ -82.9580659, 39.9757144 ], [ -82.9579409, 39.9757085 ], [ -82.9579428, 39.9756847 ], [ -82.9579255, 39.9756839 ], [ -82.9579285, 39.9756456 ], [ -82.9580708, 39.9756523 ] ] ] } },
{ "type": "Feature", "properties": { "@id": "way/921966983", "amenity": null, "building": "residential", "name": null, "GEOID": "39049002800" }, "geometry": { "type": "Polygon", "coordinates": [ [ [ -82.9571186, 39.9757967 ], [ -82.9571224, 39.9757495 ], [ -82.9571424, 39.9757505 ], [ -82.9571451, 39.9757171 ], [ -82.9571514, 39.9757174 ], [ -82.9571539, 39.9756862 ], [ -82.9572445, 39.9756905 ], [ -82.9572355, 39.9758023 ], [ -82.9571186, 39.9757967 ] ] ] } },
{ "type": "Feature", "properties": { "@id": "way/921966986", "amenity": null, "building": "residential", "name": null, "GEOID": "39049002800" }, "geometry": { "type": "Polygon", "coordinates": [ [ [ -82.9570752, 39.9756058 ], [ -82.9570758, 39.9755982 ], [ -82.9570538, 39.9755971 ], [ -82.9570602, 39.9755153 ], [ -82.9570839, 39.9755164 ], [ -82.9570844, 39.9755092 ], [ -82.9572253, 39.9755157 ], [ -82.9572177, 39.9756124 ], [ -82.9570752, 39.9756058 ] ] ] } },
{ "type": "Feature", "properties": { "@id": "way/921966988", "amenity": null, "building": "residential", "name": null, "GEOID": "39049002800" }, "geometry": { "type": "Polygon", "coordinates": [ [ [ -82.9573124, 39.9764346 ], [ -82.9573181, 39.9763636 ], [ -82.9573481, 39.976365 ], [ -82.957349, 39.9763542 ], [ -82.9574498, 39.976359 ], [ -82.9574433, 39.9764408 ], [ -82.9573124, 39.9764346 ] ] ] } },
{ "type": "Feature", "properties": { "@id": "way/921966989", "amenity": null, "building": "residential", "name": null, "GEOID": "39049002800" }, "geometry": { "type": "Polygon", "coordinates": [ [ [ -82.9589855, 39.9765036 ], [ -82.9589866, 39.9764879 ], [ -82.958957, 39.9764867 ], [ -82.9589618, 39.9764199 ], [ -82.9589832, 39.9764208 ], [ -82.9589856, 39.9763879 ], [ -82.9590334, 39.9763899 ], [ -82.959031, 39.9764232 ], [ -82.9590735, 39.976425 ], [ -82.9590687, 39.9764923 ], [ -82.9590276, 39.9764905 ], [ -82.9590266, 39.9765053 ], [ -82.9589855, 39.9765036 ] ] ] } },
{ "type": "Feature", "properties": { "@id": "way/921966990", "amenity": null, "building": "residential", "name": null, "GEOID": "39049002520" }, "geometry": { "type": "Polygon", "coordinates": [ [ [ -82.9571427, 39.9745356 ], [ -82.9571447, 39.9745048 ], [ -82.9571276, 39.9745042 ], [ -82.957129, 39.9744831 ], [ -82.9571463, 39.9744838 ], [ -82.9571482, 39.9744534 ], [ -82.9572383, 39.9744568 ], [ -82.9572331, 39.974539 ], [ -82.9571427, 39.9745356 ] ] ] } },
{ "type": "Feature", "properties": { "@id": "way/921966991", "amenity": null, "building": "residential", "name": null, "GEOID": "39049002800" }, "geometry": { "type": "Polygon", "coordinates": [ [ [ -82.9585661, 39.9767635 ], [ -82.9583856, 39.9767557 ], [ -82.9583906, 39.9766867 ], [ -82.9585712, 39.9766945 ], [ -82.9585661, 39.9767635 ] ] ] } },
{ "type": "Feature", "properties": { "@id": "way/921966993", "amenity": null, "building": "residential", "name": null, "GEOID": "39049002520" }, "geometry": { "type": "Polygon", "coordinates": [ [ [ -82.9607822, 39.9747101 ], [ -82.9607849, 39.9746756 ], [ -82.96076, 39.9746745 ], [ -82.9607624, 39.9746431 ], [ -82.9607918, 39.9746444 ], [ -82.9607931, 39.9746273 ], [ -82.9608759, 39.9746311 ], [ -82.9608694, 39.9747141 ], [ -82.9607822, 39.9747101 ] ] ] } },
{ "type": "Feature", "properties": { "@id": "way/921966997", "amenity": null, "building": "residential", "name": null, "GEOID": "39049002800" }, "geometry": { "type": "Polygon", "coordinates": [ [ [ -82.9580513, 39.9756269 ], [ -82.958051, 39.975631 ], [ -82.9579315, 39.9756252 ], [ -82.9579329, 39.9756078 ], [ -82.9579146, 39.9756069 ], [ -82.957918, 39.9755658 ], [ -82.9579333, 39.9755665 ], [ -82.9579344, 39.9755537 ], [ -82.9580564, 39.9755596 ], [ -82.958056, 39.9755643 ], [ -82.95808, 39.9755655 ], [ -82.9580749, 39.9756281 ], [ -82.9580513, 39.9756269 ] ] ] } },
{ "type": "Feature", "properties": { "@id": "way/921966999", "amenity": null, "building": "residential", "name": null, "GEOID": "39049002800" }, "geometry": { "type": "Polygon", "coordinates": [ [ [ -82.9569852, 39.976304 ], [ -82.9569871, 39.9762691 ], [ -82.957023, 39.9762702 ], [ -82.9570258, 39.9762184 ], [ -82.9571144, 39.9762212 ], [ -82.957111, 39.9762854 ], [ -82.9571195, 39.9762856 ], [ -82.9571187, 39.9763013 ], [ -82.957109, 39.9763009 ], [ -82.9571087, 39.9763079 ], [ -82.9569852, 39.976304 ] ] ] } },
{ "type": "Feature", "properties": { "@id": "way/921967000", "amenity": null, "building": "residential", "name": null, "GEOID": "39049002800" }, "geometry": { "type": "Polygon", "coordinates": [ [ [ -82.959112, 39.9767746 ], [ -82.9591072, 39.9768439 ], [ -82.9590266, 39.9768407 ], [ -82.9590243, 39.9768749 ], [ -82.9589801, 39.9768732 ], [ -82.9589871, 39.9767696 ], [ -82.959112, 39.9767746 ] ] ] } },
{ "type": "Feature", "properties": { "@id": "way/921967001", "amenity": null, "building": "residential", "name": null, "GEOID": "39049002800" }, "geometry": { "type": "Polygon", "coordinates": [ [ [ -82.9584038, 39.9764457 ], [ -82.9584103, 39.9763676 ], [ -82.9585856, 39.9763762 ], [ -82.9585791, 39.9764542 ], [ -82.9584038, 39.9764457 ] ] ] } },
{ "type": "Feature", "properties": { "@id": "way/921967003", "amenity": null, "building": "residential", "name": null, "GEOID": "39049002520" }, "geometry": { "type": "Polygon", "coordinates": [ [ [ -82.960773, 39.974826 ], [ -82.9607796, 39.974742 ], [ -82.960866, 39.974746 ], [ -82.9608594, 39.97483 ], [ -82.960773, 39.974826 ] ] ] } },
{ "type": "Feature", "properties": { "@id": "way/921967004", "amenity": null, "building": "residential", "name": null, "GEOID": "39049002520" }, "geometry": { "type": "Polygon", "coordinates": [ [ [ -82.9566075, 39.9758893 ], [ -82.956607, 39.9758959 ], [ -82.9565, 39.9758908 ], [ -82.9565012, 39.975876 ], [ -82.9564652, 39.9758742 ], [ -82.9564693, 39.9758239 ], [ -82.9565073, 39.9758257 ], [ -82.9565078, 39.9758192 ], [ -82.9566128, 39.9758243 ], [ -82.9566123, 39.975831 ], [ -82.9566363, 39.9758321 ], [ -82.9566316, 39.9758905 ], [ -82.9566075, 39.9758893 ] ] ] } },
{ "type": "Feature", "properties": { "@id": "way/921967005", "amenity": null, "building": "residential", "name": null, "GEOID": "39049002520" }, "geometry": { "type": "Polygon", "coordinates": [ [ [ -82.9566038, 39.9759932 ], [ -82.9566281, 39.9759942 ], [ -82.9566239, 39.9760521 ], [ -82.9565995, 39.9760511 ], [ -82.956599, 39.9760584 ], [ -82.9564965, 39.976054 ], [ -82.9564978, 39.9760364 ], [ -82.9564581, 39.9760347 ], [ -82.9564616, 39.9759871 ], [ -82.9564994, 39.9759887 ], [ -82.9564999, 39.9759822 ], [ -82.9566043, 39.9759867 ], [ -82.9566038, 39.9759932 ] ] ] } },
{ "type": "Feature", "properties": { "@id": "way/921967006", "amenity": null, "building": "residential", "name": null, "GEOID": "39049002800" }, "geometry": { "type": "Polygon", "coordinates": [ [ [ -82.9569632, 39.9768425 ], [ -82.9569662, 39.9768059 ], [ -82.9569753, 39.9768064 ], [ -82.9569785, 39.9767674 ], [ -82.95699, 39.9767679 ], [ -82.956992, 39.976743 ], [ -82.9571064, 39.9767485 ], [ -82.9570982, 39.9768489 ], [ -82.9569632, 39.9768425 ] ] ] } },
{ "type": "Feature", "properties": { "@id": "way/921967008", "amenity": null, "building": "residential", "name": null, "GEOID": "39049002520" }, "geometry": { "type": "Polygon", "coordinates": [ [ [ -82.9608088, 39.9743768 ], [ -82.960815, 39.9742977 ], [ -82.960903, 39.9743017 ], [ -82.960901, 39.9743264 ], [ -82.9609132, 39.974327 ], [ -82.9609111, 39.9743528 ], [ -82.960897, 39.9743522 ], [ -82.9608948, 39.9743808 ], [ -82.9608088, 39.9743768 ] ] ] } },
{ "type": "Feature", "properties": { "@id": "way/921967009", "amenity": null, "building": "residential", "name": null, "GEOID": "39049002800" }, "geometry": { "type": "Polygon", "coordinates": [ [ [ -82.9592123, 39.9750462 ], [ -82.9592886, 39.9750498 ], [ -82.9592769, 39.9751965 ], [ -82.9592006, 39.9751929 ], [ -82.9592123, 39.9750462 ] ] ] } },
{ "type": "Feature", "properties": { "@id": "way/921967011", "amenity": null, "building": "residential", "name": null, "GEOID": "39049002520" }, "geometry": { "type": "Polygon", "coordinates": [ [ [ -82.9566274, 39.9746939 ], [ -82.95663, 39.9746609 ], [ -82.9564672, 39.9746535 ], [ -82.9564726, 39.9745849 ], [ -82.9565338, 39.9745877 ], [ -82.9565341, 39.9745836 ], [ -82.9566961, 39.9745909 ], [ -82.9566879, 39.9746966 ], [ -82.9566274, 39.9746939 ] ] ] } },
{ "type": "Feature", "properties": { "@id": "way/921967015", "amenity": null, "building": "residential", "name": null, "GEOID": "39049002800" }, "geometry": { "type": "Polygon", "coordinates": [ [ [ -82.9586237, 39.9761901 ], [ -82.9584263, 39.9761814 ], [ -82.9584315, 39.9761135 ], [ -82.9586288, 39.9761222 ], [ -82.9586237, 39.9761901 ] ] ] } },
{ "type": "Feature", "properties": { "@id": "way/921967016", "amenity": null, "building": "residential", "name": null, "GEOID": "39049002520" }, "geometry": { "type": "Polygon", "coordinates": [ [ [ -82.9565217, 39.9756354 ], [ -82.9565227, 39.9756237 ], [ -82.9564839, 39.9756217 ], [ -82.956488, 39.9755754 ], [ -82.9566564, 39.975584 ], [ -82.9566513, 39.975642 ], [ -82.9565217, 39.9756354 ] ] ] } },
{ "type": "Feature", "properties": { "@id": "way/921967017", "amenity": null, "building": "residential", "name": null, "GEOID": "39049002800" }, "geometry": { "type": "Polygon", "coordinates": [ [ [ -82.9596553, 39.9765806 ], [ -82.9596601, 39.9765143 ], [ -82.9597889, 39.9765197 ], [ -82.9597841, 39.976586 ], [ -82.9596553, 39.9765806 ] ] ] } },
{ "type": "Feature", "properties": { "@id": "way/921967018", "amenity": null, "building": "residential", "name": null, "GEOID": "39049002800" }, "geometry": { "type": "Polygon", "coordinates": [ [ [ -82.9593757, 39.9769065 ], [ -82.9593852, 39.9767641 ], [ -82.9594576, 39.9767669 ], [ -82.9594481, 39.9769094 ], [ -82.9593757, 39.9769065 ] ] ] } },
{ "type": "Feature", "properties": { "@id": "way/921967019", "amenity": null, "building": "residential", "name": null, "GEOID": "39049002800" }, "geometry": { "type": "Polygon", "coordinates": [ [ [ -82.9584205, 39.976266 ], [ -82.9584263, 39.9761948 ], [ -82.9585569, 39.976201 ], [ -82.9585512, 39.9762721 ], [ -82.9584205, 39.976266 ] ] ] } },
{ "type": "Feature", "properties": { "@id": "way/921967020", "amenity": null, "building": "residential", "name": null, "GEOID": "39049002520" }, "geometry": { "type": "Polygon", "coordinates": [ [ [ -82.9591645, 39.9747209 ], [ -82.9591943, 39.9747223 ], [ -82.9591956, 39.9747046 ], [ -82.9592375, 39.9747065 ], [ -82.959226, 39.9748553 ], [ -82.9591543, 39.974852 ], [ -82.9591645, 39.9747209 ] ] ] } },
{ "type": "Feature", "properties": { "@id": "way/921967022", "amenity": null, "building": "residential", "name": null, "GEOID": "39049002800" }, "geometry": { "type": "Polygon", "coordinates": [ [ [ -82.957674, 39.9751654 ], [ -82.9576765, 39.9751262 ], [ -82.9576631, 39.9751257 ], [ -82.9576663, 39.9750766 ], [ -82.9576526, 39.9750761 ], [ -82.9576563, 39.9750181 ], [ -82.9577349, 39.9750211 ], [ -82.957734, 39.975035 ], [ -82.9577819, 39.9750368 ], [ -82.9577743, 39.9751541 ], [ -82.9577427, 39.9751529 ], [ -82.9577417, 39.975168 ], [ -82.957674, 39.9751654 ] ] ] } },
{ "type": "Feature", "properties": { "@id": "way/921967025", "amenity": null, "building": "residential", "name": null, "GEOID": "39049002800" }, "geometry": { "type": "Polygon", "coordinates": [ [ [ -82.958933, 39.9752027 ], [ -82.9589284, 39.97526 ], [ -82.9588471, 39.9752562 ], [ -82.9588504, 39.9752148 ], [ -82.958841, 39.9752144 ], [ -82.9588497, 39.9751055 ], [ -82.9589404, 39.9751097 ], [ -82.9589364, 39.9751594 ], [ -82.9589662, 39.9751608 ], [ -82.9589627, 39.9752041 ], [ -82.958933, 39.9752027 ] ] ] } },
{ "type": "Feature", "properties": { "@id": "way/921967026", "amenity": null, "building": "residential", "name": null, "GEOID": "39049002800" }, "geometry": { "type": "Polygon", "coordinates": [ [ [ -82.959051, 39.9751552 ], [ -82.9590596, 39.9750413 ], [ -82.9591423, 39.9750449 ], [ -82.9591374, 39.9751102 ], [ -82.9591166, 39.9751093 ], [ -82.9591129, 39.9751579 ], [ -82.959051, 39.9751552 ] ] ] } },
{ "type": "Feature", "properties": { "@id": "way/921967027", "amenity": null, "building": "residential", "name": null, "GEOID": "39049002800" }, "geometry": { "type": "Polygon", "coordinates": [ [ [ -82.9580143, 39.976236 ], [ -82.9578756, 39.9762286 ], [ -82.9578847, 39.9761283 ], [ -82.9580233, 39.9761357 ], [ -82.9580143, 39.976236 ] ] ] } },
{ "type": "Feature", "properties": { "@id": "way/921967028", "amenity": null, "building": "residential", "name": null, "GEOID": "39049002520" }, "geometry": { "type": "Polygon", "coordinates": [ [ [ -82.9563907, 39.9749723 ], [ -82.9563957, 39.9749152 ], [ -82.9567026, 39.9749308 ], [ -82.9566977, 39.9749879 ], [ -82.9563907, 39.9749723 ] ] ] } },
{ "type": "Feature", "properties": { "@id": "way/921967030", "amenity": null, "building": "residential", "name": null, "GEOID": "39049002800" }, "geometry": { "type": "Polygon", "coordinates": [ [ [ -82.959251, 39.975629 ], [ -82.959339, 39.9756329 ], [ -82.959331, 39.9757386 ], [ -82.959243, 39.9757347 ], [ -82.959251, 39.975629 ] ] ] } },
{ "type": "Feature", "properties": { "@id": "way/921967034", "amenity": null, "building": "residential", "name": null, "GEOID": "39049002520" }, "geometry": { "type": "Polygon", "coordinates": [ [ [ -82.9587988, 39.9742086 ], [ -82.9588959, 39.9742134 ], [ -82.9588842, 39.9743537 ], [ -82.9587871, 39.9743489 ], [ -82.9587988, 39.9742086 ] ] ] } },
{ "type": "Feature", "properties": { "@id": "way/921967035", "amenity": null, "building": "residential", "name": null, "GEOID": "39049002800" }, "geometry": { "type": "Polygon", "coordinates": [ [ [ -82.9580681, 39.9764383 ], [ -82.9580605, 39.9765229 ], [ -82.9578589, 39.9765123 ], [ -82.9578665, 39.9764276 ], [ -82.9580681, 39.9764383 ] ] ] } },
{ "type": "Feature", "properties": { "@id": "way/921967036", "amenity": null, "building": "residential", "name": null, "GEOID": "39049002300" }, "geometry": { "type": "Polygon", "coordinates": [ [ [ -82.9599332, 39.9782287 ], [ -82.9599446, 39.9781172 ], [ -82.9600498, 39.9781235 ], [ -82.9600384, 39.978235 ], [ -82.9599332, 39.9782287 ] ] ] } },
{ "type": "Feature", "properties": { "@id": "way/921967037", "amenity": null, "building": "residential", "name": null, "GEOID": "39049002800" }, "geometry": { "type": "Polygon", "coordinates": [ [ [ -82.9586137, 39.9754224 ], [ -82.9586097, 39.9754916 ], [ -82.9584772, 39.9754871 ], [ -82.9584812, 39.9754179 ], [ -82.9586137, 39.9754224 ] ] ] } },
{ "type": "Feature", "properties": { "@id": "way/921967038", "amenity": null, "building": "residential", "name": null, "GEOID": "39049002520" }, "geometry": { "type": "Polygon", "coordinates": [ [ [ -82.9589209, 39.9748388 ], [ -82.9589299, 39.9747179 ], [ -82.9589868, 39.9747204 ], [ -82.9589854, 39.9747386 ], [ -82.9590199, 39.9747401 ], [ -82.9590123, 39.9748428 ], [ -82.9589209, 39.9748388 ] ] ] } },
{ "type": "Feature", "properties": { "@id": "way/921967039", "amenity": null, "building": "residential", "name": null, "GEOID": "39049002800" }, "geometry": { "type": "Polygon", "coordinates": [ [ [ -82.9585097, 39.9767899 ], [ -82.9585049, 39.9768561 ], [ -82.9584005, 39.9768517 ], [ -82.9584007, 39.9768483 ], [ -82.9583768, 39.9768473 ], [ -82.9583811, 39.9767884 ], [ -82.958405, 39.9767894 ], [ -82.9584053, 39.9767854 ], [ -82.9585097, 39.9767899 ] ] ] } },
{ "type": "Feature", "properties": { "@id": "way/921967043", "amenity": null, "building": "residential", "name": null, "GEOID": "39049002520" }, "geometry": { "type": "Polygon", "coordinates": [ [ [ -82.9579659, 39.9743363 ], [ -82.9578576, 39.9743312 ], [ -82.9578694, 39.9741861 ], [ -82.9579776, 39.9741912 ], [ -82.9579659, 39.9743363 ] ] ] } },
{ "type": "Feature", "properties": { "@id": "way/921967046", "amenity": null, "building": "residential", "name": null, "GEOID": "39049002800" }, "geometry": { "type": "Polygon", "coordinates": [ [ [ -82.9600528, 39.9771694 ], [ -82.960058, 39.9770981 ], [ -82.9601647, 39.9771027 ], [ -82.9601595, 39.977174 ], [ -82.9600528, 39.9771694 ] ] ] } },
{ "type": "Feature", "properties": { "@id": "way/921967051", "amenity": null, "building": "residential", "name": null, "GEOID": "39049002800" }, "geometry": { "type": "Polygon", "coordinates": [ [ [ -82.9578692, 39.9769842 ], [ -82.9578738, 39.9769283 ], [ -82.9578257, 39.9769259 ], [ -82.9578296, 39.9768788 ], [ -82.9579887, 39.9768865 ], [ -82.9579844, 39.9769392 ], [ -82.9579739, 39.9769387 ], [ -82.9579698, 39.9769891 ], [ -82.9578692, 39.9769842 ] ] ] } },
{ "type": "Feature", "properties": { "@id": "way/921967053", "amenity": null, "building": "residential", "name": null, "GEOID": "39049002800" }, "geometry": { "type": "Polygon", "coordinates": [ [ [ -82.9590032, 39.9759222 ], [ -82.9590863, 39.9759263 ], [ -82.9590753, 39.976056 ], [ -82.9590427, 39.9760544 ], [ -82.9590454, 39.9760231 ], [ -82.9589949, 39.9760206 ], [ -82.9590032, 39.9759222 ] ] ] } },
{ "type": "Feature", "properties": { "@id": "way/921967054", "amenity": null, "building": "residential", "name": null, "GEOID": "39049002800" }, "geometry": { "type": "Polygon", "coordinates": [ [ [ -82.9597825, 39.9756347 ], [ -82.9598289, 39.9756368 ], [ -82.9598273, 39.9756576 ], [ -82.959872, 39.9756597 ], [ -82.9598642, 39.9757608 ], [ -82.959773, 39.9757566 ], [ -82.9597825, 39.9756347 ] ] ] } },
{ "type": "Feature", "properties": { "@id": "way/921967055", "amenity": null, "building": "residential", "name": null, "GEOID": "39049002520" }, "geometry": { "type": "Polygon", "coordinates": [ [ [ -82.9570868, 39.9747657 ], [ -82.957094, 39.9746778 ], [ -82.957266, 39.974686 ], [ -82.9572588, 39.9747739 ], [ -82.9570868, 39.9747657 ] ] ] } },
{ "type": "Feature", "properties": { "@id": "way/921967056", "amenity": null, "building": "residential", "name": null, "GEOID": "39049002520" }, "geometry": { "type": "Polygon", "coordinates": [ [ [ -82.9564237, 39.9752712 ], [ -82.9564301, 39.9751981 ], [ -82.9566692, 39.9752105 ], [ -82.9566628, 39.9752836 ], [ -82.9564237, 39.9752712 ] ] ] } },
{ "type": "Feature", "properties": { "@id": "way/921967057", "amenity": null, "building": "residential", "name": null, "GEOID": "39049002800" }, "geometry": { "type": "Polygon", "coordinates": [ [ [ -82.9595427, 39.9759504 ], [ -82.9596417, 39.9759554 ], [ -82.9596298, 39.9760948 ], [ -82.9595307, 39.9760899 ], [ -82.9595427, 39.9759504 ] ] ] } },
{ "type": "Feature", "properties": { "@id": "way/921967058", "amenity": null, "building": "residential", "name": null, "GEOID": "39049002800" }, "geometry": { "type": "Polygon", "coordinates": [ [ [ -82.9593383, 39.9759358 ], [ -82.9594209, 39.9759398 ], [ -82.9594124, 39.9760419 ], [ -82.9593299, 39.9760379 ], [ -82.9593383, 39.9759358 ] ] ] } },
{ "type": "Feature", "properties": { "@id": "way/921967059", "amenity": null, "building": "residential", "name": null, "GEOID": "39049002800" }, "geometry": { "type": "Polygon", "coordinates": [ [ [ -82.9592113, 39.9757228 ], [ -82.9591334, 39.9757194 ], [ -82.9591345, 39.975704 ], [ -82.9591261, 39.9757037 ], [ -82.959132, 39.9756245 ], [ -82.9592233, 39.9756284 ], [ -82.9592174, 39.9757077 ], [ -82.9592124, 39.9757074 ], [ -82.9592113, 39.9757228 ] ] ] } },
{ "type": "Feature", "properties": { "@id": "way/921967060", "amenity": null, "building": "residential", "name": null, "GEOID": "39049002520" }, "geometry": { "type": "Polygon", "coordinates": [ [ [ -82.9577268, 39.9743169 ], [ -82.9577301, 39.974285 ], [ -82.9577186, 39.9742697 ], [ -82.95772, 39.9742538 ], [ -82.9577327, 39.9742428 ], [ -82.957738, 39.974179 ], [ -82.9578428, 39.9741838 ], [ -82.9578323, 39.9743217 ], [ -82.9577268, 39.9743169 ] ] ] } },
{ "type": "Feature", "properties": { "@id": "way/921967061", "amenity": null, "building": "residential", "name": null, "GEOID": "39049002520" }, "geometry": { "type": "Polygon", "coordinates": [ [ [ -82.9600051, 39.9744099 ], [ -82.9598904, 39.9744043 ], [ -82.9599016, 39.9742714 ], [ -82.9599089, 39.9742717 ], [ -82.95991, 39.9742587 ], [ -82.9599395, 39.9742601 ], [ -82.9599384, 39.9742732 ], [ -82.9599779, 39.9742751 ], [ -82.959979, 39.9742619 ], [ -82.9600099, 39.9742634 ], [ -82.9600086, 39.9742786 ], [ -82.9600161, 39.974279 ], [ -82.9600051, 39.9744099 ] ] ] } },
{ "type": "Feature", "properties": { "@id": "way/921967063", "amenity": null, "building": "residential", "name": null, "GEOID": "39049002800" }, "geometry": { "type": "Polygon", "coordinates": [ [ [ -82.9600192, 39.9775224 ], [ -82.9600204, 39.9775086 ], [ -82.9600076, 39.977508 ], [ -82.9600108, 39.9774703 ], [ -82.9600239, 39.977471 ], [ -82.960025, 39.977458 ], [ -82.9600744, 39.9774605 ], [ -82.960075, 39.977453 ], [ -82.96011, 39.9774548 ], [ -82.9601093, 39.9774624 ], [ -82.9601885, 39.9774663 ], [ -82.9601831, 39.9775305 ], [ -82.9600192, 39.9775224 ] ] ] } },
{ "type": "Feature", "properties": { "@id": "way/921967064", "amenity": null, "building": "residential", "name": null, "GEOID": "39049002800" }, "geometry": { "type": "Polygon", "coordinates": [ [ [ -82.9595668, 39.9772715 ], [ -82.9595677, 39.9772531 ], [ -82.9595351, 39.9772522 ], [ -82.9595404, 39.9771354 ], [ -82.9596345, 39.977138 ], [ -82.9596321, 39.9771907 ], [ -82.9596622, 39.9771915 ], [ -82.9596585, 39.9772739 ], [ -82.9595668, 39.9772715 ] ] ] } },
{ "type": "Feature", "properties": { "@id": "way/921967065", "amenity": null, "building": "residential", "name": null, "GEOID": "39049002520" }, "geometry": { "type": "Polygon", "coordinates": [ [ [ -82.9574863, 39.9747698 ], [ -82.9574877, 39.9747528 ], [ -82.9574714, 39.9747521 ], [ -82.9574804, 39.9746385 ], [ -82.9575879, 39.9746435 ], [ -82.9575789, 39.9747572 ], [ -82.9575605, 39.9747563 ], [ -82.9575592, 39.9747732 ], [ -82.9574863, 39.9747698 ] ] ] } },
{ "type": "Feature", "properties": { "@id": "way/921967067", "amenity": null, "building": "residential", "name": null, "GEOID": "39049002800" }, "geometry": { "type": "Polygon", "coordinates": [ [ [ -82.9580523, 39.9760036 ], [ -82.9580472, 39.9760645 ], [ -82.9580146, 39.9760629 ], [ -82.958014, 39.9760698 ], [ -82.9579179, 39.9760651 ], [ -82.9579185, 39.9760583 ], [ -82.9578777, 39.9760563 ], [ -82.9578827, 39.9759965 ], [ -82.957922, 39.9759985 ], [ -82.9579229, 39.9759878 ], [ -82.9580205, 39.9759925 ], [ -82.9580197, 39.976002 ], [ -82.9580523, 39.9760036 ] ] ] } },
{ "type": "Feature", "properties": { "@id": "way/921967069", "amenity": null, "building": "residential", "name": null, "GEOID": "39049002800" }, "geometry": { "type": "Polygon", "coordinates": [ [ [ -82.9583461, 39.9772619 ], [ -82.9583499, 39.9772085 ], [ -82.9584766, 39.9772138 ], [ -82.9584754, 39.9772311 ], [ -82.9585056, 39.9772323 ], [ -82.958503, 39.9772685 ], [ -82.9583461, 39.9772619 ] ] ] } },
{ "type": "Feature", "properties": { "@id": "way/921967070", "amenity": null, "building": "residential", "name": null, "GEOID": "39049002800" }, "geometry": { "type": "Polygon", "coordinates": [ [ [ -82.9598845, 39.9751046 ], [ -82.9598856, 39.9750925 ], [ -82.9599426, 39.9750955 ], [ -82.9599342, 39.9751894 ], [ -82.9599077, 39.975188 ], [ -82.9599048, 39.9752202 ], [ -82.9598501, 39.9752174 ], [ -82.9598526, 39.9751902 ], [ -82.9598368, 39.9751894 ], [ -82.9598446, 39.9751025 ], [ -82.9598845, 39.9751046 ] ] ] } },
{ "type": "Feature", "properties": { "@id": "way/921967072", "amenity": null, "building": "residential", "name": null, "GEOID": "39049002800" }, "geometry": { "type": "Polygon", "coordinates": [ [ [ -82.957808, 39.9751425 ], [ -82.9578154, 39.9750364 ], [ -82.9578252, 39.9750368 ], [ -82.9578263, 39.9750211 ], [ -82.9579288, 39.9750253 ], [ -82.9579203, 39.9751471 ], [ -82.957808, 39.9751425 ] ] ] } },
{ "type": "Feature", "properties": { "@id": "way/921967077", "amenity": null, "building": "residential", "name": null, "GEOID": "39049002300" }, "geometry": { "type": "Polygon", "coordinates": [ [ [ -82.9600453, 39.9782623 ], [ -82.9600596, 39.9781264 ], [ -82.9601571, 39.9781324 ], [ -82.9601427, 39.9782684 ], [ -82.9600453, 39.9782623 ] ] ] } },
{ "type": "Feature", "properties": { "@id": "way/921967078", "amenity": null, "building": "residential", "name": null, "GEOID": "39049002520" }, "geometry": { "type": "Polygon", "coordinates": [ [ [ -82.956614, 39.975804 ], [ -82.9566134, 39.9758118 ], [ -82.9565133, 39.9758072 ], [ -82.9565149, 39.9757872 ], [ -82.9564771, 39.9757855 ], [ -82.9564808, 39.975739 ], [ -82.9565212, 39.9757408 ], [ -82.9565216, 39.9757357 ], [ -82.9566199, 39.9757402 ], [ -82.9566194, 39.9757456 ], [ -82.9566438, 39.9757467 ], [ -82.9566392, 39.9758051 ], [ -82.956614, 39.975804 ] ] ] } },
{ "type": "Feature", "properties": { "@id": "way/921967079", "amenity": null, "building": "residential", "name": null, "GEOID": "39049002520" }, "geometry": { "type": "Polygon", "coordinates": [ [ [ -82.959251, 39.9747056 ], [ -82.9593207, 39.9747089 ], [ -82.9593193, 39.9747254 ], [ -82.9593425, 39.9747265 ], [ -82.9593315, 39.9748615 ], [ -82.9592387, 39.9748571 ], [ -82.959251, 39.9747056 ] ] ] } },
{ "type": "Feature", "properties": { "@id": "way/921967080", "amenity": null, "building": "residential", "name": null, "GEOID": "39049002520" }, "geometry": { "type": "Polygon", "coordinates": [ [ [ -82.9586502, 39.9742013 ], [ -82.9587663, 39.9742069 ], [ -82.9587535, 39.9743639 ], [ -82.9586374, 39.9743584 ], [ -82.9586502, 39.9742013 ] ] ] } },
{ "type": "Feature", "properties": { "@id": "way/921967081", "amenity": null, "building": "residential", "name": null, "GEOID": "39049002800" }, "geometry": { "type": "Polygon", "coordinates": [ [ [ -82.9579357, 39.9755471 ], [ -82.9579417, 39.9754694 ], [ -82.9580713, 39.9754753 ], [ -82.9580652, 39.975553 ], [ -82.9579357, 39.9755471 ] ] ] } },
{ "type": "Feature", "properties": { "@id": "way/921967082", "amenity": null, "building": "residential", "name": null, "GEOID": "39049002800" }, "geometry": { "type": "Polygon", "coordinates": [ [ [ -82.9584915, 39.9756574 ], [ -82.9584921, 39.9756507 ], [ -82.9584588, 39.9756491 ], [ -82.958464, 39.9755843 ], [ -82.9584973, 39.9755859 ], [ -82.9584979, 39.9755777 ], [ -82.9586062, 39.9755828 ], [ -82.9585998, 39.9756625 ], [ -82.9584915, 39.9756574 ] ] ] } },
{ "type": "Feature", "properties": { "@id": "way/921967083", "amenity": null, "building": "residential", "name": null, "GEOID": "39049002300" }, "geometry": { "type": "Polygon", "coordinates": [ [ [ -82.9585519, 39.9782126 ], [ -82.9585634, 39.9780786 ], [ -82.9586558, 39.9780833 ], [ -82.9586442, 39.9782172 ], [ -82.9585519, 39.9782126 ] ] ] } },
{ "type": "Feature", "properties": { "@id": "way/921967086", "amenity": null, "building": "residential", "name": null, "GEOID": "39049002800" }, "geometry": { "type": "Polygon", "coordinates": [ [ [ -82.9583802, 39.9771915 ], [ -82.9583814, 39.9771732 ], [ -82.9583564, 39.9771722 ], [ -82.9583585, 39.9771417 ], [ -82.9583807, 39.9771427 ], [ -82.9583823, 39.9771206 ], [ -82.9584984, 39.9771254 ], [ -82.9584934, 39.9771961 ], [ -82.9583802, 39.9771915 ] ] ] } },
{ "type": "Feature", "properties": { "@id": "way/921967087", "amenity": null, "building": "residential", "name": null, "GEOID": "39049002800" }, "geometry": { "type": "Polygon", "coordinates": [ [ [ -82.9570205, 39.9770396 ], [ -82.9570222, 39.9770154 ], [ -82.9570103, 39.9770149 ], [ -82.9570134, 39.9769711 ], [ -82.9571804, 39.9769782 ], [ -82.9571755, 39.9770462 ], [ -82.9570205, 39.9770396 ] ] ] } },
{ "type": "Feature", "properties": { "@id": "way/921967088", "amenity": null, "building": "residential", "name": null, "GEOID": "39049002800" }, "geometry": { "type": "Polygon", "coordinates": [ [ [ -82.9596159, 39.9757484 ], [ -82.9595566, 39.9757455 ], [ -82.9595675, 39.9756153 ], [ -82.9596268, 39.9756183 ], [ -82.9596159, 39.9757484 ] ] ] } },
{ "type": "Feature", "properties": { "@id": "way/921967091", "amenity": null, "building": "residential", "name": null, "GEOID": "39049002300" }, "geometry": { "type": "Polygon", "coordinates": [ [ [ -82.9575956, 39.9781275 ], [ -82.9575969, 39.978103 ], [ -82.9575071, 39.9781 ], [ -82.9575111, 39.9780297 ], [ -82.957573, 39.9780317 ], [ -82.9575738, 39.9780166 ], [ -82.9577807, 39.9780234 ], [ -82.9577763, 39.9781038 ], [ -82.9576656, 39.9781001 ], [ -82.9576639, 39.9781297 ], [ -82.9575956, 39.9781275 ] ] ] } },
{ "type": "Feature", "properties": { "@id": "way/921967092", "amenity": null, "building": "residential", "name": null, "GEOID": "39049002800" }, "geometry": { "type": "Polygon", "coordinates": [ [ [ -82.957236, 39.9749408 ], [ -82.9572296, 39.9750193 ], [ -82.9570372, 39.9750101 ], [ -82.9570436, 39.9749316 ], [ -82.957236, 39.9749408 ] ] ] } },
{ "type": "Feature", "properties": { "@id": "way/921967094", "amenity": null, "building": "residential", "name": null, "GEOID": "39049002800" }, "geometry": { "type": "Polygon", "coordinates": [ [ [ -82.9601611, 39.9778673 ], [ -82.9601739, 39.9777102 ], [ -82.9602906, 39.9777158 ], [ -82.9602778, 39.9778729 ], [ -82.9601611, 39.9778673 ] ] ] } },
{ "type": "Feature", "properties": { "@id": "way/921967095", "amenity": null, "building": "residential", "name": null, "GEOID": "39049002800" }, "geometry": { "type": "Polygon", "coordinates": [ [ [ -82.9580095, 39.9771833 ], [ -82.9580038, 39.9772516 ], [ -82.957843, 39.9772436 ], [ -82.9578457, 39.9772115 ], [ -82.9578777, 39.9772131 ], [ -82.9578807, 39.977177 ], [ -82.9580095, 39.9771833 ] ] ] } },
{ "type": "Feature", "properties": { "@id": "way/921967097", "amenity": null, "building": "residential", "name": null, "GEOID": "39049002800" }, "geometry": { "type": "Polygon", "coordinates": [ [ [ -82.9585302, 39.9771081 ], [ -82.9583563, 39.9771 ], [ -82.9583614, 39.9770359 ], [ -82.9585353, 39.977044 ], [ -82.9585302, 39.9771081 ] ] ] } },
{ "type": "Feature", "properties": { "@id": "way/921967098", "amenity": null, "building": "residential", "name": null, "GEOID": "39049002800" }, "geometry": { "type": "Polygon", "coordinates": [ [ [ -82.9584448, 39.9759224 ], [ -82.9584519, 39.9758468 ], [ -82.9586208, 39.9758561 ], [ -82.9586167, 39.975899 ], [ -82.9585915, 39.9758976 ], [ -82.9585884, 39.9759303 ], [ -82.9584448, 39.9759224 ] ] ] } },
{ "type": "Feature", "properties": { "@id": "way/921967099", "amenity": null, "building": "residential", "name": null, "GEOID": "39049002300" }, "geometry": { "type": "Polygon", "coordinates": [ [ [ -82.9599384, 39.9781107 ], [ -82.9599201, 39.9782927 ], [ -82.9598388, 39.9782879 ], [ -82.9598497, 39.9781798 ], [ -82.9598612, 39.9781804 ], [ -82.9598647, 39.9781447 ], [ -82.9598341, 39.9781429 ], [ -82.9598379, 39.9781048 ], [ -82.9599384, 39.9781107 ] ] ] } },
{ "type": "Feature", "properties": { "@id": "way/921967100", "amenity": null, "building": "residential", "name": null, "GEOID": "39049002800" }, "geometry": { "type": "Polygon", "coordinates": [ [ [ -82.9579052, 39.9764012 ], [ -82.9579178, 39.9762644 ], [ -82.958013, 39.9762695 ], [ -82.9580095, 39.9763081 ], [ -82.9580249, 39.9763089 ], [ -82.9580204, 39.9763581 ], [ -82.9580138, 39.9763577 ], [ -82.9580093, 39.9764068 ], [ -82.9579052, 39.9764012 ] ] ] } },
{ "type": "Feature", "properties": { "@id": "way/921967101", "amenity": null, "building": "residential", "name": null, "GEOID": "39049002800" }, "geometry": { "type": "Polygon", "coordinates": [ [ [ -82.958476, 39.9774467 ], [ -82.9583571, 39.9774412 ], [ -82.9583594, 39.9774109 ], [ -82.958337, 39.9774098 ], [ -82.9583398, 39.9773748 ], [ -82.9584991, 39.9773821 ], [ -82.9584957, 39.9774246 ], [ -82.9584778, 39.9774238 ], [ -82.958476, 39.9774467 ] ] ] } },
{ "type": "Feature", "properties": { "@id": "way/921967102", "amenity": null, "building": "residential", "name": null, "GEOID": "39049002800" }, "geometry": { "type": "Polygon", "coordinates": [ [ [ -82.9596185, 39.9769251 ], [ -82.9596252, 39.9768051 ], [ -82.9597301, 39.9768086 ], [ -82.9597235, 39.9769285 ], [ -82.9596185, 39.9769251 ] ] ] } },
{ "type": "Feature", "properties": { "@id": "way/921967103", "amenity": null, "building": "residential", "name": null, "GEOID": "39049002800" }, "geometry": { "type": "Polygon", "coordinates": [ [ [ -82.9594809, 39.9769163 ], [ -82.9594873, 39.9768026 ], [ -82.9595786, 39.9768056 ], [ -82.9595723, 39.9769193 ], [ -82.9594809, 39.9769163 ] ] ] } },
{ "type": "Feature", "properties": { "@id": "way/921967105", "amenity": null, "building": "residential", "name": null, "GEOID": "39049002520" }, "geometry": { "type": "Polygon", "coordinates": [ [ [ -82.9598876, 39.9748818 ], [ -82.9598963, 39.9747736 ], [ -82.9599316, 39.9747753 ], [ -82.9599328, 39.9747604 ], [ -82.9599965, 39.9747634 ], [ -82.9599866, 39.9748865 ], [ -82.9598876, 39.9748818 ] ] ] } },
{ "type": "Feature", "properties": { "@id": "way/921967107", "amenity": null, "building": "residential", "name": null, "GEOID": "39049002800" }, "geometry": { "type": "Polygon", "coordinates": [ [ [ -82.9578332, 39.9766733 ], [ -82.9578335, 39.976667 ], [ -82.9578698, 39.9766682 ], [ -82.9578705, 39.976657 ], [ -82.9579856, 39.9766609 ], [ -82.9579837, 39.976694 ], [ -82.9580114, 39.9766949 ], [ -82.9580091, 39.9767334 ], [ -82.9579783, 39.9767324 ], [ -82.9579756, 39.9767802 ], [ -82.9579918, 39.9767808 ], [ -82.9579897, 39.9768169 ], [ -82.9579058, 39.976814 ], [ -82.9579107, 39.9767283 ], [ -82.9578297, 39.9767255 ], [ -82.9578332, 39.9766733 ] ] ] } },
{ "type": "Feature", "properties": { "@id": "way/921967108", "amenity": null, "building": "residential", "name": null, "GEOID": "39049002800" }, "geometry": { "type": "Polygon", "coordinates": [ [ [ -82.9584072, 39.9764704 ], [ -82.9585589, 39.9764763 ], [ -82.9585557, 39.9765252 ], [ -82.9585155, 39.9765237 ], [ -82.9585145, 39.9765381 ], [ -82.958403, 39.9765338 ], [ -82.9584072, 39.9764704 ] ] ] } },
{ "type": "Feature", "properties": { "@id": "way/921967109", "amenity": null, "building": "residential", "name": null, "GEOID": "39049002520" }, "geometry": { "type": "Polygon", "coordinates": [ [ [ -82.9580029, 39.9742959 ], [ -82.9580107, 39.9741995 ], [ -82.9581035, 39.9742039 ], [ -82.9580957, 39.9743003 ], [ -82.9580029, 39.9742959 ] ] ] } },
{ "type": "Feature", "properties": { "@id": "way/921967110", "amenity": null, "building": "residential", "name": null, "GEOID": "39049002800" }, "geometry": { "type": "Polygon", "coordinates": [ [ [ -82.9600598, 39.9769561 ], [ -82.9600654, 39.9768874 ], [ -82.9601914, 39.9768935 ], [ -82.9601857, 39.9769622 ], [ -82.9600598, 39.9769561 ] ] ] } },
{ "type": "Feature", "properties": { "@id": "way/921967112", "amenity": null, "building": "residential", "name": null, "GEOID": "39049002800" }, "geometry": { "type": "Polygon", "coordinates": [ [ [ -82.9592778, 39.9765162 ], [ -82.9592788, 39.9765031 ], [ -82.9592517, 39.9765019 ], [ -82.9592597, 39.9763893 ], [ -82.9593126, 39.9763915 ], [ -82.9593112, 39.9764112 ], [ -82.9593709, 39.9764137 ], [ -82.9593642, 39.976509 ], [ -82.9593244, 39.9765074 ], [ -82.9593236, 39.9765181 ], [ -82.9592778, 39.9765162 ] ] ] } },
{ "type": "Feature", "properties": { "@id": "way/921967113", "amenity": null, "building": "residential", "name": null, "GEOID": "39049002520" }, "geometry": { "type": "Polygon", "coordinates": [ [ [ -82.9597555, 39.9743943 ], [ -82.9597665, 39.9742595 ], [ -82.9597733, 39.9742598 ], [ -82.9597743, 39.9742478 ], [ -82.9598711, 39.9742524 ], [ -82.9598698, 39.9742675 ], [ -82.959877, 39.9742678 ], [ -82.9598663, 39.9743996 ], [ -82.9597555, 39.9743943 ] ] ] } },
{ "type": "Feature", "properties": { "@id": "way/921967115", "amenity": null, "building": "residential", "name": null, "GEOID": "39049002800" }, "geometry": { "type": "Polygon", "coordinates": [ [ [ -82.9574561, 39.9751032 ], [ -82.9574676, 39.9749586 ], [ -82.9575714, 39.9749635 ], [ -82.9575598, 39.9751081 ], [ -82.9574561, 39.9751032 ] ] ] } },
{ "type": "Feature", "properties": { "@id": "way/921967116", "amenity": null, "building": "residential", "name": null, "GEOID": "39049002520" }, "geometry": { "type": "Polygon", "coordinates": [ [ [ -82.9607665, 39.9749392 ], [ -82.9607733, 39.9748557 ], [ -82.9608554, 39.9748596 ], [ -82.9608486, 39.9749431 ], [ -82.9607665, 39.9749392 ] ] ] } },
{ "type": "Feature", "properties": { "@id": "way/921967118", "amenity": null, "building": "residential", "name": null, "GEOID": "39049002800" }, "geometry": { "type": "Polygon", "coordinates": [ [ [ -82.9569775, 39.9776406 ], [ -82.9569802, 39.9776064 ], [ -82.9569676, 39.9776058 ], [ -82.9569691, 39.9775866 ], [ -82.9569825, 39.9775872 ], [ -82.9569839, 39.97757 ], [ -82.957094, 39.9775752 ], [ -82.9570884, 39.9776458 ], [ -82.9569775, 39.9776406 ] ] ] } },
{ "type": "Feature", "properties": { "@id": "way/921967120", "amenity": null, "building": "residential", "name": null, "GEOID": "39049002800" }, "geometry": { "type": "Polygon", "coordinates": [ [ [ -82.9578358, 39.9774218 ], [ -82.9578376, 39.9774006 ], [ -82.9578601, 39.9774017 ], [ -82.9578629, 39.9773687 ], [ -82.957987, 39.9773748 ], [ -82.9579824, 39.977429 ], [ -82.9578358, 39.9774218 ] ] ] } },
{ "type": "Feature", "properties": { "@id": "way/921967121", "amenity": null, "building": "residential", "name": null, "GEOID": "39049002800" }, "geometry": { "type": "Polygon", "coordinates": [ [ [ -82.9572316, 39.975042 ], [ -82.9572259, 39.9751223 ], [ -82.9570289, 39.9751141 ], [ -82.9570346, 39.9750338 ], [ -82.9572316, 39.975042 ] ] ] } },
{ "type": "Feature", "properties": { "@id": "way/921967122", "amenity": null, "building": "residential", "name": null, "GEOID": "39049002800" }, "geometry": { "type": "Polygon", "coordinates": [ [ [ -82.9584708, 39.9773564 ], [ -82.9583657, 39.9773515 ], [ -82.9583674, 39.9773297 ], [ -82.9583546, 39.9773291 ], [ -82.9583582, 39.9772833 ], [ -82.9584762, 39.9772888 ], [ -82.9584708, 39.9773564 ] ] ] } },
{ "type": "Feature", "properties": { "@id": "way/921967123", "amenity": null, "building": "residential", "name": null, "GEOID": "39049002520" }, "geometry": { "type": "Polygon", "coordinates": [ [ [ -82.956572, 39.9745197 ], [ -82.9565746, 39.9744857 ], [ -82.956556, 39.9744849 ], [ -82.9565595, 39.9744398 ], [ -82.9565801, 39.9744407 ], [ -82.9565813, 39.9744247 ], [ -82.9567125, 39.9744306 ], [ -82.956711, 39.974451 ], [ -82.9567457, 39.9744525 ], [ -82.9567412, 39.9745119 ], [ -82.9567046, 39.9745102 ], [ -82.9567035, 39.9745256 ], [ -82.956572, 39.9745197 ] ] ] } },
{ "type": "Feature", "properties": { "@id": "way/921967125", "amenity": null, "building": "residential", "name": null, "GEOID": "39049002520" }, "geometry": { "type": "Polygon", "coordinates": [ [ [ -82.9571251, 39.9746629 ], [ -82.9571282, 39.9746223 ], [ -82.9571407, 39.9746228 ], [ -82.9571447, 39.9745696 ], [ -82.9571882, 39.9745715 ], [ -82.9571876, 39.9745786 ], [ -82.9572264, 39.9745803 ], [ -82.9572199, 39.974667 ], [ -82.9571251, 39.9746629 ] ] ] } },
{ "type": "Feature", "properties": { "@id": "way/921967127", "amenity": null, "building": "residential", "name": null, "GEOID": "39049002520" }, "geometry": { "type": "Polygon", "coordinates": [ [ [ -82.9565428, 39.9754751 ], [ -82.9565431, 39.9754699 ], [ -82.9565039, 39.9754683 ], [ -82.956508, 39.9754107 ], [ -82.9566775, 39.9754177 ], [ -82.9566731, 39.9754805 ], [ -82.9565428, 39.9754751 ] ] ] } },
{ "type": "Feature", "properties": { "@id": "way/921967128", "amenity": null, "building": "residential", "name": null, "GEOID": "39049002800" }, "geometry": { "type": "Polygon", "coordinates": [ [ [ -82.9578482, 39.9754569 ], [ -82.9578539, 39.97538 ], [ -82.9581034, 39.9753909 ], [ -82.9580977, 39.9754678 ], [ -82.9578482, 39.9754569 ] ] ] } },
{ "type": "Feature", "properties": { "@id": "way/921967129", "amenity": null, "building": "residential", "name": null, "GEOID": "39049002520" }, "geometry": { "type": "Polygon", "coordinates": [ [ [ -82.9563052, 39.974211 ], [ -82.9563145, 39.9740903 ], [ -82.9563987, 39.9740941 ], [ -82.9563914, 39.9741899 ], [ -82.9563636, 39.9741887 ], [ -82.9563617, 39.9742135 ], [ -82.9563052, 39.974211 ] ] ] } },
{ "type": "Feature", "properties": { "@id": "way/921967130", "amenity": null, "building": "residential", "name": null, "GEOID": "39049002800" }, "geometry": { "type": "Polygon", "coordinates": [ [ [ -82.9584375, 39.975164 ], [ -82.9584492, 39.9750179 ], [ -82.9585591, 39.9750231 ], [ -82.9585474, 39.9751692 ], [ -82.9584375, 39.975164 ] ] ] } },
{ "type": "Feature", "properties": { "@id": "way/921967132", "amenity": null, "building": "residential", "name": null, "GEOID": "39049002520" }, "geometry": { "type": "Polygon", "coordinates": [ [ [ -82.9590907, 39.9743499 ], [ -82.9590934, 39.9743176 ], [ -82.959061, 39.9743161 ], [ -82.959068, 39.9742337 ], [ -82.9590749, 39.974234 ], [ -82.9590764, 39.9742169 ], [ -82.9591527, 39.9742206 ], [ -82.9591513, 39.9742378 ], [ -82.959158, 39.9742381 ], [ -82.9591483, 39.9743527 ], [ -82.9590907, 39.9743499 ] ] ] } },
{ "type": "Feature", "properties": { "@id": "way/921967133", "amenity": null, "building": "residential", "name": null, "GEOID": "39049002800" }, "geometry": { "type": "Polygon", "coordinates": [ [ [ -82.9584124, 39.9763512 ], [ -82.9584176, 39.9762793 ], [ -82.9585511, 39.9762851 ], [ -82.9585459, 39.9763568 ], [ -82.9584124, 39.9763512 ] ] ] } },
{ "type": "Feature", "properties": { "@id": "way/921967138", "amenity": null, "building": "residential", "name": null, "GEOID": "39049002800" }, "geometry": { "type": "Polygon", "coordinates": [ [ [ -82.9594619, 39.9778328 ], [ -82.9594707, 39.9777199 ], [ -82.959567, 39.9777243 ], [ -82.9595583, 39.9778372 ], [ -82.9594619, 39.9778328 ] ] ] } },
{ "type": "Feature", "properties": { "@id": "way/921967140", "amenity": null, "building": "residential", "name": null, "GEOID": "39049002800" }, "geometry": { "type": "Polygon", "coordinates": [ [ [ -82.9576483, 39.9777566 ], [ -82.9576563, 39.9776616 ], [ -82.9577291, 39.9776652 ], [ -82.9577212, 39.9777602 ], [ -82.9576483, 39.9777566 ] ] ] } },
{ "type": "Feature", "properties": { "@id": "way/921967142", "amenity": null, "building": "residential", "name": null, "GEOID": "39049002800" }, "geometry": { "type": "Polygon", "coordinates": [ [ [ -82.9588084, 39.9751165 ], [ -82.9588052, 39.975158 ], [ -82.9587138, 39.9751538 ], [ -82.9587209, 39.9750642 ], [ -82.9588122, 39.9750685 ], [ -82.9588112, 39.9750817 ], [ -82.9588391, 39.975083 ], [ -82.9588363, 39.9751178 ], [ -82.9588084, 39.9751165 ] ] ] } },
{ "type": "Feature", "properties": { "@id": "way/921967144", "amenity": null, "building": "residential", "name": null, "GEOID": "39049002800" }, "geometry": { "type": "Polygon", "coordinates": [ [ [ -82.9571361, 39.9761448 ], [ -82.9571441, 39.9760855 ], [ -82.9571692, 39.9760875 ], [ -82.9571717, 39.9760688 ], [ -82.9571251, 39.9760651 ], [ -82.9571384, 39.9759671 ], [ -82.9572316, 39.9759745 ], [ -82.9572077, 39.9761505 ], [ -82.9571361, 39.9761448 ] ] ] } },
{ "type": "Feature", "properties": { "@id": "way/921967146", "amenity": null, "building": "residential", "name": null, "GEOID": "39049002800" }, "geometry": { "type": "Polygon", "coordinates": [ [ [ -82.957821, 39.9775298 ], [ -82.9578243, 39.9774904 ], [ -82.9578562, 39.9774919 ], [ -82.9578577, 39.9774741 ], [ -82.9579865, 39.9774804 ], [ -82.9579818, 39.9775377 ], [ -82.957821, 39.9775298 ] ] ] } },
{ "type": "Feature", "properties": { "@id": "way/921967147", "amenity": null, "building": "residential", "name": null, "GEOID": "39049002800" }, "geometry": { "type": "Polygon", "coordinates": [ [ [ -82.9577166, 39.9769112 ], [ -82.9577201, 39.9768667 ], [ -82.9577957, 39.9768701 ], [ -82.9577923, 39.9769146 ], [ -82.9577166, 39.9769112 ] ] ] } },
{ "type": "Feature", "properties": { "@id": "way/921967148", "amenity": null, "building": "residential", "name": null, "GEOID": "39049002800" }, "geometry": { "type": "Polygon", "coordinates": [ [ [ -82.9580706, 39.9757426 ], [ -82.9580652, 39.9758051 ], [ -82.95804, 39.9758038 ], [ -82.9580394, 39.9758108 ], [ -82.9579327, 39.9758054 ], [ -82.9579361, 39.9757657 ], [ -82.9579219, 39.975765 ], [ -82.9579251, 39.9757281 ], [ -82.9580442, 39.9757342 ], [ -82.9580436, 39.9757412 ], [ -82.9580706, 39.9757426 ] ] ] } },
{ "type": "Feature", "properties": { "@id": "way/921967149", "amenity": null, "building": "residential", "name": null, "GEOID": "39049002520" }, "geometry": { "type": "Polygon", "coordinates": [ [ [ -82.9594312, 39.9748649 ], [ -82.9593629, 39.9748616 ], [ -82.959374, 39.9747278 ], [ -82.9594422, 39.9747312 ], [ -82.9594312, 39.9748649 ] ] ] } },
{ "type": "Feature", "properties": { "@id": "way/921967153", "amenity": null, "building": "residential", "name": null, "GEOID": "39049002800" }, "geometry": { "type": "Polygon", "coordinates": [ [ [ -82.9600694, 39.976861 ], [ -82.9600765, 39.9767734 ], [ -82.9601746, 39.9767781 ], [ -82.9601675, 39.9768656 ], [ -82.9600694, 39.976861 ] ] ] } },
{ "type": "Feature", "properties": { "@id": "way/921967155", "amenity": null, "building": "residential", "name": null, "GEOID": "39049002800" }, "geometry": { "type": "Polygon", "coordinates": [ [ [ -82.9584863, 39.9757371 ], [ -82.9584558, 39.9757357 ], [ -82.9584609, 39.9756734 ], [ -82.9584914, 39.9756749 ], [ -82.958492, 39.9756676 ], [ -82.9585959, 39.9756726 ], [ -82.9585895, 39.9757508 ], [ -82.9584856, 39.9757459 ], [ -82.9584863, 39.9757371 ] ] ] } },
{ "type": "Feature", "properties": { "@id": "way/921967156", "amenity": null, "building": "residential", "name": null, "GEOID": "39049002800" }, "geometry": { "type": "Polygon", "coordinates": [ [ [ -82.9569674, 39.9777383 ], [ -82.9569735, 39.9776666 ], [ -82.9571006, 39.9776729 ], [ -82.9570945, 39.9777446 ], [ -82.9569674, 39.9777383 ] ] ] } },
{ "type": "Feature", "properties": { "@id": "way/921967157", "amenity": null, "building": "residential", "name": null, "GEOID": "39049002800" }, "geometry": { "type": "Polygon", "coordinates": [ [ [ -82.9597663, 39.9756519 ], [ -82.9597575, 39.9757565 ], [ -82.9596599, 39.9757517 ], [ -82.9596687, 39.9756471 ], [ -82.9597663, 39.9756519 ] ] ] } },
{ "type": "Feature", "properties": { "@id": "way/921967159", "amenity": null, "building": "residential", "name": null, "GEOID": "39049002800" }, "geometry": { "type": "Polygon", "coordinates": [ [ [ -82.9591501, 39.976978 ], [ -82.9591618, 39.9767797 ], [ -82.9592646, 39.9767833 ], [ -82.9592587, 39.9768835 ], [ -82.9592723, 39.976884 ], [ -82.9592665, 39.976982 ], [ -82.9591501, 39.976978 ] ] ] } },
{ "type": "Feature", "properties": { "@id": "way/921975816", "amenity": null, "building": "residential", "name": null, "GEOID": "39049002520" }, "geometry": { "type": "Polygon", "coordinates": [ [ [ -82.9579387, 39.9746654 ], [ -82.9579301, 39.9747776 ], [ -82.9578354, 39.9747733 ], [ -82.957844, 39.9746612 ], [ -82.9579387, 39.9746654 ] ] ] } },
{ "type": "Feature", "properties": { "@id": "way/921975817", "amenity": null, "building": "residential", "name": null, "GEOID": "39049002520" }, "geometry": { "type": "Polygon", "coordinates": [ [ [ -82.9580735, 39.9746721 ], [ -82.9580649, 39.9747843 ], [ -82.9579702, 39.97478 ], [ -82.9579788, 39.9746678 ], [ -82.9580735, 39.9746721 ] ] ] } },
{ "type": "Feature", "properties": { "@id": "way/921992638", "amenity": null, "building": "residential", "name": null, "GEOID": "39049002800" }, "geometry": { "type": "Polygon", "coordinates": [ [ [ -82.9622653, 39.9723887 ], [ -82.9622722, 39.9723149 ], [ -82.9623864, 39.9723211 ], [ -82.9623795, 39.972395 ], [ -82.9622653, 39.9723887 ] ] ] } },
{ "type": "Feature", "properties": { "@id": "way/921992640", "amenity": null, "building": "residential", "name": null, "GEOID": "39049002800" }, "geometry": { "type": "Polygon", "coordinates": [ [ [ -82.9622725, 39.9724888 ], [ -82.9622798, 39.9724094 ], [ -82.9623797, 39.9724148 ], [ -82.9623725, 39.9724942 ], [ -82.9622725, 39.9724888 ] ] ] } },
{ "type": "Feature", "properties": { "@id": "way/921992641", "amenity": null, "building": "residential", "name": null, "GEOID": "39049002800" }, "geometry": { "type": "Polygon", "coordinates": [ [ [ -82.9653192, 39.9694501 ], [ -82.9653257, 39.9693562 ], [ -82.9654713, 39.9693621 ], [ -82.9654648, 39.969456 ], [ -82.9653192, 39.9694501 ] ] ] } },
{ "type": "Feature", "properties": { "@id": "way/921992642", "amenity": null, "building": "residential", "name": null, "GEOID": "39049002800" }, "geometry": { "type": "Polygon", "coordinates": [ [ [ -82.9642474, 39.9692634 ], [ -82.9642499, 39.9692186 ], [ -82.9642322, 39.969218 ], [ -82.9642341, 39.9691825 ], [ -82.9642271, 39.9691822 ], [ -82.9642299, 39.9691305 ], [ -82.964241, 39.9691308 ], [ -82.9642422, 39.9691087 ], [ -82.9643207, 39.9691113 ], [ -82.9643199, 39.969126 ], [ -82.964343, 39.9691268 ], [ -82.9643406, 39.9691698 ], [ -82.9643537, 39.9691703 ], [ -82.9643514, 39.969212 ], [ -82.9643306, 39.9692114 ], [ -82.9643275, 39.969266 ], [ -82.9642474, 39.9692634 ] ] ] } },
{ "type": "Feature", "properties": { "@id": "way/921992643", "amenity": null, "building": "residential", "name": null, "GEOID": "39049002800" }, "geometry": { "type": "Polygon", "coordinates": [ [ [ -82.9638933, 39.9735592 ], [ -82.9638647, 39.9735633 ], [ -82.9638521, 39.9735109 ], [ -82.9639018, 39.9735039 ], [ -82.9638979, 39.9734877 ], [ -82.9639492, 39.9734804 ], [ -82.963984, 39.9736244 ], [ -82.9639115, 39.9736347 ], [ -82.9638933, 39.9735592 ] ] ] } },
{ "type": "Feature", "properties": { "@id": "way/921992644", "amenity": null, "building": "residential", "name": null, "GEOID": "39049002800" }, "geometry": { "type": "Polygon", "coordinates": [ [ [ -82.9675514, 39.9674412 ], [ -82.9675429, 39.967581 ], [ -82.9675016, 39.9675796 ], [ -82.9675024, 39.9675664 ], [ -82.9674614, 39.9675649 ], [ -82.9674641, 39.96752 ], [ -82.9674584, 39.9675198 ], [ -82.9674604, 39.967488 ], [ -82.967445, 39.9674874 ], [ -82.967448, 39.9674375 ], [ -82.9675514, 39.9674412 ] ] ] } },
{ "type": "Feature", "properties": { "@id": "way/921992646", "amenity": null, "building": "residential", "name": null, "GEOID": "39049002800" }, "geometry": { "type": "Polygon", "coordinates": [ [ [ -82.9622707, 39.9739466 ], [ -82.9622734, 39.9739643 ], [ -82.962197, 39.9739712 ], [ -82.9621943, 39.9739535 ], [ -82.9621882, 39.973954 ], [ -82.9621718, 39.9738465 ], [ -82.9622279, 39.9738415 ], [ -82.9622319, 39.9738673 ], [ -82.9622658, 39.9738642 ], [ -82.9622782, 39.9739459 ], [ -82.9622707, 39.9739466 ] ] ] } },
{ "type": "Feature", "properties": { "@id": "way/921992647", "amenity": null, "building": "residential", "name": null, "GEOID": "39049002800" }, "geometry": { "type": "Polygon", "coordinates": [ [ [ -82.9662322, 39.9686531 ], [ -82.9662354, 39.9685754 ], [ -82.9664269, 39.9685799 ], [ -82.9664238, 39.9686577 ], [ -82.9662322, 39.9686531 ] ] ] } },
{ "type": "Feature", "properties": { "@id": "way/921992648", "amenity": null, "building": "residential", "name": null, "GEOID": "39049002800" }, "geometry": { "type": "Polygon", "coordinates": [ [ [ -82.9628468, 39.96797 ], [ -82.9628557, 39.9679704 ], [ -82.9628465, 39.9680895 ], [ -82.962786, 39.9680868 ], [ -82.9627874, 39.9680686 ], [ -82.9627283, 39.968066 ], [ -82.962736, 39.967965 ], [ -82.9627418, 39.9679653 ], [ -82.9627433, 39.9679465 ], [ -82.9628483, 39.9679513 ], [ -82.9628468, 39.96797 ] ] ] } },
{ "type": "Feature", "properties": { "@id": "way/921992649", "amenity": null, "building": "residential", "name": null, "GEOID": "39049002800" }, "geometry": { "type": "Polygon", "coordinates": [ [ [ -82.962993, 39.9687571 ], [ -82.9629942, 39.9687383 ], [ -82.9629851, 39.9687379 ], [ -82.9629933, 39.9686093 ], [ -82.9631279, 39.9686143 ], [ -82.9631197, 39.9687438 ], [ -82.9631109, 39.9687435 ], [ -82.9631098, 39.9687614 ], [ -82.962993, 39.9687571 ] ] ] } },
{ "type": "Feature", "properties": { "@id": "way/921992651", "amenity": null, "building": "residential", "name": null, "GEOID": "39049002800" }, "geometry": { "type": "Polygon", "coordinates": [ [ [ -82.9651384, 39.9733473 ], [ -82.9651631, 39.9734345 ], [ -82.9650942, 39.973446 ], [ -82.9650695, 39.9733588 ], [ -82.9651384, 39.9733473 ] ] ] } },
{ "type": "Feature", "properties": { "@id": "way/921992652", "amenity": null, "building": "residential", "name": null, "GEOID": "39049002800" }, "geometry": { "type": "Polygon", "coordinates": [ [ [ -82.9622153, 39.9679556 ], [ -82.9622208, 39.9679558 ], [ -82.9622153, 39.9680522 ], [ -82.9621156, 39.9680488 ], [ -82.9621212, 39.9679524 ], [ -82.9621251, 39.9679525 ], [ -82.9621265, 39.9679289 ], [ -82.9622167, 39.9679319 ], [ -82.9622153, 39.9679556 ] ] ] } },
{ "type": "Feature", "properties": { "@id": "way/921992654", "amenity": null, "building": "residential", "name": null, "GEOID": "39049002800" }, "geometry": { "type": "Polygon", "coordinates": [ [ [ -82.9681443, 39.9678793 ], [ -82.9681444, 39.9678748 ], [ -82.9680646, 39.9678727 ], [ -82.9680658, 39.9678448 ], [ -82.9680456, 39.9678443 ], [ -82.9680479, 39.9677908 ], [ -82.9680943, 39.967792 ], [ -82.9681124, 39.9677808 ], [ -82.9681372, 39.9677815 ], [ -82.9681483, 39.9677921 ], [ -82.9682028, 39.9677935 ], [ -82.9682153, 39.9677858 ], [ -82.9682445, 39.9677866 ], [ -82.9682589, 39.9678004 ], [ -82.9682579, 39.9678109 ], [ -82.9682808, 39.9678112 ], [ -82.9682789, 39.967856 ], [ -82.9682431, 39.9678552 ], [ -82.9682419, 39.9678819 ], [ -82.9681443, 39.9678793 ] ] ] } },
{ "type": "Feature", "properties": { "@id": "way/921992655", "amenity": null, "building": "residential", "name": null, "GEOID": "39049002800" }, "geometry": { "type": "Polygon", "coordinates": [ [ [ -82.9636612, 39.9726449 ], [ -82.9636568, 39.9727041 ], [ -82.9635472, 39.9726994 ], [ -82.9635503, 39.9726579 ], [ -82.9636184, 39.9726608 ], [ -82.9636197, 39.9726431 ], [ -82.9636612, 39.9726449 ] ] ] } },
{ "type": "Feature", "properties": { "@id": "way/921992658", "amenity": null, "building": "residential", "name": null, "GEOID": "39049002800" }, "geometry": { "type": "Polygon", "coordinates": [ [ [ -82.9629296, 39.9675996 ], [ -82.9629322, 39.9675534 ], [ -82.9629397, 39.9675537 ], [ -82.9629435, 39.9674851 ], [ -82.9629837, 39.9674858 ], [ -82.9629898, 39.9674818 ], [ -82.9630185, 39.9674831 ], [ -82.9630252, 39.9674879 ], [ -82.9631006, 39.9674901 ], [ -82.9630953, 39.9675636 ], [ -82.963006, 39.9675601 ], [ -82.9630028, 39.9676024 ], [ -82.9629296, 39.9675996 ] ] ] } },
{ "type": "Feature", "properties": { "@id": "way/921992659", "amenity": null, "building": "residential", "name": null, "GEOID": "39049002800" }, "geometry": { "type": "Polygon", "coordinates": [ [ [ -82.9658159, 39.9692626 ], [ -82.965818, 39.9692335 ], [ -82.9658008, 39.9692328 ], [ -82.9658087, 39.9691227 ], [ -82.9659066, 39.9691268 ], [ -82.9658966, 39.969266 ], [ -82.9658159, 39.9692626 ] ] ] } },
{ "type": "Feature", "properties": { "@id": "way/921992660", "amenity": null, "building": "residential", "name": null, "GEOID": "39049002800" }, "geometry": { "type": "Polygon", "coordinates": [ [ [ -82.9625434, 39.9679674 ], [ -82.9625356, 39.9680891 ], [ -82.962426, 39.968085 ], [ -82.9624338, 39.9679632 ], [ -82.9624404, 39.9679635 ], [ -82.9624419, 39.9679392 ], [ -82.9625379, 39.9679428 ], [ -82.9625364, 39.9679671 ], [ -82.9625434, 39.9679674 ] ] ] } },
{ "type": "Feature", "properties": { "@id": "way/921992662", "amenity": null, "building": "residential", "name": null, "GEOID": "39049002800" }, "geometry": { "type": "Polygon", "coordinates": [ [ [ -82.9632362, 39.9733349 ], [ -82.9632428, 39.9734 ], [ -82.9630351, 39.9734126 ], [ -82.9630284, 39.9733474 ], [ -82.9632362, 39.9733349 ] ] ] } },
{ "type": "Feature", "properties": { "@id": "way/921992663", "amenity": null, "building": "residential", "name": null, "GEOID": "39049002800" }, "geometry": { "type": "Polygon", "coordinates": [ [ [ -82.9638285, 39.9681454 ], [ -82.9638314, 39.9680757 ], [ -82.9638664, 39.9680766 ], [ -82.9638678, 39.9680441 ], [ -82.9638379, 39.9680434 ], [ -82.96384, 39.9679927 ], [ -82.9638789, 39.9679937 ], [ -82.9638799, 39.96797 ], [ -82.9639594, 39.967972 ], [ -82.9639542, 39.9680951 ], [ -82.9639054, 39.9680939 ], [ -82.9639031, 39.9681473 ], [ -82.9638285, 39.9681454 ] ] ] } },
{ "type": "Feature", "properties": { "@id": "way/921992664", "amenity": null, "building": "residential", "name": null, "GEOID": "39049002800" }, "geometry": { "type": "Polygon", "coordinates": [ [ [ -82.9645215, 39.969265 ], [ -82.9645234, 39.9692428 ], [ -82.9645057, 39.9692419 ], [ -82.964518, 39.9691027 ], [ -82.9646169, 39.9691079 ], [ -82.9646046, 39.969247 ], [ -82.964587, 39.9692461 ], [ -82.964585, 39.9692683 ], [ -82.9645215, 39.969265 ] ] ] } },
{ "type": "Feature", "properties": { "@id": "way/921992665", "amenity": null, "building": "residential", "name": null, "GEOID": "39049002800" }, "geometry": { "type": "Polygon", "coordinates": [ [ [ -82.9634, 39.9687521 ], [ -82.9634067, 39.9686725 ], [ -82.9634894, 39.9686766 ], [ -82.9634828, 39.9687562 ], [ -82.9634, 39.9687521 ] ] ] } },
{ "type": "Feature", "properties": { "@id": "way/921992666", "amenity": null, "building": "residential", "name": null, "GEOID": "39049002800" }, "geometry": { "type": "Polygon", "coordinates": [ [ [ -82.9624675, 39.9737506 ], [ -82.9625199, 39.9737485 ], [ -82.9625211, 39.9737658 ], [ -82.9625592, 39.9737643 ], [ -82.9625669, 39.9738806 ], [ -82.9625568, 39.973881 ], [ -82.962558, 39.9738988 ], [ -82.9624776, 39.9739019 ], [ -82.9624675, 39.9737506 ] ] ] } },
{ "type": "Feature", "properties": { "@id": "way/921992667", "amenity": null, "building": "residential", "name": null, "GEOID": "39049002800" }, "geometry": { "type": "Polygon", "coordinates": [ [ [ -82.9640929, 39.9727989 ], [ -82.9640981, 39.9727387 ], [ -82.9642473, 39.9727463 ], [ -82.9642421, 39.9728064 ], [ -82.9640929, 39.9727989 ] ] ] } },
{ "type": "Feature", "properties": { "@id": "way/921992670", "amenity": null, "building": "residential", "name": null, "GEOID": "39049002800" }, "geometry": { "type": "Polygon", "coordinates": [ [ [ -82.9640948, 39.9714061 ], [ -82.9641629, 39.9714087 ], [ -82.9641541, 39.9715419 ], [ -82.9640908, 39.9715394 ], [ -82.9640928, 39.9715101 ], [ -82.9640879, 39.9715099 ], [ -82.9640948, 39.9714061 ] ] ] } },
{ "type": "Feature", "properties": { "@id": "way/921992673", "amenity": null, "building": "residential", "name": null, "GEOID": "39049002800" }, "geometry": { "type": "Polygon", "coordinates": [ [ [ -82.9640198, 39.9731553 ], [ -82.9640271, 39.9730675 ], [ -82.9641813, 39.973075 ], [ -82.964174, 39.9731629 ], [ -82.9640198, 39.9731553 ] ] ] } },
{ "type": "Feature", "properties": { "@id": "way/921992674", "amenity": null, "building": "residential", "name": null, "GEOID": "39049002800" }, "geometry": { "type": "Polygon", "coordinates": [ [ [ -82.9676073, 39.968629 ], [ -82.967549, 39.9686372 ], [ -82.967527, 39.9685464 ], [ -82.9675589, 39.9685419 ], [ -82.9675522, 39.9685141 ], [ -82.9676288, 39.9685033 ], [ -82.9676613, 39.9686375 ], [ -82.9676111, 39.9686446 ], [ -82.9676073, 39.968629 ] ] ] } },
{ "type": "Feature", "properties": { "@id": "way/921992678", "amenity": null, "building": "residential", "name": null, "GEOID": "39049002800" }, "geometry": { "type": "Polygon", "coordinates": [ [ [ -82.962229, 39.9721638 ], [ -82.9622289, 39.9720927 ], [ -82.9623656, 39.9720925 ], [ -82.9623658, 39.9721636 ], [ -82.962229, 39.9721638 ] ] ] } },
{ "type": "Feature", "properties": { "@id": "way/921992680", "amenity": null, "building": "residential", "name": null, "GEOID": "39049002800" }, "geometry": { "type": "Polygon", "coordinates": [ [ [ -82.9661481, 39.96981 ], [ -82.9661534, 39.9697281 ], [ -82.9663466, 39.9697355 ], [ -82.9663412, 39.9698173 ], [ -82.9661481, 39.96981 ] ] ] } },
{ "type": "Feature", "properties": { "@id": "way/921992681", "amenity": null, "building": "residential", "name": null, "GEOID": "39049002800" }, "geometry": { "type": "Polygon", "coordinates": [ [ [ -82.9626824, 39.9734326 ], [ -82.9626358, 39.9734334 ], [ -82.9626355, 39.9734205 ], [ -82.9625264, 39.9734223 ], [ -82.9625249, 39.9733713 ], [ -82.9626806, 39.9733687 ], [ -82.9626824, 39.9734326 ] ] ] } },
{ "type": "Feature", "properties": { "@id": "way/921992682", "amenity": null, "building": "residential", "name": null, "GEOID": "39049002800" }, "geometry": { "type": "Polygon", "coordinates": [ [ [ -82.9657051, 39.9673889 ], [ -82.9657138, 39.9672789 ], [ -82.9659626, 39.9672905 ], [ -82.9659621, 39.9672969 ], [ -82.9659968, 39.9672986 ], [ -82.9659936, 39.9673399 ], [ -82.965959, 39.9673382 ], [ -82.9659579, 39.9673524 ], [ -82.9659921, 39.967354 ], [ -82.9659887, 39.9673958 ], [ -82.9659569, 39.9673943 ], [ -82.9659564, 39.9674006 ], [ -82.9657051, 39.9673889 ] ] ] } },
{ "type": "Feature", "properties": { "@id": "way/921992684", "amenity": null, "building": "residential", "name": null, "GEOID": "39049002800" }, "geometry": { "type": "Polygon", "coordinates": [ [ [ -82.9634938, 39.973016 ], [ -82.9634984, 39.9729602 ], [ -82.9636404, 39.9729672 ], [ -82.963639, 39.9729837 ], [ -82.9636571, 39.9729846 ], [ -82.9636554, 39.9730056 ], [ -82.9636374, 39.9730047 ], [ -82.9636358, 39.9730229 ], [ -82.9634938, 39.973016 ] ] ] } },
{ "type": "Feature", "properties": { "@id": "way/921992685", "amenity": null, "building": "residential", "name": null, "GEOID": "39049002800" }, "geometry": { "type": "Polygon", "coordinates": [ [ [ -82.9625185, 39.9734536 ], [ -82.962672, 39.9734384 ], [ -82.9626813, 39.973493 ], [ -82.9625277, 39.9735082 ], [ -82.9625185, 39.9734536 ] ] ] } },
{ "type": "Feature", "properties": { "@id": "way/921992686", "amenity": null, "building": "residential", "name": null, "GEOID": "39049002800" }, "geometry": { "type": "Polygon", "coordinates": [ [ [ -82.9636623, 39.9675552 ], [ -82.9637415, 39.9675581 ], [ -82.9637371, 39.9676285 ], [ -82.9637453, 39.9676288 ], [ -82.9637423, 39.9676763 ], [ -82.9637343, 39.967676 ], [ -82.9637317, 39.9677177 ], [ -82.9636198, 39.9677137 ], [ -82.9636236, 39.9676537 ], [ -82.9636061, 39.9676531 ], [ -82.9636094, 39.9675991 ], [ -82.9636594, 39.967601 ], [ -82.9636623, 39.9675552 ] ] ] } },
{ "type": "Feature", "properties": { "@id": "way/921992687", "amenity": null, "building": "residential", "name": null, "GEOID": "39049002800" }, "geometry": { "type": "Polygon", "coordinates": [ [ [ -82.9626605, 39.967707 ], [ -82.9626626, 39.9676778 ], [ -82.9626743, 39.9676783 ], [ -82.9626802, 39.9675939 ], [ -82.9627241, 39.9675957 ], [ -82.9627254, 39.9675776 ], [ -82.9627751, 39.9675797 ], [ -82.9627658, 39.9677114 ], [ -82.9626605, 39.967707 ] ] ] } },
{ "type": "Feature", "properties": { "@id": "way/921992688", "amenity": null, "building": "residential", "name": null, "GEOID": "39049002800" }, "geometry": { "type": "Polygon", "coordinates": [ [ [ -82.9656637, 39.9688525 ], [ -82.965675, 39.9687079 ], [ -82.9657887, 39.9687131 ], [ -82.965781, 39.9688121 ], [ -82.9657624, 39.9688112 ], [ -82.9657589, 39.9688569 ], [ -82.9656637, 39.9688525 ] ] ] } },
{ "type": "Feature", "properties": { "@id": "way/921992690", "amenity": null, "building": "residential", "name": null, "GEOID": "39049002800" }, "geometry": { "type": "Polygon", "coordinates": [ [ [ -82.9621502, 39.9730005 ], [ -82.9623115, 39.9729994 ], [ -82.9623121, 39.9730527 ], [ -82.9621508, 39.9730537 ], [ -82.9621502, 39.9730005 ] ] ] } },
{ "type": "Feature", "properties": { "@id": "way/921992692", "amenity": null, "building": "residential", "name": null, "GEOID": "39049002800" }, "geometry": { "type": "Polygon", "coordinates": [ [ [ -82.9621994, 39.9729881 ], [ -82.9621993, 39.9729866 ], [ -82.9621764, 39.9729876 ], [ -82.9621739, 39.9729558 ], [ -82.9621952, 39.9729548 ], [ -82.9621927, 39.9729222 ], [ -82.9623084, 39.9729169 ], [ -82.9623087, 39.9729207 ], [ -82.9623286, 39.9729198 ], [ -82.9623329, 39.9729746 ], [ -82.962313, 39.9729755 ], [ -82.9623136, 39.9729829 ], [ -82.9621994, 39.9729881 ] ] ] } },
{ "type": "Feature", "properties": { "@id": "way/921992693", "amenity": null, "building": "residential", "name": null, "GEOID": "39049002800" }, "geometry": { "type": "Polygon", "coordinates": [ [ [ -82.9663433, 39.967079 ], [ -82.9663481, 39.9669946 ], [ -82.9665628, 39.9670019 ], [ -82.9665613, 39.9670279 ], [ -82.9665797, 39.9670286 ], [ -82.9665776, 39.967066 ], [ -82.9665545, 39.9670652 ], [ -82.9665533, 39.9670861 ], [ -82.9663433, 39.967079 ] ] ] } },
{ "type": "Feature", "properties": { "@id": "way/921992694", "amenity": null, "building": "residential", "name": null, "GEOID": "39049002800" }, "geometry": { "type": "Polygon", "coordinates": [ [ [ -82.965989, 39.9669371 ], [ -82.9660135, 39.966938 ], [ -82.9660092, 39.9670085 ], [ -82.9659846, 39.9670076 ], [ -82.9659843, 39.9670137 ], [ -82.9658646, 39.9670094 ], [ -82.9658696, 39.9669278 ], [ -82.9659893, 39.9669321 ], [ -82.965989, 39.9669371 ] ] ] } },
{ "type": "Feature", "properties": { "@id": "way/921992696", "amenity": null, "building": "residential", "name": null, "GEOID": "39049002800" }, "geometry": { "type": "Polygon", "coordinates": [ [ [ -82.9647434, 39.9691326 ], [ -82.9647321, 39.9692634 ], [ -82.9646315, 39.9692583 ], [ -82.9646428, 39.9691275 ], [ -82.9646484, 39.9691277 ], [ -82.9646501, 39.9691082 ], [ -82.9647413, 39.9691128 ], [ -82.9647396, 39.9691324 ], [ -82.9647434, 39.9691326 ] ] ] } },
{ "type": "Feature", "properties": { "@id": "way/921992698", "amenity": null, "building": "residential", "name": null, "GEOID": "39049002800" }, "geometry": { "type": "Polygon", "coordinates": [ [ [ -82.9636134, 39.9679755 ], [ -82.9636205, 39.9679759 ], [ -82.9636092, 39.9680991 ], [ -82.9635037, 39.9680934 ], [ -82.963515, 39.9679702 ], [ -82.9635231, 39.9679706 ], [ -82.9635244, 39.9679564 ], [ -82.9636147, 39.9679612 ], [ -82.9636134, 39.9679755 ] ] ] } },
{ "type": "Feature", "properties": { "@id": "way/921992703", "amenity": null, "building": "residential", "name": null, "GEOID": "39049002800" }, "geometry": { "type": "Polygon", "coordinates": [ [ [ -82.9672161, 39.9675549 ], [ -82.9672192, 39.9675055 ], [ -82.9672047, 39.967505 ], [ -82.9672077, 39.9674577 ], [ -82.9672009, 39.9674574 ], [ -82.9672037, 39.9674127 ], [ -82.9673029, 39.9674163 ], [ -82.9672944, 39.9675512 ], [ -82.96727, 39.9675503 ], [ -82.9672696, 39.9675569 ], [ -82.9672161, 39.9675549 ] ] ] } },
{ "type": "Feature", "properties": { "@id": "way/921992704", "amenity": null, "building": "residential", "name": null, "GEOID": "39049002800" }, "geometry": { "type": "Polygon", "coordinates": [ [ [ -82.9628336, 39.9738381 ], [ -82.9628397, 39.9738581 ], [ -82.9627581, 39.9738726 ], [ -82.962721, 39.9737501 ], [ -82.9628143, 39.9737335 ], [ -82.9628454, 39.973836 ], [ -82.9628336, 39.9738381 ] ] ] } },
{ "type": "Feature", "properties": { "@id": "way/921992705", "amenity": null, "building": "residential", "name": null, "GEOID": "39049002800" }, "geometry": { "type": "Polygon", "coordinates": [ [ [ -82.9662426, 39.9684718 ], [ -82.9662464, 39.9683927 ], [ -82.9664083, 39.9683973 ], [ -82.9664074, 39.9684174 ], [ -82.9664551, 39.9684188 ], [ -82.9664525, 39.9684725 ], [ -82.9664007, 39.968471 ], [ -82.9664004, 39.9684762 ], [ -82.9662426, 39.9684718 ] ] ] } },
{ "type": "Feature", "properties": { "@id": "way/921992706", "amenity": null, "building": "residential", "name": null, "GEOID": "39049002800" }, "geometry": { "type": "Polygon", "coordinates": [ [ [ -82.967664, 39.9675889 ], [ -82.9675586, 39.9675854 ], [ -82.9675668, 39.9674425 ], [ -82.9676723, 39.9674461 ], [ -82.967664, 39.9675889 ] ] ] } },
{ "type": "Feature", "properties": { "@id": "way/921992707", "amenity": null, "building": "residential", "name": null, "GEOID": "39049002800" }, "geometry": { "type": "Polygon", "coordinates": [ [ [ -82.9651133, 39.9688562 ], [ -82.9651255, 39.9687052 ], [ -82.965265, 39.9687118 ], [ -82.9652529, 39.9688628 ], [ -82.9651133, 39.9688562 ] ] ] } },
{ "type": "Feature", "properties": { "@id": "way/921992708", "amenity": null, "building": "residential", "name": null, "GEOID": "39049002800" }, "geometry": { "type": "Polygon", "coordinates": [ [ [ -82.9649547, 39.9692385 ], [ -82.9648717, 39.9692352 ], [ -82.9648789, 39.9691265 ], [ -82.9649619, 39.9691298 ], [ -82.9649547, 39.9692385 ] ] ] } },
{ "type": "Feature", "properties": { "@id": "way/921992709", "amenity": null, "building": "residential", "name": null, "GEOID": "39049002800" }, "geometry": { "type": "Polygon", "coordinates": [ [ [ -82.9639305, 39.9692376 ], [ -82.963934, 39.9691971 ], [ -82.9639195, 39.9691963 ], [ -82.963927, 39.9691103 ], [ -82.9639628, 39.9691122 ], [ -82.9639651, 39.9690853 ], [ -82.9640367, 39.969089 ], [ -82.9640319, 39.9691433 ], [ -82.9640521, 39.9691443 ], [ -82.9640493, 39.9691766 ], [ -82.9640229, 39.9691753 ], [ -82.9640171, 39.9692421 ], [ -82.9639305, 39.9692376 ] ] ] } },
{ "type": "Feature", "properties": { "@id": "way/921992711", "amenity": null, "building": "residential", "name": null, "GEOID": "39049002800" }, "geometry": { "type": "Polygon", "coordinates": [ [ [ -82.9682715, 39.9674605 ], [ -82.9682675, 39.9675298 ], [ -82.9680809, 39.9675233 ], [ -82.9680827, 39.9674931 ], [ -82.968059, 39.9674923 ], [ -82.9680607, 39.967463 ], [ -82.9680823, 39.9674638 ], [ -82.9680828, 39.967454 ], [ -82.9682715, 39.9674605 ] ] ] } },
{ "type": "Feature", "properties": { "@id": "way/921992712", "amenity": null, "building": "residential", "name": null, "GEOID": "39049002800" }, "geometry": { "type": "Polygon", "coordinates": [ [ [ -82.966236, 39.9685617 ], [ -82.9662384, 39.9685142 ], [ -82.9662667, 39.968515 ], [ -82.9662684, 39.968482 ], [ -82.9664013, 39.9684859 ], [ -82.9664003, 39.9685047 ], [ -82.9664425, 39.968506 ], [ -82.9664394, 39.9685677 ], [ -82.966236, 39.9685617 ] ] ] } },
{ "type": "Feature", "properties": { "@id": "way/921992713", "amenity": null, "building": "residential", "name": null, "GEOID": "39049002800" }, "geometry": { "type": "Polygon", "coordinates": [ [ [ -82.9669368, 39.9691374 ], [ -82.9669294, 39.9691383 ], [ -82.966906, 39.9690117 ], [ -82.9669153, 39.9690107 ], [ -82.9669117, 39.9689913 ], [ -82.9669984, 39.9689819 ], [ -82.967002, 39.9690015 ], [ -82.9670116, 39.9690005 ], [ -82.9670349, 39.9691265 ], [ -82.9670272, 39.9691274 ], [ -82.9670312, 39.9691485 ], [ -82.9669407, 39.9691584 ], [ -82.9669368, 39.9691374 ] ] ] } },
{ "type": "Feature", "properties": { "@id": "way/921992714", "amenity": null, "building": "residential", "name": null, "GEOID": "39049002800" }, "geometry": { "type": "Polygon", "coordinates": [ [ [ -82.9656734, 39.9692872 ], [ -82.9656846, 39.9691351 ], [ -82.9657895, 39.9691396 ], [ -82.9657784, 39.9692918 ], [ -82.9656734, 39.9692872 ] ] ] } },
{ "type": "Feature", "properties": { "@id": "way/921992715", "amenity": null, "building": "residential", "name": null, "GEOID": "39049002800" }, "geometry": { "type": "Polygon", "coordinates": [ [ [ -82.9677727, 39.9684651 ], [ -82.9677907, 39.968463 ], [ -82.967785, 39.9684333 ], [ -82.9678446, 39.9684265 ], [ -82.9678834, 39.9686263 ], [ -82.9678057, 39.9686351 ], [ -82.9677727, 39.9684651 ] ] ] } },
{ "type": "Feature", "properties": { "@id": "way/921992716", "amenity": null, "building": "residential", "name": null, "GEOID": "39049002800" }, "geometry": { "type": "Polygon", "coordinates": [ [ [ -82.9623966, 39.9718636 ], [ -82.9623962, 39.9718691 ], [ -82.9624188, 39.9718702 ], [ -82.9624137, 39.971932 ], [ -82.9623911, 39.9719309 ], [ -82.9623907, 39.9719353 ], [ -82.9622892, 39.9719304 ], [ -82.9622924, 39.9718919 ], [ -82.9622557, 39.9718901 ], [ -82.9622584, 39.9718569 ], [ -82.9623966, 39.9718636 ] ] ] } },
{ "type": "Feature", "properties": { "@id": "way/921992717", "amenity": null, "building": "residential", "name": null, "GEOID": "39049002800" }, "geometry": { "type": "Polygon", "coordinates": [ [ [ -82.9681103, 39.9669529 ], [ -82.968113, 39.966907 ], [ -82.9681768, 39.9669092 ], [ -82.9681782, 39.9668858 ], [ -82.9683274, 39.9668911 ], [ -82.9683207, 39.9670024 ], [ -82.9681227, 39.9669955 ], [ -82.9681252, 39.9669534 ], [ -82.9681103, 39.9669529 ] ] ] } },
{ "type": "Feature", "properties": { "@id": "way/921992718", "amenity": null, "building": "residential", "name": null, "GEOID": "39049002800" }, "geometry": { "type": "Polygon", "coordinates": [ [ [ -82.9638868, 39.9718407 ], [ -82.9638871, 39.9718371 ], [ -82.9638597, 39.971836 ], [ -82.9638643, 39.9717693 ], [ -82.9638917, 39.9717704 ], [ -82.963892, 39.9717654 ], [ -82.9640481, 39.9717717 ], [ -82.9640429, 39.971847 ], [ -82.9638868, 39.9718407 ] ] ] } },
{ "type": "Feature", "properties": { "@id": "way/921992719", "amenity": null, "building": "residential", "name": null, "GEOID": "39049002800" }, "geometry": { "type": "Polygon", "coordinates": [ [ [ -82.9646749, 39.9688344 ], [ -82.9646883, 39.9686757 ], [ -82.9648096, 39.9686817 ], [ -82.9647963, 39.9688404 ], [ -82.9646749, 39.9688344 ] ] ] } },
{ "type": "Feature", "properties": { "@id": "way/921992721", "amenity": null, "building": "residential", "name": null, "GEOID": "39049002800" }, "geometry": { "type": "Polygon", "coordinates": [ [ [ -82.9644976, 39.9724951 ], [ -82.9645134, 39.9724925 ], [ -82.964491, 39.9724113 ], [ -82.964606, 39.9723927 ], [ -82.9646271, 39.972469 ], [ -82.9646352, 39.9724677 ], [ -82.9646545, 39.9725374 ], [ -82.9645155, 39.9725599 ], [ -82.9644976, 39.9724951 ] ] ] } },
{ "type": "Feature", "properties": { "@id": "way/921992724", "amenity": null, "building": "residential", "name": null, "GEOID": "39049002800" }, "geometry": { "type": "Polygon", "coordinates": [ [ [ -82.9653285, 39.9680673 ], [ -82.9653339, 39.9680675 ], [ -82.9653264, 39.9681686 ], [ -82.9652896, 39.9681669 ], [ -82.9652883, 39.9681841 ], [ -82.965228, 39.9681814 ], [ -82.9652369, 39.9680632 ], [ -82.9652439, 39.9680635 ], [ -82.9652455, 39.9680422 ], [ -82.9653301, 39.9680459 ], [ -82.9653285, 39.9680673 ] ] ] } },
{ "type": "Feature", "properties": { "@id": "way/921992725", "amenity": null, "building": "residential", "name": null, "GEOID": "39049002800" }, "geometry": { "type": "Polygon", "coordinates": [ [ [ -82.9636406, 39.9729362 ], [ -82.9635048, 39.9729301 ], [ -82.9635053, 39.9729241 ], [ -82.9634833, 39.9729231 ], [ -82.9634864, 39.9728824 ], [ -82.9635084, 39.9728834 ], [ -82.9635088, 39.9728785 ], [ -82.9636445, 39.9728847 ], [ -82.963644, 39.9728904 ], [ -82.9636719, 39.9728916 ], [ -82.9636688, 39.972931 ], [ -82.9636411, 39.9729297 ], [ -82.9636406, 39.9729362 ] ] ] } },
{ "type": "Feature", "properties": { "@id": "way/921992727", "amenity": null, "building": "residential", "name": null, "GEOID": "39049002800" }, "geometry": { "type": "Polygon", "coordinates": [ [ [ -82.9626446, 39.9731908 ], [ -82.9626454, 39.973183 ], [ -82.9625196, 39.973176 ], [ -82.9625251, 39.973118 ], [ -82.9627068, 39.9731281 ], [ -82.9627006, 39.9731939 ], [ -82.9626446, 39.9731908 ] ] ] } },
{ "type": "Feature", "properties": { "@id": "way/921992728", "amenity": null, "building": "residential", "name": null, "GEOID": "39049002800" }, "geometry": { "type": "Polygon", "coordinates": [ [ [ -82.9630599, 39.9731383 ], [ -82.9630625, 39.973104 ], [ -82.9630858, 39.973105 ], [ -82.9630878, 39.9730796 ], [ -82.9632403, 39.9730866 ], [ -82.9632384, 39.9731104 ], [ -82.963262, 39.9731115 ], [ -82.9632592, 39.9731474 ], [ -82.9630599, 39.9731383 ] ] ] } },
{ "type": "Feature", "properties": { "@id": "way/921992729", "amenity": null, "building": "residential", "name": null, "GEOID": "39049002800" }, "geometry": { "type": "Polygon", "coordinates": [ [ [ -82.9676606, 39.9685214 ], [ -82.967759, 39.9685095 ], [ -82.9677848, 39.968634 ], [ -82.9676864, 39.968646 ], [ -82.9676606, 39.9685214 ] ] ] } },
{ "type": "Feature", "properties": { "@id": "way/921992730", "amenity": null, "building": "residential", "name": null, "GEOID": "39049002800" }, "geometry": { "type": "Polygon", "coordinates": [ [ [ -82.9663368, 39.9691744 ], [ -82.966324, 39.9691758 ], [ -82.9663073, 39.969088 ], [ -82.9663451, 39.9690838 ], [ -82.9663413, 39.9690638 ], [ -82.9663904, 39.9690583 ], [ -82.9664188, 39.9692072 ], [ -82.9663447, 39.9692155 ], [ -82.9663368, 39.9691744 ] ] ] } },
{ "type": "Feature", "properties": { "@id": "way/921992731", "amenity": null, "building": "residential", "name": null, "GEOID": "39049002800" }, "geometry": { "type": "Polygon", "coordinates": [ [ [ -82.96145, 39.9722431 ], [ -82.9614564, 39.972167 ], [ -82.9616331, 39.9721758 ], [ -82.9616266, 39.9722519 ], [ -82.96145, 39.9722431 ] ] ] } },
{ "type": "Feature", "properties": { "@id": "way/921992732", "amenity": null, "building": "residential", "name": null, "GEOID": "39049002800" }, "geometry": { "type": "Polygon", "coordinates": [ [ [ -82.9632945, 39.9677179 ], [ -82.963295, 39.9677065 ], [ -82.9632843, 39.967714 ], [ -82.9632604, 39.9677133 ], [ -82.9632523, 39.9677055 ], [ -82.9632452, 39.9677054 ], [ -82.96325, 39.9676016 ], [ -82.9633574, 39.967604 ], [ -82.9633586, 39.9675704 ], [ -82.963418, 39.9675717 ], [ -82.9634128, 39.9677092 ], [ -82.9633568, 39.9677079 ], [ -82.9633564, 39.9677192 ], [ -82.9632945, 39.9677179 ] ] ] } },
{ "type": "Feature", "properties": { "@id": "way/921992733", "amenity": null, "building": "residential", "name": null, "GEOID": "39049002800" }, "geometry": { "type": "Polygon", "coordinates": [ [ [ -82.9613524, 39.9735299 ], [ -82.9613584, 39.9734527 ], [ -82.9615376, 39.9734609 ], [ -82.9615316, 39.9735381 ], [ -82.9613524, 39.9735299 ] ] ] } },
{ "type": "Feature", "properties": { "@id": "way/921992734", "amenity": null, "building": "residential", "name": null, "GEOID": "39049002800" }, "geometry": { "type": "Polygon", "coordinates": [ [ [ -82.9650683, 39.9715582 ], [ -82.9650694, 39.9715425 ], [ -82.9650354, 39.9715412 ], [ -82.9650409, 39.9714585 ], [ -82.965048, 39.9714588 ], [ -82.9650495, 39.9714365 ], [ -82.9651315, 39.9714397 ], [ -82.96513, 39.971462 ], [ -82.9651391, 39.9714624 ], [ -82.9651325, 39.9715607 ], [ -82.9650683, 39.9715582 ] ] ] } },
{ "type": "Feature", "properties": { "@id": "way/921992735", "amenity": null, "building": "residential", "name": null, "GEOID": "39049002800" }, "geometry": { "type": "Polygon", "coordinates": [ [ [ -82.9667466, 39.9685866 ], [ -82.9667875, 39.9685822 ], [ -82.9667898, 39.9685948 ], [ -82.9668438, 39.968589 ], [ -82.9668414, 39.9685755 ], [ -82.9668774, 39.9685717 ], [ -82.9668796, 39.9685841 ], [ -82.966891, 39.9685829 ], [ -82.966918, 39.9687306 ], [ -82.9668433, 39.9687387 ], [ -82.9668391, 39.9687156 ], [ -82.9668228, 39.9687174 ], [ -82.966827, 39.9687403 ], [ -82.9667757, 39.9687458 ], [ -82.9667466, 39.9685866 ] ] ] } },
{ "type": "Feature", "properties": { "@id": "way/921992736", "amenity": null, "building": "residential", "name": null, "GEOID": "39049002800" }, "geometry": { "type": "Polygon", "coordinates": [ [ [ -82.962713, 39.9687193 ], [ -82.9627144, 39.9687029 ], [ -82.962658, 39.9687 ], [ -82.9626687, 39.968577 ], [ -82.9628395, 39.9685857 ], [ -82.9628286, 39.9687116 ], [ -82.9627806, 39.9687091 ], [ -82.9627795, 39.9687227 ], [ -82.962713, 39.9687193 ] ] ] } },
{ "type": "Feature", "properties": { "@id": "way/921992737", "amenity": null, "building": "residential", "name": null, "GEOID": "39049002800" }, "geometry": { "type": "Polygon", "coordinates": [ [ [ -82.9637246, 39.9736034 ], [ -82.963753, 39.9735992 ], [ -82.9637459, 39.9735708 ], [ -82.9637915, 39.973564 ], [ -82.9638227, 39.973688 ], [ -82.9637487, 39.973699 ], [ -82.9637246, 39.9736034 ] ] ] } },
{ "type": "Feature", "properties": { "@id": "way/921992738", "amenity": null, "building": "residential", "name": null, "GEOID": "39049002800" }, "geometry": { "type": "Polygon", "coordinates": [ [ [ -82.9648877, 39.9714525 ], [ -82.9648974, 39.9714529 ], [ -82.9648913, 39.9715437 ], [ -82.9648144, 39.9715407 ], [ -82.9648205, 39.9714498 ], [ -82.9648274, 39.9714501 ], [ -82.9648287, 39.9714319 ], [ -82.9648889, 39.9714342 ], [ -82.9648877, 39.9714525 ] ] ] } },
{ "type": "Feature", "properties": { "@id": "way/921992739", "amenity": null, "building": "residential", "name": null, "GEOID": "39049002800" }, "geometry": { "type": "Polygon", "coordinates": [ [ [ -82.9666636, 39.9690169 ], [ -82.9667582, 39.9690063 ], [ -82.9667877, 39.9691608 ], [ -82.9666931, 39.9691714 ], [ -82.9666636, 39.9690169 ] ] ] } },
{ "type": "Feature", "properties": { "@id": "way/921992740", "amenity": null, "building": "residential", "name": null, "GEOID": "39049002800" }, "geometry": { "type": "Polygon", "coordinates": [ [ [ -82.9626319, 39.9675777 ], [ -82.9626246, 39.9677038 ], [ -82.9624858, 39.9676992 ], [ -82.9624931, 39.967572 ], [ -82.9625051, 39.9675724 ], [ -82.9625066, 39.9675473 ], [ -82.9625594, 39.9675491 ], [ -82.9625579, 39.9675752 ], [ -82.9626319, 39.9675777 ] ] ] } },
{ "type": "Feature", "properties": { "@id": "way/921992741", "amenity": null, "building": "residential", "name": null, "GEOID": "39049002800" }, "geometry": { "type": "Polygon", "coordinates": [ [ [ -82.9653851, 39.9692676 ], [ -82.9653941, 39.9691409 ], [ -82.9654908, 39.969145 ], [ -82.9654832, 39.9692524 ], [ -82.9654563, 39.9692512 ], [ -82.965455, 39.9692705 ], [ -82.9653851, 39.9692676 ] ] ] } },
{ "type": "Feature", "properties": { "@id": "way/921992742", "amenity": null, "building": "residential", "name": null, "GEOID": "39049002800" }, "geometry": { "type": "Polygon", "coordinates": [ [ [ -82.9657046, 39.9684689 ], [ -82.9657114, 39.968384 ], [ -82.9659245, 39.968394 ], [ -82.9659177, 39.9684788 ], [ -82.9657046, 39.9684689 ] ] ] } },
{ "type": "Feature", "properties": { "@id": "way/921992743", "amenity": null, "building": "residential", "name": null, "GEOID": "39049002800" }, "geometry": { "type": "Polygon", "coordinates": [ [ [ -82.9625233, 39.9730919 ], [ -82.9625283, 39.9730381 ], [ -82.9627428, 39.9730498 ], [ -82.9627377, 39.9731036 ], [ -82.9625233, 39.9730919 ] ] ] } },
{ "type": "Feature", "properties": { "@id": "way/921992744", "amenity": null, "building": "residential", "name": null, "GEOID": "39049002800" }, "geometry": { "type": "Polygon", "coordinates": [ [ [ -82.9624506, 39.9687153 ], [ -82.9624573, 39.9685871 ], [ -82.9625425, 39.9685897 ], [ -82.9625358, 39.9687179 ], [ -82.9624506, 39.9687153 ] ] ] } },
{ "type": "Feature", "properties": { "@id": "way/921992745", "amenity": null, "building": "residential", "name": null, "GEOID": "39049002800" }, "geometry": { "type": "Polygon", "coordinates": [ [ [ -82.9648444, 39.9691747 ], [ -82.9648584, 39.9691754 ], [ -82.9648508, 39.9692676 ], [ -82.9647485, 39.9692627 ], [ -82.9647606, 39.9691159 ], [ -82.9648489, 39.9691202 ], [ -82.9648444, 39.9691747 ] ] ] } },
{ "type": "Feature", "properties": { "@id": "way/921992747", "amenity": null, "building": "residential", "name": null, "GEOID": "39049002800" }, "geometry": { "type": "Polygon", "coordinates": [ [ [ -82.9667939, 39.9679152 ], [ -82.9668008, 39.9677875 ], [ -82.9669035, 39.9677908 ], [ -82.9668967, 39.9679185 ], [ -82.9667939, 39.9679152 ] ] ] } },
{ "type": "Feature", "properties": { "@id": "way/921992748", "amenity": null, "building": "residential", "name": null, "GEOID": "39049002800" }, "geometry": { "type": "Polygon", "coordinates": [ [ [ -82.9637958, 39.9686242 ], [ -82.9638983, 39.9686291 ], [ -82.9638846, 39.9687998 ], [ -82.9637821, 39.9687949 ], [ -82.9637958, 39.9686242 ] ] ] } },
{ "type": "Feature", "properties": { "@id": "way/921992749", "amenity": null, "building": "residential", "name": null, "GEOID": "39049002800" }, "geometry": { "type": "Polygon", "coordinates": [ [ [ -82.9672126, 39.9677829 ], [ -82.9672778, 39.9677852 ], [ -82.9672769, 39.9678002 ], [ -82.9672915, 39.9678007 ], [ -82.9672851, 39.9679087 ], [ -82.9672053, 39.9679059 ], [ -82.9672126, 39.9677829 ] ] ] } },
{ "type": "Feature", "properties": { "@id": "way/921992750", "amenity": null, "building": "residential", "name": null, "GEOID": "39049002800" }, "geometry": { "type": "Polygon", "coordinates": [ [ [ -82.9646944, 39.9734258 ], [ -82.9647477, 39.973417 ], [ -82.9647529, 39.9734354 ], [ -82.9647848, 39.9734301 ], [ -82.9648138, 39.9735324 ], [ -82.9647286, 39.9735466 ], [ -82.9646944, 39.9734258 ] ] ] } },
{ "type": "Feature", "properties": { "@id": "way/921992752", "amenity": null, "building": "residential", "name": null, "GEOID": "39049002800" }, "geometry": { "type": "Polygon", "coordinates": [ [ [ -82.9622962, 39.9718442 ], [ -82.9622966, 39.9718388 ], [ -82.9622555, 39.9718368 ], [ -82.9622605, 39.9717787 ], [ -82.9623015, 39.9717808 ], [ -82.9623019, 39.9717766 ], [ -82.9624301, 39.971783 ], [ -82.9624243, 39.9718506 ], [ -82.9622962, 39.9718442 ] ] ] } },
{ "type": "Feature", "properties": { "@id": "way/921992753", "amenity": null, "building": "residential", "name": null, "GEOID": "39049002800" }, "geometry": { "type": "Polygon", "coordinates": [ [ [ -82.964484, 39.9691617 ], [ -82.9644975, 39.9691624 ], [ -82.9644945, 39.9691945 ], [ -82.9644737, 39.9691933 ], [ -82.9644668, 39.9692654 ], [ -82.9643768, 39.9692603 ], [ -82.9643809, 39.9692173 ], [ -82.9643736, 39.9692169 ], [ -82.9643772, 39.969179 ], [ -82.9643681, 39.9691785 ], [ -82.9643726, 39.9691321 ], [ -82.9643823, 39.9691327 ], [ -82.9643934, 39.9691243 ], [ -82.9644139, 39.9691246 ], [ -82.9644159, 39.9691067 ], [ -82.9644886, 39.9691099 ], [ -82.964484, 39.9691617 ] ] ] } },
{ "type": "Feature", "properties": { "@id": "way/921992754", "amenity": null, "building": "residential", "name": null, "GEOID": "39049002800" }, "geometry": { "type": "Polygon", "coordinates": [ [ [ -82.9673521, 39.9689472 ], [ -82.9674548, 39.9689355 ], [ -82.9674898, 39.9691159 ], [ -82.9673871, 39.9691277 ], [ -82.9673521, 39.9689472 ] ] ] } },
{ "type": "Feature", "properties": { "@id": "way/921992755", "amenity": null, "building": "residential", "name": null, "GEOID": "39049002800" }, "geometry": { "type": "Polygon", "coordinates": [ [ [ -82.9648136, 39.9734197 ], [ -82.9648452, 39.9734145 ], [ -82.9648379, 39.9733885 ], [ -82.9648954, 39.9733791 ], [ -82.9649331, 39.9735142 ], [ -82.9648441, 39.9735288 ], [ -82.9648136, 39.9734197 ] ] ] } },
{ "type": "Feature", "properties": { "@id": "way/921992756", "amenity": null, "building": "residential", "name": null, "GEOID": "39049002800" }, "geometry": { "type": "Polygon", "coordinates": [ [ [ -82.9657044, 39.9682754 ], [ -82.9657112, 39.9681906 ], [ -82.9659317, 39.9682009 ], [ -82.965925, 39.9682857 ], [ -82.9657044, 39.9682754 ] ] ] } },
{ "type": "Feature", "properties": { "@id": "way/921992757", "amenity": null, "building": "residential", "name": null, "GEOID": "39049002800" }, "geometry": { "type": "Polygon", "coordinates": [ [ [ -82.9620107, 39.972638 ], [ -82.9620112, 39.9726485 ], [ -82.9619431, 39.9726507 ], [ -82.9619425, 39.9726402 ], [ -82.9619285, 39.9726406 ], [ -82.9619245, 39.9725664 ], [ -82.9620194, 39.9725634 ], [ -82.9620234, 39.9726376 ], [ -82.9620107, 39.972638 ] ] ] } },
{ "type": "Feature", "properties": { "@id": "way/921992758", "amenity": null, "building": "residential", "name": null, "GEOID": "39049002800" }, "geometry": { "type": "Polygon", "coordinates": [ [ [ -82.9644721, 39.9735596 ], [ -82.9644526, 39.9735627 ], [ -82.9644391, 39.9735128 ], [ -82.9644728, 39.9735075 ], [ -82.9644643, 39.9734763 ], [ -82.9645046, 39.9734698 ], [ -82.9645349, 39.9735811 ], [ -82.9644804, 39.9735898 ], [ -82.9644721, 39.9735596 ] ] ] } },
{ "type": "Feature", "properties": { "@id": "way/921992759", "amenity": null, "building": "residential", "name": null, "GEOID": "39049002800" }, "geometry": { "type": "Polygon", "coordinates": [ [ [ -82.9677825, 39.9674654 ], [ -82.9677767, 39.9675633 ], [ -82.9677357, 39.9675618 ], [ -82.9677348, 39.9675771 ], [ -82.9676745, 39.967575 ], [ -82.9676812, 39.9674619 ], [ -82.9677145, 39.9674631 ], [ -82.9677154, 39.9674478 ], [ -82.967745, 39.9674489 ], [ -82.9677756, 39.9674499 ], [ -82.9677747, 39.9674651 ], [ -82.9677825, 39.9674654 ] ] ] } },
{ "type": "Feature", "properties": { "@id": "way/921992761", "amenity": null, "building": "residential", "name": null, "GEOID": "39049002800" }, "geometry": { "type": "Polygon", "coordinates": [ [ [ -82.964694, 39.9714423 ], [ -82.964705, 39.9714428 ], [ -82.9646986, 39.9715265 ], [ -82.9646926, 39.9715262 ], [ -82.9646912, 39.9715443 ], [ -82.9646258, 39.9715414 ], [ -82.9646273, 39.9715217 ], [ -82.9645997, 39.9715204 ], [ -82.9646059, 39.9714387 ], [ -82.9646103, 39.9714389 ], [ -82.964612, 39.9714176 ], [ -82.9646956, 39.9714214 ], [ -82.964694, 39.9714423 ] ] ] } },
{ "type": "Feature", "properties": { "@id": "way/921992763", "amenity": null, "building": "residential", "name": null, "GEOID": "39049002800" }, "geometry": { "type": "Polygon", "coordinates": [ [ [ -82.9630862, 39.9730563 ], [ -82.9630923, 39.9729907 ], [ -82.9632722, 39.9730006 ], [ -82.9632661, 39.9730662 ], [ -82.9630862, 39.9730563 ] ] ] } },
{ "type": "Feature", "properties": { "@id": "way/921992767", "amenity": null, "building": "residential", "name": null, "GEOID": "39049002800" }, "geometry": { "type": "Polygon", "coordinates": [ [ [ -82.9642113, 39.9721817 ], [ -82.9642066, 39.9722541 ], [ -82.9641974, 39.9722537 ], [ -82.9641962, 39.9722711 ], [ -82.9641287, 39.9722685 ], [ -82.9641298, 39.9722511 ], [ -82.9641211, 39.9722508 ], [ -82.9641261, 39.9721745 ], [ -82.9641345, 39.9721748 ], [ -82.9641355, 39.9721596 ], [ -82.9642028, 39.9721622 ], [ -82.9642015, 39.9721813 ], [ -82.9642113, 39.9721817 ] ] ] } },
{ "type": "Feature", "properties": { "@id": "way/921992768", "amenity": null, "building": "residential", "name": null, "GEOID": "39049002800" }, "geometry": { "type": "Polygon", "coordinates": [ [ [ -82.966226, 39.969209 ], [ -82.9662046, 39.9692114 ], [ -82.9661989, 39.9691817 ], [ -82.9661792, 39.9691729 ], [ -82.9661747, 39.9691492 ], [ -82.9661905, 39.9691347 ], [ -82.9661862, 39.9691121 ], [ -82.9661653, 39.9691145 ], [ -82.9661595, 39.9690846 ], [ -82.9662343, 39.9690762 ], [ -82.9662376, 39.9690936 ], [ -82.966277, 39.9690892 ], [ -82.9663059, 39.9692408 ], [ -82.9662336, 39.9692489 ], [ -82.966226, 39.969209 ] ] ] } },
{ "type": "Feature", "properties": { "@id": "way/921992769", "amenity": null, "building": "residential", "name": null, "GEOID": "39049002800" }, "geometry": { "type": "Polygon", "coordinates": [ [ [ -82.963495, 39.9687799 ], [ -82.9635053, 39.9686728 ], [ -82.9635288, 39.9686741 ], [ -82.9635339, 39.968621 ], [ -82.9636054, 39.968625 ], [ -82.9636001, 39.9686798 ], [ -82.9636131, 39.9686806 ], [ -82.9636048, 39.9687668 ], [ -82.9635563, 39.968764 ], [ -82.9635545, 39.9687833 ], [ -82.963495, 39.9687799 ] ] ] } },
{ "type": "Feature", "properties": { "@id": "way/921992770", "amenity": null, "building": "residential", "name": null, "GEOID": "39049002800" }, "geometry": { "type": "Polygon", "coordinates": [ [ [ -82.962244, 39.9720527 ], [ -82.9622505, 39.9719779 ], [ -82.9622979, 39.9719803 ], [ -82.9622986, 39.9719726 ], [ -82.9624113, 39.9719783 ], [ -82.9624107, 39.971986 ], [ -82.96243, 39.9719869 ], [ -82.9624235, 39.9720617 ], [ -82.9624052, 39.9720608 ], [ -82.9624047, 39.9720668 ], [ -82.9622915, 39.972061 ], [ -82.962292, 39.9720551 ], [ -82.962244, 39.9720527 ] ] ] } },
{ "type": "Feature", "properties": { "@id": "way/921992771", "amenity": null, "building": "residential", "name": null, "GEOID": "39049002800" }, "geometry": { "type": "Polygon", "coordinates": [ [ [ -82.9637003, 39.9736905 ], [ -82.9637042, 39.9737114 ], [ -82.9636281, 39.9737197 ], [ -82.9636242, 39.9736988 ], [ -82.9636175, 39.9736995 ], [ -82.963603, 39.9736219 ], [ -82.9636941, 39.9736119 ], [ -82.9637086, 39.9736895 ], [ -82.9637003, 39.9736905 ] ] ] } },
{ "type": "Feature", "properties": { "@id": "way/921992772", "amenity": null, "building": "residential", "name": null, "GEOID": "39049002800" }, "geometry": { "type": "Polygon", "coordinates": [ [ [ -82.9640839, 39.97348 ], [ -82.9641836, 39.9734651 ], [ -82.9642035, 39.9735432 ], [ -82.9642342, 39.9735386 ], [ -82.964245, 39.973581 ], [ -82.9641146, 39.9736005 ], [ -82.9640839, 39.97348 ] ] ] } },
{ "type": "Feature", "properties": { "@id": "way/921992774", "amenity": null, "building": "residential", "name": null, "GEOID": "39049002800" }, "geometry": { "type": "Polygon", "coordinates": [ [ [ -82.9654593, 39.9688709 ], [ -82.9654734, 39.9686931 ], [ -82.9655198, 39.9686952 ], [ -82.9655169, 39.9687328 ], [ -82.9655593, 39.9687348 ], [ -82.9655623, 39.9686973 ], [ -82.9656212, 39.9687001 ], [ -82.9656071, 39.9688778 ], [ -82.9654593, 39.9688709 ] ] ] } },
{ "type": "Feature", "properties": { "@id": "way/921992775", "amenity": null, "building": "residential", "name": null, "GEOID": "39049002800" }, "geometry": { "type": "Polygon", "coordinates": [ [ [ -82.9635053, 39.9736474 ], [ -82.9635285, 39.9736459 ], [ -82.9635243, 39.9736074 ], [ -82.9635828, 39.9736036 ], [ -82.9635968, 39.9737301 ], [ -82.963515, 39.9737354 ], [ -82.9635053, 39.9736474 ] ] ] } },
{ "type": "Feature", "properties": { "@id": "way/921992776", "amenity": null, "building": "residential", "name": null, "GEOID": "39049002800" }, "geometry": { "type": "Polygon", "coordinates": [ [ [ -82.9661439, 39.9696199 ], [ -82.966152, 39.9695099 ], [ -82.9663453, 39.9695182 ], [ -82.966342, 39.9695643 ], [ -82.9662924, 39.9695621 ], [ -82.9662912, 39.9695778 ], [ -82.9663438, 39.96958 ], [ -82.9663402, 39.9696284 ], [ -82.9661439, 39.9696199 ] ] ] } },
{ "type": "Feature", "properties": { "@id": "way/921992777", "amenity": null, "building": "residential", "name": null, "GEOID": "39049002800" }, "geometry": { "type": "Polygon", "coordinates": [ [ [ -82.9615414, 39.9714273 ], [ -82.9615448, 39.971386 ], [ -82.9615978, 39.9713886 ], [ -82.9615988, 39.9713764 ], [ -82.9617041, 39.9713816 ], [ -82.9617024, 39.9714023 ], [ -82.961728, 39.9714036 ], [ -82.9617252, 39.9714363 ], [ -82.9615414, 39.9714273 ] ] ] } },
{ "type": "Feature", "properties": { "@id": "way/921992778", "amenity": null, "building": "residential", "name": null, "GEOID": "39049002800" }, "geometry": { "type": "Polygon", "coordinates": [ [ [ -82.9639813, 39.9679745 ], [ -82.9640728, 39.9679763 ], [ -82.9640681, 39.968119 ], [ -82.964014, 39.968118 ], [ -82.9640147, 39.9680968 ], [ -82.9639773, 39.9680961 ], [ -82.9639813, 39.9679745 ] ] ] } },
{ "type": "Feature", "properties": { "@id": "way/921992781", "amenity": null, "building": "residential", "name": null, "GEOID": "39049002800" }, "geometry": { "type": "Polygon", "coordinates": [ [ [ -82.9631848, 39.9679751 ], [ -82.9631771, 39.9680736 ], [ -82.9631412, 39.968072 ], [ -82.9631395, 39.9680945 ], [ -82.9630626, 39.9680911 ], [ -82.9630719, 39.96797 ], [ -82.9630784, 39.9679703 ], [ -82.9630804, 39.9679449 ], [ -82.9631788, 39.9679493 ], [ -82.9631769, 39.9679747 ], [ -82.9631848, 39.9679751 ] ] ] } },
{ "type": "Feature", "properties": { "@id": "way/921992782", "amenity": null, "building": "residential", "name": null, "GEOID": "39049002800" }, "geometry": { "type": "Polygon", "coordinates": [ [ [ -82.9642152, 39.9726383 ], [ -82.9641147, 39.9726458 ], [ -82.9641079, 39.972592 ], [ -82.9642618, 39.9725805 ], [ -82.9642702, 39.9726463 ], [ -82.9642167, 39.9726503 ], [ -82.9642152, 39.9726383 ] ] ] } },
{ "type": "Feature", "properties": { "@id": "way/921992783", "amenity": null, "building": "residential", "name": null, "GEOID": "39049002800" }, "geometry": { "type": "Polygon", "coordinates": [ [ [ -82.9642446, 39.9722294 ], [ -82.9642503, 39.9721457 ], [ -82.9642709, 39.9721466 ], [ -82.9642735, 39.9721094 ], [ -82.9643113, 39.9721109 ], [ -82.9643087, 39.972149 ], [ -82.9643167, 39.9721493 ], [ -82.964311, 39.9722321 ], [ -82.9643, 39.9722316 ], [ -82.964299, 39.9722461 ], [ -82.9642539, 39.9722443 ], [ -82.9642549, 39.9722298 ], [ -82.9642446, 39.9722294 ] ] ] } },
{ "type": "Feature", "properties": { "@id": "way/921992784", "amenity": null, "building": "residential", "name": null, "GEOID": "39049002800" }, "geometry": { "type": "Polygon", "coordinates": [ [ [ -82.9617049, 39.9729913 ], [ -82.9617076, 39.9729577 ], [ -82.9616918, 39.9729569 ], [ -82.9616926, 39.9729475 ], [ -82.9616696, 39.9729464 ], [ -82.961675, 39.9728799 ], [ -82.9617313, 39.9728826 ], [ -82.9617301, 39.9728978 ], [ -82.9617963, 39.972901 ], [ -82.9617899, 39.9729805 ], [ -82.9617704, 39.9729796 ], [ -82.9617692, 39.9729944 ], [ -82.9617049, 39.9729913 ] ] ] } },
{ "type": "Feature", "properties": { "@id": "way/921992785", "amenity": null, "building": "residential", "name": null, "GEOID": "39049002800" }, "geometry": { "type": "Polygon", "coordinates": [ [ [ -82.9670307, 39.9677756 ], [ -82.96709, 39.9677776 ], [ -82.9670891, 39.9677931 ], [ -82.9671023, 39.9677936 ], [ -82.9670959, 39.9679059 ], [ -82.9670233, 39.9679035 ], [ -82.9670307, 39.9677756 ] ] ] } },
{ "type": "Feature", "properties": { "@id": "way/921992787", "amenity": null, "building": "residential", "name": null, "GEOID": "39049002800" }, "geometry": { "type": "Polygon", "coordinates": [ [ [ -82.964661, 39.9734501 ], [ -82.9646861, 39.9735387 ], [ -82.9646194, 39.9735498 ], [ -82.9645943, 39.9734612 ], [ -82.964661, 39.9734501 ] ] ] } },
{ "type": "Feature", "properties": { "@id": "way/921992788", "amenity": null, "building": "residential", "name": null, "GEOID": "39049002800" }, "geometry": { "type": "Polygon", "coordinates": [ [ [ -82.9634394, 39.9684522 ], [ -82.963442, 39.9684088 ], [ -82.9635983, 39.9684142 ], [ -82.9635957, 39.9684576 ], [ -82.9634394, 39.9684522 ] ] ] } },
{ "type": "Feature", "properties": { "@id": "way/921992789", "amenity": null, "building": "residential", "name": null, "GEOID": "39049002800" }, "geometry": { "type": "Polygon", "coordinates": [ [ [ -82.9632473, 39.9732579 ], [ -82.9632415, 39.9733284 ], [ -82.9630166, 39.9733176 ], [ -82.9630224, 39.9732471 ], [ -82.9632473, 39.9732579 ] ] ] } },
{ "type": "Feature", "properties": { "@id": "way/921992790", "amenity": null, "building": "residential", "name": null, "GEOID": "39049002800" }, "geometry": { "type": "Polygon", "coordinates": [ [ [ -82.9662203, 39.9688234 ], [ -82.9662244, 39.9687461 ], [ -82.9664228, 39.9687522 ], [ -82.9664188, 39.9688296 ], [ -82.9662203, 39.9688234 ] ] ] } },
{ "type": "Feature", "properties": { "@id": "way/921992793", "amenity": null, "building": "residential", "name": null, "GEOID": "39049002800" }, "geometry": { "type": "Polygon", "coordinates": [ [ [ -82.964917, 39.9715386 ], [ -82.9649228, 39.9714547 ], [ -82.9650186, 39.9714586 ], [ -82.9650128, 39.9715425 ], [ -82.964917, 39.9715386 ] ] ] } },
{ "type": "Feature", "properties": { "@id": "way/921992796", "amenity": null, "building": "residential", "name": null, "GEOID": "39049002800" }, "geometry": { "type": "Polygon", "coordinates": [ [ [ -82.9613752, 39.9734412 ], [ -82.9613804, 39.9733691 ], [ -82.9615183, 39.973375 ], [ -82.9615159, 39.9734083 ], [ -82.9615355, 39.9734092 ], [ -82.9615327, 39.9734478 ], [ -82.9613752, 39.9734412 ] ] ] } },
{ "type": "Feature", "properties": { "@id": "way/921992797", "amenity": null, "building": "residential", "name": null, "GEOID": "39049002800" }, "geometry": { "type": "Polygon", "coordinates": [ [ [ -82.9655206, 39.9693018 ], [ -82.9655317, 39.9691374 ], [ -82.965586, 39.9691395 ], [ -82.9655848, 39.9691571 ], [ -82.9655997, 39.9691577 ], [ -82.9656009, 39.9691395 ], [ -82.9656565, 39.9691417 ], [ -82.9656454, 39.9693068 ], [ -82.9655206, 39.9693018 ] ] ] } },
{ "type": "Feature", "properties": { "@id": "way/921992798", "amenity": null, "building": "residential", "name": null, "GEOID": "39049002800" }, "geometry": { "type": "Polygon", "coordinates": [ [ [ -82.9645269, 39.9688272 ], [ -82.9645304, 39.9687855 ], [ -82.9645198, 39.9687849 ], [ -82.9645229, 39.9687476 ], [ -82.9645334, 39.9687481 ], [ -82.9645376, 39.9686973 ], [ -82.9645813, 39.9686994 ], [ -82.9645827, 39.9686832 ], [ -82.9646548, 39.9686867 ], [ -82.9646427, 39.9688328 ], [ -82.9645269, 39.9688272 ] ] ] } },
{ "type": "Feature", "properties": { "@id": "way/921992799", "amenity": null, "building": "residential", "name": null, "GEOID": "39049002800" }, "geometry": { "type": "Polygon", "coordinates": [ [ [ -82.9676497, 39.9678808 ], [ -82.9676632, 39.9678813 ], [ -82.9676599, 39.9679392 ], [ -82.9676483, 39.9679388 ], [ -82.9676465, 39.967971 ], [ -82.9675451, 39.9679677 ], [ -82.9675486, 39.9679062 ], [ -82.9675413, 39.9679059 ], [ -82.9675444, 39.9678525 ], [ -82.9675531, 39.9678528 ], [ -82.9675554, 39.967811 ], [ -82.9676024, 39.9678126 ], [ -82.9676035, 39.9677925 ], [ -82.9676546, 39.9677942 ], [ -82.9676497, 39.9678808 ] ] ] } },
{ "type": "Feature", "properties": { "@id": "way/921992800", "amenity": null, "building": "residential", "name": null, "GEOID": "39049002800" }, "geometry": { "type": "Polygon", "coordinates": [ [ [ -82.9673436, 39.9686509 ], [ -82.9672989, 39.968656 ], [ -82.9672821, 39.9685685 ], [ -82.9673045, 39.968566 ], [ -82.9672994, 39.9685394 ], [ -82.9673783, 39.9685306 ], [ -82.9674046, 39.9686676 ], [ -82.967348, 39.9686739 ], [ -82.9673436, 39.9686509 ] ] ] } },
{ "type": "Feature", "properties": { "@id": "way/921992801", "amenity": null, "building": "residential", "name": null, "GEOID": "39049002800" }, "geometry": { "type": "Polygon", "coordinates": [ [ [ -82.9641673, 39.9715291 ], [ -82.9641738, 39.9714303 ], [ -82.9642707, 39.971434 ], [ -82.9642642, 39.9715328 ], [ -82.9641673, 39.9715291 ] ] ] } },
{ "type": "Feature", "properties": { "@id": "way/921992802", "amenity": null, "building": "residential", "name": null, "GEOID": "39049002800" }, "geometry": { "type": "Polygon", "coordinates": [ [ [ -82.963983, 39.9721964 ], [ -82.963977, 39.972291 ], [ -82.9639114, 39.9722886 ], [ -82.9639174, 39.972194 ], [ -82.963983, 39.9721964 ] ] ] } },
{ "type": "Feature", "properties": { "@id": "way/921992803", "amenity": null, "building": "residential", "name": null, "GEOID": "39049002800" }, "geometry": { "type": "Polygon", "coordinates": [ [ [ -82.9658472, 39.9671315 ], [ -82.9658481, 39.9671163 ], [ -82.9657845, 39.9671141 ], [ -82.965789, 39.9670388 ], [ -82.9658526, 39.9670411 ], [ -82.9658537, 39.9670234 ], [ -82.9660079, 39.9670288 ], [ -82.9660061, 39.9670593 ], [ -82.9659887, 39.9670587 ], [ -82.9659858, 39.9671076 ], [ -82.9660045, 39.9671083 ], [ -82.9660028, 39.967137 ], [ -82.9658472, 39.9671315 ] ] ] } },
{ "type": "Feature", "properties": { "@id": "way/921992804", "amenity": null, "building": "residential", "name": null, "GEOID": "39049002800" }, "geometry": { "type": "Polygon", "coordinates": [ [ [ -82.9621892, 39.9714499 ], [ -82.962199, 39.9713126 ], [ -82.9622704, 39.9713156 ], [ -82.9622606, 39.9714529 ], [ -82.9621892, 39.9714499 ] ] ] } },
{ "type": "Feature", "properties": { "@id": "way/921992805", "amenity": null, "building": "residential", "name": null, "GEOID": "39049002800" }, "geometry": { "type": "Polygon", "coordinates": [ [ [ -82.9661734, 39.9697166 ], [ -82.9661738, 39.9697106 ], [ -82.9661477, 39.9697095 ], [ -82.966152, 39.9696508 ], [ -82.9661781, 39.9696519 ], [ -82.9661788, 39.9696433 ], [ -82.9663105, 39.969649 ], [ -82.9663077, 39.9696858 ], [ -82.966285, 39.9696848 ], [ -82.9662823, 39.9697213 ], [ -82.9661734, 39.9697166 ] ] ] } },
{ "type": "Feature", "properties": { "@id": "way/921992806", "amenity": null, "building": "residential", "name": null, "GEOID": "39049002800" }, "geometry": { "type": "Polygon", "coordinates": [ [ [ -82.967123, 39.9677726 ], [ -82.9671949, 39.9677747 ], [ -82.9671878, 39.9679207 ], [ -82.9671796, 39.9679205 ], [ -82.9671785, 39.9679419 ], [ -82.9671334, 39.9679406 ], [ -82.9671347, 39.967912 ], [ -82.9671162, 39.9679115 ], [ -82.967123, 39.9677726 ] ] ] } },
{ "type": "Feature", "properties": { "@id": "way/921992807", "amenity": null, "building": "residential", "name": null, "GEOID": "39049002800" }, "geometry": { "type": "Polygon", "coordinates": [ [ [ -82.962695, 39.9732097 ], [ -82.9626919, 39.9732655 ], [ -82.9625815, 39.9732619 ], [ -82.9625813, 39.973267 ], [ -82.9625177, 39.9732649 ], [ -82.9625211, 39.973204 ], [ -82.962695, 39.9732097 ] ] ] } },
{ "type": "Feature", "properties": { "@id": "way/921992809", "amenity": null, "building": "residential", "name": null, "GEOID": "39049002800" }, "geometry": { "type": "Polygon", "coordinates": [ [ [ -82.9642839, 39.9681485 ], [ -82.9642115, 39.968146 ], [ -82.96422, 39.9680028 ], [ -82.9643194, 39.9680063 ], [ -82.9643127, 39.9681195 ], [ -82.9642857, 39.9681185 ], [ -82.9642839, 39.9681485 ] ] ] } },
{ "type": "Feature", "properties": { "@id": "way/921992810", "amenity": null, "building": "residential", "name": null, "GEOID": "39049002800" }, "geometry": { "type": "Polygon", "coordinates": [ [ [ -82.9632912, 39.9687642 ], [ -82.9633027, 39.9686239 ], [ -82.9633929, 39.9686282 ], [ -82.9633815, 39.9687685 ], [ -82.9632912, 39.9687642 ] ] ] } },
{ "type": "Feature", "properties": { "@id": "way/921992811", "amenity": null, "building": "residential", "name": null, "GEOID": "39049002800" }, "geometry": { "type": "Polygon", "coordinates": [ [ [ -82.9663016, 39.9682459 ], [ -82.9663062, 39.968149 ], [ -82.9663047, 39.9681433 ], [ -82.9663055, 39.9681374 ], [ -82.9663085, 39.9681321 ], [ -82.9663135, 39.9681277 ], [ -82.96632, 39.9681246 ], [ -82.9663274, 39.9681232 ], [ -82.966335, 39.9681236 ], [ -82.9663421, 39.9681257 ], [ -82.966348, 39.9681294 ], [ -82.9663522, 39.9681343 ], [ -82.9664649, 39.9681377 ], [ -82.9664638, 39.9681596 ], [ -82.9664815, 39.9681602 ], [ -82.9664768, 39.9682512 ], [ -82.9663016, 39.9682459 ] ] ] } },
{ "type": "Feature", "properties": { "@id": "way/921992813", "amenity": null, "building": "residential", "name": null, "GEOID": "39049002800" }, "geometry": { "type": "Polygon", "coordinates": [ [ [ -82.9669147, 39.9685786 ], [ -82.9670224, 39.9685669 ], [ -82.9670502, 39.9687159 ], [ -82.9669424, 39.9687277 ], [ -82.9669147, 39.9685786 ] ] ] } },
{ "type": "Feature", "properties": { "@id": "way/921992814", "amenity": null, "building": "residential", "name": null, "GEOID": "39049002800" }, "geometry": { "type": "Polygon", "coordinates": [ [ [ -82.9645286, 39.972189 ], [ -82.9645273, 39.9722096 ], [ -82.964447, 39.9722066 ], [ -82.9644576, 39.9720368 ], [ -82.9645084, 39.9720386 ], [ -82.9645064, 39.9720711 ], [ -82.9645444, 39.9720724 ], [ -82.9645371, 39.9721893 ], [ -82.9645286, 39.972189 ] ] ] } },
{ "type": "Feature", "properties": { "@id": "way/921992815", "amenity": null, "building": "residential", "name": null, "GEOID": "39049002800" }, "geometry": { "type": "Polygon", "coordinates": [ [ [ -82.9627115, 39.973352 ], [ -82.9625781, 39.9733462 ], [ -82.9625791, 39.9733326 ], [ -82.9625321, 39.9733306 ], [ -82.9625354, 39.9732857 ], [ -82.9627158, 39.9732936 ], [ -82.9627115, 39.973352 ] ] ] } },
{ "type": "Feature", "properties": { "@id": "way/921992820", "amenity": null, "building": "residential", "name": null, "GEOID": "39049002800" }, "geometry": { "type": "Polygon", "coordinates": [ [ [ -82.9666568, 39.967579 ], [ -82.9666624, 39.9674881 ], [ -82.9667484, 39.9674913 ], [ -82.9667428, 39.9675822 ], [ -82.9666568, 39.967579 ] ] ] } },
{ "type": "Feature", "properties": { "@id": "way/921992821", "amenity": null, "building": "residential", "name": null, "GEOID": "39049002800" }, "geometry": { "type": "Polygon", "coordinates": [ [ [ -82.9624032, 39.9714551 ], [ -82.9624133, 39.9713223 ], [ -82.9625004, 39.9713262 ], [ -82.9624936, 39.9714168 ], [ -82.962453, 39.971415 ], [ -82.9624498, 39.9714572 ], [ -82.9624032, 39.9714551 ] ] ] } },
{ "type": "Feature", "properties": { "@id": "way/921992825", "amenity": null, "building": "residential", "name": null, "GEOID": "39049002800" }, "geometry": { "type": "Polygon", "coordinates": [ [ [ -82.964551, 39.9681347 ], [ -82.9645228, 39.9681334 ], [ -82.9645206, 39.9681618 ], [ -82.9644499, 39.9681585 ], [ -82.9644614, 39.9680119 ], [ -82.9645603, 39.9680165 ], [ -82.964551, 39.9681347 ] ] ] } },
{ "type": "Feature", "properties": { "@id": "way/921992826", "amenity": null, "building": "residential", "name": null, "GEOID": "39049002800" }, "geometry": { "type": "Polygon", "coordinates": [ [ [ -82.9667867, 39.9690379 ], [ -82.9668268, 39.9690334 ], [ -82.9668235, 39.9690159 ], [ -82.966887, 39.9690088 ], [ -82.9669055, 39.9691063 ], [ -82.9668588, 39.9691115 ], [ -82.9668606, 39.9691213 ], [ -82.9668038, 39.9691277 ], [ -82.9667867, 39.9690379 ] ] ] } },
{ "type": "Feature", "properties": { "@id": "way/921992827", "amenity": null, "building": "residential", "name": null, "GEOID": "39049002800" }, "geometry": { "type": "Polygon", "coordinates": [ [ [ -82.9669373, 39.9677992 ], [ -82.9669326, 39.967799 ], [ -82.9669341, 39.9677719 ], [ -82.9669928, 39.9677738 ], [ -82.966992, 39.9677884 ], [ -82.9670115, 39.9677891 ], [ -82.9670048, 39.9679066 ], [ -82.9669314, 39.9679042 ], [ -82.9669373, 39.9677992 ] ] ] } },
{ "type": "Feature", "properties": { "@id": "way/921992828", "amenity": null, "building": "residential", "name": null, "GEOID": "39049002800" }, "geometry": { "type": "Polygon", "coordinates": [ [ [ -82.9648775, 39.968188 ], [ -82.9648903, 39.9680307 ], [ -82.9650248, 39.9680371 ], [ -82.9650121, 39.9681944 ], [ -82.9648775, 39.968188 ] ] ] } },
{ "type": "Feature", "properties": { "@id": "way/921992830", "amenity": null, "building": "residential", "name": null, "GEOID": "39049002800" }, "geometry": { "type": "Polygon", "coordinates": [ [ [ -82.9647649, 39.9721133 ], [ -82.9647718, 39.9720095 ], [ -82.964866, 39.9720132 ], [ -82.9648591, 39.972117 ], [ -82.9647649, 39.9721133 ] ] ] } },
{ "type": "Feature", "properties": { "@id": "way/921992831", "amenity": null, "building": "residential", "name": null, "GEOID": "39049002800" }, "geometry": { "type": "Polygon", "coordinates": [ [ [ -82.9656825, 39.9676727 ], [ -82.9656912, 39.9675628 ], [ -82.9659401, 39.9675744 ], [ -82.9659396, 39.9675808 ], [ -82.9659743, 39.9675824 ], [ -82.965971, 39.9676237 ], [ -82.9659365, 39.9676221 ], [ -82.9659354, 39.9676362 ], [ -82.9659695, 39.9676378 ], [ -82.9659662, 39.9676796 ], [ -82.9659344, 39.9676781 ], [ -82.9659339, 39.9676844 ], [ -82.9656825, 39.9676727 ] ] ] } },
{ "type": "Feature", "properties": { "@id": "way/921992832", "amenity": null, "building": "residential", "name": null, "GEOID": "39049002800" }, "geometry": { "type": "Polygon", "coordinates": [ [ [ -82.9640868, 39.9733893 ], [ -82.9640917, 39.9733237 ], [ -82.9642327, 39.97333 ], [ -82.9642278, 39.9733956 ], [ -82.9640868, 39.9733893 ] ] ] } },
{ "type": "Feature", "properties": { "@id": "way/921992835", "amenity": null, "building": "residential", "name": null, "GEOID": "39049002800" }, "geometry": { "type": "Polygon", "coordinates": [ [ [ -82.9634779, 39.9733472 ], [ -82.9634722, 39.973308 ], [ -82.9634859, 39.9733068 ], [ -82.9634837, 39.9732918 ], [ -82.9636339, 39.9732789 ], [ -82.9636418, 39.9733331 ], [ -82.9634779, 39.9733472 ] ] ] } },
{ "type": "Feature", "properties": { "@id": "way/921992838", "amenity": null, "building": "residential", "name": null, "GEOID": "39049002800" }, "geometry": { "type": "Polygon", "coordinates": [ [ [ -82.9621568, 39.9726192 ], [ -82.9621532, 39.9725474 ], [ -82.9622488, 39.9725446 ], [ -82.9622524, 39.9726164 ], [ -82.9622455, 39.9726166 ], [ -82.9622463, 39.9726328 ], [ -82.9621647, 39.9726352 ], [ -82.9621639, 39.972619 ], [ -82.9621568, 39.9726192 ] ] ] } },
{ "type": "Feature", "properties": { "@id": "way/921992839", "amenity": null, "building": "residential", "name": null, "GEOID": "39049002800" }, "geometry": { "type": "Polygon", "coordinates": [ [ [ -82.9658323, 39.9687903 ], [ -82.9658353, 39.9687519 ], [ -82.9658096, 39.9687507 ], [ -82.9658125, 39.9687147 ], [ -82.9658408, 39.968716 ], [ -82.9658436, 39.9686816 ], [ -82.9659478, 39.9686865 ], [ -82.9659391, 39.9687953 ], [ -82.9658323, 39.9687903 ] ] ] } },
{ "type": "Feature", "properties": { "@id": "way/921992842", "amenity": null, "building": "residential", "name": null, "GEOID": "39049002800" }, "geometry": { "type": "Polygon", "coordinates": [ [ [ -82.965348, 39.9688725 ], [ -82.9653582, 39.9687445 ], [ -82.9654087, 39.9687469 ], [ -82.9654093, 39.9687387 ], [ -82.9654509, 39.9687407 ], [ -82.9654401, 39.9688768 ], [ -82.965348, 39.9688725 ] ] ] } },
{ "type": "Feature", "properties": { "@id": "way/921992844", "amenity": null, "building": "residential", "name": null, "GEOID": "39049002800" }, "geometry": { "type": "Polygon", "coordinates": [ [ [ -82.9672442, 39.9689587 ], [ -82.9673238, 39.9689496 ], [ -82.9673493, 39.9690807 ], [ -82.9672698, 39.9690898 ], [ -82.9672442, 39.9689587 ] ] ] } },
{ "type": "Feature", "properties": { "@id": "way/921992847", "amenity": null, "building": "residential", "name": null, "GEOID": "39049002800" }, "geometry": { "type": "Polygon", "coordinates": [ [ [ -82.9632253, 39.9675974 ], [ -82.963216, 39.9677219 ], [ -82.9631092, 39.9677172 ], [ -82.9631185, 39.9675923 ], [ -82.963178, 39.9675949 ], [ -82.9631798, 39.9675702 ], [ -82.9632216, 39.9675721 ], [ -82.9632197, 39.9675972 ], [ -82.9632253, 39.9675974 ] ] ] } },
{ "type": "Feature", "properties": { "@id": "way/921992848", "amenity": null, "building": "residential", "name": null, "GEOID": "39049002800" }, "geometry": { "type": "Polygon", "coordinates": [ [ [ -82.9671107, 39.9689603 ], [ -82.9672124, 39.9689489 ], [ -82.9672394, 39.9690904 ], [ -82.9671869, 39.9690963 ], [ -82.9671881, 39.9691023 ], [ -82.9671389, 39.9691078 ], [ -82.9671107, 39.9689603 ] ] ] } },
{ "type": "Feature", "properties": { "@id": "way/921992849", "amenity": null, "building": "residential", "name": null, "GEOID": "39049002800" }, "geometry": { "type": "Polygon", "coordinates": [ [ [ -82.9643442, 39.9680071 ], [ -82.9644409, 39.9680107 ], [ -82.9644337, 39.968125 ], [ -82.9644037, 39.9681239 ], [ -82.9644018, 39.9681527 ], [ -82.9643352, 39.9681502 ], [ -82.9643442, 39.9680071 ] ] ] } },
{ "type": "Feature", "properties": { "@id": "way/921992850", "amenity": null, "building": "residential", "name": null, "GEOID": "39049002800" }, "geometry": { "type": "Polygon", "coordinates": [ [ [ -82.9613967, 39.973086 ], [ -82.9613995, 39.9730505 ], [ -82.9614235, 39.9730516 ], [ -82.9614265, 39.9730136 ], [ -82.9615466, 39.9730191 ], [ -82.9615442, 39.9730501 ], [ -82.9615666, 39.9730511 ], [ -82.9615633, 39.9730937 ], [ -82.9613967, 39.973086 ] ] ] } },
{ "type": "Feature", "properties": { "@id": "way/921992851", "amenity": null, "building": "residential", "name": null, "GEOID": "39049002800" }, "geometry": { "type": "Polygon", "coordinates": [ [ [ -82.963487, 39.9730991 ], [ -82.9634915, 39.9730432 ], [ -82.9636363, 39.97305 ], [ -82.9636351, 39.9730645 ], [ -82.9636603, 39.9730657 ], [ -82.9636573, 39.9731031 ], [ -82.9636321, 39.9731019 ], [ -82.9636317, 39.973106 ], [ -82.963487, 39.9730991 ] ] ] } },
{ "type": "Feature", "properties": { "@id": "way/921992853", "amenity": null, "building": "residential", "name": null, "GEOID": "39049002800" }, "geometry": { "type": "Polygon", "coordinates": [ [ [ -82.9618368, 39.9738741 ], [ -82.9619096, 39.9738682 ], [ -82.9619262, 39.9739883 ], [ -82.9619222, 39.9739886 ], [ -82.961924, 39.9740017 ], [ -82.9618552, 39.9740073 ], [ -82.9618368, 39.9738741 ] ] ] } },
{ "type": "Feature", "properties": { "@id": "way/921992854", "amenity": null, "building": "residential", "name": null, "GEOID": "39049002800" }, "geometry": { "type": "Polygon", "coordinates": [ [ [ -82.9664379, 39.9673502 ], [ -82.9664383, 39.9673423 ], [ -82.966364, 39.9673401 ], [ -82.9663648, 39.9673237 ], [ -82.9663521, 39.9673233 ], [ -82.9663557, 39.9672524 ], [ -82.9664258, 39.9672545 ], [ -82.9664261, 39.9672489 ], [ -82.9665017, 39.9672512 ], [ -82.9665004, 39.967277 ], [ -82.9665837, 39.9672796 ], [ -82.9665818, 39.9673176 ], [ -82.9666143, 39.9673186 ], [ -82.9666127, 39.9673493 ], [ -82.9665278, 39.9673467 ], [ -82.9665275, 39.9673529 ], [ -82.9664379, 39.9673502 ] ] ] } },
{ "type": "Feature", "properties": { "@id": "way/921992855", "amenity": null, "building": "residential", "name": null, "GEOID": "39049002800" }, "geometry": { "type": "Polygon", "coordinates": [ [ [ -82.9625567, 39.9730253 ], [ -82.9625612, 39.9729605 ], [ -82.9626762, 39.9729652 ], [ -82.9626745, 39.9729903 ], [ -82.9626938, 39.9729911 ], [ -82.9626915, 39.973024 ], [ -82.9626722, 39.9730232 ], [ -82.9626717, 39.97303 ], [ -82.9625567, 39.9730253 ] ] ] } },
{ "type": "Feature", "properties": { "@id": "way/921992856", "amenity": null, "building": "residential", "name": null, "GEOID": "39049002800" }, "geometry": { "type": "Polygon", "coordinates": [ [ [ -82.9623863, 39.9722259 ], [ -82.962408, 39.9722265 ], [ -82.9624052, 39.9722855 ], [ -82.9623836, 39.9722849 ], [ -82.9623834, 39.9722903 ], [ -82.9622949, 39.9722879 ], [ -82.9622981, 39.9722178 ], [ -82.9623866, 39.9722202 ], [ -82.9623863, 39.9722259 ] ] ] } },
{ "type": "Feature", "properties": { "@id": "way/921992857", "amenity": null, "building": "residential", "name": null, "GEOID": "39049002800" }, "geometry": { "type": "Polygon", "coordinates": [ [ [ -82.9674145, 39.9685498 ], [ -82.967449, 39.9685458 ], [ -82.9674437, 39.9685188 ], [ -82.9675005, 39.9685123 ], [ -82.9675282, 39.968653 ], [ -82.9674369, 39.9686635 ], [ -82.9674145, 39.9685498 ] ] ] } },
{ "type": "Feature", "properties": { "@id": "way/921992860", "amenity": null, "building": "residential", "name": null, "GEOID": "39049002800" }, "geometry": { "type": "Polygon", "coordinates": [ [ [ -82.9657758, 39.9678469 ], [ -82.9657762, 39.9678398 ], [ -82.96571, 39.9678366 ], [ -82.9657112, 39.9678002 ], [ -82.9656911, 39.9677996 ], [ -82.9656919, 39.9677579 ], [ -82.9657641, 39.9677596 ], [ -82.9657646, 39.9677509 ], [ -82.9657797, 39.9677516 ], [ -82.9657801, 39.9677405 ], [ -82.9658607, 39.9677434 ], [ -82.96586, 39.9677531 ], [ -82.9658676, 39.9677534 ], [ -82.9658733, 39.9677442 ], [ -82.9658846, 39.9677388 ], [ -82.9658979, 39.9677391 ], [ -82.9659088, 39.9677449 ], [ -82.9659138, 39.9677543 ], [ -82.9659281, 39.9677551 ], [ -82.9659231, 39.9678453 ], [ -82.9658415, 39.9678428 ], [ -82.9658411, 39.9678496 ], [ -82.9657758, 39.9678469 ] ] ] } },
{ "type": "Feature", "properties": { "@id": "way/921992862", "amenity": null, "building": "residential", "name": null, "GEOID": "39049002800" }, "geometry": { "type": "Polygon", "coordinates": [ [ [ -82.9663713, 39.9683554 ], [ -82.9663717, 39.9683478 ], [ -82.9663248, 39.9683463 ], [ -82.9663265, 39.9683159 ], [ -82.9663113, 39.9683154 ], [ -82.9663138, 39.9682696 ], [ -82.9664445, 39.9682738 ], [ -82.9664438, 39.9682861 ], [ -82.9664853, 39.9682874 ], [ -82.9664813, 39.968359 ], [ -82.9663713, 39.9683554 ] ] ] } },
{ "type": "Feature", "properties": { "@id": "way/921992863", "amenity": null, "building": "residential", "name": null, "GEOID": "39049002800" }, "geometry": { "type": "Polygon", "coordinates": [ [ [ -82.9640954, 39.9722709 ], [ -82.9640895, 39.9722706 ], [ -82.9640885, 39.9722861 ], [ -82.9640214, 39.9722833 ], [ -82.9640224, 39.9722679 ], [ -82.9640177, 39.9722677 ], [ -82.9640239, 39.9721794 ], [ -82.9640518, 39.9721806 ], [ -82.9640532, 39.9721607 ], [ -82.964103, 39.9721628 ], [ -82.9640954, 39.9722709 ] ] ] } },
{ "type": "Feature", "properties": { "@id": "way/921992869", "amenity": null, "building": "residential", "name": null, "GEOID": "39049002800" }, "geometry": { "type": "Polygon", "coordinates": [ [ [ -82.9642307, 39.9729111 ], [ -82.9642258, 39.972975 ], [ -82.9641075, 39.9729696 ], [ -82.9641124, 39.9729057 ], [ -82.9642307, 39.9729111 ] ] ] } },
{ "type": "Feature", "properties": { "@id": "way/921992870", "amenity": null, "building": "residential", "name": null, "GEOID": "39049002800" }, "geometry": { "type": "Polygon", "coordinates": [ [ [ -82.9647717, 39.9680291 ], [ -82.9648636, 39.9680331 ], [ -82.9648558, 39.9681399 ], [ -82.9648251, 39.9681386 ], [ -82.9648241, 39.9681522 ], [ -82.9647629, 39.9681496 ], [ -82.9647717, 39.9680291 ] ] ] } },
{ "type": "Feature", "properties": { "@id": "way/921992871", "amenity": null, "building": "residential", "name": null, "GEOID": "39049002800" }, "geometry": { "type": "Polygon", "coordinates": [ [ [ -82.9613859, 39.9732797 ], [ -82.9615286, 39.9732874 ], [ -82.9615257, 39.9733191 ], [ -82.9615482, 39.9733203 ], [ -82.9615445, 39.9733608 ], [ -82.9613793, 39.9733519 ], [ -82.9613859, 39.9732797 ] ] ] } },
{ "type": "Feature", "properties": { "@id": "way/921992872", "amenity": null, "building": "residential", "name": null, "GEOID": "39049002800" }, "geometry": { "type": "Polygon", "coordinates": [ [ [ -82.9650937, 39.968833 ], [ -82.9649703, 39.968828 ], [ -82.9649794, 39.9686959 ], [ -82.9651028, 39.9687009 ], [ -82.9650937, 39.968833 ] ] ] } },
{ "type": "Feature", "properties": { "@id": "way/921992874", "amenity": null, "building": "residential", "name": null, "GEOID": "39049002800" }, "geometry": { "type": "Polygon", "coordinates": [ [ [ -82.9675197, 39.9678093 ], [ -82.9675323, 39.9678098 ], [ -82.9675264, 39.9679078 ], [ -82.9674275, 39.9679043 ], [ -82.9674334, 39.9678063 ], [ -82.9674424, 39.9678066 ], [ -82.9674436, 39.9677872 ], [ -82.9675208, 39.9677899 ], [ -82.9675197, 39.9678093 ] ] ] } },
{ "type": "Feature", "properties": { "@id": "way/921992875", "amenity": null, "building": "residential", "name": null, "GEOID": "39049002800" }, "geometry": { "type": "Polygon", "coordinates": [ [ [ -82.9668146, 39.9675575 ], [ -82.9668251, 39.9673978 ], [ -82.9668647, 39.9673993 ], [ -82.9668635, 39.9674178 ], [ -82.966887, 39.9674187 ], [ -82.9668883, 39.9673997 ], [ -82.9669331, 39.9674014 ], [ -82.9669225, 39.9675617 ], [ -82.9668146, 39.9675575 ] ] ] } },
{ "type": "Feature", "properties": { "@id": "way/921992876", "amenity": null, "building": "residential", "name": null, "GEOID": "39049002800" }, "geometry": { "type": "Polygon", "coordinates": [ [ [ -82.9648369, 39.9688443 ], [ -82.9648483, 39.9686883 ], [ -82.9649618, 39.9686932 ], [ -82.9649504, 39.9688491 ], [ -82.9648369, 39.9688443 ] ] ] } },
{ "type": "Feature", "properties": { "@id": "way/921992877", "amenity": null, "building": "residential", "name": null, "GEOID": "39049002800" }, "geometry": { "type": "Polygon", "coordinates": [ [ [ -82.9638782, 39.9719124 ], [ -82.963848, 39.9719112 ], [ -82.9638521, 39.9718515 ], [ -82.9638823, 39.9718528 ], [ -82.9638827, 39.9718473 ], [ -82.9639782, 39.9718512 ], [ -82.9639732, 39.9719234 ], [ -82.9638777, 39.9719195 ], [ -82.9638782, 39.9719124 ] ] ] } },
{ "type": "Feature", "properties": { "@id": "way/921992878", "amenity": null, "building": "residential", "name": null, "GEOID": "39049002800" }, "geometry": { "type": "Polygon", "coordinates": [ [ [ -82.9642882, 39.9714301 ], [ -82.964293, 39.9714303 ], [ -82.9642939, 39.9714186 ], [ -82.9643274, 39.9714201 ], [ -82.9643265, 39.9714318 ], [ -82.9643731, 39.9714339 ], [ -82.9643672, 39.9715117 ], [ -82.9642823, 39.9715079 ], [ -82.9642882, 39.9714301 ] ] ] } },
{ "type": "Feature", "properties": { "@id": "way/921992880", "amenity": null, "building": "residential", "name": null, "GEOID": "39049002800" }, "geometry": { "type": "Polygon", "coordinates": [ [ [ -82.9652356, 39.9691596 ], [ -82.9652418, 39.9691598 ], [ -82.9652316, 39.9692928 ], [ -82.9651008, 39.9692869 ], [ -82.9651109, 39.969154 ], [ -82.9651166, 39.9691542 ], [ -82.9651184, 39.9691307 ], [ -82.9652374, 39.969136 ], [ -82.9652356, 39.9691596 ] ] ] } },
{ "type": "Feature", "properties": { "@id": "way/921992881", "amenity": null, "building": "residential", "name": null, "GEOID": "39049002800" }, "geometry": { "type": "Polygon", "coordinates": [ [ [ -82.9657646, 39.967259 ], [ -82.9657674, 39.9672095 ], [ -82.9657995, 39.9672106 ], [ -82.9658018, 39.9671702 ], [ -82.9660097, 39.967177 ], [ -82.9660046, 39.9672669 ], [ -82.9657646, 39.967259 ] ] ] } },
{ "type": "Feature", "properties": { "@id": "way/921992883", "amenity": null, "building": "residential", "name": null, "GEOID": "39049002800" }, "geometry": { "type": "Polygon", "coordinates": [ [ [ -82.9634911, 39.9728467 ], [ -82.9634951, 39.9727939 ], [ -82.9636567, 39.9728011 ], [ -82.9636528, 39.9728538 ], [ -82.9634911, 39.9728467 ] ] ] } },
{ "type": "Feature", "properties": { "@id": "way/921992884", "amenity": null, "building": "residential", "name": null, "GEOID": "39049002800" }, "geometry": { "type": "Polygon", "coordinates": [ [ [ -82.9656487, 39.9695847 ], [ -82.9656545, 39.9695015 ], [ -82.9658579, 39.9695098 ], [ -82.9658522, 39.969593 ], [ -82.9656487, 39.9695847 ] ] ] } },
{ "type": "Feature", "properties": { "@id": "way/921992885", "amenity": null, "building": "residential", "name": null, "GEOID": "39049002800" }, "geometry": { "type": "Polygon", "coordinates": [ [ [ -82.9631473, 39.9728978 ], [ -82.9631532, 39.9728341 ], [ -82.9632667, 39.9728402 ], [ -82.9632608, 39.972904 ], [ -82.9631473, 39.9728978 ] ] ] } },
{ "type": "Feature", "properties": { "@id": "way/921992886", "amenity": null, "building": "residential", "name": null, "GEOID": "39049002800" }, "geometry": { "type": "Polygon", "coordinates": [ [ [ -82.9625838, 39.967945 ], [ -82.962708, 39.9679504 ], [ -82.9626993, 39.9680679 ], [ -82.9625751, 39.9680625 ], [ -82.9625838, 39.967945 ] ] ] } },
{ "type": "Feature", "properties": { "@id": "way/921992887", "amenity": null, "building": "residential", "name": null, "GEOID": "39049002800" }, "geometry": { "type": "Polygon", "coordinates": [ [ [ -82.9682452, 39.9675651 ], [ -82.9682732, 39.9675661 ], [ -82.9682686, 39.967639 ], [ -82.9682406, 39.967638 ], [ -82.9682402, 39.9676451 ], [ -82.9681013, 39.96764 ], [ -82.9681068, 39.9675517 ], [ -82.9682457, 39.9675568 ], [ -82.9682452, 39.9675651 ] ] ] } },
{ "type": "Feature", "properties": { "@id": "way/921992888", "amenity": null, "building": "residential", "name": null, "GEOID": "39049002800" }, "geometry": { "type": "Polygon", "coordinates": [ [ [ -82.9615317, 39.9715891 ], [ -82.9615347, 39.9715534 ], [ -82.9615493, 39.9715541 ], [ -82.9615523, 39.9715183 ], [ -82.9616553, 39.9715234 ], [ -82.9616493, 39.9715949 ], [ -82.9615317, 39.9715891 ] ] ] } },
{ "type": "Feature", "properties": { "@id": "way/921992889", "amenity": null, "building": "residential", "name": null, "GEOID": "39049002800" }, "geometry": { "type": "Polygon", "coordinates": [ [ [ -82.9638154, 39.9715886 ], [ -82.9638299, 39.9714099 ], [ -82.9639386, 39.9714151 ], [ -82.9639241, 39.9715938 ], [ -82.9638154, 39.9715886 ] ] ] } },
{ "type": "Feature", "properties": { "@id": "way/921992890", "amenity": null, "building": "residential", "name": null, "GEOID": "39049002800" }, "geometry": { "type": "Polygon", "coordinates": [ [ [ -82.9622696, 39.96752 ], [ -82.9622572, 39.967693 ], [ -82.9621326, 39.9676878 ], [ -82.962145, 39.9675148 ], [ -82.9622696, 39.96752 ] ] ] } },
{ "type": "Feature", "properties": { "@id": "way/921992891", "amenity": null, "building": "residential", "name": null, "GEOID": "39049002800" }, "geometry": { "type": "Polygon", "coordinates": [ [ [ -82.9674124, 39.9675642 ], [ -82.9674113, 39.9675803 ], [ -82.967326, 39.9675772 ], [ -82.967327, 39.967561 ], [ -82.9673201, 39.9675608 ], [ -82.9673257, 39.9674726 ], [ -82.9674246, 39.9674762 ], [ -82.967419, 39.9675645 ], [ -82.9674124, 39.9675642 ] ] ] } },
{ "type": "Feature", "properties": { "@id": "way/921992892", "amenity": null, "building": "residential", "name": null, "GEOID": "39049002800" }, "geometry": { "type": "Polygon", "coordinates": [ [ [ -82.9625446, 39.9727278 ], [ -82.9626723, 39.9727187 ], [ -82.9626706, 39.9727051 ], [ -82.9627633, 39.9726985 ], [ -82.9627726, 39.9727747 ], [ -82.9625522, 39.9727905 ], [ -82.9625446, 39.9727278 ] ] ] } },
{ "type": "Feature", "properties": { "@id": "way/921992893", "amenity": null, "building": "residential", "name": null, "GEOID": "39049002800" }, "geometry": { "type": "Polygon", "coordinates": [ [ [ -82.9615277, 39.9716705 ], [ -82.9615311, 39.9716321 ], [ -82.9615395, 39.9716325 ], [ -82.9615424, 39.971599 ], [ -82.9616544, 39.9716048 ], [ -82.961653, 39.9716207 ], [ -82.9616707, 39.9716216 ], [ -82.9616658, 39.9716776 ], [ -82.9615277, 39.9716705 ] ] ] } },
{ "type": "Feature", "properties": { "@id": "way/921992894", "amenity": null, "building": "residential", "name": null, "GEOID": "39049002800" }, "geometry": { "type": "Polygon", "coordinates": [ [ [ -82.9663363, 39.9672164 ], [ -82.9663377, 39.9671619 ], [ -82.9663621, 39.9671621 ], [ -82.9663635, 39.9671576 ], [ -82.9663668, 39.9671537 ], [ -82.9663715, 39.9671509 ], [ -82.9663772, 39.9671495 ], [ -82.9663831, 39.9671497 ], [ -82.9664251, 39.9671505 ], [ -82.9664391, 39.9671407 ], [ -82.9664711, 39.9671416 ], [ -82.9664848, 39.9671518 ], [ -82.9665578, 39.9671533 ], [ -82.9665575, 39.9671598 ], [ -82.9665932, 39.9671608 ], [ -82.9665922, 39.9672004 ], [ -82.9665558, 39.9671997 ], [ -82.9665539, 39.9672462 ], [ -82.9664349, 39.9672434 ], [ -82.9664349, 39.9672384 ], [ -82.9663685, 39.9672369 ], [ -82.966369, 39.9672168 ], [ -82.9663363, 39.9672164 ] ] ] } },
{ "type": "Feature", "properties": { "@id": "way/921992896", "amenity": null, "building": "residential", "name": null, "GEOID": "39049002800" }, "geometry": { "type": "Polygon", "coordinates": [ [ [ -82.9669624, 39.9693041 ], [ -82.9670926, 39.9692893 ], [ -82.9671055, 39.9693562 ], [ -82.9669754, 39.969371 ], [ -82.9669624, 39.9693041 ] ] ] } },
{ "type": "Feature", "properties": { "@id": "way/921992897", "amenity": null, "building": "residential", "name": null, "GEOID": "39049002800" }, "geometry": { "type": "Polygon", "coordinates": [ [ [ -82.962218, 39.9735546 ], [ -82.9620681, 39.9735603 ], [ -82.9620647, 39.9735072 ], [ -82.9622728, 39.9734993 ], [ -82.9622743, 39.9735215 ], [ -82.9622978, 39.9735206 ], [ -82.9623003, 39.9735593 ], [ -82.9622185, 39.9735625 ], [ -82.962218, 39.9735546 ] ] ] } },
{ "type": "Feature", "properties": { "@id": "way/921992898", "amenity": null, "building": "residential", "name": null, "GEOID": "39049002800" }, "geometry": { "type": "Polygon", "coordinates": [ [ [ -82.9674003, 39.9679011 ], [ -82.9673791, 39.9679004 ], [ -82.967378, 39.9679193 ], [ -82.9673175, 39.9679171 ], [ -82.9673186, 39.9678992 ], [ -82.9673115, 39.967899 ], [ -82.9673188, 39.9677788 ], [ -82.9674075, 39.967782 ], [ -82.9674003, 39.9679011 ] ] ] } },
{ "type": "Feature", "properties": { "@id": "way/921992899", "amenity": null, "building": "residential", "name": null, "GEOID": "39049002800" }, "geometry": { "type": "Polygon", "coordinates": [ [ [ -82.9657023, 39.9683672 ], [ -82.9657088, 39.9682851 ], [ -82.9659269, 39.9682952 ], [ -82.9659204, 39.9683774 ], [ -82.9657023, 39.9683672 ] ] ] } },
{ "type": "Feature", "properties": { "@id": "way/921992902", "amenity": null, "building": "residential", "name": null, "GEOID": "39049002800" }, "geometry": { "type": "Polygon", "coordinates": [ [ [ -82.9623148, 39.9732464 ], [ -82.9623095, 39.9733087 ], [ -82.9621327, 39.9732999 ], [ -82.962138, 39.9732375 ], [ -82.9623148, 39.9732464 ] ] ] } },
{ "type": "Feature", "properties": { "@id": "way/921992903", "amenity": null, "building": "residential", "name": null, "GEOID": "39049002800" }, "geometry": { "type": "Polygon", "coordinates": [ [ [ -82.9630954, 39.9729689 ], [ -82.9631005, 39.9729134 ], [ -82.9632607, 39.972922 ], [ -82.9632557, 39.9729775 ], [ -82.9630954, 39.9729689 ] ] ] } },
{ "type": "Feature", "properties": { "@id": "way/921992904", "amenity": null, "building": "residential", "name": null, "GEOID": "39049002800" }, "geometry": { "type": "Polygon", "coordinates": [ [ [ -82.9671839, 39.9686797 ], [ -82.9671781, 39.9686802 ], [ -82.9671635, 39.9685876 ], [ -82.9671815, 39.968586 ], [ -82.9671748, 39.9685434 ], [ -82.9672575, 39.9685357 ], [ -82.9672789, 39.9686715 ], [ -82.9672755, 39.9686718 ], [ -82.967278, 39.9686879 ], [ -82.9671866, 39.9686964 ], [ -82.9671839, 39.9686797 ] ] ] } },
{ "type": "Feature", "properties": { "@id": "way/921992905", "amenity": null, "building": "residential", "name": null, "GEOID": "39049002800" }, "geometry": { "type": "Polygon", "coordinates": [ [ [ -82.9620718, 39.973862 ], [ -82.9621205, 39.9738575 ], [ -82.9621232, 39.9738745 ], [ -82.9621602, 39.973871 ], [ -82.9621766, 39.9739741 ], [ -82.9620909, 39.9739821 ], [ -82.9620718, 39.973862 ] ] ] } },
{ "type": "Feature", "properties": { "@id": "way/921992906", "amenity": null, "building": "residential", "name": null, "GEOID": "39049002800" }, "geometry": { "type": "Polygon", "coordinates": [ [ [ -82.9665534, 39.9669789 ], [ -82.9663453, 39.9669719 ], [ -82.9663503, 39.9668847 ], [ -82.9665618, 39.9668918 ], [ -82.9665606, 39.966913 ], [ -82.9665897, 39.9669139 ], [ -82.9665873, 39.9669566 ], [ -82.9665547, 39.9669555 ], [ -82.9665534, 39.9669789 ] ] ] } },
{ "type": "Feature", "properties": { "@id": "way/921992907", "amenity": null, "building": "residential", "name": null, "GEOID": "39049002800" }, "geometry": { "type": "Polygon", "coordinates": [ [ [ -82.9663237, 39.9674331 ], [ -82.9663257, 39.9674016 ], [ -82.9663191, 39.9674013 ], [ -82.9663219, 39.9673589 ], [ -82.9665301, 39.9673669 ], [ -82.9665279, 39.9674005 ], [ -82.9665654, 39.9674019 ], [ -82.9665627, 39.9674423 ], [ -82.9663237, 39.9674331 ] ] ] } },
{ "type": "Feature", "properties": { "@id": "way/921992909", "amenity": null, "building": "residential", "name": null, "GEOID": "39049002800" }, "geometry": { "type": "Polygon", "coordinates": [ [ [ -82.9681599, 39.9672081 ], [ -82.9681604, 39.9671998 ], [ -82.9681331, 39.9671988 ], [ -82.968138, 39.9671214 ], [ -82.9683078, 39.9671277 ], [ -82.9683025, 39.9672134 ], [ -82.9681599, 39.9672081 ] ] ] } },
{ "type": "Feature", "properties": { "@id": "way/921992910", "amenity": null, "building": "residential", "name": null, "GEOID": "39049002800" }, "geometry": { "type": "Polygon", "coordinates": [ [ [ -82.963001, 39.9680329 ], [ -82.962949, 39.9680311 ], [ -82.9629485, 39.9680398 ], [ -82.9629367, 39.9680394 ], [ -82.9629357, 39.9680561 ], [ -82.9628728, 39.9680539 ], [ -82.9628796, 39.9679415 ], [ -82.9630063, 39.967946 ], [ -82.963001, 39.9680329 ] ] ] } },
{ "type": "Feature", "properties": { "@id": "way/921992911", "amenity": null, "building": "residential", "name": null, "GEOID": "39049002800" }, "geometry": { "type": "Polygon", "coordinates": [ [ [ -82.962433, 39.9717072 ], [ -82.9624276, 39.9717713 ], [ -82.9623013, 39.971765 ], [ -82.9623067, 39.9717009 ], [ -82.962433, 39.9717072 ] ] ] } },
{ "type": "Feature", "properties": { "@id": "way/921992912", "amenity": null, "building": "residential", "name": null, "GEOID": "39049002800" }, "geometry": { "type": "Polygon", "coordinates": [ [ [ -82.9647995, 39.971449 ], [ -82.9648049, 39.9714492 ], [ -82.9647994, 39.9715309 ], [ -82.9647944, 39.9715307 ], [ -82.964792, 39.9715659 ], [ -82.9647802, 39.9715654 ], [ -82.9647788, 39.9715871 ], [ -82.9647179, 39.9715847 ], [ -82.9647217, 39.9715278 ], [ -82.9647153, 39.9715276 ], [ -82.9647208, 39.9714459 ], [ -82.9647264, 39.9714461 ], [ -82.964728, 39.9714229 ], [ -82.9648011, 39.9714257 ], [ -82.9647995, 39.971449 ] ] ] } },
{ "type": "Feature", "properties": { "@id": "way/921992914", "amenity": null, "building": "residential", "name": null, "GEOID": "39049002800" }, "geometry": { "type": "Polygon", "coordinates": [ [ [ -82.9650914, 39.9691515 ], [ -82.96508, 39.9692902 ], [ -82.9649747, 39.9692852 ], [ -82.964986, 39.9691464 ], [ -82.9649939, 39.9691468 ], [ -82.9649952, 39.9691315 ], [ -82.9650851, 39.9691358 ], [ -82.9650839, 39.9691511 ], [ -82.9650914, 39.9691515 ] ] ] } },
{ "type": "Feature", "properties": { "@id": "way/921992916", "amenity": null, "building": "residential", "name": null, "GEOID": "39049002800" }, "geometry": { "type": "Polygon", "coordinates": [ [ [ -82.9671707, 39.9692977 ], [ -82.9672766, 39.9692859 ], [ -82.9672857, 39.969334 ], [ -82.9671798, 39.9693458 ], [ -82.9671707, 39.9692977 ] ] ] } },
{ "type": "Feature", "properties": { "@id": "way/921992917", "amenity": null, "building": "residential", "name": null, "GEOID": "39049002800" }, "geometry": { "type": "Polygon", "coordinates": [ [ [ -82.9670579, 39.9686437 ], [ -82.9670495, 39.9686447 ], [ -82.9670408, 39.9686016 ], [ -82.9670622, 39.9685991 ], [ -82.9670538, 39.9685576 ], [ -82.967124, 39.9685492 ], [ -82.9671559, 39.968707 ], [ -82.9670727, 39.9687169 ], [ -82.9670579, 39.9686437 ] ] ] } },
{ "type": "Feature", "properties": { "@id": "way/921992918", "amenity": null, "building": "residential", "name": null, "GEOID": "39049002800" }, "geometry": { "type": "Polygon", "coordinates": [ [ [ -82.9647197, 39.9680469 ], [ -82.9647141, 39.9681505 ], [ -82.9645706, 39.9681459 ], [ -82.9645776, 39.968018 ], [ -82.9647122, 39.9680224 ], [ -82.9647108, 39.9680466 ], [ -82.9647197, 39.9680469 ] ] ] } },
{ "type": "Feature", "properties": { "@id": "way/921992920", "amenity": null, "building": "residential", "name": null, "GEOID": "39049002800" }, "geometry": { "type": "Polygon", "coordinates": [ [ [ -82.9621198, 39.9731308 ], [ -82.9621249, 39.9730693 ], [ -82.9623017, 39.9730778 ], [ -82.9622966, 39.9731394 ], [ -82.9621198, 39.9731308 ] ] ] } },
{ "type": "Feature", "properties": { "@id": "way/921992922", "amenity": null, "building": "residential", "name": null, "GEOID": "39049002800" }, "geometry": { "type": "Polygon", "coordinates": [ [ [ -82.9649372, 39.9733825 ], [ -82.9650188, 39.9733693 ], [ -82.9650535, 39.9734946 ], [ -82.9649719, 39.9735079 ], [ -82.9649372, 39.9733825 ] ] ] } },
{ "type": "Feature", "properties": { "@id": "way/921992923", "amenity": null, "building": "residential", "name": null, "GEOID": "39049002800" }, "geometry": { "type": "Polygon", "coordinates": [ [ [ -82.9639865, 39.9735608 ], [ -82.9640197, 39.9735561 ], [ -82.9640133, 39.9735297 ], [ -82.9640734, 39.9735211 ], [ -82.9641012, 39.9736348 ], [ -82.9640079, 39.9736481 ], [ -82.9639865, 39.9735608 ] ] ] } },
{ "type": "Feature", "properties": { "@id": "way/921992925", "amenity": null, "building": "residential", "name": null, "GEOID": "39049002800" }, "geometry": { "type": "Polygon", "coordinates": [ [ [ -82.9623739, 39.967957 ], [ -82.9623852, 39.9679574 ], [ -82.9623773, 39.9680732 ], [ -82.9622382, 39.9680676 ], [ -82.9622461, 39.9679519 ], [ -82.962255, 39.9679522 ], [ -82.9622567, 39.9679277 ], [ -82.9623755, 39.9679324 ], [ -82.9623739, 39.967957 ] ] ] } },
{ "type": "Feature", "properties": { "@id": "way/921992926", "amenity": null, "building": "residential", "name": null, "GEOID": "39049002800" }, "geometry": { "type": "Polygon", "coordinates": [ [ [ -82.9639124, 39.9687986 ], [ -82.963913, 39.968785 ], [ -82.9639065, 39.9687848 ], [ -82.9639107, 39.9686989 ], [ -82.9639504, 39.9687 ], [ -82.9639515, 39.9686788 ], [ -82.9640061, 39.9686804 ], [ -82.9640008, 39.9687878 ], [ -82.9639934, 39.9687876 ], [ -82.9639928, 39.9688009 ], [ -82.9639124, 39.9687986 ] ] ] } },
{ "type": "Feature", "properties": { "@id": "way/921992927", "amenity": null, "building": "residential", "name": null, "GEOID": "39049002800" }, "geometry": { "type": "Polygon", "coordinates": [ [ [ -82.9613821, 39.9732672 ], [ -82.9613861, 39.9732182 ], [ -82.9614059, 39.9732192 ], [ -82.9614081, 39.9731924 ], [ -82.9615343, 39.9731984 ], [ -82.9615324, 39.9732226 ], [ -82.961626, 39.9732271 ], [ -82.9616218, 39.9732786 ], [ -82.9613821, 39.9732672 ] ] ] } },
{ "type": "Feature", "properties": { "@id": "way/921992929", "amenity": null, "building": "residential", "name": null, "GEOID": "39049002800" }, "geometry": { "type": "Polygon", "coordinates": [ [ [ -82.9661356, 39.9699011 ], [ -82.9661391, 39.9698516 ], [ -82.9661989, 39.9698542 ], [ -82.9662002, 39.9698368 ], [ -82.966264, 39.9698395 ], [ -82.9662629, 39.9698554 ], [ -82.9663183, 39.9698577 ], [ -82.9663146, 39.9699086 ], [ -82.9661356, 39.9699011 ] ] ] } },
{ "type": "Feature", "properties": { "@id": "way/921992931", "amenity": null, "building": "residential", "name": null, "GEOID": "39049002800" }, "geometry": { "type": "Polygon", "coordinates": [ [ [ -82.9643915, 39.9688202 ], [ -82.964405, 39.9686626 ], [ -82.9645135, 39.9686681 ], [ -82.9645, 39.9688256 ], [ -82.9643915, 39.9688202 ] ] ] } },
{ "type": "Feature", "properties": { "@id": "way/921992933", "amenity": null, "building": "residential", "name": null, "GEOID": "39049002800" }, "geometry": { "type": "Polygon", "coordinates": [ [ [ -82.9657235, 39.9696647 ], [ -82.965728, 39.9696008 ], [ -82.9658639, 39.9696063 ], [ -82.9658595, 39.9696703 ], [ -82.9657235, 39.9696647 ] ] ] } },
{ "type": "Feature", "properties": { "@id": "way/921992934", "amenity": null, "building": "residential", "name": null, "GEOID": "39049002800" }, "geometry": { "type": "Polygon", "coordinates": [ [ [ -82.9613902, 39.973182 ], [ -82.9613945, 39.973104 ], [ -82.9615434, 39.9731088 ], [ -82.9615415, 39.9731434 ], [ -82.9615603, 39.973144 ], [ -82.9615579, 39.9731874 ], [ -82.9613902, 39.973182 ] ] ] } },
{ "type": "Feature", "properties": { "@id": "way/921992935", "amenity": null, "building": "residential", "name": null, "GEOID": "39049002800" }, "geometry": { "type": "Polygon", "coordinates": [ [ [ -82.9676783, 39.9677973 ], [ -82.9677838, 39.9678009 ], [ -82.9677728, 39.9679909 ], [ -82.9676673, 39.9679873 ], [ -82.9676783, 39.9677973 ] ] ] } },
{ "type": "Feature", "properties": { "@id": "way/921992936", "amenity": null, "building": "residential", "name": null, "GEOID": "39049002800" }, "geometry": { "type": "Polygon", "coordinates": [ [ [ -82.9663766, 39.9679243 ], [ -82.9663443, 39.9679235 ], [ -82.9663393, 39.9679225 ], [ -82.9663343, 39.9679208 ], [ -82.9663297, 39.9679184 ], [ -82.9663256, 39.9679155 ], [ -82.9663223, 39.9679122 ], [ -82.9663197, 39.9679084 ], [ -82.966318, 39.9679044 ], [ -82.9663172, 39.9679002 ], [ -82.9663173, 39.9678959 ], [ -82.9663182, 39.9678917 ], [ -82.9663201, 39.9678877 ], [ -82.9663228, 39.967884 ], [ -82.9663263, 39.9678807 ], [ -82.9663304, 39.9678779 ], [ -82.9663331, 39.9678766 ], [ -82.9663018, 39.9678758 ], [ -82.9663044, 39.9678184 ], [ -82.9663162, 39.9678187 ], [ -82.9663181, 39.9677768 ], [ -82.966409, 39.9677793 ], [ -82.9664092, 39.9677761 ], [ -82.9664228, 39.9677659 ], [ -82.9664585, 39.9677664 ], [ -82.9664723, 39.9677778 ], [ -82.9664699, 39.9678302 ], [ -82.9664863, 39.9678307 ], [ -82.9664836, 39.9678888 ], [ -82.9666472, 39.9678932 ], [ -82.9666449, 39.9679425 ], [ -82.9665238, 39.9679392 ], [ -82.9665217, 39.9679848 ], [ -82.966707, 39.9679898 ], [ -82.9667045, 39.9680454 ], [ -82.9663663, 39.9680363 ], [ -82.9663684, 39.9679908 ], [ -82.9663735, 39.9679909 ], [ -82.9663766, 39.9679243 ] ] ] } },
{ "type": "Feature", "properties": { "@id": "way/921992939", "amenity": null, "building": "residential", "name": null, "GEOID": "39049002800" }, "geometry": { "type": "Polygon", "coordinates": [ [ [ -82.9674948, 39.9689274 ], [ -82.9675808, 39.9689179 ], [ -82.9676027, 39.9690336 ], [ -82.9675168, 39.9690432 ], [ -82.9674948, 39.9689274 ] ] ] } },
{ "type": "Feature", "properties": { "@id": "way/921992941", "amenity": null, "building": "residential", "name": null, "GEOID": "39049002800" }, "geometry": { "type": "Polygon", "coordinates": [ [ [ -82.9633286, 39.9679829 ], [ -82.9633204, 39.9680845 ], [ -82.9632449, 39.968081 ], [ -82.9632438, 39.9680937 ], [ -82.9631964, 39.9680915 ], [ -82.9632055, 39.9679771 ], [ -82.9632191, 39.9679778 ], [ -82.9632209, 39.9679552 ], [ -82.9633188, 39.9679598 ], [ -82.963317, 39.9679824 ], [ -82.9633286, 39.9679829 ] ] ] } },
{ "type": "Feature", "properties": { "@id": "way/921992942", "amenity": null, "building": "residential", "name": null, "GEOID": "39049002800" }, "geometry": { "type": "Polygon", "coordinates": [ [ [ -82.9651734, 39.9680643 ], [ -82.9651787, 39.9680646 ], [ -82.9651716, 39.9681614 ], [ -82.9651282, 39.9681595 ], [ -82.965127, 39.9681765 ], [ -82.9650693, 39.968174 ], [ -82.9650776, 39.9680601 ], [ -82.965086, 39.9680605 ], [ -82.9650877, 39.968037 ], [ -82.9651752, 39.9680408 ], [ -82.9651734, 39.9680643 ] ] ] } },
{ "type": "Feature", "properties": { "@id": "way/921992943", "amenity": null, "building": "residential", "name": null, "GEOID": "39049002800" }, "geometry": { "type": "Polygon", "coordinates": [ [ [ -82.962596, 39.9737669 ], [ -82.9626465, 39.9737591 ], [ -82.962652, 39.9737799 ], [ -82.9626883, 39.9737743 ], [ -82.962715, 39.9738757 ], [ -82.9626282, 39.9738891 ], [ -82.962596, 39.9737669 ] ] ] } },
{ "type": "Feature", "properties": { "@id": "way/921992944", "amenity": null, "building": "residential", "name": null, "GEOID": "39049002800" }, "geometry": { "type": "Polygon", "coordinates": [ [ [ -82.9645884, 39.9721696 ], [ -82.9645905, 39.9721329 ], [ -82.9645704, 39.9721322 ], [ -82.9645749, 39.9720545 ], [ -82.9646498, 39.9720571 ], [ -82.9646432, 39.9721715 ], [ -82.9645884, 39.9721696 ] ] ] } },
{ "type": "Feature", "properties": { "@id": "way/921992946", "amenity": null, "building": "residential", "name": null, "GEOID": "39049002800" }, "geometry": { "type": "Polygon", "coordinates": [ [ [ -82.9635221, 39.9732476 ], [ -82.9634731, 39.9732488 ], [ -82.9634715, 39.9732079 ], [ -82.963629, 39.9732041 ], [ -82.9636314, 39.9732621 ], [ -82.9635228, 39.9732647 ], [ -82.9635221, 39.9732476 ] ] ] } },
{ "type": "Feature", "properties": { "@id": "way/921992947", "amenity": null, "building": "residential", "name": null, "GEOID": "39049002800" }, "geometry": { "type": "Polygon", "coordinates": [ [ [ -82.9670502, 39.9675634 ], [ -82.9669494, 39.9675611 ], [ -82.9669539, 39.967449 ], [ -82.9669777, 39.9674496 ], [ -82.9669793, 39.9674097 ], [ -82.9670564, 39.9674115 ], [ -82.9670502, 39.9675634 ] ] ] } },
{ "type": "Feature", "properties": { "@id": "way/921992949", "amenity": null, "building": "residential", "name": null, "GEOID": "39049002800" }, "geometry": { "type": "Polygon", "coordinates": [ [ [ -82.9633566, 39.9681045 ], [ -82.9633641, 39.9679875 ], [ -82.9634423, 39.9679904 ], [ -82.9634348, 39.9681074 ], [ -82.9633566, 39.9681045 ] ] ] } },
{ "type": "Feature", "properties": { "@id": "way/921992950", "amenity": null, "building": "residential", "name": null, "GEOID": "39049002800" }, "geometry": { "type": "Polygon", "coordinates": [ [ [ -82.9683418, 39.9668554 ], [ -82.9683406, 39.9668761 ], [ -82.968174, 39.9668703 ], [ -82.9681764, 39.9668295 ], [ -82.9681623, 39.966829 ], [ -82.9681651, 39.9667822 ], [ -82.9681791, 39.9667827 ], [ -82.9681797, 39.9667728 ], [ -82.9683844, 39.9667799 ], [ -82.9683799, 39.9668567 ], [ -82.9683418, 39.9668554 ] ] ] } },
{ "type": "Feature", "properties": { "@id": "way/921992951", "amenity": null, "building": "residential", "name": null, "GEOID": "39049002800" }, "geometry": { "type": "Polygon", "coordinates": [ [ [ -82.9682406, 39.9681027 ], [ -82.9680974, 39.9680975 ], [ -82.9681022, 39.96802 ], [ -82.9681507, 39.9680218 ], [ -82.9681512, 39.9680127 ], [ -82.9682084, 39.9680148 ], [ -82.9682077, 39.9680246 ], [ -82.9682334, 39.9680255 ], [ -82.9682454, 39.9680162 ], [ -82.9682639, 39.9680162 ], [ -82.9682741, 39.9680254 ], [ -82.9682734, 39.9680367 ], [ -82.9682611, 39.9680439 ], [ -82.9682602, 39.9680582 ], [ -82.9682434, 39.9680576 ], [ -82.9682406, 39.9681027 ] ] ] } },
{ "type": "Feature", "properties": { "@id": "way/921992953", "amenity": null, "building": "residential", "name": null, "GEOID": "39049002800" }, "geometry": { "type": "Polygon", "coordinates": [ [ [ -82.9665889, 39.969166 ], [ -82.9665662, 39.9691685 ], [ -82.9665482, 39.9690741 ], [ -82.9665702, 39.9690717 ], [ -82.9665662, 39.9690507 ], [ -82.9666295, 39.9690436 ], [ -82.9666545, 39.9691745 ], [ -82.9665918, 39.9691816 ], [ -82.9665889, 39.969166 ] ] ] } },
{ "type": "Feature", "properties": { "@id": "way/921992954", "amenity": null, "building": "residential", "name": null, "GEOID": "39049002800" }, "geometry": { "type": "Polygon", "coordinates": [ [ [ -82.9634957, 39.9727769 ], [ -82.9635003, 39.9727147 ], [ -82.9635209, 39.9727156 ], [ -82.9635213, 39.9727097 ], [ -82.9636122, 39.9727137 ], [ -82.9636098, 39.9727465 ], [ -82.9636352, 39.9727476 ], [ -82.9636326, 39.9727829 ], [ -82.9634957, 39.9727769 ] ] ] } },
{ "type": "Feature", "properties": { "@id": "way/921992955", "amenity": null, "building": "residential", "name": null, "GEOID": "39049002800" }, "geometry": { "type": "Polygon", "coordinates": [ [ [ -82.9680669, 39.9679902 ], [ -82.9680689, 39.9679546 ], [ -82.9680373, 39.9679535 ], [ -82.9680401, 39.9679019 ], [ -82.9682807, 39.9679097 ], [ -82.9682759, 39.967997 ], [ -82.9680669, 39.9679902 ] ] ] } },
{ "type": "Feature", "properties": { "@id": "way/921992956", "amenity": null, "building": "residential", "name": null, "GEOID": "39049002800" }, "geometry": { "type": "Polygon", "coordinates": [ [ [ -82.9678934, 39.9684345 ], [ -82.968003, 39.968422 ], [ -82.9680377, 39.968601 ], [ -82.9679282, 39.9686135 ], [ -82.9678934, 39.9684345 ] ] ] } },
{ "type": "Feature", "properties": { "@id": "way/921992957", "amenity": null, "building": "residential", "name": null, "GEOID": "39049002800" }, "geometry": { "type": "Polygon", "coordinates": [ [ [ -82.9656946, 39.9675283 ], [ -82.9657033, 39.9674184 ], [ -82.9659521, 39.9674299 ], [ -82.9659516, 39.9674364 ], [ -82.9659864, 39.967438 ], [ -82.9659831, 39.9674793 ], [ -82.9659486, 39.9674777 ], [ -82.9659474, 39.9674918 ], [ -82.9659816, 39.9674934 ], [ -82.9659783, 39.9675352 ], [ -82.9659465, 39.9675337 ], [ -82.965946, 39.96754 ], [ -82.9656946, 39.9675283 ] ] ] } },
{ "type": "Feature", "properties": { "@id": "way/921992958", "amenity": null, "building": "residential", "name": null, "GEOID": "39049002800" }, "geometry": { "type": "Polygon", "coordinates": [ [ [ -82.9627987, 39.9677118 ], [ -82.9628085, 39.967568 ], [ -82.9628906, 39.96757 ], [ -82.9628882, 39.9675974 ], [ -82.9629137, 39.9675981 ], [ -82.9629137, 39.9676023 ], [ -82.9629226, 39.9676104 ], [ -82.9629202, 39.9676396 ], [ -82.9629101, 39.9676464 ], [ -82.962906, 39.9677159 ], [ -82.9627987, 39.9677118 ] ] ] } },
{ "type": "Feature", "properties": { "@id": "way/921992959", "amenity": null, "building": "residential", "name": null, "GEOID": "39049002800" }, "geometry": { "type": "Polygon", "coordinates": [ [ [ -82.9628452, 39.9687296 ], [ -82.9628577, 39.9685947 ], [ -82.9629674, 39.9686006 ], [ -82.9629566, 39.9687167 ], [ -82.9629223, 39.9687149 ], [ -82.9629206, 39.9687337 ], [ -82.9628452, 39.9687296 ] ] ] } },
{ "type": "Feature", "properties": { "@id": "way/921992962", "amenity": null, "building": "residential", "name": null, "GEOID": "39049002800" }, "geometry": { "type": "Polygon", "coordinates": [ [ [ -82.9657183, 39.9697365 ], [ -82.9657227, 39.9696758 ], [ -82.9658512, 39.9696812 ], [ -82.9658468, 39.9697419 ], [ -82.9657183, 39.9697365 ] ] ] } },
{ "type": "Feature", "properties": { "@id": "way/921992963", "amenity": null, "building": "residential", "name": null, "GEOID": "39049002800" }, "geometry": { "type": "Polygon", "coordinates": [ [ [ -82.9621317, 39.9726254 ], [ -82.9621325, 39.9726413 ], [ -82.9620505, 39.9726437 ], [ -82.9620497, 39.9726278 ], [ -82.9620419, 39.9726281 ], [ -82.9620383, 39.9725563 ], [ -82.9621351, 39.9725534 ], [ -82.9621387, 39.9726252 ], [ -82.9621317, 39.9726254 ] ] ] } },
{ "type": "Feature", "properties": { "@id": "way/921992964", "amenity": null, "building": "residential", "name": null, "GEOID": "39049002800" }, "geometry": { "type": "Polygon", "coordinates": [ [ [ -82.9615484, 39.9713494 ], [ -82.9615551, 39.9712678 ], [ -82.9616964, 39.9712746 ], [ -82.9616898, 39.9713562 ], [ -82.9615484, 39.9713494 ] ] ] } },
{ "type": "Feature", "properties": { "@id": "way/921992965", "amenity": null, "building": "residential", "name": null, "GEOID": "39049002800" }, "geometry": { "type": "Polygon", "coordinates": [ [ [ -82.9620224, 39.973451 ], [ -82.9620223, 39.9734559 ], [ -82.96205, 39.9734561 ], [ -82.9620495, 39.9735003 ], [ -82.9620218, 39.9735001 ], [ -82.9620218, 39.9735039 ], [ -82.9619384, 39.9735033 ], [ -82.9619383, 39.9735088 ], [ -82.9618894, 39.9735085 ], [ -82.96189, 39.9734501 ], [ -82.9620224, 39.973451 ] ] ] } },
{ "type": "Feature", "properties": { "@id": "way/921992968", "amenity": null, "building": "residential", "name": null, "GEOID": "39049002800" }, "geometry": { "type": "Polygon", "coordinates": [ [ [ -82.9627149, 39.9729535 ], [ -82.9627144, 39.9729606 ], [ -82.9625625, 39.9729548 ], [ -82.9625662, 39.9728975 ], [ -82.9627181, 39.9729033 ], [ -82.962717, 39.972921 ], [ -82.9627412, 39.9729219 ], [ -82.9627391, 39.9729544 ], [ -82.9627149, 39.9729535 ] ] ] } },
{ "type": "Feature", "properties": { "@id": "way/921992969", "amenity": null, "building": "residential", "name": null, "GEOID": "39049002800" }, "geometry": { "type": "Polygon", "coordinates": [ [ [ -82.9621632, 39.9727978 ], [ -82.9622691, 39.9727855 ], [ -82.9622709, 39.9727948 ], [ -82.9623167, 39.9727894 ], [ -82.9623243, 39.9728281 ], [ -82.9621726, 39.9728456 ], [ -82.9621632, 39.9727978 ] ] ] } },
{ "type": "Feature", "properties": { "@id": "way/921992971", "amenity": null, "building": "residential", "name": null, "GEOID": "39049002800" }, "geometry": { "type": "Polygon", "coordinates": [ [ [ -82.9662249, 39.968739 ], [ -82.9662302, 39.9686597 ], [ -82.9664504, 39.9686684 ], [ -82.9664451, 39.9687477 ], [ -82.9662249, 39.968739 ] ] ] } },
{ "type": "Feature", "properties": { "@id": "way/921992973", "amenity": null, "building": "residential", "name": null, "GEOID": "39049002800" }, "geometry": { "type": "Polygon", "coordinates": [ [ [ -82.9641913, 39.9681333 ], [ -82.9641359, 39.9681317 ], [ -82.9641371, 39.9681081 ], [ -82.9640892, 39.9681068 ], [ -82.9640946, 39.9679933 ], [ -82.9641979, 39.9679962 ], [ -82.9641913, 39.9681333 ] ] ] } },
{ "type": "Feature", "properties": { "@id": "way/921992974", "amenity": null, "building": "residential", "name": null, "GEOID": "39049002800" }, "geometry": { "type": "Polygon", "coordinates": [ [ [ -82.9624114, 39.9676927 ], [ -82.9623144, 39.9676888 ], [ -82.9623232, 39.9675611 ], [ -82.9623657, 39.9675628 ], [ -82.9623692, 39.9675112 ], [ -82.9623935, 39.9675122 ], [ -82.9623948, 39.9674934 ], [ -82.9624251, 39.9674947 ], [ -82.9624114, 39.9676927 ] ] ] } },
{ "type": "Feature", "properties": { "@id": "way/921992976", "amenity": null, "building": "residential", "name": null, "GEOID": "39049002800" }, "geometry": { "type": "Polygon", "coordinates": [ [ [ -82.9621161, 39.9734581 ], [ -82.9621208, 39.9734032 ], [ -82.9623031, 39.9734122 ], [ -82.9622985, 39.9734671 ], [ -82.9621161, 39.9734581 ] ] ] } },
{ "type": "Feature", "properties": { "@id": "way/921992979", "amenity": null, "building": "residential", "name": null, "GEOID": "39049002800" }, "geometry": { "type": "Polygon", "coordinates": [ [ [ -82.9631479, 39.9687641 ], [ -82.9631492, 39.9687459 ], [ -82.9631404, 39.9687456 ], [ -82.9631503, 39.9686018 ], [ -82.9631703, 39.9686026 ], [ -82.9631715, 39.9685851 ], [ -82.9632423, 39.968588 ], [ -82.9632411, 39.968605 ], [ -82.963279, 39.9686066 ], [ -82.963269, 39.9687517 ], [ -82.9632615, 39.9687514 ], [ -82.9632603, 39.9687687 ], [ -82.9631479, 39.9687641 ] ] ] } },
{ "type": "Feature", "properties": { "@id": "way/921992982", "amenity": null, "building": "residential", "name": null, "GEOID": "39049002800" }, "geometry": { "type": "Polygon", "coordinates": [ [ [ -82.9640454, 39.9714196 ], [ -82.9640403, 39.9714959 ], [ -82.9639481, 39.9714923 ], [ -82.9639531, 39.9714173 ], [ -82.9639607, 39.9714176 ], [ -82.9639618, 39.9714009 ], [ -82.9640394, 39.971404 ], [ -82.9640383, 39.9714193 ], [ -82.9640454, 39.9714196 ] ] ] } },
{ "type": "Feature", "properties": { "@id": "way/921992983", "amenity": null, "building": "residential", "name": null, "GEOID": "39049002800" }, "geometry": { "type": "Polygon", "coordinates": [ [ [ -82.9625493, 39.9687108 ], [ -82.9625586, 39.9686077 ], [ -82.9626452, 39.9686123 ], [ -82.9626359, 39.9687154 ], [ -82.9625493, 39.9687108 ] ] ] } },
{ "type": "Feature", "properties": { "@id": "way/921992984", "amenity": null, "building": "residential", "name": null, "GEOID": "39049002800" }, "geometry": { "type": "Polygon", "coordinates": [ [ [ -82.966363, 39.9675704 ], [ -82.9663633, 39.9675632 ], [ -82.9663099, 39.9675621 ], [ -82.9663105, 39.9675299 ], [ -82.9663215, 39.9675301 ], [ -82.9663219, 39.9674905 ], [ -82.9663433, 39.9674909 ], [ -82.966343, 39.9674666 ], [ -82.9663629, 39.9674539 ], [ -82.9664089, 39.9674552 ], [ -82.966424, 39.9674477 ], [ -82.9664601, 39.9674485 ], [ -82.966476, 39.9674623 ], [ -82.9664746, 39.9674918 ], [ -82.9665527, 39.9674942 ], [ -82.9665508, 39.9675326 ], [ -82.9665254, 39.9675318 ], [ -82.9665256, 39.9675623 ], [ -82.9664432, 39.9675604 ], [ -82.9664436, 39.9675725 ], [ -82.966363, 39.9675704 ] ] ] } },
{ "type": "Feature", "properties": { "@id": "way/921992986", "amenity": null, "building": "residential", "name": null, "GEOID": "39049002800" }, "geometry": { "type": "Polygon", "coordinates": [ [ [ -82.9640269, 39.968805 ], [ -82.9640279, 39.9687887 ], [ -82.9640206, 39.9687884 ], [ -82.9640269, 39.9686797 ], [ -82.9641326, 39.9686833 ], [ -82.9641262, 39.968793 ], [ -82.9641185, 39.9687927 ], [ -82.9641176, 39.9688081 ], [ -82.9640269, 39.968805 ] ] ] } },
{ "type": "Feature", "properties": { "@id": "way/921992987", "amenity": null, "building": "residential", "name": null, "GEOID": "39049002800" }, "geometry": { "type": "Polygon", "coordinates": [ [ [ -82.964155, 39.9688085 ], [ -82.9641561, 39.9687924 ], [ -82.9641474, 39.9687921 ], [ -82.9641535, 39.9686996 ], [ -82.964201, 39.9687015 ], [ -82.9642024, 39.9686801 ], [ -82.9642515, 39.968682 ], [ -82.9642439, 39.9687966 ], [ -82.9642365, 39.9687963 ], [ -82.9642355, 39.9688117 ], [ -82.964155, 39.9688085 ] ] ] } },
{ "type": "Feature", "properties": { "@id": "way/921992990", "amenity": null, "building": "residential", "name": null, "GEOID": "39049002800" }, "geometry": { "type": "Polygon", "coordinates": [ [ [ -82.9646606, 39.9698107 ], [ -82.9646617, 39.9697957 ], [ -82.9646481, 39.9697952 ], [ -82.964655, 39.9696957 ], [ -82.9647355, 39.9696989 ], [ -82.9647286, 39.9697992 ], [ -82.9647121, 39.9697985 ], [ -82.9647111, 39.9698127 ], [ -82.9646606, 39.9698107 ] ] ] } },
{ "type": "Feature", "properties": { "@id": "way/921992991", "amenity": null, "building": "residential", "name": null, "GEOID": "39049002800" }, "geometry": { "type": "Polygon", "coordinates": [ [ [ -82.9620463, 39.9714416 ], [ -82.9620587, 39.9713199 ], [ -82.9621585, 39.9713258 ], [ -82.9621478, 39.9714312 ], [ -82.9621251, 39.9714298 ], [ -82.9621234, 39.9714462 ], [ -82.9620463, 39.9714416 ] ] ] } },
{ "type": "Feature", "properties": { "@id": "way/921992993", "amenity": null, "building": "residential", "name": null, "GEOID": "39049002800" }, "geometry": { "type": "Polygon", "coordinates": [ [ [ -82.9620466, 39.9739693 ], [ -82.9620496, 39.9739883 ], [ -82.9619644, 39.9739961 ], [ -82.9619614, 39.9739771 ], [ -82.961954, 39.9739778 ], [ -82.9619365, 39.9738654 ], [ -82.9619996, 39.9738596 ], [ -82.9620044, 39.9738902 ], [ -82.9620413, 39.9738868 ], [ -82.9620541, 39.9739686 ], [ -82.9620466, 39.9739693 ] ] ] } },
{ "type": "Feature", "properties": { "@id": "way/921992994", "amenity": null, "building": "residential", "name": null, "GEOID": "39049002800" }, "geometry": { "type": "Polygon", "coordinates": [ [ [ -82.9623275, 39.9731653 ], [ -82.962323, 39.9732165 ], [ -82.9621352, 39.9732068 ], [ -82.9621397, 39.9731556 ], [ -82.9623275, 39.9731653 ] ] ] } },
{ "type": "Feature", "properties": { "@id": "way/921992997", "amenity": null, "building": "residential", "name": null, "GEOID": "39049002800" }, "geometry": { "type": "Polygon", "coordinates": [ [ [ -82.9622745, 39.9726166 ], [ -82.9622705, 39.9725455 ], [ -82.9623634, 39.9725424 ], [ -82.9623673, 39.9726136 ], [ -82.9622745, 39.9726166 ] ] ] } },
{ "type": "Feature", "properties": { "@id": "way/921992998", "amenity": null, "building": "residential", "name": null, "GEOID": "39049002800" }, "geometry": { "type": "Polygon", "coordinates": [ [ [ -82.9621226, 39.9733706 ], [ -82.962127, 39.9733146 ], [ -82.9622873, 39.9733221 ], [ -82.962282, 39.9733893 ], [ -82.9621874, 39.9733848 ], [ -82.9621883, 39.9733736 ], [ -82.9621226, 39.9733706 ] ] ] } },
{ "type": "Feature", "properties": { "@id": "way/921993000", "amenity": null, "building": "residential", "name": null, "GEOID": "39049002800" }, "geometry": { "type": "Polygon", "coordinates": [ [ [ -82.9622761, 39.9714502 ], [ -82.9622863, 39.971313 ], [ -82.9623855, 39.9713173 ], [ -82.9623753, 39.9714545 ], [ -82.9622761, 39.9714502 ] ] ] } },
{ "type": "Feature", "properties": { "@id": "way/921993002", "amenity": null, "building": "residential", "name": null, "GEOID": "39049002800" }, "geometry": { "type": "Polygon", "coordinates": [ [ [ -82.9621516, 39.9728557 ], [ -82.9623029, 39.9728376 ], [ -82.9623107, 39.972876 ], [ -82.9622621, 39.9728818 ], [ -82.9622648, 39.9728954 ], [ -82.9621622, 39.9729077 ], [ -82.9621516, 39.9728557 ] ] ] } },
{ "type": "Feature", "properties": { "@id": "way/921993003", "amenity": null, "building": "residential", "name": null, "GEOID": "39049002800" }, "geometry": { "type": "Polygon", "coordinates": [ [ [ -82.9640811, 39.9728791 ], [ -82.9640867, 39.9728188 ], [ -82.9642608, 39.9728283 ], [ -82.9642552, 39.9728886 ], [ -82.9640811, 39.9728791 ] ] ] } },
{ "type": "Feature", "properties": { "@id": "way/921993004", "amenity": null, "building": "residential", "name": null, "GEOID": "39049002800" }, "geometry": { "type": "Polygon", "coordinates": [ [ [ -82.9682831, 39.9673486 ], [ -82.9682807, 39.9673898 ], [ -82.9682666, 39.9673893 ], [ -82.9682642, 39.9674315 ], [ -82.9681334, 39.967427 ], [ -82.9681346, 39.9674054 ], [ -82.9680827, 39.9674036 ], [ -82.9680862, 39.9673419 ], [ -82.9682831, 39.9673486 ] ] ] } },
{ "type": "Feature", "properties": { "@id": "way/921993006", "amenity": null, "building": "residential", "name": null, "GEOID": "39049002800" }, "geometry": { "type": "Polygon", "coordinates": [ [ [ -82.9634199, 39.9685412 ], [ -82.9634247, 39.968464 ], [ -82.9635774, 39.9684695 ], [ -82.9635727, 39.9685467 ], [ -82.9634199, 39.9685412 ] ] ] } },
{ "type": "Feature", "properties": { "@id": "way/921993008", "amenity": null, "building": "residential", "name": null, "GEOID": "39049002800" }, "geometry": { "type": "Polygon", "coordinates": [ [ [ -82.9661682, 39.9694422 ], [ -82.966171, 39.9694061 ], [ -82.9661888, 39.9694069 ], [ -82.96619, 39.9693906 ], [ -82.9663236, 39.9693966 ], [ -82.9663196, 39.9694489 ], [ -82.9661682, 39.9694422 ] ] ] } },
{ "type": "Feature", "properties": { "@id": "way/921993012", "amenity": null, "building": "residential", "name": null, "GEOID": "39049002800" }, "geometry": { "type": "Polygon", "coordinates": [ [ [ -82.9642941, 39.9688232 ], [ -82.9642962, 39.9687985 ], [ -82.9642739, 39.9687974 ], [ -82.9642853, 39.9686614 ], [ -82.9643839, 39.9686662 ], [ -82.9643724, 39.968803 ], [ -82.9643654, 39.9688027 ], [ -82.9643634, 39.9688266 ], [ -82.9642941, 39.9688232 ] ] ] } },
{ "type": "Feature", "properties": { "@id": "way/922441875", "amenity": null, "building": "residential", "name": null, "GEOID": "39049002520" }, "geometry": { "type": "Polygon", "coordinates": [ [ [ -82.9601415, 39.971374 ], [ -82.9601299, 39.971519 ], [ -82.9600673, 39.971516 ], [ -82.9600692, 39.9714926 ], [ -82.9600295, 39.9714907 ], [ -82.9600392, 39.9713692 ], [ -82.9601415, 39.971374 ] ] ] } },
{ "type": "Feature", "properties": { "@id": "way/922441876", "amenity": null, "building": "residential", "name": null, "GEOID": "39049002520" }, "geometry": { "type": "Polygon", "coordinates": [ [ [ -82.9592162, 39.9739449 ], [ -82.9592176, 39.9739262 ], [ -82.9591978, 39.9739253 ], [ -82.9592011, 39.9738816 ], [ -82.959221, 39.9738825 ], [ -82.9592223, 39.9738659 ], [ -82.9593204, 39.9738703 ], [ -82.9593054, 39.9740658 ], [ -82.9592072, 39.9740614 ], [ -82.9592087, 39.9740427 ], [ -82.9591884, 39.9740418 ], [ -82.9591915, 39.9740012 ], [ -82.9592118, 39.9740021 ], [ -82.9592133, 39.973983 ], [ -82.9591919, 39.9739821 ], [ -82.9591948, 39.973944 ], [ -82.9592162, 39.9739449 ] ] ] } },
{ "type": "Feature", "properties": { "@id": "way/922441880", "amenity": null, "building": "residential", "name": null, "GEOID": "39049002520" }, "geometry": { "type": "Polygon", "coordinates": [ [ [ -82.9602532, 39.9709676 ], [ -82.9602396, 39.9711558 ], [ -82.9601436, 39.9711518 ], [ -82.9601571, 39.9709636 ], [ -82.9602532, 39.9709676 ] ] ] } },
{ "type": "Feature", "properties": { "@id": "way/922441882", "amenity": null, "building": "residential", "name": null, "GEOID": "39049002520" }, "geometry": { "type": "Polygon", "coordinates": [ [ [ -82.9605327, 39.9701615 ], [ -82.9604099, 39.9701558 ], [ -82.9604154, 39.9700854 ], [ -82.9604448, 39.9700868 ], [ -82.9604491, 39.9700316 ], [ -82.9605425, 39.9700358 ], [ -82.9605327, 39.9701615 ] ] ] } },
{ "type": "Feature", "properties": { "@id": "way/922441885", "amenity": null, "building": "residential", "name": null, "GEOID": "39049002520" }, "geometry": { "type": "Polygon", "coordinates": [ [ [ -82.9577169, 39.9695948 ], [ -82.9575325, 39.969586 ], [ -82.9575421, 39.9694683 ], [ -82.9576821, 39.969475 ], [ -82.9576834, 39.9694588 ], [ -82.9577278, 39.9694609 ], [ -82.9577206, 39.9695498 ], [ -82.9577432, 39.9695508 ], [ -82.9577401, 39.9695885 ], [ -82.9577175, 39.9695875 ], [ -82.9577169, 39.9695948 ] ] ] } },
{ "type": "Feature", "properties": { "@id": "way/922441886", "amenity": null, "building": "residential", "name": null, "GEOID": "39049002520" }, "geometry": { "type": "Polygon", "coordinates": [ [ [ -82.9611644, 39.9724632 ], [ -82.9611733, 39.9724637 ], [ -82.9611626, 39.9725776 ], [ -82.9610883, 39.9725734 ], [ -82.9610912, 39.9725421 ], [ -82.9610726, 39.9725411 ], [ -82.9610804, 39.9724585 ], [ -82.9610894, 39.972459 ], [ -82.9610917, 39.9724352 ], [ -82.9611666, 39.9724394 ], [ -82.9611644, 39.9724632 ] ] ] } },
{ "type": "Feature", "properties": { "@id": "way/922441889", "amenity": null, "building": "residential", "name": null, "GEOID": "39049002520" }, "geometry": { "type": "Polygon", "coordinates": [ [ [ -82.9593801, 39.9718982 ], [ -82.9593816, 39.971879 ], [ -82.9593672, 39.9718784 ], [ -82.9593752, 39.9717784 ], [ -82.9593907, 39.9717791 ], [ -82.9593922, 39.9717603 ], [ -82.9594565, 39.9717633 ], [ -82.959455, 39.971782 ], [ -82.9594669, 39.9717826 ], [ -82.9594574, 39.9719018 ], [ -82.9593801, 39.9718982 ] ] ] } },
{ "type": "Feature", "properties": { "@id": "way/922441890", "amenity": null, "building": "residential", "name": null, "GEOID": "39049002520" }, "geometry": { "type": "Polygon", "coordinates": [ [ [ -82.9599251, 39.9705186 ], [ -82.9598994, 39.970517 ], [ -82.9598947, 39.9705796 ], [ -82.9598134, 39.9705755 ], [ -82.9598246, 39.9704355 ], [ -82.9598152, 39.9704229 ], [ -82.9598172, 39.9704053 ], [ -82.9598322, 39.9703948 ], [ -82.9598393, 39.9703952 ], [ -82.9598408, 39.9703762 ], [ -82.9599361, 39.9703805 ], [ -82.9599251, 39.9705186 ] ] ] } },
{ "type": "Feature", "properties": { "@id": "way/922441893", "amenity": null, "building": "residential", "name": null, "GEOID": "39049002520" }, "geometry": { "type": "Polygon", "coordinates": [ [ [ -82.9584669, 39.9680968 ], [ -82.9584692, 39.9680586 ], [ -82.958455, 39.9680581 ], [ -82.958457, 39.9680257 ], [ -82.9585901, 39.9680305 ], [ -82.9585857, 39.9681011 ], [ -82.9584669, 39.9680968 ] ] ] } },
{ "type": "Feature", "properties": { "@id": "way/922441894", "amenity": null, "building": "residential", "name": null, "GEOID": "39049002520" }, "geometry": { "type": "Polygon", "coordinates": [ [ [ -82.9528739, 39.9690501 ], [ -82.9529816, 39.9690383 ], [ -82.9530173, 39.9692298 ], [ -82.9529096, 39.9692416 ], [ -82.9528739, 39.9690501 ] ] ] } },
{ "type": "Feature", "properties": { "@id": "way/922441896", "amenity": null, "building": "residential", "name": null, "GEOID": "39049002520" }, "geometry": { "type": "Polygon", "coordinates": [ [ [ -82.9578419, 39.9681721 ], [ -82.9576675, 39.9681635 ], [ -82.957668, 39.968157 ], [ -82.957643, 39.9681557 ], [ -82.9576511, 39.9680587 ], [ -82.9576765, 39.96806 ], [ -82.957679, 39.968031 ], [ -82.9577653, 39.9680352 ], [ -82.9577632, 39.9680607 ], [ -82.9578509, 39.968065 ], [ -82.9578419, 39.9681721 ] ] ] } },
{ "type": "Feature", "properties": { "@id": "way/922441897", "amenity": null, "building": "residential", "name": null, "GEOID": "39049002520" }, "geometry": { "type": "Polygon", "coordinates": [ [ [ -82.9607205, 39.9701663 ], [ -82.9606976, 39.97015 ], [ -82.9607002, 39.9700984 ], [ -82.9607298, 39.9700992 ], [ -82.9607363, 39.9700206 ], [ -82.960797, 39.9700237 ], [ -82.9607949, 39.970044 ], [ -82.9608194, 39.9700452 ], [ -82.9608091, 39.9701706 ], [ -82.9607205, 39.9701663 ] ] ] } },
{ "type": "Feature", "properties": { "@id": "way/922441898", "amenity": null, "building": "residential", "name": null, "GEOID": "39049002520" }, "geometry": { "type": "Polygon", "coordinates": [ [ [ -82.9609207, 39.9724522 ], [ -82.9609336, 39.9724529 ], [ -82.9609234, 39.9725743 ], [ -82.9608429, 39.9725704 ], [ -82.9608455, 39.9725392 ], [ -82.9608297, 39.9725384 ], [ -82.9608373, 39.9724481 ], [ -82.9608832, 39.9724504 ], [ -82.9608841, 39.972439 ], [ -82.9609217, 39.9724408 ], [ -82.9609207, 39.9724522 ] ] ] } },
{ "type": "Feature", "properties": { "@id": "way/922441901", "amenity": null, "building": "residential", "name": null, "GEOID": "39049002520" }, "geometry": { "type": "Polygon", "coordinates": [ [ [ -82.9587574, 39.9740483 ], [ -82.9587609, 39.9740032 ], [ -82.958783, 39.9740042 ], [ -82.9587868, 39.9739554 ], [ -82.9589639, 39.9739634 ], [ -82.9589567, 39.9740573 ], [ -82.9587574, 39.9740483 ] ] ] } },
{ "type": "Feature", "properties": { "@id": "way/922441902", "amenity": null, "building": "residential", "name": null, "GEOID": "39049002520" }, "geometry": { "type": "Polygon", "coordinates": [ [ [ -82.9582369, 39.9702107 ], [ -82.9582871, 39.9702125 ], [ -82.9582842, 39.970269 ], [ -82.9582986, 39.97027 ], [ -82.9583056, 39.9702764 ], [ -82.9583044, 39.970291 ], [ -82.9582937, 39.9702961 ], [ -82.9582825, 39.9702951 ], [ -82.958278, 39.970378 ], [ -82.9582636, 39.970377 ], [ -82.9582632, 39.9703873 ], [ -82.9581995, 39.9703844 ], [ -82.9581994, 39.9703722 ], [ -82.9581878, 39.9703712 ], [ -82.9581882, 39.9703605 ], [ -82.9581473, 39.9703585 ], [ -82.9581464, 39.9703678 ], [ -82.9580619, 39.9703635 ], [ -82.9580699, 39.9702433 ], [ -82.9580978, 39.9702447 ], [ -82.9581023, 39.9701782 ], [ -82.9582377, 39.9701823 ], [ -82.9582369, 39.9702107 ] ] ] } },
{ "type": "Feature", "properties": { "@id": "way/922441903", "amenity": null, "building": "residential", "name": null, "GEOID": "39049002520" }, "geometry": { "type": "Polygon", "coordinates": [ [ [ -82.9598644, 39.9721355 ], [ -82.9598625, 39.9721585 ], [ -82.9597704, 39.9721541 ], [ -82.9597723, 39.972131 ], [ -82.9597505, 39.97213 ], [ -82.9597594, 39.9720228 ], [ -82.9598274, 39.9720261 ], [ -82.9598288, 39.9720092 ], [ -82.9598889, 39.9720121 ], [ -82.9598787, 39.9721362 ], [ -82.9598644, 39.9721355 ] ] ] } },
{ "type": "Feature", "properties": { "@id": "way/922441904", "amenity": null, "building": "residential", "name": null, "GEOID": "39049002520" }, "geometry": { "type": "Polygon", "coordinates": [ [ [ -82.960748, 39.9733672 ], [ -82.9608467, 39.9733715 ], [ -82.9608389, 39.9734785 ], [ -82.9608333, 39.9734783 ], [ -82.9608306, 39.9735153 ], [ -82.9607697, 39.9735127 ], [ -82.9607716, 39.9734859 ], [ -82.9607458, 39.9734848 ], [ -82.9607467, 39.9734724 ], [ -82.9607404, 39.9734721 ], [ -82.960748, 39.9733672 ] ] ] } },
{ "type": "Feature", "properties": { "@id": "way/922441905", "amenity": null, "building": "residential", "name": null, "GEOID": "39049002520" }, "geometry": { "type": "Polygon", "coordinates": [ [ [ -82.9589115, 39.9709762 ], [ -82.958903, 39.9710819 ], [ -82.9588954, 39.9710815 ], [ -82.9588938, 39.9711014 ], [ -82.9588104, 39.9710975 ], [ -82.958812, 39.9710776 ], [ -82.9588021, 39.9710771 ], [ -82.9588106, 39.9709714 ], [ -82.9589115, 39.9709762 ] ] ] } },
{ "type": "Feature", "properties": { "@id": "way/922441906", "amenity": null, "building": "residential", "name": null, "GEOID": "39049002520" }, "geometry": { "type": "Polygon", "coordinates": [ [ [ -82.9607022, 39.9725444 ], [ -82.9607121, 39.9724241 ], [ -82.9608004, 39.9724284 ], [ -82.9607927, 39.9725212 ], [ -82.9607796, 39.9725205 ], [ -82.9607773, 39.9725481 ], [ -82.9607022, 39.9725444 ] ] ] } },
{ "type": "Feature", "properties": { "@id": "way/922441908", "amenity": null, "building": "residential", "name": null, "GEOID": "39049002520" }, "geometry": { "type": "Polygon", "coordinates": [ [ [ -82.9582091, 39.9729314 ], [ -82.9582076, 39.9729506 ], [ -82.9581131, 39.9729462 ], [ -82.9581147, 39.9729269 ], [ -82.9581047, 39.9729265 ], [ -82.9581142, 39.9728078 ], [ -82.9582301, 39.9728132 ], [ -82.9582206, 39.9729319 ], [ -82.9582091, 39.9729314 ] ] ] } },
{ "type": "Feature", "properties": { "@id": "way/922441910", "amenity": null, "building": "residential", "name": null, "GEOID": "39049002520" }, "geometry": { "type": "Polygon", "coordinates": [ [ [ -82.9575243, 39.9697775 ], [ -82.9575359, 39.9696415 ], [ -82.9578905, 39.9696593 ], [ -82.957879, 39.9697952 ], [ -82.9575243, 39.9697775 ] ] ] } },
{ "type": "Feature", "properties": { "@id": "way/922441911", "amenity": null, "building": "residential", "name": null, "GEOID": "39049002520" }, "geometry": { "type": "Polygon", "coordinates": [ [ [ -82.9599814, 39.9690943 ], [ -82.9599834, 39.9690689 ], [ -82.9599604, 39.9690679 ], [ -82.9599626, 39.96904 ], [ -82.9599505, 39.9690394 ], [ -82.959955, 39.9689815 ], [ -82.959968, 39.9689821 ], [ -82.9599738, 39.9689075 ], [ -82.9600356, 39.9689103 ], [ -82.9600299, 39.9689844 ], [ -82.9600401, 39.9689849 ], [ -82.9600314, 39.9690966 ], [ -82.9599814, 39.9690943 ] ] ] } },
{ "type": "Feature", "properties": { "@id": "way/922441912", "amenity": null, "building": "residential", "name": null, "GEOID": "39049002520" }, "geometry": { "type": "Polygon", "coordinates": [ [ [ -82.958576, 39.9684889 ], [ -82.9584336, 39.968482 ], [ -82.9584433, 39.9683646 ], [ -82.9585024, 39.9683675 ], [ -82.958503, 39.9683605 ], [ -82.958532, 39.9683619 ], [ -82.9585314, 39.968369 ], [ -82.9585857, 39.9683717 ], [ -82.958576, 39.9684889 ] ] ] } },
{ "type": "Feature", "properties": { "@id": "way/922441913", "amenity": null, "building": "residential", "name": null, "GEOID": "39049002520" }, "geometry": { "type": "Polygon", "coordinates": [ [ [ -82.9579475, 39.9732784 ], [ -82.9579561, 39.9731774 ], [ -82.9579617, 39.9731777 ], [ -82.9579637, 39.9731544 ], [ -82.9580098, 39.9731567 ], [ -82.9580078, 39.97318 ], [ -82.9580548, 39.9731823 ], [ -82.9580473, 39.97327 ], [ -82.9580287, 39.973269 ], [ -82.9580276, 39.9732824 ], [ -82.9579475, 39.9732784 ] ] ] } },
{ "type": "Feature", "properties": { "@id": "way/922441919", "amenity": null, "building": "residential", "name": null, "GEOID": "39049002520" }, "geometry": { "type": "Polygon", "coordinates": [ [ [ -82.9580405, 39.973956 ], [ -82.9580502, 39.9738243 ], [ -82.9581186, 39.9738272 ], [ -82.958117, 39.9738497 ], [ -82.9581458, 39.9738509 ], [ -82.9581378, 39.9739602 ], [ -82.9580405, 39.973956 ] ] ] } },
{ "type": "Feature", "properties": { "@id": "way/922441921", "amenity": null, "building": "residential", "name": null, "GEOID": "39049002520" }, "geometry": { "type": "Polygon", "coordinates": [ [ [ -82.9535574, 39.9701082 ], [ -82.9535605, 39.9700393 ], [ -82.9537588, 39.9700447 ], [ -82.9537578, 39.9700657 ], [ -82.9537793, 39.9700663 ], [ -82.9537782, 39.9700908 ], [ -82.9537552, 39.9700901 ], [ -82.9537541, 39.9701136 ], [ -82.9535574, 39.9701082 ] ] ] } },
{ "type": "Feature", "properties": { "@id": "way/922441922", "amenity": null, "building": "residential", "name": null, "GEOID": "39049002520" }, "geometry": { "type": "Polygon", "coordinates": [ [ [ -82.9588886, 39.971705 ], [ -82.9588893, 39.9716969 ], [ -82.9588454, 39.9716946 ], [ -82.9588506, 39.9716352 ], [ -82.9590718, 39.9716467 ], [ -82.9590659, 39.9717142 ], [ -82.9588886, 39.971705 ] ] ] } },
{ "type": "Feature", "properties": { "@id": "way/922441923", "amenity": null, "building": "residential", "name": null, "GEOID": "39049002520" }, "geometry": { "type": "Polygon", "coordinates": [ [ [ -82.9584794, 39.9733512 ], [ -82.9584933, 39.9731734 ], [ -82.9585965, 39.9731782 ], [ -82.9585866, 39.9733055 ], [ -82.9585639, 39.9733044 ], [ -82.95856, 39.9733549 ], [ -82.9584794, 39.9733512 ] ] ] } },
{ "type": "Feature", "properties": { "@id": "way/922441926", "amenity": null, "building": "residential", "name": null, "GEOID": "39049002520" }, "geometry": { "type": "Polygon", "coordinates": [ [ [ -82.9612141, 39.9697953 ], [ -82.961112, 39.969791 ], [ -82.9611217, 39.9696532 ], [ -82.9612238, 39.9696575 ], [ -82.9612141, 39.9697953 ] ] ] } },
{ "type": "Feature", "properties": { "@id": "way/922441927", "amenity": null, "building": "residential", "name": null, "GEOID": "39049002520" }, "geometry": { "type": "Polygon", "coordinates": [ [ [ -82.9552558, 39.9707463 ], [ -82.9552548, 39.9707581 ], [ -82.9553697, 39.9707642 ], [ -82.9553713, 39.9707468 ], [ -82.9554534, 39.9707511 ], [ -82.9554465, 39.9708273 ], [ -82.9553011, 39.9708196 ], [ -82.9552969, 39.9708658 ], [ -82.9552271, 39.9708621 ], [ -82.9552266, 39.9708682 ], [ -82.9551371, 39.9708634 ], [ -82.9551482, 39.9707406 ], [ -82.9552558, 39.9707463 ] ] ] } },
{ "type": "Feature", "properties": { "@id": "way/922441928", "amenity": null, "building": "residential", "name": null, "GEOID": "39049002520" }, "geometry": { "type": "Polygon", "coordinates": [ [ [ -82.9602983, 39.973966 ], [ -82.9602891, 39.9740897 ], [ -82.960182, 39.9740851 ], [ -82.9601912, 39.9739613 ], [ -82.9602983, 39.973966 ] ] ] } },
{ "type": "Feature", "properties": { "@id": "way/922441929", "amenity": null, "building": "residential", "name": null, "GEOID": "39049002520" }, "geometry": { "type": "Polygon", "coordinates": [ [ [ -82.9582405, 39.9710415 ], [ -82.9582494, 39.9709295 ], [ -82.9582942, 39.9709316 ], [ -82.9582948, 39.9709244 ], [ -82.9583494, 39.970927 ], [ -82.9583435, 39.9710011 ], [ -82.9583662, 39.9710021 ], [ -82.9583626, 39.9710472 ], [ -82.9582405, 39.9710415 ] ] ] } },
{ "type": "Feature", "properties": { "@id": "way/922441931", "amenity": null, "building": "residential", "name": null, "GEOID": "39049002520" }, "geometry": { "type": "Polygon", "coordinates": [ [ [ -82.9585738, 39.9740051 ], [ -82.9585863, 39.973837 ], [ -82.9587006, 39.973842 ], [ -82.9586881, 39.9740101 ], [ -82.9585738, 39.9740051 ] ] ] } },
{ "type": "Feature", "properties": { "@id": "way/922441933", "amenity": null, "building": "residential", "name": null, "GEOID": "39049002520" }, "geometry": { "type": "Polygon", "coordinates": [ [ [ -82.9572247, 39.9738094 ], [ -82.9572304, 39.973741 ], [ -82.9573981, 39.9737491 ], [ -82.9573924, 39.9738175 ], [ -82.9572247, 39.9738094 ] ] ] } },
{ "type": "Feature", "properties": { "@id": "way/922441935", "amenity": null, "building": "residential", "name": null, "GEOID": "39049002520" }, "geometry": { "type": "Polygon", "coordinates": [ [ [ -82.96011, 39.9711498 ], [ -82.9599996, 39.9711449 ], [ -82.9600116, 39.9709876 ], [ -82.960122, 39.9709926 ], [ -82.96011, 39.9711498 ] ] ] } },
{ "type": "Feature", "properties": { "@id": "way/922441936", "amenity": null, "building": "residential", "name": null, "GEOID": "39049002520" }, "geometry": { "type": "Polygon", "coordinates": [ [ [ -82.9591012, 39.9684017 ], [ -82.9590893, 39.968556 ], [ -82.9589659, 39.9685504 ], [ -82.9589796, 39.9683717 ], [ -82.9590797, 39.9683763 ], [ -82.9590778, 39.9684007 ], [ -82.9591012, 39.9684017 ] ] ] } },
{ "type": "Feature", "properties": { "@id": "way/922441937", "amenity": null, "building": "residential", "name": null, "GEOID": "39049002520" }, "geometry": { "type": "Polygon", "coordinates": [ [ [ -82.9585717, 39.9724703 ], [ -82.9585721, 39.972465 ], [ -82.9585401, 39.9724635 ], [ -82.9585395, 39.9724701 ], [ -82.9584519, 39.972466 ], [ -82.9584581, 39.9723875 ], [ -82.9585667, 39.9723925 ], [ -82.9585695, 39.9723572 ], [ -82.9586199, 39.9723596 ], [ -82.958611, 39.9724722 ], [ -82.9585717, 39.9724703 ] ] ] } },
{ "type": "Feature", "properties": { "@id": "way/922441938", "amenity": null, "building": "residential", "name": null, "GEOID": "39049002520" }, "geometry": { "type": "Polygon", "coordinates": [ [ [ -82.959988, 39.9711481 ], [ -82.9599404, 39.971146 ], [ -82.9599416, 39.9711293 ], [ -82.9599008, 39.9711275 ], [ -82.9599067, 39.9710475 ], [ -82.9599361, 39.9710488 ], [ -82.9599372, 39.9710331 ], [ -82.9599897, 39.9710354 ], [ -82.9599885, 39.9710505 ], [ -82.9599953, 39.9710508 ], [ -82.959988, 39.9711481 ] ] ] } },
{ "type": "Feature", "properties": { "@id": "way/922441939", "amenity": null, "building": "residential", "name": null, "GEOID": "39049002520" }, "geometry": { "type": "Polygon", "coordinates": [ [ [ -82.9592123, 39.9736317 ], [ -82.9592188, 39.9735472 ], [ -82.9592821, 39.9735501 ], [ -82.959285, 39.9735134 ], [ -82.9593506, 39.9735164 ], [ -82.959344, 39.9736009 ], [ -82.9593727, 39.9736022 ], [ -82.9593698, 39.9736389 ], [ -82.9592123, 39.9736317 ] ] ] } },
{ "type": "Feature", "properties": { "@id": "way/922441941", "amenity": null, "building": "residential", "name": null, "GEOID": "39049002520" }, "geometry": { "type": "Polygon", "coordinates": [ [ [ -82.9587784, 39.9739423 ], [ -82.9587808, 39.9739098 ], [ -82.9587689, 39.9739093 ], [ -82.9587732, 39.97385 ], [ -82.9589691, 39.9738585 ], [ -82.9589623, 39.9739502 ], [ -82.9587784, 39.9739423 ] ] ] } },
{ "type": "Feature", "properties": { "@id": "way/922441942", "amenity": null, "building": "residential", "name": null, "GEOID": "39049002520" }, "geometry": { "type": "Polygon", "coordinates": [ [ [ -82.9585183, 39.972005 ], [ -82.9585085, 39.9720046 ], [ -82.9585071, 39.9720253 ], [ -82.9583952, 39.9720208 ], [ -82.9583967, 39.971999 ], [ -82.9583895, 39.9719988 ], [ -82.9583929, 39.9719492 ], [ -82.9584149, 39.97195 ], [ -82.9584176, 39.9719094 ], [ -82.9584555, 39.971911 ], [ -82.9584588, 39.9718617 ], [ -82.9585278, 39.9718644 ], [ -82.9585183, 39.972005 ] ] ] } },
{ "type": "Feature", "properties": { "@id": "way/922441944", "amenity": null, "building": "residential", "name": null, "GEOID": "39049002520" }, "geometry": { "type": "Polygon", "coordinates": [ [ [ -82.9592283, 39.9738497 ], [ -82.9592024, 39.9738485 ], [ -82.959207, 39.9737852 ], [ -82.9592329, 39.9737863 ], [ -82.9592334, 39.9737802 ], [ -82.9593336, 39.9737845 ], [ -82.9593282, 39.9738598 ], [ -82.9592279, 39.9738555 ], [ -82.9592283, 39.9738497 ] ] ] } },
{ "type": "Feature", "properties": { "@id": "way/922441945", "amenity": null, "building": "residential", "name": null, "GEOID": "39049002520" }, "geometry": { "type": "Polygon", "coordinates": [ [ [ -82.9588836, 39.9704097 ], [ -82.9588948, 39.9703013 ], [ -82.9588968, 39.9702823 ], [ -82.9590173, 39.9702897 ], [ -82.9590153, 39.9703087 ], [ -82.959021, 39.970309 ], [ -82.9590097, 39.9704173 ], [ -82.9588836, 39.9704097 ] ] ] } },
{ "type": "Feature", "properties": { "@id": "way/922441946", "amenity": null, "building": "residential", "name": null, "GEOID": "39049002520" }, "geometry": { "type": "Polygon", "coordinates": [ [ [ -82.9595951, 39.9723873 ], [ -82.959597, 39.9723653 ], [ -82.9596886, 39.9723699 ], [ -82.9596867, 39.9723919 ], [ -82.9596976, 39.9723925 ], [ -82.959689, 39.9724927 ], [ -82.9595772, 39.9724871 ], [ -82.9595858, 39.9723869 ], [ -82.9595951, 39.9723873 ] ] ] } },
{ "type": "Feature", "properties": { "@id": "way/922441947", "amenity": null, "building": "residential", "name": null, "GEOID": "39049002520" }, "geometry": { "type": "Polygon", "coordinates": [ [ [ -82.9586621, 39.9733471 ], [ -82.9586638, 39.9733267 ], [ -82.9586192, 39.9733245 ], [ -82.9586294, 39.9732039 ], [ -82.9587378, 39.9732093 ], [ -82.9587277, 39.9733291 ], [ -82.9587209, 39.9733287 ], [ -82.9587191, 39.9733499 ], [ -82.9586621, 39.9733471 ] ] ] } },
{ "type": "Feature", "properties": { "@id": "way/922441948", "amenity": null, "building": "residential", "name": null, "GEOID": "39049002520" }, "geometry": { "type": "Polygon", "coordinates": [ [ [ -82.9589017, 39.9725321 ], [ -82.9589077, 39.9724402 ], [ -82.9589258, 39.9724409 ], [ -82.9589316, 39.9723514 ], [ -82.9589895, 39.9723536 ], [ -82.9589874, 39.9723851 ], [ -82.9590497, 39.9723875 ], [ -82.9590442, 39.9724717 ], [ -82.9590676, 39.9724726 ], [ -82.9590634, 39.9725382 ], [ -82.9589017, 39.9725321 ] ] ] } },
{ "type": "Feature", "properties": { "@id": "way/922441951", "amenity": null, "building": "residential", "name": null, "GEOID": "39049002520" }, "geometry": { "type": "Polygon", "coordinates": [ [ [ -82.9602608, 39.9721784 ], [ -82.9602694, 39.9720577 ], [ -82.9603115, 39.9720594 ], [ -82.9603128, 39.9720409 ], [ -82.9603758, 39.9720435 ], [ -82.9603658, 39.9721828 ], [ -82.9602608, 39.9721784 ] ] ] } },
{ "type": "Feature", "properties": { "@id": "way/922441953", "amenity": null, "building": "residential", "name": null, "GEOID": "39049002520" }, "geometry": { "type": "Polygon", "coordinates": [ [ [ -82.9541042, 39.9695316 ], [ -82.9541086, 39.9694544 ], [ -82.9542239, 39.9694583 ], [ -82.9542194, 39.9695356 ], [ -82.9541042, 39.9695316 ] ] ] } },
{ "type": "Feature", "properties": { "@id": "way/922441954", "amenity": null, "building": "residential", "name": null, "GEOID": "39049002520" }, "geometry": { "type": "Polygon", "coordinates": [ [ [ -82.960978, 39.9734082 ], [ -82.9609833, 39.9734084 ], [ -82.9609741, 39.9735287 ], [ -82.9608474, 39.973523 ], [ -82.9608566, 39.9734027 ], [ -82.960864, 39.9734031 ], [ -82.9608654, 39.9733853 ], [ -82.9609794, 39.9733905 ], [ -82.960978, 39.9734082 ] ] ] } },
{ "type": "Feature", "properties": { "@id": "way/922441955", "amenity": null, "building": "residential", "name": null, "GEOID": "39049002520" }, "geometry": { "type": "Polygon", "coordinates": [ [ [ -82.9576057, 39.9692364 ], [ -82.957606, 39.9692299 ], [ -82.9578126, 39.9692356 ], [ -82.9578101, 39.9692901 ], [ -82.9578257, 39.9692906 ], [ -82.9578222, 39.9693639 ], [ -82.9576005, 39.9693577 ], [ -82.9576009, 39.9693509 ], [ -82.9575497, 39.9693495 ], [ -82.9575551, 39.969235 ], [ -82.9576057, 39.9692364 ] ] ] } },
{ "type": "Feature", "properties": { "@id": "way/922441956", "amenity": null, "building": "residential", "name": null, "GEOID": "39049002520" }, "geometry": { "type": "Polygon", "coordinates": [ [ [ -82.9572891, 39.9729359 ], [ -82.9572959, 39.9728368 ], [ -82.9574706, 39.9728438 ], [ -82.9574638, 39.9729429 ], [ -82.9572891, 39.9729359 ] ] ] } },
{ "type": "Feature", "properties": { "@id": "way/922441958", "amenity": null, "building": "residential", "name": null, "GEOID": "39049002520" }, "geometry": { "type": "Polygon", "coordinates": [ [ [ -82.9591142, 39.9685336 ], [ -82.9591237, 39.9684182 ], [ -82.9591518, 39.9684196 ], [ -82.9591543, 39.9683895 ], [ -82.9592455, 39.9683939 ], [ -82.9592335, 39.9685394 ], [ -82.9591142, 39.9685336 ] ] ] } },
{ "type": "Feature", "properties": { "@id": "way/922441960", "amenity": null, "building": "residential", "name": null, "GEOID": "39049002520" }, "geometry": { "type": "Polygon", "coordinates": [ [ [ -82.9601034, 39.9690703 ], [ -82.9601071, 39.9690242 ], [ -82.9600864, 39.9690232 ], [ -82.9600946, 39.9689222 ], [ -82.9602001, 39.9689272 ], [ -82.9601922, 39.969025 ], [ -82.9601821, 39.9690245 ], [ -82.9601781, 39.9690739 ], [ -82.9601034, 39.9690703 ] ] ] } },
{ "type": "Feature", "properties": { "@id": "way/922441961", "amenity": null, "building": "residential", "name": null, "GEOID": "39049002520" }, "geometry": { "type": "Polygon", "coordinates": [ [ [ -82.9592589, 39.9697273 ], [ -82.9591235, 39.9697233 ], [ -82.9591252, 39.9696904 ], [ -82.9591091, 39.9696899 ], [ -82.9591136, 39.9696024 ], [ -82.9591237, 39.9696027 ], [ -82.9591255, 39.9695677 ], [ -82.9591673, 39.9695689 ], [ -82.9591681, 39.969554 ], [ -82.9592719, 39.9695571 ], [ -82.9592683, 39.9696285 ], [ -82.9592748, 39.9696287 ], [ -82.9592729, 39.9696672 ], [ -82.959262, 39.9696668 ], [ -82.9592589, 39.9697273 ] ] ] } },
{ "type": "Feature", "properties": { "@id": "way/922441964", "amenity": null, "building": "residential", "name": null, "GEOID": "39049002520" }, "geometry": { "type": "Polygon", "coordinates": [ [ [ -82.9556062, 39.9708007 ], [ -82.9556053, 39.9708109 ], [ -82.955563, 39.9708087 ], [ -82.9555639, 39.9707985 ], [ -82.9555414, 39.9707973 ], [ -82.9555426, 39.9707842 ], [ -82.9555312, 39.9707836 ], [ -82.9555347, 39.9707446 ], [ -82.9555455, 39.9707452 ], [ -82.9555465, 39.9707341 ], [ -82.9556464, 39.9707393 ], [ -82.9556454, 39.9707503 ], [ -82.9556538, 39.9707507 ], [ -82.9556505, 39.9707881 ], [ -82.9556405, 39.9707876 ], [ -82.9556392, 39.9708024 ], [ -82.9556062, 39.9708007 ] ] ] } },
{ "type": "Feature", "properties": { "@id": "way/922441965", "amenity": null, "building": "residential", "name": null, "GEOID": "39049002520" }, "geometry": { "type": "Polygon", "coordinates": [ [ [ -82.9603763, 39.9701263 ], [ -82.9603745, 39.9701481 ], [ -82.9602865, 39.9701438 ], [ -82.9602883, 39.970122 ], [ -82.9602802, 39.9701216 ], [ -82.9602897, 39.9700077 ], [ -82.9603532, 39.9700108 ], [ -82.9603519, 39.9700258 ], [ -82.9603907, 39.9700277 ], [ -82.9603825, 39.9701266 ], [ -82.9603763, 39.9701263 ] ] ] } },
{ "type": "Feature", "properties": { "@id": "way/922441968", "amenity": null, "building": "residential", "name": null, "GEOID": "39049002520" }, "geometry": { "type": "Polygon", "coordinates": [ [ [ -82.9576659, 39.9679977 ], [ -82.9576716, 39.9679301 ], [ -82.9576936, 39.9679312 ], [ -82.9576968, 39.9678941 ], [ -82.9578745, 39.9679029 ], [ -82.9578721, 39.967932 ], [ -82.9578893, 39.9679328 ], [ -82.9578829, 39.9680085 ], [ -82.9576659, 39.9679977 ] ] ] } },
{ "type": "Feature", "properties": { "@id": "way/922441969", "amenity": null, "building": "residential", "name": null, "GEOID": "39049002520" }, "geometry": { "type": "Polygon", "coordinates": [ [ [ -82.9530137, 39.9690309 ], [ -82.9531257, 39.9690186 ], [ -82.9531622, 39.9692133 ], [ -82.9530502, 39.9692256 ], [ -82.9530137, 39.9690309 ] ] ] } },
{ "type": "Feature", "properties": { "@id": "way/922441971", "amenity": null, "building": "residential", "name": null, "GEOID": "39049002520" }, "geometry": { "type": "Polygon", "coordinates": [ [ [ -82.9558357, 39.9683683 ], [ -82.9558498, 39.9682035 ], [ -82.9558733, 39.9682047 ], [ -82.9558753, 39.968182 ], [ -82.9559281, 39.9681847 ], [ -82.9559261, 39.9682077 ], [ -82.955963, 39.9682096 ], [ -82.9559489, 39.968374 ], [ -82.9558357, 39.9683683 ] ] ] } },
{ "type": "Feature", "properties": { "@id": "way/922441972", "amenity": null, "building": "residential", "name": null, "GEOID": "39049002520" }, "geometry": { "type": "Polygon", "coordinates": [ [ [ -82.9597925, 39.970936 ], [ -82.9597944, 39.9709099 ], [ -82.959768, 39.9709088 ], [ -82.959771, 39.970866 ], [ -82.9599198, 39.9708721 ], [ -82.9599169, 39.9709138 ], [ -82.9598959, 39.970913 ], [ -82.959894, 39.9709402 ], [ -82.9597925, 39.970936 ] ] ] } },
{ "type": "Feature", "properties": { "@id": "way/922441973", "amenity": null, "building": "residential", "name": null, "GEOID": "39049002520" }, "geometry": { "type": "Polygon", "coordinates": [ [ [ -82.9602378, 39.9724601 ], [ -82.9602301, 39.972558 ], [ -82.9602183, 39.9725576 ], [ -82.960217, 39.9725826 ], [ -82.9600892, 39.9725786 ], [ -82.9600905, 39.9725536 ], [ -82.9600832, 39.9725532 ], [ -82.9600872, 39.9724974 ], [ -82.9600764, 39.9724887 ], [ -82.9600784, 39.9724661 ], [ -82.96009, 39.9724578 ], [ -82.9600951, 39.9723862 ], [ -82.960233, 39.9723932 ], [ -82.9602278, 39.9724596 ], [ -82.9602378, 39.9724601 ] ] ] } },
{ "type": "Feature", "properties": { "@id": "way/922441974", "amenity": null, "building": "residential", "name": null, "GEOID": "39049002520" }, "geometry": { "type": "Polygon", "coordinates": [ [ [ -82.9583696, 39.9733136 ], [ -82.9583713, 39.9732903 ], [ -82.958344, 39.9732891 ], [ -82.9583512, 39.9731937 ], [ -82.9583596, 39.9731941 ], [ -82.9583615, 39.9731694 ], [ -82.9584527, 39.9731735 ], [ -82.9584508, 39.9731981 ], [ -82.9584622, 39.9731986 ], [ -82.9584549, 39.9732949 ], [ -82.9584488, 39.9732947 ], [ -82.9584471, 39.973317 ], [ -82.9583696, 39.9733136 ] ] ] } },
{ "type": "Feature", "properties": { "@id": "way/922441975", "amenity": null, "building": "residential", "name": null, "GEOID": "39049002520" }, "geometry": { "type": "Polygon", "coordinates": [ [ [ -82.9597451, 39.9711416 ], [ -82.9597502, 39.9710784 ], [ -82.9597673, 39.9710792 ], [ -82.9597705, 39.9710392 ], [ -82.959885, 39.9710446 ], [ -82.959878, 39.9711325 ], [ -82.9597929, 39.9711285 ], [ -82.9597917, 39.9711438 ], [ -82.9597451, 39.9711416 ] ] ] } },
{ "type": "Feature", "properties": { "@id": "way/922441976", "amenity": null, "building": "residential", "name": null, "GEOID": "39049002520" }, "geometry": { "type": "Polygon", "coordinates": [ [ [ -82.96042, 39.9733725 ], [ -82.9604271, 39.9733729 ], [ -82.9604196, 39.9734651 ], [ -82.9603795, 39.9734632 ], [ -82.960378, 39.9734813 ], [ -82.9603207, 39.9734785 ], [ -82.9603222, 39.9734603 ], [ -82.9603087, 39.9734597 ], [ -82.9603162, 39.9733675 ], [ -82.9603273, 39.973368 ], [ -82.9603291, 39.9733465 ], [ -82.9604217, 39.9733509 ], [ -82.96042, 39.9733725 ] ] ] } },
{ "type": "Feature", "properties": { "@id": "way/922441977", "amenity": null, "building": "residential", "name": null, "GEOID": "39049002520" }, "geometry": { "type": "Polygon", "coordinates": [ [ [ -82.9594067, 39.9704518 ], [ -82.9594107, 39.9704012 ], [ -82.9593565, 39.9703987 ], [ -82.9593629, 39.9703176 ], [ -82.959333, 39.9703162 ], [ -82.9593377, 39.9702571 ], [ -82.9594256, 39.9702612 ], [ -82.9594273, 39.9702402 ], [ -82.9594731, 39.9702424 ], [ -82.9594717, 39.9702593 ], [ -82.9595045, 39.9702608 ], [ -82.9594889, 39.9704557 ], [ -82.9594067, 39.9704518 ] ] ] } },
{ "type": "Feature", "properties": { "@id": "way/922441978", "amenity": null, "building": "residential", "name": null, "GEOID": "39049002520" }, "geometry": { "type": "Polygon", "coordinates": [ [ [ -82.9578209, 39.9683578 ], [ -82.9576674, 39.9683508 ], [ -82.9576698, 39.9683068 ], [ -82.9576393, 39.9683058 ], [ -82.9576434, 39.9682323 ], [ -82.9577609, 39.9682363 ], [ -82.9577829, 39.9682273 ], [ -82.9578115, 39.9682289 ], [ -82.9578316, 39.9682437 ], [ -82.9578209, 39.9683578 ] ] ] } },
{ "type": "Feature", "properties": { "@id": "way/922441979", "amenity": null, "building": "residential", "name": null, "GEOID": "39049002520" }, "geometry": { "type": "Polygon", "coordinates": [ [ [ -82.959529, 39.9697153 ], [ -82.9595257, 39.9697589 ], [ -82.9594557, 39.9697559 ], [ -82.9594589, 39.9697123 ], [ -82.9594025, 39.9697098 ], [ -82.9594028, 39.969703 ], [ -82.9593435, 39.9696999 ], [ -82.9593457, 39.9696406 ], [ -82.9593617, 39.9696414 ], [ -82.9593713, 39.9696339 ], [ -82.9593864, 39.9696347 ], [ -82.9593879, 39.9696257 ], [ -82.9594006, 39.96962 ], [ -82.9594077, 39.9696203 ], [ -82.9594079, 39.9696149 ], [ -82.9594706, 39.9696172 ], [ -82.9594708, 39.9696126 ], [ -82.9594916, 39.9695983 ], [ -82.9595057, 39.9695983 ], [ -82.9595062, 39.9695835 ], [ -82.9595925, 39.9695875 ], [ -82.959582, 39.9697177 ], [ -82.959529, 39.9697153 ] ] ] } },
{ "type": "Feature", "properties": { "@id": "way/922441980", "amenity": null, "building": "residential", "name": null, "GEOID": "39049002520" }, "geometry": { "type": "Polygon", "coordinates": [ [ [ -82.957816, 39.9732527 ], [ -82.9578244, 39.973157 ], [ -82.9578314, 39.9731573 ], [ -82.9578327, 39.9731423 ], [ -82.9579105, 39.9731463 ], [ -82.9579092, 39.9731613 ], [ -82.9579154, 39.9731616 ], [ -82.9579084, 39.973242 ], [ -82.9578771, 39.9732404 ], [ -82.9578758, 39.9732558 ], [ -82.957816, 39.9732527 ] ] ] } },
{ "type": "Feature", "properties": { "@id": "way/922441983", "amenity": null, "building": "residential", "name": null, "GEOID": "39049002520" }, "geometry": { "type": "Polygon", "coordinates": [ [ [ -82.9576452, 39.9685111 ], [ -82.9576113, 39.9685094 ], [ -82.9576194, 39.9684142 ], [ -82.9576533, 39.9684159 ], [ -82.9576542, 39.9684064 ], [ -82.9576612, 39.9684067 ], [ -82.9576635, 39.9683797 ], [ -82.9577435, 39.9683837 ], [ -82.9577411, 39.9684113 ], [ -82.9578279, 39.9684157 ], [ -82.9578182, 39.96853 ], [ -82.9576443, 39.9685213 ], [ -82.9576452, 39.9685111 ] ] ] } },
{ "type": "Feature", "properties": { "@id": "way/922441986", "amenity": null, "building": "residential", "name": null, "GEOID": "39049002520" }, "geometry": { "type": "Polygon", "coordinates": [ [ [ -82.9589565, 39.9689904 ], [ -82.9589599, 39.9689527 ], [ -82.9589208, 39.9689507 ], [ -82.9589252, 39.9689014 ], [ -82.9589391, 39.9689022 ], [ -82.9589434, 39.9688532 ], [ -82.959062, 39.9688593 ], [ -82.9590574, 39.9689113 ], [ -82.9590615, 39.9689115 ], [ -82.9590541, 39.9689955 ], [ -82.9589565, 39.9689904 ] ] ] } },
{ "type": "Feature", "properties": { "@id": "way/922441988", "amenity": null, "building": "residential", "name": null, "GEOID": "39049002520" }, "geometry": { "type": "Polygon", "coordinates": [ [ [ -82.9583292, 39.9714464 ], [ -82.9583309, 39.9714259 ], [ -82.9582938, 39.9714241 ], [ -82.958303, 39.971311 ], [ -82.9583972, 39.9713155 ], [ -82.9583959, 39.9713318 ], [ -82.9584011, 39.971332 ], [ -82.9583915, 39.9714494 ], [ -82.9583292, 39.9714464 ] ] ] } },
{ "type": "Feature", "properties": { "@id": "way/922441989", "amenity": null, "building": "residential", "name": null, "GEOID": "39049002520" }, "geometry": { "type": "Polygon", "coordinates": [ [ [ -82.9614162, 39.9694971 ], [ -82.961414, 39.9695226 ], [ -82.9613517, 39.9695194 ], [ -82.9613539, 39.9694939 ], [ -82.9613273, 39.9694926 ], [ -82.9613351, 39.9694034 ], [ -82.9613491, 39.9694041 ], [ -82.961351, 39.9693825 ], [ -82.9613973, 39.9693849 ], [ -82.9613955, 39.9694049 ], [ -82.9614469, 39.9694075 ], [ -82.961439, 39.9694983 ], [ -82.9614162, 39.9694971 ] ] ] } },
{ "type": "Feature", "properties": { "@id": "way/922441992", "amenity": null, "building": "residential", "name": null, "GEOID": "39049002520" }, "geometry": { "type": "Polygon", "coordinates": [ [ [ -82.9574999, 39.9707307 ], [ -82.9575012, 39.9707146 ], [ -82.9575452, 39.9707167 ], [ -82.9575484, 39.9706769 ], [ -82.9576441, 39.9706815 ], [ -82.9576409, 39.9707213 ], [ -82.9576889, 39.9707236 ], [ -82.9576845, 39.9707775 ], [ -82.9577167, 39.9707791 ], [ -82.9577105, 39.9708551 ], [ -82.9574922, 39.9708447 ], [ -82.9574951, 39.9708094 ], [ -82.9574384, 39.9708067 ], [ -82.9574448, 39.970728 ], [ -82.9574999, 39.9707307 ] ] ] } },
{ "type": "Feature", "properties": { "@id": "way/922441994", "amenity": null, "building": "residential", "name": null, "GEOID": "39049002520" }, "geometry": { "type": "Polygon", "coordinates": [ [ [ -82.960537, 39.9697436 ], [ -82.9605455, 39.9696267 ], [ -82.960649, 39.9696312 ], [ -82.960647, 39.9696585 ], [ -82.9606553, 39.9696588 ], [ -82.9606482, 39.9697568 ], [ -82.9606269, 39.9697559 ], [ -82.9606276, 39.9697475 ], [ -82.960537, 39.9697436 ] ] ] } },
{ "type": "Feature", "properties": { "@id": "way/922441995", "amenity": null, "building": "residential", "name": null, "GEOID": "39049002520" }, "geometry": { "type": "Polygon", "coordinates": [ [ [ -82.9588746, 39.9729531 ], [ -82.9588737, 39.9729654 ], [ -82.9587771, 39.9729609 ], [ -82.9587781, 39.9729484 ], [ -82.9587719, 39.9729481 ], [ -82.9587825, 39.9728152 ], [ -82.95889, 39.9728202 ], [ -82.9588793, 39.9729533 ], [ -82.9588746, 39.9729531 ] ] ] } },
{ "type": "Feature", "properties": { "@id": "way/922441996", "amenity": null, "building": "residential", "name": null, "GEOID": "39049002520" }, "geometry": { "type": "Polygon", "coordinates": [ [ [ -82.9597259, 39.9721273 ], [ -82.9597241, 39.9721505 ], [ -82.9596402, 39.9721466 ], [ -82.959642, 39.9721235 ], [ -82.9596297, 39.9721229 ], [ -82.9596373, 39.9720246 ], [ -82.9597438, 39.9720295 ], [ -82.9597361, 39.9721278 ], [ -82.9597259, 39.9721273 ] ] ] } },
{ "type": "Feature", "properties": { "@id": "way/922441997", "amenity": null, "building": "residential", "name": null, "GEOID": "39049002520" }, "geometry": { "type": "Polygon", "coordinates": [ [ [ -82.9601769, 39.9734722 ], [ -82.9601851, 39.9733644 ], [ -82.9601917, 39.9733647 ], [ -82.9601936, 39.9733404 ], [ -82.9602843, 39.9733444 ], [ -82.9602823, 39.9733709 ], [ -82.9602896, 39.9733712 ], [ -82.9602828, 39.9734598 ], [ -82.9602465, 39.9734582 ], [ -82.9602452, 39.9734753 ], [ -82.9601769, 39.9734722 ] ] ] } },
{ "type": "Feature", "properties": { "@id": "way/922441998", "amenity": null, "building": "residential", "name": null, "GEOID": "39049002520" }, "geometry": { "type": "Polygon", "coordinates": [ [ [ -82.9594336, 39.9723789 ], [ -82.9594217, 39.9725072 ], [ -82.9593464, 39.9725031 ], [ -82.9593496, 39.9724691 ], [ -82.9593054, 39.9724667 ], [ -82.9593141, 39.9723723 ], [ -82.9593319, 39.9723733 ], [ -82.9593344, 39.9723466 ], [ -82.959418, 39.9723511 ], [ -82.9594155, 39.9723779 ], [ -82.9594336, 39.9723789 ] ] ] } },
{ "type": "Feature", "properties": { "@id": "way/922441999", "amenity": null, "building": "residential", "name": null, "GEOID": "39049002520" }, "geometry": { "type": "Polygon", "coordinates": [ [ [ -82.9608615, 39.9701525 ], [ -82.9608679, 39.9700839 ], [ -82.9608503, 39.9700829 ], [ -82.9608544, 39.9700387 ], [ -82.9609205, 39.9700423 ], [ -82.9609236, 39.9700085 ], [ -82.9609687, 39.970011 ], [ -82.9609659, 39.9700408 ], [ -82.9609698, 39.970041 ], [ -82.9609588, 39.9701578 ], [ -82.9608615, 39.9701525 ] ] ] } },
{ "type": "Feature", "properties": { "@id": "way/922442001", "amenity": null, "building": "residential", "name": null, "GEOID": "39049002520" }, "geometry": { "type": "Polygon", "coordinates": [ [ [ -82.9579628, 39.9710476 ], [ -82.9579773, 39.9708625 ], [ -82.9580993, 39.9708681 ], [ -82.9580848, 39.9710531 ], [ -82.9579628, 39.9710476 ] ] ] } },
{ "type": "Feature", "properties": { "@id": "way/922442002", "amenity": null, "building": "residential", "name": null, "GEOID": "39049002520" }, "geometry": { "type": "Polygon", "coordinates": [ [ [ -82.9585305, 39.9710696 ], [ -82.9584074, 39.9710645 ], [ -82.9584164, 39.9709362 ], [ -82.9584689, 39.9709384 ], [ -82.9584698, 39.9709259 ], [ -82.95852, 39.9709279 ], [ -82.9585193, 39.9709379 ], [ -82.9585396, 39.9709387 ], [ -82.9585305, 39.9710696 ] ] ] } },
{ "type": "Feature", "properties": { "@id": "way/922442008", "amenity": null, "building": "residential", "name": null, "GEOID": "39049002520" }, "geometry": { "type": "Polygon", "coordinates": [ [ [ -82.9605194, 39.9710609 ], [ -82.9605121, 39.9711495 ], [ -82.960506, 39.9711492 ], [ -82.9605041, 39.9711717 ], [ -82.9604183, 39.9711675 ], [ -82.9604201, 39.9711451 ], [ -82.9604129, 39.9711447 ], [ -82.9604229, 39.9710234 ], [ -82.9604859, 39.9710265 ], [ -82.9604832, 39.9710591 ], [ -82.9605194, 39.9710609 ] ] ] } },
{ "type": "Feature", "properties": { "@id": "way/922442010", "amenity": null, "building": "residential", "name": null, "GEOID": "39049002520" }, "geometry": { "type": "Polygon", "coordinates": [ [ [ -82.9606337, 39.9735083 ], [ -82.9606362, 39.9734786 ], [ -82.9606296, 39.9734783 ], [ -82.9606385, 39.9733711 ], [ -82.960717, 39.9733748 ], [ -82.9607056, 39.9735119 ], [ -82.9606337, 39.9735083 ] ] ] } },
{ "type": "Feature", "properties": { "@id": "way/922442011", "amenity": null, "building": "residential", "name": null, "GEOID": "39049002520" }, "geometry": { "type": "Polygon", "coordinates": [ [ [ -82.9550258, 39.9708647 ], [ -82.9550266, 39.9708558 ], [ -82.9549993, 39.9708544 ], [ -82.9550095, 39.9707428 ], [ -82.9551158, 39.9707485 ], [ -82.9551058, 39.9708587 ], [ -82.9550738, 39.970857 ], [ -82.9550729, 39.9708672 ], [ -82.9550258, 39.9708647 ] ] ] } },
{ "type": "Feature", "properties": { "@id": "way/922442014", "amenity": null, "building": "residential", "name": null, "GEOID": "39049002520" }, "geometry": { "type": "Polygon", "coordinates": [ [ [ -82.9536229, 39.9694792 ], [ -82.9536272, 39.9693932 ], [ -82.9537405, 39.9693966 ], [ -82.9537416, 39.9693731 ], [ -82.9538303, 39.9693757 ], [ -82.9538276, 39.9694296 ], [ -82.9537996, 39.9694288 ], [ -82.9537968, 39.9694844 ], [ -82.9536229, 39.9694792 ] ] ] } },
{ "type": "Feature", "properties": { "@id": "way/922442015", "amenity": null, "building": "residential", "name": null, "GEOID": "39049002520" }, "geometry": { "type": "Polygon", "coordinates": [ [ [ -82.9574674, 39.9726996 ], [ -82.9574603, 39.9728051 ], [ -82.9572925, 39.9727984 ], [ -82.9572976, 39.9727233 ], [ -82.9573309, 39.9727246 ], [ -82.9573329, 39.9726942 ], [ -82.9574674, 39.9726996 ] ] ] } },
{ "type": "Feature", "properties": { "@id": "way/922442017", "amenity": null, "building": "residential", "name": null, "GEOID": "39049002520" }, "geometry": { "type": "Polygon", "coordinates": [ [ [ -82.9599115, 39.9740497 ], [ -82.9599102, 39.9740683 ], [ -82.9598233, 39.9740647 ], [ -82.9598246, 39.9740461 ], [ -82.9598196, 39.9740459 ], [ -82.9598283, 39.9739217 ], [ -82.9598843, 39.9739241 ], [ -82.9598829, 39.9739429 ], [ -82.9599256, 39.9739447 ], [ -82.9599181, 39.97405 ], [ -82.9599115, 39.9740497 ] ] ] } },
{ "type": "Feature", "properties": { "@id": "way/922442018", "amenity": null, "building": "residential", "name": null, "GEOID": "39049002520" }, "geometry": { "type": "Polygon", "coordinates": [ [ [ -82.9592638, 39.9703198 ], [ -82.9592558, 39.9704177 ], [ -82.9591209, 39.9704112 ], [ -82.9591289, 39.9703133 ], [ -82.9592638, 39.9703198 ] ] ] } },
{ "type": "Feature", "properties": { "@id": "way/922442019", "amenity": null, "building": "residential", "name": null, "GEOID": "39049002520" }, "geometry": { "type": "Polygon", "coordinates": [ [ [ -82.9606155, 39.9731377 ], [ -82.9606254, 39.9730159 ], [ -82.960676, 39.9730184 ], [ -82.9606748, 39.9730339 ], [ -82.9607148, 39.9730358 ], [ -82.9607061, 39.973142 ], [ -82.9606155, 39.9731377 ] ] ] } },
{ "type": "Feature", "properties": { "@id": "way/922442020", "amenity": null, "building": "residential", "name": null, "GEOID": "39049002520" }, "geometry": { "type": "Polygon", "coordinates": [ [ [ -82.9559975, 39.971337 ], [ -82.9560095, 39.9713374 ], [ -82.956004, 39.9714183 ], [ -82.9559089, 39.9714145 ], [ -82.9559075, 39.9714351 ], [ -82.9558588, 39.9714331 ], [ -82.9558658, 39.9713316 ], [ -82.9558772, 39.9713321 ], [ -82.9558787, 39.9713103 ], [ -82.955999, 39.9713152 ], [ -82.9559975, 39.971337 ] ] ] } },
{ "type": "Feature", "properties": { "@id": "way/922442021", "amenity": null, "building": "residential", "name": null, "GEOID": "39049002520" }, "geometry": { "type": "Polygon", "coordinates": [ [ [ -82.960977, 39.9701558 ], [ -82.9609708, 39.9701554 ], [ -82.9609816, 39.9700263 ], [ -82.9611097, 39.9700326 ], [ -82.961099, 39.9701617 ], [ -82.9610884, 39.9701612 ], [ -82.9610869, 39.9701795 ], [ -82.9609755, 39.9701741 ], [ -82.960977, 39.9701558 ] ] ] } },
{ "type": "Feature", "properties": { "@id": "way/922442025", "amenity": null, "building": "residential", "name": null, "GEOID": "39049002520" }, "geometry": { "type": "Polygon", "coordinates": [ [ [ -82.959723, 39.9739658 ], [ -82.9597162, 39.9740609 ], [ -82.9596148, 39.9740567 ], [ -82.9596215, 39.9739616 ], [ -82.959723, 39.9739658 ] ] ] } },
{ "type": "Feature", "properties": { "@id": "way/922442026", "amenity": null, "building": "residential", "name": null, "GEOID": "39049002520" }, "geometry": { "type": "Polygon", "coordinates": [ [ [ -82.9597859, 39.970802 ], [ -82.9597882, 39.9707721 ], [ -82.9599213, 39.9707782 ], [ -82.959916, 39.9708456 ], [ -82.9597687, 39.9708388 ], [ -82.9597716, 39.9708013 ], [ -82.9597859, 39.970802 ] ] ] } },
{ "type": "Feature", "properties": { "@id": "way/922442027", "amenity": null, "building": "residential", "name": null, "GEOID": "39049002520" }, "geometry": { "type": "Polygon", "coordinates": [ [ [ -82.9555016, 39.9714268 ], [ -82.955511, 39.9713135 ], [ -82.9556217, 39.9713189 ], [ -82.9556124, 39.9714322 ], [ -82.9555016, 39.9714268 ] ] ] } },
{ "type": "Feature", "properties": { "@id": "way/922442030", "amenity": null, "building": "residential", "name": null, "GEOID": "39049002520" }, "geometry": { "type": "Polygon", "coordinates": [ [ [ -82.9590428, 39.9709748 ], [ -82.9590334, 39.9710885 ], [ -82.9589479, 39.9710843 ], [ -82.9589573, 39.9709706 ], [ -82.9590428, 39.9709748 ] ] ] } },
{ "type": "Feature", "properties": { "@id": "way/922442031", "amenity": null, "building": "residential", "name": null, "GEOID": "39049002520" }, "geometry": { "type": "Polygon", "coordinates": [ [ [ -82.95865, 39.972493 ], [ -82.9586617, 39.9723552 ], [ -82.9587828, 39.9723612 ], [ -82.9587821, 39.9723688 ], [ -82.9588079, 39.9723701 ], [ -82.9588045, 39.9724099 ], [ -82.9587796, 39.9724086 ], [ -82.9587749, 39.9724642 ], [ -82.9587241, 39.9724617 ], [ -82.9587212, 39.9724965 ], [ -82.95865, 39.972493 ] ] ] } },
{ "type": "Feature", "properties": { "@id": "way/922442035", "amenity": null, "building": "residential", "name": null, "GEOID": "39049002520" }, "geometry": { "type": "Polygon", "coordinates": [ [ [ -82.958918, 39.9713932 ], [ -82.9589217, 39.9713501 ], [ -82.9589507, 39.9713515 ], [ -82.958955, 39.9713001 ], [ -82.9590823, 39.9713064 ], [ -82.959079, 39.9713446 ], [ -82.9591141, 39.9713463 ], [ -82.9591093, 39.9714027 ], [ -82.958918, 39.9713932 ] ] ] } },
{ "type": "Feature", "properties": { "@id": "way/922442036", "amenity": null, "building": "residential", "name": null, "GEOID": "39049002520" }, "geometry": { "type": "Polygon", "coordinates": [ [ [ -82.9591051, 39.9711151 ], [ -82.9591075, 39.971087 ], [ -82.959067, 39.971085 ], [ -82.9590741, 39.9710004 ], [ -82.9591065, 39.971002 ], [ -82.9591088, 39.9709743 ], [ -82.9591785, 39.9709777 ], [ -82.9591668, 39.9711181 ], [ -82.9591051, 39.9711151 ] ] ] } },
{ "type": "Feature", "properties": { "@id": "way/922442037", "amenity": null, "building": "residential", "name": null, "GEOID": "39049002520" }, "geometry": { "type": "Polygon", "coordinates": [ [ [ -82.9580938, 39.9728028 ], [ -82.9580846, 39.9729253 ], [ -82.9580789, 39.972925 ], [ -82.9580774, 39.9729445 ], [ -82.957983, 39.9729404 ], [ -82.9579844, 39.9729209 ], [ -82.9579761, 39.9729205 ], [ -82.9579853, 39.972798 ], [ -82.9580938, 39.9728028 ] ] ] } },
{ "type": "Feature", "properties": { "@id": "way/922442041", "amenity": null, "building": "residential", "name": null, "GEOID": "39049002520" }, "geometry": { "type": "Polygon", "coordinates": [ [ [ -82.959561, 39.968396 ], [ -82.9595468, 39.9685805 ], [ -82.9594361, 39.9685754 ], [ -82.9594472, 39.9684315 ], [ -82.9594731, 39.9684326 ], [ -82.9594763, 39.9683921 ], [ -82.959561, 39.968396 ] ] ] } },
{ "type": "Feature", "properties": { "@id": "way/922442042", "amenity": null, "building": "residential", "name": null, "GEOID": "39049002520" }, "geometry": { "type": "Polygon", "coordinates": [ [ [ -82.958748, 39.9733191 ], [ -82.9587568, 39.9732126 ], [ -82.958852, 39.9732172 ], [ -82.9588432, 39.9733238 ], [ -82.958748, 39.9733191 ] ] ] } },
{ "type": "Feature", "properties": { "@id": "way/922442043", "amenity": null, "building": "residential", "name": null, "GEOID": "39049002520" }, "geometry": { "type": "Polygon", "coordinates": [ [ [ -82.9558326, 39.9708117 ], [ -82.9557171, 39.9708058 ], [ -82.9557244, 39.9707209 ], [ -82.9557437, 39.9707218 ], [ -82.9557481, 39.9706714 ], [ -82.9558565, 39.9706769 ], [ -82.9558522, 39.9707254 ], [ -82.9558401, 39.9707247 ], [ -82.9558326, 39.9708117 ] ] ] } },
{ "type": "Feature", "properties": { "@id": "way/922442044", "amenity": null, "building": "residential", "name": null, "GEOID": "39049002520" }, "geometry": { "type": "Polygon", "coordinates": [ [ [ -82.9556758, 39.9683695 ], [ -82.9556886, 39.9682031 ], [ -82.9557108, 39.9682041 ], [ -82.9557124, 39.9681836 ], [ -82.9557957, 39.9681874 ], [ -82.9557938, 39.9682119 ], [ -82.9558113, 39.9682127 ], [ -82.9557987, 39.9683751 ], [ -82.9556758, 39.9683695 ] ] ] } },
{ "type": "Feature", "properties": { "@id": "way/922442045", "amenity": null, "building": "residential", "name": null, "GEOID": "39049002520" }, "geometry": { "type": "Polygon", "coordinates": [ [ [ -82.9589736, 39.9716207 ], [ -82.958974, 39.9716162 ], [ -82.9589538, 39.9716152 ], [ -82.9589563, 39.9715866 ], [ -82.9589764, 39.9715877 ], [ -82.9589811, 39.9715341 ], [ -82.9591183, 39.9715411 ], [ -82.9591108, 39.9716277 ], [ -82.9589736, 39.9716207 ] ] ] } },
{ "type": "Feature", "properties": { "@id": "way/922442047", "amenity": null, "building": "residential", "name": null, "GEOID": "39049002520" }, "geometry": { "type": "Polygon", "coordinates": [ [ [ -82.958558, 39.9702823 ], [ -82.958546, 39.9704325 ], [ -82.9583897, 39.9704251 ], [ -82.9584017, 39.9702751 ], [ -82.9584135, 39.9702756 ], [ -82.9584166, 39.9702375 ], [ -82.9585498, 39.9702438 ], [ -82.9585468, 39.9702818 ], [ -82.958558, 39.9702823 ] ] ] } },
{ "type": "Feature", "properties": { "@id": "way/922442048", "amenity": null, "building": "residential", "name": null, "GEOID": "39049002520" }, "geometry": { "type": "Polygon", "coordinates": [ [ [ -82.9574173, 39.9713183 ], [ -82.9574258, 39.9712102 ], [ -82.9577127, 39.9712234 ], [ -82.9577042, 39.9713316 ], [ -82.9574173, 39.9713183 ] ] ] } },
{ "type": "Feature", "properties": { "@id": "way/922442049", "amenity": null, "building": "residential", "name": null, "GEOID": "39049002520" }, "geometry": { "type": "Polygon", "coordinates": [ [ [ -82.9576139, 39.9689201 ], [ -82.9576146, 39.9689116 ], [ -82.9575771, 39.9689098 ], [ -82.9575864, 39.9687983 ], [ -82.9576239, 39.9688002 ], [ -82.9576245, 39.9687936 ], [ -82.9577888, 39.9688016 ], [ -82.9577896, 39.9687919 ], [ -82.9580408, 39.9688043 ], [ -82.9580294, 39.9689405 ], [ -82.9576139, 39.9689201 ] ] ] } },
{ "type": "Feature", "properties": { "@id": "way/922442050", "amenity": null, "building": "residential", "name": null, "GEOID": "39049002520" }, "geometry": { "type": "Polygon", "coordinates": [ [ [ -82.9545013, 39.9688607 ], [ -82.9545064, 39.9688602 ], [ -82.9545211, 39.9689533 ], [ -82.9544903, 39.9689561 ], [ -82.954493, 39.9689737 ], [ -82.9544131, 39.9689812 ], [ -82.9543956, 39.9688705 ], [ -82.9544024, 39.9688699 ], [ -82.9543981, 39.968843 ], [ -82.954497, 39.9688338 ], [ -82.9545013, 39.9688607 ] ] ] } },
{ "type": "Feature", "properties": { "@id": "way/922442051", "amenity": null, "building": "residential", "name": null, "GEOID": "39049002520" }, "geometry": { "type": "Polygon", "coordinates": [ [ [ -82.9540901, 39.9689736 ], [ -82.9540802, 39.9689747 ], [ -82.9540637, 39.9688855 ], [ -82.95421, 39.9688696 ], [ -82.9542272, 39.968962 ], [ -82.9542112, 39.9689638 ], [ -82.9542335, 39.9690839 ], [ -82.954113, 39.969097 ], [ -82.9540901, 39.9689736 ] ] ] } },
{ "type": "Feature", "properties": { "@id": "way/922442052", "amenity": null, "building": "residential", "name": null, "GEOID": "39049002520" }, "geometry": { "type": "Polygon", "coordinates": [ [ [ -82.9600344, 39.9740572 ], [ -82.9600329, 39.9740773 ], [ -82.9599552, 39.9740737 ], [ -82.9599568, 39.9740538 ], [ -82.9599451, 39.9740533 ], [ -82.9599521, 39.9739623 ], [ -82.9599422, 39.9739618 ], [ -82.9599429, 39.9739526 ], [ -82.9599586, 39.9739533 ], [ -82.9599593, 39.9739444 ], [ -82.9600538, 39.9739487 ], [ -82.9600453, 39.9740577 ], [ -82.9600344, 39.9740572 ] ] ] } },
{ "type": "Feature", "properties": { "@id": "way/922442053", "amenity": null, "building": "residential", "name": null, "GEOID": "39049002520" }, "geometry": { "type": "Polygon", "coordinates": [ [ [ -82.9603634, 39.9690325 ], [ -82.960371, 39.968938 ], [ -82.960415, 39.9689401 ], [ -82.9604163, 39.9689242 ], [ -82.9604797, 39.9689272 ], [ -82.9604708, 39.9690376 ], [ -82.9603634, 39.9690325 ] ] ] } },
{ "type": "Feature", "properties": { "@id": "way/922442054", "amenity": null, "building": "residential", "name": null, "GEOID": "39049002520" }, "geometry": { "type": "Polygon", "coordinates": [ [ [ -82.9583454, 39.9739728 ], [ -82.9583472, 39.9739495 ], [ -82.9583073, 39.9739477 ], [ -82.9583158, 39.9738352 ], [ -82.9583539, 39.9738369 ], [ -82.9583554, 39.9738175 ], [ -82.9583928, 39.9738192 ], [ -82.9583915, 39.9738352 ], [ -82.9584187, 39.9738364 ], [ -82.9584081, 39.9739756 ], [ -82.9583454, 39.9739728 ] ] ] } },
{ "type": "Feature", "properties": { "@id": "way/922442055", "amenity": null, "building": "residential", "name": null, "GEOID": "39049002520" }, "geometry": { "type": "Polygon", "coordinates": [ [ [ -82.9597498, 39.9724906 ], [ -82.9597571, 39.9723984 ], [ -82.9598535, 39.9724029 ], [ -82.9598462, 39.9724951 ], [ -82.9597498, 39.9724906 ] ] ] } },
{ "type": "Feature", "properties": { "@id": "way/922442056", "amenity": null, "building": "residential", "name": null, "GEOID": "39049002520" }, "geometry": { "type": "Polygon", "coordinates": [ [ [ -82.9555543, 39.9683724 ], [ -82.955566, 39.9682064 ], [ -82.9555821, 39.9682071 ], [ -82.955584, 39.9681798 ], [ -82.9556434, 39.9681823 ], [ -82.9556415, 39.9682096 ], [ -82.9556775, 39.9682111 ], [ -82.9556657, 39.968377 ], [ -82.9555543, 39.9683724 ] ] ] } },
{ "type": "Feature", "properties": { "@id": "way/922442057", "amenity": null, "building": "residential", "name": null, "GEOID": "39049002520" }, "geometry": { "type": "Polygon", "coordinates": [ [ [ -82.9536087, 39.9695744 ], [ -82.9536121, 39.9695015 ], [ -82.9538142, 39.969507 ], [ -82.9538125, 39.9695433 ], [ -82.9537834, 39.9695425 ], [ -82.9537816, 39.9695792 ], [ -82.9536087, 39.9695744 ] ] ] } },
{ "type": "Feature", "properties": { "@id": "way/922442058", "amenity": null, "building": "residential", "name": null, "GEOID": "39049002520" }, "geometry": { "type": "Polygon", "coordinates": [ [ [ -82.9610303, 39.9719319 ], [ -82.9610364, 39.9718544 ], [ -82.9612284, 39.9718632 ], [ -82.9612223, 39.9719407 ], [ -82.9610303, 39.9719319 ] ] ] } },
{ "type": "Feature", "properties": { "@id": "way/922442061", "amenity": null, "building": "residential", "name": null, "GEOID": "39049002520" }, "geometry": { "type": "Polygon", "coordinates": [ [ [ -82.9595995, 39.9721445 ], [ -82.9595036, 39.9721405 ], [ -82.9595115, 39.9720273 ], [ -82.9595482, 39.9720288 ], [ -82.9595493, 39.9720128 ], [ -82.9596014, 39.9720149 ], [ -82.9596003, 39.9720311 ], [ -82.9596074, 39.9720314 ], [ -82.9595995, 39.9721445 ] ] ] } },
{ "type": "Feature", "properties": { "@id": "way/922442064", "amenity": null, "building": "residential", "name": null, "GEOID": "39049002520" }, "geometry": { "type": "Polygon", "coordinates": [ [ [ -82.9577599, 39.9715282 ], [ -82.9577662, 39.9714167 ], [ -82.957859, 39.9714197 ], [ -82.9578527, 39.9715313 ], [ -82.9577599, 39.9715282 ] ] ] } },
{ "type": "Feature", "properties": { "@id": "way/922442066", "amenity": null, "building": "residential", "name": null, "GEOID": "39049002520" }, "geometry": { "type": "Polygon", "coordinates": [ [ [ -82.9583179, 39.9731683 ], [ -82.9583066, 39.9733026 ], [ -82.9581902, 39.9732968 ], [ -82.9582015, 39.9731626 ], [ -82.9583179, 39.9731683 ] ] ] } },
{ "type": "Feature", "properties": { "@id": "way/922442068", "amenity": null, "building": "residential", "name": null, "GEOID": "39049002520" }, "geometry": { "type": "Polygon", "coordinates": [ [ [ -82.9589834, 39.9720872 ], [ -82.9588788, 39.9720824 ], [ -82.9588908, 39.9719283 ], [ -82.9589954, 39.9719331 ], [ -82.9589834, 39.9720872 ] ] ] } },
{ "type": "Feature", "properties": { "@id": "way/922442069", "amenity": null, "building": "residential", "name": null, "GEOID": "39049002520" }, "geometry": { "type": "Polygon", "coordinates": [ [ [ -82.9550562, 39.9684305 ], [ -82.9549617, 39.9684417 ], [ -82.9549368, 39.9683185 ], [ -82.9549881, 39.9683124 ], [ -82.9549931, 39.9683368 ], [ -82.9550363, 39.9683317 ], [ -82.9550562, 39.9684305 ] ] ] } },
{ "type": "Feature", "properties": { "@id": "way/922442070", "amenity": null, "building": "residential", "name": null, "GEOID": "39049002520" }, "geometry": { "type": "Polygon", "coordinates": [ [ [ -82.9611625, 39.9699991 ], [ -82.9612221, 39.9700019 ], [ -82.9612234, 39.969985 ], [ -82.9612448, 39.969986 ], [ -82.9612284, 39.9701909 ], [ -82.9611235, 39.970186 ], [ -82.9611397, 39.9699821 ], [ -82.9611638, 39.9699833 ], [ -82.9611625, 39.9699991 ] ] ] } },
{ "type": "Feature", "properties": { "@id": "way/922442071", "amenity": null, "building": "residential", "name": null, "GEOID": "39049002520" }, "geometry": { "type": "Polygon", "coordinates": [ [ [ -82.9537627, 39.9698974 ], [ -82.9537873, 39.9698981 ], [ -82.9537864, 39.9699192 ], [ -82.9535949, 39.9699143 ], [ -82.9535982, 39.9698376 ], [ -82.9537876, 39.9698425 ], [ -82.9537866, 39.9698675 ], [ -82.9537641, 39.9698669 ], [ -82.9537627, 39.9698974 ] ] ] } },
{ "type": "Feature", "properties": { "@id": "way/922442073", "amenity": null, "building": "residential", "name": null, "GEOID": "39049002520" }, "geometry": { "type": "Polygon", "coordinates": [ [ [ -82.9577313, 39.9690053 ], [ -82.957731, 39.9690094 ], [ -82.9577644, 39.9690111 ], [ -82.9577664, 39.9689885 ], [ -82.957836, 39.9689921 ], [ -82.9578286, 39.9690776 ], [ -82.957768, 39.9690744 ], [ -82.9577618, 39.9691454 ], [ -82.9575929, 39.9691367 ], [ -82.9575965, 39.9690954 ], [ -82.9575633, 39.9690937 ], [ -82.9575677, 39.9690428 ], [ -82.9576009, 39.9690445 ], [ -82.9576049, 39.9689988 ], [ -82.9577313, 39.9690053 ] ] ] } },
{ "type": "Feature", "properties": { "@id": "way/922442075", "amenity": null, "building": "residential", "name": null, "GEOID": "39049002520" }, "geometry": { "type": "Polygon", "coordinates": [ [ [ -82.9584836, 39.9728073 ], [ -82.9584717, 39.9729547 ], [ -82.9583589, 39.9729493 ], [ -82.9583708, 39.972802 ], [ -82.9584836, 39.9728073 ] ] ] } },
{ "type": "Feature", "properties": { "@id": "way/922442076", "amenity": null, "building": "residential", "name": null, "GEOID": "39049002520" }, "geometry": { "type": "Polygon", "coordinates": [ [ [ -82.9592403, 39.9737581 ], [ -82.9592108, 39.9737564 ], [ -82.9592172, 39.9736921 ], [ -82.9592468, 39.9736938 ], [ -82.959247, 39.9736913 ], [ -82.9593453, 39.9736971 ], [ -82.9593381, 39.9737686 ], [ -82.9592398, 39.9737628 ], [ -82.9592403, 39.9737581 ] ] ] } },
{ "type": "Feature", "properties": { "@id": "way/922442077", "amenity": null, "building": "residential", "name": null, "GEOID": "39049002520" }, "geometry": { "type": "Polygon", "coordinates": [ [ [ -82.9606346, 39.9721948 ], [ -82.9605477, 39.9721908 ], [ -82.9605568, 39.9720731 ], [ -82.9605711, 39.9720737 ], [ -82.9605729, 39.972051 ], [ -82.9606454, 39.9720543 ], [ -82.9606346, 39.9721948 ] ] ] } },
{ "type": "Feature", "properties": { "@id": "way/922442084", "amenity": null, "building": "residential", "name": null, "GEOID": "39049002520" }, "geometry": { "type": "Polygon", "coordinates": [ [ [ -82.9564208, 39.9713896 ], [ -82.9564296, 39.9713899 ], [ -82.9564265, 39.971441 ], [ -82.9564136, 39.9714406 ], [ -82.9564115, 39.971476 ], [ -82.9563861, 39.9714752 ], [ -82.9563843, 39.9715046 ], [ -82.9563058, 39.9715018 ], [ -82.9563099, 39.971434 ], [ -82.9562998, 39.9714337 ], [ -82.9563028, 39.9713839 ], [ -82.9563155, 39.9713843 ], [ -82.9563191, 39.9713251 ], [ -82.9564245, 39.9713288 ], [ -82.9564208, 39.9713896 ] ] ] } },
{ "type": "Feature", "properties": { "@id": "way/922442086", "amenity": null, "building": "residential", "name": null, "GEOID": "39049002520" }, "geometry": { "type": "Polygon", "coordinates": [ [ [ -82.9611635, 39.9695035 ], [ -82.9610776, 39.9694994 ], [ -82.9610873, 39.9693812 ], [ -82.9611208, 39.9693828 ], [ -82.9611221, 39.9693667 ], [ -82.9611744, 39.9693692 ], [ -82.9611635, 39.9695035 ] ] ] } },
{ "type": "Feature", "properties": { "@id": "way/922442092", "amenity": null, "building": "residential", "name": null, "GEOID": "39049002520" }, "geometry": { "type": "Polygon", "coordinates": [ [ [ -82.9578684, 39.9727536 ], [ -82.9578704, 39.9727324 ], [ -82.9578318, 39.9727303 ], [ -82.9578411, 39.9726324 ], [ -82.957992, 39.9726409 ], [ -82.9579832, 39.9727332 ], [ -82.9579224, 39.9727298 ], [ -82.9579199, 39.9727565 ], [ -82.9578684, 39.9727536 ] ] ] } },
{ "type": "Feature", "properties": { "@id": "way/922442093", "amenity": null, "building": "residential", "name": null, "GEOID": "39049002520" }, "geometry": { "type": "Polygon", "coordinates": [ [ [ -82.960701, 39.9740822 ], [ -82.9607016, 39.9740743 ], [ -82.9606613, 39.9740724 ], [ -82.9606679, 39.9739922 ], [ -82.9607825, 39.9739977 ], [ -82.9607764, 39.9740726 ], [ -82.9607704, 39.9740723 ], [ -82.9607693, 39.9740855 ], [ -82.960701, 39.9740822 ] ] ] } },
{ "type": "Feature", "properties": { "@id": "way/922442094", "amenity": null, "building": "residential", "name": null, "GEOID": "39049002520" }, "geometry": { "type": "Polygon", "coordinates": [ [ [ -82.9581926, 39.9738224 ], [ -82.9582574, 39.9738253 ], [ -82.9582551, 39.9738543 ], [ -82.9582861, 39.9738557 ], [ -82.9582774, 39.9739693 ], [ -82.9581817, 39.973965 ], [ -82.9581926, 39.9738224 ] ] ] } },
{ "type": "Feature", "properties": { "@id": "way/922442097", "amenity": null, "building": "residential", "name": null, "GEOID": "39049002520" }, "geometry": { "type": "Polygon", "coordinates": [ [ [ -82.9560722, 39.9683462 ], [ -82.9559705, 39.9683411 ], [ -82.955979, 39.9682408 ], [ -82.9560118, 39.9682424 ], [ -82.9560141, 39.9682147 ], [ -82.9560961, 39.9682188 ], [ -82.9560933, 39.9682518 ], [ -82.9560803, 39.9682512 ], [ -82.9560722, 39.9683462 ] ] ] } },
{ "type": "Feature", "properties": { "@id": "way/922442099", "amenity": null, "building": "residential", "name": null, "GEOID": "39049002520" }, "geometry": { "type": "Polygon", "coordinates": [ [ [ -82.959722, 39.9684395 ], [ -82.9597111, 39.9685617 ], [ -82.9596553, 39.9685587 ], [ -82.9596533, 39.968581 ], [ -82.959595, 39.968578 ], [ -82.9596099, 39.9684111 ], [ -82.9596922, 39.9684155 ], [ -82.9596902, 39.9684378 ], [ -82.959722, 39.9684395 ] ] ] } },
{ "type": "Feature", "properties": { "@id": "way/922442100", "amenity": null, "building": "residential", "name": null, "GEOID": "39049002520" }, "geometry": { "type": "Polygon", "coordinates": [ [ [ -82.9607653, 39.9696653 ], [ -82.9607625, 39.9697033 ], [ -82.9607769, 39.9697037 ], [ -82.9607728, 39.9697495 ], [ -82.9607484, 39.9697484 ], [ -82.9607466, 39.9697654 ], [ -82.9606796, 39.9697624 ], [ -82.9606862, 39.9696615 ], [ -82.9607149, 39.9696629 ], [ -82.9607281, 39.9696577 ], [ -82.9607517, 39.9696588 ], [ -82.9607653, 39.9696653 ] ] ] } },
{ "type": "Feature", "properties": { "@id": "way/922442101", "amenity": null, "building": "residential", "name": null, "GEOID": "39049002520" }, "geometry": { "type": "Polygon", "coordinates": [ [ [ -82.9588667, 39.9715166 ], [ -82.9588724, 39.9714535 ], [ -82.9589155, 39.9714558 ], [ -82.9589179, 39.9714286 ], [ -82.9589534, 39.9714305 ], [ -82.958954, 39.9714241 ], [ -82.9590996, 39.9714317 ], [ -82.9590923, 39.9715127 ], [ -82.9589518, 39.9715053 ], [ -82.9589504, 39.971521 ], [ -82.9588667, 39.9715166 ] ] ] } },
{ "type": "Feature", "properties": { "@id": "way/922442103", "amenity": null, "building": "residential", "name": null, "GEOID": "39049002520" }, "geometry": { "type": "Polygon", "coordinates": [ [ [ -82.9605563, 39.9734839 ], [ -82.960517, 39.9734819 ], [ -82.9605153, 39.9735012 ], [ -82.960454, 39.9734981 ], [ -82.9604659, 39.9733601 ], [ -82.9605151, 39.9733626 ], [ -82.9605134, 39.9733819 ], [ -82.9605648, 39.9733845 ], [ -82.9605563, 39.9734839 ] ] ] } },
{ "type": "Feature", "properties": { "@id": "way/922442104", "amenity": null, "building": "residential", "name": null, "GEOID": "39049002520" }, "geometry": { "type": "Polygon", "coordinates": [ [ [ -82.9593778, 39.972135 ], [ -82.9593798, 39.9721082 ], [ -82.959368, 39.9721077 ], [ -82.9593751, 39.9720112 ], [ -82.9594182, 39.9720131 ], [ -82.9594194, 39.9719972 ], [ -82.9594707, 39.9719994 ], [ -82.9594695, 39.9720163 ], [ -82.9594753, 39.9720165 ], [ -82.9594682, 39.9721124 ], [ -82.9594571, 39.9721119 ], [ -82.9594551, 39.9721383 ], [ -82.9593778, 39.972135 ] ] ] } },
{ "type": "Feature", "properties": { "@id": "way/922442106", "amenity": null, "building": "residential", "name": null, "GEOID": "39049002520" }, "geometry": { "type": "Polygon", "coordinates": [ [ [ -82.9580986, 39.9720376 ], [ -82.9580992, 39.9720306 ], [ -82.9580809, 39.9720158 ], [ -82.9580531, 39.9720146 ], [ -82.9580558, 39.9719786 ], [ -82.9580466, 39.9719782 ], [ -82.9580498, 39.9719362 ], [ -82.958059, 39.9719366 ], [ -82.95806, 39.9719238 ], [ -82.9580803, 39.9719247 ], [ -82.9580824, 39.9718969 ], [ -82.9581535, 39.9719001 ], [ -82.9581512, 39.9719298 ], [ -82.9581653, 39.9719305 ], [ -82.9581646, 39.9719404 ], [ -82.9581755, 39.9719409 ], [ -82.9581723, 39.9719834 ], [ -82.9581643, 39.971983 ], [ -82.95816, 39.9720403 ], [ -82.9580986, 39.9720376 ] ] ] } },
{ "type": "Feature", "properties": { "@id": "way/922442107", "amenity": null, "building": "residential", "name": null, "GEOID": "39049002520" }, "geometry": { "type": "Polygon", "coordinates": [ [ [ -82.9587406, 39.9737265 ], [ -82.9587442, 39.9736776 ], [ -82.9587817, 39.9736793 ], [ -82.9587847, 39.9736397 ], [ -82.9589562, 39.9736472 ], [ -82.9589495, 39.9737357 ], [ -82.9587406, 39.9737265 ] ] ] } },
{ "type": "Feature", "properties": { "@id": "way/922442108", "amenity": null, "building": "residential", "name": null, "GEOID": "39049002520" }, "geometry": { "type": "Polygon", "coordinates": [ [ [ -82.9612045, 39.9695047 ], [ -82.9612155, 39.9693685 ], [ -82.9612933, 39.9693721 ], [ -82.9612823, 39.9695083 ], [ -82.9612045, 39.9695047 ] ] ] } },
{ "type": "Feature", "properties": { "@id": "way/922442109", "amenity": null, "building": "residential", "name": null, "GEOID": "39049002520" }, "geometry": { "type": "Polygon", "coordinates": [ [ [ -82.9601996, 39.970528 ], [ -82.9601037, 39.9705237 ], [ -82.9601143, 39.9703865 ], [ -82.9602102, 39.9703909 ], [ -82.9601996, 39.970528 ] ] ] } },
{ "type": "Feature", "properties": { "@id": "way/922442110", "amenity": null, "building": "residential", "name": null, "GEOID": "39049002520" }, "geometry": { "type": "Polygon", "coordinates": [ [ [ -82.9610372, 39.9724579 ], [ -82.9610274, 39.9725711 ], [ -82.9609541, 39.9725673 ], [ -82.9609569, 39.972535 ], [ -82.9609408, 39.9725341 ], [ -82.9609478, 39.9724533 ], [ -82.9609579, 39.9724538 ], [ -82.9609597, 39.972433 ], [ -82.961026, 39.9724364 ], [ -82.9610242, 39.9724572 ], [ -82.9610372, 39.9724579 ] ] ] } },
{ "type": "Feature", "properties": { "@id": "way/922442111", "amenity": null, "building": "residential", "name": null, "GEOID": "39049002520" }, "geometry": { "type": "Polygon", "coordinates": [ [ [ -82.9603708, 39.971159 ], [ -82.9602741, 39.9711547 ], [ -82.9602852, 39.9710076 ], [ -82.9603819, 39.9710119 ], [ -82.9603708, 39.971159 ] ] ] } },
{ "type": "Feature", "properties": { "@id": "way/922442115", "amenity": null, "building": "residential", "name": null, "GEOID": "39049002520" }, "geometry": { "type": "Polygon", "coordinates": [ [ [ -82.9554291, 39.9683636 ], [ -82.9554429, 39.9682038 ], [ -82.9555536, 39.9682094 ], [ -82.9555398, 39.9683692 ], [ -82.9554291, 39.9683636 ] ] ] } },
{ "type": "Feature", "properties": { "@id": "way/922442116", "amenity": null, "building": "residential", "name": null, "GEOID": "39049002520" }, "geometry": { "type": "Polygon", "coordinates": [ [ [ -82.9573596, 39.9725003 ], [ -82.9573729, 39.9723335 ], [ -82.9573967, 39.9723346 ], [ -82.9573992, 39.9723039 ], [ -82.9575543, 39.9723112 ], [ -82.9575512, 39.9723494 ], [ -82.9575408, 39.9723489 ], [ -82.9575367, 39.972401 ], [ -82.957552, 39.9724017 ], [ -82.9575489, 39.9724411 ], [ -82.9576037, 39.9724437 ], [ -82.9575986, 39.972507 ], [ -82.9575169, 39.9725031 ], [ -82.957516, 39.9725137 ], [ -82.957497, 39.9725128 ], [ -82.9574974, 39.9725067 ], [ -82.9573596, 39.9725003 ] ] ] } },
{ "type": "Feature", "properties": { "@id": "way/922442119", "amenity": null, "building": "residential", "name": null, "GEOID": "39049002520" }, "geometry": { "type": "Polygon", "coordinates": [ [ [ -82.958165, 39.9684706 ], [ -82.9581746, 39.9683542 ], [ -82.9583138, 39.968361 ], [ -82.9583042, 39.9684774 ], [ -82.958165, 39.9684706 ] ] ] } },
{ "type": "Feature", "properties": { "@id": "way/922442120", "amenity": null, "building": "residential", "name": null, "GEOID": "39049002520" }, "geometry": { "type": "Polygon", "coordinates": [ [ [ -82.9537154, 39.9690499 ], [ -82.9536584, 39.9690566 ], [ -82.9536544, 39.9690366 ], [ -82.9536197, 39.9690407 ], [ -82.9535998, 39.9689415 ], [ -82.9536915, 39.9689307 ], [ -82.9537154, 39.9690499 ] ] ] } },
{ "type": "Feature", "properties": { "@id": "way/922442122", "amenity": null, "building": "residential", "name": null, "GEOID": "39049002520" }, "geometry": { "type": "Polygon", "coordinates": [ [ [ -82.9594691, 39.9734655 ], [ -82.959475, 39.9734012 ], [ -82.9594465, 39.9733996 ], [ -82.9594533, 39.973325 ], [ -82.9595476, 39.97333 ], [ -82.9595458, 39.97335 ], [ -82.9595763, 39.9733516 ], [ -82.9595655, 39.9734706 ], [ -82.9594691, 39.9734655 ] ] ] } },
{ "type": "Feature", "properties": { "@id": "way/922442126", "amenity": null, "building": "residential", "name": null, "GEOID": "39049002520" }, "geometry": { "type": "Polygon", "coordinates": [ [ [ -82.9592246, 39.971096 ], [ -82.9592274, 39.9710614 ], [ -82.9591908, 39.9710597 ], [ -82.959197, 39.9709818 ], [ -82.9593159, 39.9709874 ], [ -82.959307, 39.9710999 ], [ -82.9592246, 39.971096 ] ] ] } },
{ "type": "Feature", "properties": { "@id": "way/922442128", "amenity": null, "building": "residential", "name": null, "GEOID": "39049002520" }, "geometry": { "type": "Polygon", "coordinates": [ [ [ -82.9604948, 39.9740637 ], [ -82.9604928, 39.9740867 ], [ -82.9604037, 39.974082 ], [ -82.9604057, 39.974059 ], [ -82.9604014, 39.9740588 ], [ -82.9604109, 39.9739518 ], [ -82.9605267, 39.9739578 ], [ -82.9605247, 39.9739806 ], [ -82.9605082, 39.9739797 ], [ -82.9605006, 39.974064 ], [ -82.9604948, 39.9740637 ] ] ] } },
{ "type": "Feature", "properties": { "@id": "way/922442129", "amenity": null, "building": "residential", "name": null, "GEOID": "39049002520" }, "geometry": { "type": "Polygon", "coordinates": [ [ [ -82.9542529, 39.9700027 ], [ -82.9540643, 39.9699967 ], [ -82.9540688, 39.9699156 ], [ -82.9542028, 39.9699199 ], [ -82.9542013, 39.9699475 ], [ -82.9542558, 39.9699492 ], [ -82.9542529, 39.9700027 ] ] ] } },
{ "type": "Feature", "properties": { "@id": "way/922442130", "amenity": null, "building": "residential", "name": null, "GEOID": "39049002520" }, "geometry": { "type": "Polygon", "coordinates": [ [ [ -82.9582139, 39.9697059 ], [ -82.9582161, 39.9696789 ], [ -82.9581507, 39.9696759 ], [ -82.9581613, 39.9695418 ], [ -82.9582318, 39.969545 ], [ -82.9582326, 39.9695349 ], [ -82.9582717, 39.9695367 ], [ -82.9582771, 39.9694696 ], [ -82.958352, 39.969473 ], [ -82.9583356, 39.9696807 ], [ -82.9582698, 39.9696776 ], [ -82.9582673, 39.9697084 ], [ -82.9582139, 39.9697059 ] ] ] } },
{ "type": "Feature", "properties": { "@id": "way/922442131", "amenity": null, "building": "residential", "name": null, "GEOID": "39049002520" }, "geometry": { "type": "Polygon", "coordinates": [ [ [ -82.9580247, 39.9714657 ], [ -82.9580274, 39.9714333 ], [ -82.9579532, 39.9714297 ], [ -82.9579624, 39.97132 ], [ -82.9579684, 39.9713203 ], [ -82.9579706, 39.9712935 ], [ -82.958095, 39.9712996 ], [ -82.9580931, 39.9713225 ], [ -82.9580996, 39.9713229 ], [ -82.9580874, 39.9714687 ], [ -82.9580247, 39.9714657 ] ] ] } },
{ "type": "Feature", "properties": { "@id": "way/922442133", "amenity": null, "building": "residential", "name": null, "GEOID": "39049002520" }, "geometry": { "type": "Polygon", "coordinates": [ [ [ -82.9605554, 39.9731174 ], [ -82.960546, 39.973117 ], [ -82.9605447, 39.9731344 ], [ -82.9604465, 39.9731301 ], [ -82.9604478, 39.9731127 ], [ -82.9604391, 39.9731123 ], [ -82.9604478, 39.9729967 ], [ -82.9604992, 39.9729989 ], [ -82.9605002, 39.9729848 ], [ -82.960565, 39.9729877 ], [ -82.9605554, 39.9731174 ] ] ] } },
{ "type": "Feature", "properties": { "@id": "way/922442136", "amenity": null, "building": "residential", "name": null, "GEOID": "39049002520" }, "geometry": { "type": "Polygon", "coordinates": [ [ [ -82.9535251, 39.9703079 ], [ -82.9535284, 39.9702447 ], [ -82.9537483, 39.9702514 ], [ -82.9537474, 39.9702677 ], [ -82.9537712, 39.9702684 ], [ -82.9537697, 39.9702968 ], [ -82.9537404, 39.9702959 ], [ -82.9537394, 39.9703145 ], [ -82.9535251, 39.9703079 ] ] ] } },
{ "type": "Feature", "properties": { "@id": "way/922442137", "amenity": null, "building": "residential", "name": null, "GEOID": "39049002520" }, "geometry": { "type": "Polygon", "coordinates": [ [ [ -82.9573234, 39.9726253 ], [ -82.9573024, 39.9726243 ], [ -82.9573079, 39.9725594 ], [ -82.9573411, 39.972561 ], [ -82.9573418, 39.9725529 ], [ -82.9574947, 39.9725605 ], [ -82.95749, 39.9726168 ], [ -82.95751, 39.9726178 ], [ -82.9575054, 39.9726727 ], [ -82.9573202, 39.9726636 ], [ -82.9573234, 39.9726253 ] ] ] } },
{ "type": "Feature", "properties": { "@id": "way/922442138", "amenity": null, "building": "residential", "name": null, "GEOID": "39049002520" }, "geometry": { "type": "Polygon", "coordinates": [ [ [ -82.9562381, 39.9683437 ], [ -82.9561162, 39.968338 ], [ -82.9561251, 39.9682259 ], [ -82.9561863, 39.9682288 ], [ -82.9561893, 39.9681912 ], [ -82.95625, 39.968194 ], [ -82.9562381, 39.9683437 ] ] ] } },
{ "type": "Feature", "properties": { "@id": "way/922442139", "amenity": null, "building": "residential", "name": null, "GEOID": "39049002520" }, "geometry": { "type": "Polygon", "coordinates": [ [ [ -82.9600672, 39.972146 ], [ -82.9600569, 39.9721455 ], [ -82.9600552, 39.972167 ], [ -82.9599535, 39.9721622 ], [ -82.9599552, 39.9721407 ], [ -82.9599479, 39.9721403 ], [ -82.9599567, 39.9720308 ], [ -82.9599887, 39.9720323 ], [ -82.9599901, 39.9720147 ], [ -82.9600774, 39.9720188 ], [ -82.9600672, 39.972146 ] ] ] } },
{ "type": "Feature", "properties": { "@id": "way/922442142", "amenity": null, "building": "residential", "name": null, "GEOID": "39049002520" }, "geometry": { "type": "Polygon", "coordinates": [ [ [ -82.9603577, 39.9694434 ], [ -82.9603621, 39.969379 ], [ -82.96037, 39.9693793 ], [ -82.9603724, 39.9693439 ], [ -82.9604042, 39.9693452 ], [ -82.9604053, 39.9693298 ], [ -82.9604807, 39.9693329 ], [ -82.9604728, 39.969448 ], [ -82.9603577, 39.9694434 ] ] ] } },
{ "type": "Feature", "properties": { "@id": "way/922442144", "amenity": null, "building": "residential", "name": null, "GEOID": "39049002520" }, "geometry": { "type": "Polygon", "coordinates": [ [ [ -82.9603761, 39.9724254 ], [ -82.9603682, 39.9725213 ], [ -82.9603546, 39.9725206 ], [ -82.9603525, 39.9725453 ], [ -82.9602566, 39.9725407 ], [ -82.9602586, 39.9725156 ], [ -82.9602408, 39.9725147 ], [ -82.9602486, 39.9724193 ], [ -82.9602638, 39.9724201 ], [ -82.9602654, 39.9724015 ], [ -82.9603636, 39.9724062 ], [ -82.9603621, 39.9724248 ], [ -82.9603761, 39.9724254 ] ] ] } },
{ "type": "Feature", "properties": { "@id": "way/922442145", "amenity": null, "building": "residential", "name": null, "GEOID": "39049002520" }, "geometry": { "type": "Polygon", "coordinates": [ [ [ -82.9552221, 39.9689034 ], [ -82.9552241, 39.9688839 ], [ -82.9551776, 39.9688811 ], [ -82.9551906, 39.9687568 ], [ -82.9553269, 39.9687651 ], [ -82.9553119, 39.9689089 ], [ -82.9552221, 39.9689034 ] ] ] } },
{ "type": "Feature", "properties": { "@id": "way/922442146", "amenity": null, "building": "residential", "name": null, "GEOID": "39049002520" }, "geometry": { "type": "Polygon", "coordinates": [ [ [ -82.953591, 39.9707647 ], [ -82.9535965, 39.97065 ], [ -82.9536836, 39.9706525 ], [ -82.953678, 39.9707672 ], [ -82.953591, 39.9707647 ] ] ] } },
{ "type": "Feature", "properties": { "@id": "way/922442147", "amenity": null, "building": "residential", "name": null, "GEOID": "39049002520" }, "geometry": { "type": "Polygon", "coordinates": [ [ [ -82.9602125, 39.9690792 ], [ -82.9602243, 39.968935 ], [ -82.9602701, 39.9689372 ], [ -82.9602714, 39.9689203 ], [ -82.960337, 39.9689235 ], [ -82.9603273, 39.9690427 ], [ -82.9602716, 39.96904 ], [ -82.9602681, 39.9690819 ], [ -82.9602125, 39.9690792 ] ] ] } },
{ "type": "Feature", "properties": { "@id": "way/922442148", "amenity": null, "building": "residential", "name": null, "GEOID": "39049002520" }, "geometry": { "type": "Polygon", "coordinates": [ [ [ -82.9607369, 39.9731258 ], [ -82.96073, 39.9731254 ], [ -82.9607377, 39.9730312 ], [ -82.9607546, 39.973032 ], [ -82.9607559, 39.973016 ], [ -82.9608256, 39.9730193 ], [ -82.9608243, 39.9730354 ], [ -82.9608291, 39.9730356 ], [ -82.9608214, 39.9731298 ], [ -82.9608127, 39.9731294 ], [ -82.9608113, 39.9731458 ], [ -82.9607356, 39.9731421 ], [ -82.9607369, 39.9731258 ] ] ] } },
{ "type": "Feature", "properties": { "@id": "way/922442149", "amenity": null, "building": "residential", "name": null, "GEOID": "39049002520" }, "geometry": { "type": "Polygon", "coordinates": [ [ [ -82.9563799, 39.9683486 ], [ -82.956275, 39.9683434 ], [ -82.9562843, 39.9682337 ], [ -82.9563892, 39.9682389 ], [ -82.9563799, 39.9683486 ] ] ] } },
{ "type": "Feature", "properties": { "@id": "way/922442150", "amenity": null, "building": "residential", "name": null, "GEOID": "39049002520" }, "geometry": { "type": "Polygon", "coordinates": [ [ [ -82.9578835, 39.9720341 ], [ -82.9578884, 39.9719754 ], [ -82.9579137, 39.9719766 ], [ -82.9579174, 39.9719317 ], [ -82.9579688, 39.9719342 ], [ -82.9579699, 39.9719211 ], [ -82.9580444, 39.9719247 ], [ -82.9580348, 39.9720414 ], [ -82.9578835, 39.9720341 ] ] ] } },
{ "type": "Feature", "properties": { "@id": "way/922442153", "amenity": null, "building": "residential", "name": null, "GEOID": "39049002520" }, "geometry": { "type": "Polygon", "coordinates": [ [ [ -82.9552796, 39.9681975 ], [ -82.9552454, 39.9682015 ], [ -82.9552306, 39.9681225 ], [ -82.9554016, 39.9681026 ], [ -82.9553908, 39.9681861 ], [ -82.9553651, 39.968189 ], [ -82.9552796, 39.9681975 ] ] ] } },
{ "type": "Feature", "properties": { "@id": "way/922442154", "amenity": null, "building": "residential", "name": null, "GEOID": "39049002520" }, "geometry": { "type": "Polygon", "coordinates": [ [ [ -82.959682, 39.9676881 ], [ -82.9597066, 39.9676893 ], [ -82.9596974, 39.9677959 ], [ -82.9596728, 39.9677946 ], [ -82.959672, 39.9678038 ], [ -82.9595199, 39.9677961 ], [ -82.9595205, 39.9677889 ], [ -82.959407, 39.9677832 ], [ -82.9594163, 39.9676757 ], [ -82.9595327, 39.9676816 ], [ -82.9595332, 39.9676764 ], [ -82.9596824, 39.9676839 ], [ -82.959682, 39.9676881 ] ] ] } },
{ "type": "Feature", "properties": { "@id": "way/922442156", "amenity": null, "building": "residential", "name": null, "GEOID": "39049002520" }, "geometry": { "type": "Polygon", "coordinates": [ [ [ -82.9537974, 39.9697295 ], [ -82.9537958, 39.9697649 ], [ -82.9537637, 39.969764 ], [ -82.9537623, 39.9697971 ], [ -82.9535996, 39.9697928 ], [ -82.9536027, 39.9697244 ], [ -82.9537974, 39.9697295 ] ] ] } },
{ "type": "Feature", "properties": { "@id": "way/922442157", "amenity": null, "building": "residential", "name": null, "GEOID": "39049002520" }, "geometry": { "type": "Polygon", "coordinates": [ [ [ -82.9610333, 39.9697665 ], [ -82.9609991, 39.9697649 ], [ -82.9609972, 39.9697884 ], [ -82.9609314, 39.9697852 ], [ -82.9609426, 39.9696477 ], [ -82.9610426, 39.9696525 ], [ -82.9610333, 39.9697665 ] ] ] } },
{ "type": "Feature", "properties": { "@id": "way/922442159", "amenity": null, "building": "residential", "name": null, "GEOID": "39049002520" }, "geometry": { "type": "Polygon", "coordinates": [ [ [ -82.9613906, 39.9700366 ], [ -82.9613772, 39.9701974 ], [ -82.961285, 39.9701929 ], [ -82.9612984, 39.9700321 ], [ -82.9613906, 39.9700366 ] ] ] } },
{ "type": "Feature", "properties": { "@id": "way/922442161", "amenity": null, "building": "residential", "name": null, "GEOID": "39049002520" }, "geometry": { "type": "Polygon", "coordinates": [ [ [ -82.9565214, 39.9683554 ], [ -82.9564244, 39.9683511 ], [ -82.9564337, 39.9682287 ], [ -82.9565014, 39.9682318 ], [ -82.956502, 39.9682237 ], [ -82.9565313, 39.968225 ], [ -82.9565214, 39.9683554 ] ] ] } },
{ "type": "Feature", "properties": { "@id": "way/922442162", "amenity": null, "building": "residential", "name": null, "GEOID": "39049002520" }, "geometry": { "type": "Polygon", "coordinates": [ [ [ -82.9601963, 39.9730518 ], [ -82.9601947, 39.9730719 ], [ -82.960098, 39.9730671 ], [ -82.9600997, 39.9730471 ], [ -82.9600892, 39.9730466 ], [ -82.960098, 39.9729411 ], [ -82.960219, 39.9729471 ], [ -82.9602102, 39.9730525 ], [ -82.9601963, 39.9730518 ] ] ] } },
{ "type": "Feature", "properties": { "@id": "way/922442163", "amenity": null, "building": "residential", "name": null, "GEOID": "39049002520" }, "geometry": { "type": "Polygon", "coordinates": [ [ [ -82.9572098, 39.9739605 ], [ -82.9572185, 39.9738544 ], [ -82.9573962, 39.973863 ], [ -82.9573875, 39.973969 ], [ -82.9572098, 39.9739605 ] ] ] } },
{ "type": "Feature", "properties": { "@id": "way/922442164", "amenity": null, "building": "residential", "name": null, "GEOID": "39049002520" }, "geometry": { "type": "Polygon", "coordinates": [ [ [ -82.957901, 39.97395 ], [ -82.9579102, 39.9738254 ], [ -82.9579668, 39.9738279 ], [ -82.9579656, 39.9738445 ], [ -82.9580038, 39.9738462 ], [ -82.9579958, 39.9739541 ], [ -82.957901, 39.97395 ] ] ] } },
{ "type": "Feature", "properties": { "@id": "way/922442166", "amenity": null, "building": "residential", "name": null, "GEOID": "39049002520" }, "geometry": { "type": "Polygon", "coordinates": [ [ [ -82.9597194, 39.9730732 ], [ -82.9597221, 39.9730423 ], [ -82.9597092, 39.9730416 ], [ -82.9597166, 39.9729568 ], [ -82.9598002, 39.972961 ], [ -82.9597901, 39.9730768 ], [ -82.9597194, 39.9730732 ] ] ] } },
{ "type": "Feature", "properties": { "@id": "way/922442168", "amenity": null, "building": "residential", "name": null, "GEOID": "39049002520" }, "geometry": { "type": "Polygon", "coordinates": [ [ [ -82.9591127, 39.9688535 ], [ -82.9591916, 39.9688574 ], [ -82.9591906, 39.9688692 ], [ -82.9592248, 39.9688709 ], [ -82.959214, 39.9689977 ], [ -82.9591918, 39.9689966 ], [ -82.9591901, 39.9690171 ], [ -82.9591627, 39.9690158 ], [ -82.9591615, 39.9690294 ], [ -82.9590695, 39.9690248 ], [ -82.959074, 39.9689725 ], [ -82.9590889, 39.9689733 ], [ -82.9590971, 39.9688771 ], [ -82.9591107, 39.9688778 ], [ -82.9591127, 39.9688535 ] ] ] } },
{ "type": "Feature", "properties": { "@id": "way/922442169", "amenity": null, "building": "residential", "name": null, "GEOID": "39049002520" }, "geometry": { "type": "Polygon", "coordinates": [ [ [ -82.9595863, 39.9739616 ], [ -82.9595808, 39.9740318 ], [ -82.9595673, 39.9740312 ], [ -82.9595658, 39.9740498 ], [ -82.9594932, 39.9740464 ], [ -82.9595012, 39.9739436 ], [ -82.9595517, 39.9739459 ], [ -82.9595506, 39.97396 ], [ -82.9595863, 39.9739616 ] ] ] } },
{ "type": "Feature", "properties": { "@id": "way/922442170", "amenity": null, "building": "residential", "name": null, "GEOID": "39049002520" }, "geometry": { "type": "Polygon", "coordinates": [ [ [ -82.9541066, 39.9694273 ], [ -82.9541124, 39.9693267 ], [ -82.9542191, 39.9693303 ], [ -82.9542172, 39.9693618 ], [ -82.9542279, 39.9693622 ], [ -82.954224, 39.9694312 ], [ -82.9541066, 39.9694273 ] ] ] } },
{ "type": "Feature", "properties": { "@id": "way/922442172", "amenity": null, "building": "residential", "name": null, "GEOID": "39049002520" }, "geometry": { "type": "Polygon", "coordinates": [ [ [ -82.9577568, 39.9738019 ], [ -82.9578544, 39.9738061 ], [ -82.9578438, 39.9739497 ], [ -82.9577462, 39.9739455 ], [ -82.9577568, 39.9738019 ] ] ] } },
{ "type": "Feature", "properties": { "@id": "way/922442175", "amenity": null, "building": "residential", "name": null, "GEOID": "39049002520" }, "geometry": { "type": "Polygon", "coordinates": [ [ [ -82.9587997, 39.9738359 ], [ -82.9588003, 39.9738286 ], [ -82.9587619, 39.9738269 ], [ -82.9587644, 39.973793 ], [ -82.9588073, 39.9737949 ], [ -82.9588079, 39.9737867 ], [ -82.9587866, 39.9737857 ], [ -82.9587897, 39.9737443 ], [ -82.9589791, 39.9737527 ], [ -82.9589723, 39.9738435 ], [ -82.9587997, 39.9738359 ] ] ] } },
{ "type": "Feature", "properties": { "@id": "way/922442176", "amenity": null, "building": "residential", "name": null, "GEOID": "39049002520" }, "geometry": { "type": "Polygon", "coordinates": [ [ [ -82.9551461, 39.9682938 ], [ -82.9552082, 39.968287 ], [ -82.9552113, 39.9683034 ], [ -82.9552925, 39.9682944 ], [ -82.9553088, 39.9683816 ], [ -82.9552699, 39.9683858 ], [ -82.955275, 39.9684132 ], [ -82.9552119, 39.9684201 ], [ -82.9552068, 39.9683929 ], [ -82.9551655, 39.9683974 ], [ -82.9551461, 39.9682938 ] ] ] } },
{ "type": "Feature", "properties": { "@id": "way/922442178", "amenity": null, "building": "residential", "name": null, "GEOID": "39049002520" }, "geometry": { "type": "Polygon", "coordinates": [ [ [ -82.9601051, 39.9697541 ], [ -82.9601058, 39.969743 ], [ -82.9600216, 39.96974 ], [ -82.9600224, 39.9697264 ], [ -82.9599834, 39.9697249 ], [ -82.9599839, 39.9697163 ], [ -82.9599147, 39.9697138 ], [ -82.9599181, 39.9696587 ], [ -82.9601129, 39.9696658 ], [ -82.9601143, 39.9696436 ], [ -82.960175, 39.9696459 ], [ -82.9601736, 39.9696688 ], [ -82.9601798, 39.969669 ], [ -82.9601761, 39.9697292 ], [ -82.9601638, 39.9697288 ], [ -82.9601621, 39.9697562 ], [ -82.9601051, 39.9697541 ] ] ] } },
{ "type": "Feature", "properties": { "@id": "way/922442180", "amenity": null, "building": "residential", "name": null, "GEOID": "39049002520" }, "geometry": { "type": "Polygon", "coordinates": [ [ [ -82.9601984, 39.9721497 ], [ -82.9601967, 39.9721716 ], [ -82.9601054, 39.9721674 ], [ -82.9601071, 39.9721455 ], [ -82.9600967, 39.9721451 ], [ -82.9601044, 39.9720457 ], [ -82.9601458, 39.9720475 ], [ -82.9601473, 39.972029 ], [ -82.9602155, 39.9720321 ], [ -82.9602064, 39.97215 ], [ -82.9601984, 39.9721497 ] ] ] } },
{ "type": "Feature", "properties": { "@id": "way/922442181", "amenity": null, "building": "residential", "name": null, "GEOID": "39049002520" }, "geometry": { "type": "Polygon", "coordinates": [ [ [ -82.9594447, 39.9690364 ], [ -82.9594456, 39.9690233 ], [ -82.9594114, 39.9690219 ], [ -82.9594147, 39.968974 ], [ -82.9594023, 39.9689735 ], [ -82.9594092, 39.9688746 ], [ -82.959417, 39.9688749 ], [ -82.9594184, 39.9688542 ], [ -82.9595405, 39.9688591 ], [ -82.9595351, 39.9689366 ], [ -82.9595187, 39.968936 ], [ -82.9595116, 39.9690391 ], [ -82.9594447, 39.9690364 ] ] ] } },
{ "type": "Feature", "properties": { "@id": "way/922442185", "amenity": null, "building": "residential", "name": null, "GEOID": "39049002520" }, "geometry": { "type": "Polygon", "coordinates": [ [ [ -82.9589065, 39.9729783 ], [ -82.9589132, 39.9728544 ], [ -82.9589192, 39.9728546 ], [ -82.9589212, 39.9728183 ], [ -82.9589648, 39.9728196 ], [ -82.9589643, 39.9728296 ], [ -82.9589978, 39.9728307 ], [ -82.9589963, 39.9728579 ], [ -82.9590063, 39.9728582 ], [ -82.9589997, 39.9729813 ], [ -82.9589065, 39.9729783 ] ] ] } },
{ "type": "Feature", "properties": { "@id": "way/922442191", "amenity": null, "building": "residential", "name": null, "GEOID": "39049002520" }, "geometry": { "type": "Polygon", "coordinates": [ [ [ -82.9600632, 39.9704071 ], [ -82.9600554, 39.9705136 ], [ -82.9600066, 39.9705115 ], [ -82.960008, 39.9704929 ], [ -82.9599565, 39.9704907 ], [ -82.9599629, 39.9704028 ], [ -82.9600632, 39.9704071 ] ] ] } },
{ "type": "Feature", "properties": { "@id": "way/922442192", "amenity": null, "building": "residential", "name": null, "GEOID": "39049002520" }, "geometry": { "type": "Polygon", "coordinates": [ [ [ -82.9607967, 39.9694914 ], [ -82.9606868, 39.9694864 ], [ -82.9606956, 39.9693711 ], [ -82.9608056, 39.9693761 ], [ -82.9607967, 39.9694914 ] ] ] } },
{ "type": "Feature", "properties": { "@id": "way/922442193", "amenity": null, "building": "residential", "name": null, "GEOID": "39049002520" }, "geometry": { "type": "Polygon", "coordinates": [ [ [ -82.9541169, 39.9697636 ], [ -82.9541178, 39.9697425 ], [ -82.9541102, 39.9697423 ], [ -82.9541113, 39.9697167 ], [ -82.954119, 39.9697169 ], [ -82.9541201, 39.9696936 ], [ -82.9542226, 39.9696963 ], [ -82.9542195, 39.9697663 ], [ -82.9541169, 39.9697636 ] ] ] } },
{ "type": "Feature", "properties": { "@id": "way/922442199", "amenity": null, "building": "residential", "name": null, "GEOID": "39049002520" }, "geometry": { "type": "Polygon", "coordinates": [ [ [ -82.9594083, 39.968457 ], [ -82.9594005, 39.9685531 ], [ -82.9592854, 39.9685476 ], [ -82.9592902, 39.9684891 ], [ -82.9592812, 39.9684886 ], [ -82.9592855, 39.9684359 ], [ -82.9592963, 39.9684364 ], [ -82.9592997, 39.9683955 ], [ -82.9593842, 39.9683995 ], [ -82.9593796, 39.9684556 ], [ -82.9594083, 39.968457 ] ] ] } },
{ "type": "Feature", "properties": { "@id": "way/922442200", "amenity": null, "building": "residential", "name": null, "GEOID": "39049002520" }, "geometry": { "type": "Polygon", "coordinates": [ [ [ -82.9527303, 39.9690548 ], [ -82.9527264, 39.9690351 ], [ -82.9528099, 39.9690254 ], [ -82.9528138, 39.9690451 ], [ -82.9528243, 39.9690439 ], [ -82.9528427, 39.9691366 ], [ -82.9528074, 39.9691407 ], [ -82.9528131, 39.9691693 ], [ -82.9527436, 39.9691774 ], [ -82.9527196, 39.9690561 ], [ -82.9527303, 39.9690548 ] ] ] } },
{ "type": "Feature", "properties": { "@id": "way/922442203", "amenity": null, "building": "residential", "name": null, "GEOID": "39049002520" }, "geometry": { "type": "Polygon", "coordinates": [ [ [ -82.9574524, 39.9710458 ], [ -82.9574553, 39.9710061 ], [ -82.9574458, 39.9710057 ], [ -82.9574486, 39.9709681 ], [ -82.9574584, 39.9709685 ], [ -82.9574611, 39.9709322 ], [ -82.9574903, 39.9709335 ], [ -82.9574911, 39.9709227 ], [ -82.9576824, 39.9709311 ], [ -82.9576796, 39.9709681 ], [ -82.9576968, 39.9709689 ], [ -82.9576903, 39.9710562 ], [ -82.9574524, 39.9710458 ] ] ] } },
{ "type": "Feature", "properties": { "@id": "way/922442206", "amenity": null, "building": "residential", "name": null, "GEOID": "39049002520" }, "geometry": { "type": "Polygon", "coordinates": [ [ [ -82.9535646, 39.9690492 ], [ -82.9535234, 39.9690538 ], [ -82.9535267, 39.969071 ], [ -82.9534722, 39.9690771 ], [ -82.9534497, 39.9689584 ], [ -82.9535453, 39.9689477 ], [ -82.9535646, 39.9690492 ] ] ] } },
{ "type": "Feature", "properties": { "@id": "way/922442208", "amenity": null, "building": "residential", "name": null, "GEOID": "39049002520" }, "geometry": { "type": "Polygon", "coordinates": [ [ [ -82.9603624, 39.9704186 ], [ -82.9603541, 39.970524 ], [ -82.9602183, 39.9705177 ], [ -82.9602267, 39.9704123 ], [ -82.9602319, 39.9704125 ], [ -82.960234, 39.9703855 ], [ -82.960359, 39.9703914 ], [ -82.9603568, 39.9704184 ], [ -82.9603624, 39.9704186 ] ] ] } },
{ "type": "Feature", "properties": { "@id": "way/922442210", "amenity": null, "building": "residential", "name": null, "GEOID": "39049002520" }, "geometry": { "type": "Polygon", "coordinates": [ [ [ -82.9537705, 39.9696782 ], [ -82.9537966, 39.9696789 ], [ -82.9537956, 39.969702 ], [ -82.9536056, 39.969697 ], [ -82.9536089, 39.9696224 ], [ -82.9538011, 39.9696273 ], [ -82.9538001, 39.9696502 ], [ -82.9537718, 39.9696495 ], [ -82.9537705, 39.9696782 ] ] ] } },
{ "type": "Feature", "properties": { "@id": "way/922442211", "amenity": null, "building": "residential", "name": null, "GEOID": "39049002520" }, "geometry": { "type": "Polygon", "coordinates": [ [ [ -82.9547702, 39.9683561 ], [ -82.9548048, 39.9683521 ], [ -82.9548003, 39.9683293 ], [ -82.9548635, 39.968322 ], [ -82.954891, 39.9684619 ], [ -82.9547932, 39.9684732 ], [ -82.9547702, 39.9683561 ] ] ] } },
{ "type": "Feature", "properties": { "@id": "way/922442213", "amenity": null, "building": "residential", "name": null, "GEOID": "39049002520" }, "geometry": { "type": "Polygon", "coordinates": [ [ [ -82.953236, 39.9691975 ], [ -82.9531886, 39.9692027 ], [ -82.953154, 39.9690178 ], [ -82.9532774, 39.9690042 ], [ -82.9533124, 39.9691913 ], [ -82.9532676, 39.9691963 ], [ -82.9532687, 39.9692018 ], [ -82.9532375, 39.9692053 ], [ -82.953236, 39.9691975 ] ] ] } },
{ "type": "Feature", "properties": { "@id": "way/922442214", "amenity": null, "building": "residential", "name": null, "GEOID": "39049002520" }, "geometry": { "type": "Polygon", "coordinates": [ [ [ -82.961054, 39.9693859 ], [ -82.9610447, 39.9694999 ], [ -82.9609587, 39.9694958 ], [ -82.960968, 39.9693818 ], [ -82.9609946, 39.969383 ], [ -82.960996, 39.9693652 ], [ -82.9610483, 39.9693677 ], [ -82.9610468, 39.9693855 ], [ -82.961054, 39.9693859 ] ] ] } },
{ "type": "Feature", "properties": { "@id": "way/922442215", "amenity": null, "building": "residential", "name": null, "GEOID": "39049002520" }, "geometry": { "type": "Polygon", "coordinates": [ [ [ -82.9608228, 39.96946 ], [ -82.9608289, 39.9693863 ], [ -82.9608598, 39.9693878 ], [ -82.960861, 39.9693727 ], [ -82.9609312, 39.9693762 ], [ -82.9609238, 39.9694649 ], [ -82.9609085, 39.9694642 ], [ -82.9609075, 39.9694759 ], [ -82.9608398, 39.9694726 ], [ -82.9608408, 39.9694609 ], [ -82.9608228, 39.96946 ] ] ] } },
{ "type": "Feature", "properties": { "@id": "way/922442216", "amenity": null, "building": "residential", "name": null, "GEOID": "39049002520" }, "geometry": { "type": "Polygon", "coordinates": [ [ [ -82.960655, 39.9724429 ], [ -82.9606632, 39.9724432 ], [ -82.9606566, 39.9725312 ], [ -82.9605552, 39.9725268 ], [ -82.9605618, 39.9724387 ], [ -82.960569, 39.9724391 ], [ -82.9605706, 39.9724184 ], [ -82.9606566, 39.9724222 ], [ -82.960655, 39.9724429 ] ] ] } },
{ "type": "Feature", "properties": { "@id": "way/922442220", "amenity": null, "building": "residential", "name": null, "GEOID": "39049002520" }, "geometry": { "type": "Polygon", "coordinates": [ [ [ -82.9568725, 39.9723442 ], [ -82.9566479, 39.9723323 ], [ -82.9566594, 39.9722036 ], [ -82.9567423, 39.9722074 ], [ -82.9567415, 39.9722358 ], [ -82.9567529, 39.9722361 ], [ -82.9567626, 39.9722323 ], [ -82.9567843, 39.9722332 ], [ -82.956792, 39.9722378 ], [ -82.9568248, 39.9722384 ], [ -82.9568248, 39.9722437 ], [ -82.956844, 39.9722439 ], [ -82.9568582, 39.972234 ], [ -82.9568788, 39.9722343 ], [ -82.9568901, 39.972245 ], [ -82.9568901, 39.9722587 ], [ -82.9569213, 39.9722601 ], [ -82.9569166, 39.9723387 ], [ -82.9568729, 39.9723375 ], [ -82.9568725, 39.9723442 ] ] ] } },
{ "type": "Feature", "properties": { "@id": "way/922442221", "amenity": null, "building": "residential", "name": null, "GEOID": "39049002520" }, "geometry": { "type": "Polygon", "coordinates": [ [ [ -82.9593456, 39.9689193 ], [ -82.959336, 39.9690562 ], [ -82.9592285, 39.9690518 ], [ -82.9592384, 39.9689102 ], [ -82.9592446, 39.9689104 ], [ -82.9592475, 39.9688687 ], [ -82.9592512, 39.9688689 ], [ -82.9592524, 39.9688513 ], [ -82.9593546, 39.9688555 ], [ -82.9593502, 39.9689195 ], [ -82.9593456, 39.9689193 ] ] ] } },
{ "type": "Feature", "properties": { "@id": "way/922442223", "amenity": null, "building": "residential", "name": null, "GEOID": "39049002520" }, "geometry": { "type": "Polygon", "coordinates": [ [ [ -82.960139, 39.9734565 ], [ -82.9601157, 39.9734555 ], [ -82.9601147, 39.9734692 ], [ -82.9600233, 39.9734652 ], [ -82.9600326, 39.9733386 ], [ -82.9601473, 39.9733435 ], [ -82.960139, 39.9734565 ] ] ] } },
{ "type": "Feature", "properties": { "@id": "way/922442226", "amenity": null, "building": "residential", "name": null, "GEOID": "39049002520" }, "geometry": { "type": "Polygon", "coordinates": [ [ [ -82.9566777, 39.9682254 ], [ -82.9566665, 39.9683589 ], [ -82.9565708, 39.9683542 ], [ -82.9565829, 39.9682095 ], [ -82.9566466, 39.9682126 ], [ -82.9566457, 39.9682238 ], [ -82.9566777, 39.9682254 ] ] ] } },
{ "type": "Feature", "properties": { "@id": "way/922442227", "amenity": null, "building": "residential", "name": null, "GEOID": "39049002520" }, "geometry": { "type": "Polygon", "coordinates": [ [ [ -82.9588518, 39.9720809 ], [ -82.9587415, 39.9720752 ], [ -82.9587552, 39.9719193 ], [ -82.9588655, 39.971925 ], [ -82.9588518, 39.9720809 ] ] ] } },
{ "type": "Feature", "properties": { "@id": "way/922442228", "amenity": null, "building": "residential", "name": null, "GEOID": "39049002520" }, "geometry": { "type": "Polygon", "coordinates": [ [ [ -82.9542707, 39.969802 ], [ -82.9542664, 39.9698882 ], [ -82.9540726, 39.9698826 ], [ -82.9540769, 39.9697964 ], [ -82.9542707, 39.969802 ] ] ] } },
{ "type": "Feature", "properties": { "@id": "way/922442230", "amenity": null, "building": "residential", "name": null, "GEOID": "39049002520" }, "geometry": { "type": "Polygon", "coordinates": [ [ [ -82.9583368, 39.9729301 ], [ -82.9583354, 39.9729461 ], [ -82.9582508, 39.9729417 ], [ -82.9582523, 39.9729256 ], [ -82.9582442, 39.9729252 ], [ -82.9582526, 39.972831 ], [ -82.9583548, 39.9728363 ], [ -82.9583464, 39.9729306 ], [ -82.9583368, 39.9729301 ] ] ] } },
{ "type": "Feature", "properties": { "@id": "way/922442232", "amenity": null, "building": "residential", "name": null, "GEOID": "39049002520" }, "geometry": { "type": "Polygon", "coordinates": [ [ [ -82.9553844, 39.9689234 ], [ -82.9554001, 39.9687561 ], [ -82.9554888, 39.968761 ], [ -82.9554867, 39.9687829 ], [ -82.955503, 39.9687838 ], [ -82.9554893, 39.9689292 ], [ -82.9553844, 39.9689234 ] ] ] } },
{ "type": "Feature", "properties": { "@id": "way/922442233", "amenity": null, "building": "residential", "name": null, "GEOID": "39049002520" }, "geometry": { "type": "Polygon", "coordinates": [ [ [ -82.9557718, 39.9713267 ], [ -82.9557643, 39.9714275 ], [ -82.9556871, 39.9714241 ], [ -82.9556876, 39.9714171 ], [ -82.9556458, 39.9714152 ], [ -82.9556528, 39.9713215 ], [ -82.9556588, 39.9713217 ], [ -82.9556602, 39.971303 ], [ -82.9557668, 39.9713077 ], [ -82.9557654, 39.9713264 ], [ -82.9557718, 39.9713267 ] ] ] } },
{ "type": "Feature", "properties": { "@id": "way/922442234", "amenity": null, "building": "residential", "name": null, "GEOID": "39049002520" }, "geometry": { "type": "Polygon", "coordinates": [ [ [ -82.9589846, 39.9697068 ], [ -82.9589843, 39.9697101 ], [ -82.9588846, 39.9697057 ], [ -82.9588859, 39.9696879 ], [ -82.9588788, 39.9696876 ], [ -82.9588873, 39.9695636 ], [ -82.9589807, 39.9695673 ], [ -82.9589847, 39.9695211 ], [ -82.9590383, 39.9695237 ], [ -82.9590248, 39.9696912 ], [ -82.9590005, 39.9697062 ], [ -82.9589846, 39.9697068 ] ] ] } },
{ "type": "Feature", "properties": { "@id": "way/922442235", "amenity": null, "building": "residential", "name": null, "GEOID": "39049002520" }, "geometry": { "type": "Polygon", "coordinates": [ [ [ -82.9584492, 39.9738474 ], [ -82.9585545, 39.9738519 ], [ -82.9585444, 39.9739909 ], [ -82.958439, 39.9739864 ], [ -82.9584492, 39.9738474 ] ] ] } },
{ "type": "Feature", "properties": { "@id": "way/922442236", "amenity": null, "building": "residential", "name": null, "GEOID": "39049002520" }, "geometry": { "type": "Polygon", "coordinates": [ [ [ -82.9560437, 39.9707828 ], [ -82.9560418, 39.9708066 ], [ -82.9559254, 39.9708012 ], [ -82.9559271, 39.9707793 ], [ -82.9558975, 39.9707779 ], [ -82.955905, 39.9706831 ], [ -82.9560043, 39.9706877 ], [ -82.9560033, 39.9707004 ], [ -82.9560323, 39.9707091 ], [ -82.9560511, 39.9707204 ], [ -82.9560881, 39.9707221 ], [ -82.9560832, 39.9707847 ], [ -82.9560437, 39.9707828 ] ] ] } },
{ "type": "Feature", "properties": { "@id": "way/922442237", "amenity": null, "building": "residential", "name": null, "GEOID": "39049002520" }, "geometry": { "type": "Polygon", "coordinates": [ [ [ -82.9608796, 39.9731507 ], [ -82.9608936, 39.9729749 ], [ -82.9610002, 39.9729799 ], [ -82.9609862, 39.9731557 ], [ -82.9608796, 39.9731507 ] ] ] } },
{ "type": "Feature", "properties": { "@id": "way/922442238", "amenity": null, "building": "residential", "name": null, "GEOID": "39049002520" }, "geometry": { "type": "Polygon", "coordinates": [ [ [ -82.9600562, 39.9700774 ], [ -82.9600932, 39.9700783 ], [ -82.9600919, 39.97011 ], [ -82.9599903, 39.9701066 ], [ -82.9599916, 39.9700898 ], [ -82.9599133, 39.9700865 ], [ -82.9599209, 39.9699591 ], [ -82.9599379, 39.9699597 ], [ -82.95994, 39.9699249 ], [ -82.9600625, 39.9699297 ], [ -82.9600592, 39.9700077 ], [ -82.9601095, 39.9700096 ], [ -82.96011, 39.9700157 ], [ -82.9601165, 39.9700178 ], [ -82.9601217, 39.9700215 ], [ -82.960125, 39.9700264 ], [ -82.9601259, 39.9700318 ], [ -82.9601245, 39.9700371 ], [ -82.9601209, 39.9700418 ], [ -82.9601155, 39.9700452 ], [ -82.9601088, 39.9700471 ], [ -82.9601084, 39.9700539 ], [ -82.9600573, 39.9700523 ], [ -82.9600562, 39.9700774 ] ] ] } },
{ "type": "Feature", "properties": { "@id": "way/922442239", "amenity": null, "building": "residential", "name": null, "GEOID": "39049002520" }, "geometry": { "type": "Polygon", "coordinates": [ [ [ -82.9535565, 39.9702176 ], [ -82.9535599, 39.97015 ], [ -82.9537755, 39.9701563 ], [ -82.953774, 39.9701852 ], [ -82.9537506, 39.9701845 ], [ -82.9537486, 39.9702233 ], [ -82.9535565, 39.9702176 ] ] ] } },
{ "type": "Feature", "properties": { "@id": "way/922442241", "amenity": null, "building": "residential", "name": null, "GEOID": "39049002520" }, "geometry": { "type": "Polygon", "coordinates": [ [ [ -82.9566981, 39.9714202 ], [ -82.9566989, 39.9714038 ], [ -82.9566834, 39.9714033 ], [ -82.9566861, 39.9713477 ], [ -82.9567003, 39.9713481 ], [ -82.9567015, 39.9713229 ], [ -82.9568371, 39.9713268 ], [ -82.9568362, 39.9713463 ], [ -82.9568597, 39.9713469 ], [ -82.9568681, 39.9713399 ], [ -82.9568906, 39.9713402 ], [ -82.9569005, 39.9713481 ], [ -82.9569761, 39.9713502 ], [ -82.956973, 39.971414 ], [ -82.9568639, 39.9714109 ], [ -82.9568632, 39.9714249 ], [ -82.9566981, 39.9714202 ] ] ] } },
{ "type": "Feature", "properties": { "@id": "way/922442242", "amenity": null, "building": "residential", "name": null, "GEOID": "39049002520" }, "geometry": { "type": "Polygon", "coordinates": [ [ [ -82.9574116, 39.9716772 ], [ -82.9574197, 39.971574 ], [ -82.9576314, 39.9715837 ], [ -82.9576233, 39.971687 ], [ -82.9574116, 39.9716772 ] ] ] } },
{ "type": "Feature", "properties": { "@id": "way/922442243", "amenity": null, "building": "residential", "name": null, "GEOID": "39049002520" }, "geometry": { "type": "Polygon", "coordinates": [ [ [ -82.9584319, 39.9715163 ], [ -82.958449, 39.9713059 ], [ -82.9585775, 39.971312 ], [ -82.9585604, 39.9715224 ], [ -82.9584319, 39.9715163 ] ] ] } },
{ "type": "Feature", "properties": { "@id": "way/922442244", "amenity": null, "building": "residential", "name": null, "GEOID": "39049002520" }, "geometry": { "type": "Polygon", "coordinates": [ [ [ -82.9545997, 39.9684856 ], [ -82.9546041, 39.9685081 ], [ -82.9545463, 39.9685147 ], [ -82.9545285, 39.9684239 ], [ -82.9545591, 39.9684204 ], [ -82.9545543, 39.9683959 ], [ -82.9546221, 39.9683881 ], [ -82.9546403, 39.9684809 ], [ -82.9545997, 39.9684856 ] ] ] } },
{ "type": "Feature", "properties": { "@id": "way/922442245", "amenity": null, "building": "residential", "name": null, "GEOID": "39049002520" }, "geometry": { "type": "Polygon", "coordinates": [ [ [ -82.9587107, 39.9720763 ], [ -82.9585939, 39.9720711 ], [ -82.9586042, 39.9719342 ], [ -82.958721, 39.9719394 ], [ -82.9587107, 39.9720763 ] ] ] } },
{ "type": "Feature", "properties": { "@id": "way/922442246", "amenity": null, "building": "residential", "name": null, "GEOID": "39049002520" }, "geometry": { "type": "Polygon", "coordinates": [ [ [ -82.9589199, 39.9685281 ], [ -82.9589182, 39.9685504 ], [ -82.9588129, 39.9685458 ], [ -82.9588145, 39.9685235 ], [ -82.9588072, 39.9685231 ], [ -82.9588142, 39.9684293 ], [ -82.9588439, 39.9684306 ], [ -82.9588485, 39.9683698 ], [ -82.9589393, 39.9683738 ], [ -82.9589278, 39.9685284 ], [ -82.9589199, 39.9685281 ] ] ] } },
{ "type": "Feature", "properties": { "@id": "way/922442247", "amenity": null, "building": "residential", "name": null, "GEOID": "39049002520" }, "geometry": { "type": "Polygon", "coordinates": [ [ [ -82.9540619, 39.9702319 ], [ -82.9540658, 39.9701465 ], [ -82.9542353, 39.9701511 ], [ -82.9542313, 39.9702365 ], [ -82.9540619, 39.9702319 ] ] ] } },
{ "type": "Feature", "properties": { "@id": "way/922442248", "amenity": null, "building": "residential", "name": null, "GEOID": "39049002520" }, "geometry": { "type": "Polygon", "coordinates": [ [ [ -82.9593059, 39.9734338 ], [ -82.959315, 39.9733226 ], [ -82.9594252, 39.9733279 ], [ -82.9594162, 39.9734391 ], [ -82.9593059, 39.9734338 ] ] ] } },
{ "type": "Feature", "properties": { "@id": "way/922442249", "amenity": null, "building": "residential", "name": null, "GEOID": "39049002520" }, "geometry": { "type": "Polygon", "coordinates": [ [ [ -82.9581585, 39.9724506 ], [ -82.95816, 39.972431 ], [ -82.9581114, 39.9724288 ], [ -82.9581192, 39.9723275 ], [ -82.9581482, 39.9723288 ], [ -82.9581496, 39.9723102 ], [ -82.9582288, 39.9723138 ], [ -82.9582179, 39.9724533 ], [ -82.9581585, 39.9724506 ] ] ] } },
{ "type": "Feature", "properties": { "@id": "way/922442251", "amenity": null, "building": "residential", "name": null, "GEOID": "39049002520" }, "geometry": { "type": "Polygon", "coordinates": [ [ [ -82.9614185, 39.9697827 ], [ -82.9613214, 39.9697783 ], [ -82.9613299, 39.9696664 ], [ -82.9614271, 39.9696707 ], [ -82.9614185, 39.9697827 ] ] ] } },
{ "type": "Feature", "properties": { "@id": "way/922442253", "amenity": null, "building": "residential", "name": null, "GEOID": "39049002520" }, "geometry": { "type": "Polygon", "coordinates": [ [ [ -82.95902, 39.9720632 ], [ -82.9590277, 39.9719653 ], [ -82.9590694, 39.9719672 ], [ -82.9590677, 39.9719881 ], [ -82.9591258, 39.9719908 ], [ -82.9591197, 39.9720679 ], [ -82.95902, 39.9720632 ] ] ] } },
{ "type": "Feature", "properties": { "@id": "way/922442254", "amenity": null, "building": "residential", "name": null, "GEOID": "39049002520" }, "geometry": { "type": "Polygon", "coordinates": [ [ [ -82.9546455, 39.9683778 ], [ -82.9547454, 39.9683657 ], [ -82.9547702, 39.9684865 ], [ -82.9546704, 39.9684986 ], [ -82.9546455, 39.9683778 ] ] ] } },
{ "type": "Feature", "properties": { "@id": "way/922442255", "amenity": null, "building": "residential", "name": null, "GEOID": "39049002520" }, "geometry": { "type": "Polygon", "coordinates": [ [ [ -82.9581138, 39.9715697 ], [ -82.9581332, 39.9713313 ], [ -82.9582185, 39.9713354 ], [ -82.9581991, 39.9715737 ], [ -82.9581138, 39.9715697 ] ] ] } },
{ "type": "Feature", "properties": { "@id": "way/922442257", "amenity": null, "building": "residential", "name": null, "GEOID": "39049002520" }, "geometry": { "type": "Polygon", "coordinates": [ [ [ -82.9587537, 39.9709121 ], [ -82.9587413, 39.9710772 ], [ -82.9586136, 39.9710716 ], [ -82.9586272, 39.9708908 ], [ -82.9586785, 39.9708931 ], [ -82.9586773, 39.9709087 ], [ -82.9587537, 39.9709121 ] ] ] } },
{ "type": "Feature", "properties": { "@id": "way/922442259", "amenity": null, "building": "residential", "name": null, "GEOID": "39049002520" }, "geometry": { "type": "Polygon", "coordinates": [ [ [ -82.9588825, 39.9681134 ], [ -82.9588856, 39.9680766 ], [ -82.9588608, 39.9680753 ], [ -82.9588648, 39.9680282 ], [ -82.9589354, 39.9680317 ], [ -82.9589336, 39.9680533 ], [ -82.9589955, 39.9680564 ], [ -82.9589902, 39.9681188 ], [ -82.9588825, 39.9681134 ] ] ] } },
{ "type": "Feature", "properties": { "@id": "way/922442260", "amenity": null, "building": "residential", "name": null, "GEOID": "39049002520" }, "geometry": { "type": "Polygon", "coordinates": [ [ [ -82.957587, 39.9718656 ], [ -82.9574178, 39.9718584 ], [ -82.9574195, 39.9718353 ], [ -82.9573904, 39.9718341 ], [ -82.9573923, 39.9718075 ], [ -82.9573861, 39.9718072 ], [ -82.9573878, 39.9717841 ], [ -82.9573974, 39.9717845 ], [ -82.9573989, 39.9717639 ], [ -82.9574249, 39.971765 ], [ -82.9574261, 39.9717483 ], [ -82.9575609, 39.971754 ], [ -82.957558, 39.971795 ], [ -82.9575921, 39.9717965 ], [ -82.9575917, 39.9718019 ], [ -82.9576288, 39.9718035 ], [ -82.9576247, 39.9718603 ], [ -82.9575875, 39.9718587 ], [ -82.957587, 39.9718656 ] ] ] } },
{ "type": "Feature", "properties": { "@id": "way/922442263", "amenity": null, "building": "residential", "name": null, "GEOID": "39049002520" }, "geometry": { "type": "Polygon", "coordinates": [ [ [ -82.9537266, 39.9689507 ], [ -82.9538254, 39.96894 ], [ -82.9538628, 39.969143 ], [ -82.953764, 39.9691537 ], [ -82.9537266, 39.9689507 ] ] ] } },
{ "type": "Feature", "properties": { "@id": "way/922442267", "amenity": null, "building": "residential", "name": null, "GEOID": "39049002520" }, "geometry": { "type": "Polygon", "coordinates": [ [ [ -82.9533235, 39.9690879 ], [ -82.9533126, 39.9690891 ], [ -82.9532946, 39.9689971 ], [ -82.9533028, 39.9689962 ], [ -82.9532982, 39.9689729 ], [ -82.953394, 39.9689619 ], [ -82.9533986, 39.9689856 ], [ -82.9534096, 39.9689844 ], [ -82.9534351, 39.9691152 ], [ -82.9533801, 39.9691215 ], [ -82.9533758, 39.9690993 ], [ -82.9533268, 39.9691049 ], [ -82.9533235, 39.9690879 ] ] ] } },
{ "type": "Feature", "properties": { "@id": "way/922442268", "amenity": null, "building": "residential", "name": null, "GEOID": "39049002520" }, "geometry": { "type": "Polygon", "coordinates": [ [ [ -82.9587355, 39.9729529 ], [ -82.958734, 39.9729726 ], [ -82.958678, 39.9729701 ], [ -82.9586795, 39.9729504 ], [ -82.9586568, 39.9729494 ], [ -82.9586652, 39.9728378 ], [ -82.9586948, 39.9728392 ], [ -82.9586958, 39.9728251 ], [ -82.958767, 39.9728283 ], [ -82.9587575, 39.9729539 ], [ -82.9587355, 39.9729529 ] ] ] } },
{ "type": "Feature", "properties": { "@id": "way/922442269", "amenity": null, "building": "residential", "name": null, "GEOID": "39049002520" }, "geometry": { "type": "Polygon", "coordinates": [ [ [ -82.9606694, 39.9701634 ], [ -82.9605709, 39.9701594 ], [ -82.9605541, 39.9701436 ], [ -82.9605597, 39.9700922 ], [ -82.9605848, 39.9700938 ], [ -82.9605894, 39.9700378 ], [ -82.9606793, 39.9700423 ], [ -82.9606694, 39.9701634 ] ] ] } },
{ "type": "Feature", "properties": { "@id": "way/922442270", "amenity": null, "building": "residential", "name": null, "GEOID": "39049002520" }, "geometry": { "type": "Polygon", "coordinates": [ [ [ -82.9610324, 39.9729049 ], [ -82.961039, 39.9728228 ], [ -82.9611497, 39.9728281 ], [ -82.9611486, 39.9728413 ], [ -82.9611743, 39.9728425 ], [ -82.9611697, 39.9728983 ], [ -82.9611441, 39.9728971 ], [ -82.961143, 39.9729102 ], [ -82.9610324, 39.9729049 ] ] ] } },
{ "type": "Feature", "properties": { "@id": "way/922442271", "amenity": null, "building": "residential", "name": null, "GEOID": "39049002520" }, "geometry": { "type": "Polygon", "coordinates": [ [ [ -82.9578959, 39.97242 ], [ -82.9579004, 39.9723656 ], [ -82.9579086, 39.972366 ], [ -82.9579127, 39.9723161 ], [ -82.9580569, 39.9723231 ], [ -82.9580483, 39.9724274 ], [ -82.9578959, 39.97242 ] ] ] } },
{ "type": "Feature", "properties": { "@id": "way/922442272", "amenity": null, "building": "residential", "name": null, "GEOID": "39049002520" }, "geometry": { "type": "Polygon", "coordinates": [ [ [ -82.9535607, 39.9700153 ], [ -82.9535645, 39.9699453 ], [ -82.953787, 39.9699523 ], [ -82.9537855, 39.969981 ], [ -82.9537586, 39.9699802 ], [ -82.9537564, 39.9700214 ], [ -82.9535607, 39.9700153 ] ] ] } },
{ "type": "Feature", "properties": { "@id": "way/922442274", "amenity": null, "building": "residential", "name": null, "GEOID": "39049002520" }, "geometry": { "type": "Polygon", "coordinates": [ [ [ -82.9586772, 39.9697009 ], [ -82.9585608, 39.9696957 ], [ -82.9585751, 39.9695075 ], [ -82.9586034, 39.9695087 ], [ -82.9586047, 39.9694908 ], [ -82.9586928, 39.9694947 ], [ -82.9586772, 39.9697009 ] ] ] } },
{ "type": "Feature", "properties": { "@id": "way/922442276", "amenity": null, "building": "residential", "name": null, "GEOID": "39049002520" }, "geometry": { "type": "Polygon", "coordinates": [ [ [ -82.9605543, 39.9690885 ], [ -82.9605674, 39.9689267 ], [ -82.9606901, 39.9689326 ], [ -82.9606771, 39.9690943 ], [ -82.9605543, 39.9690885 ] ] ] } },
{ "type": "Feature", "properties": { "@id": "way/922442278", "amenity": null, "building": "residential", "name": null, "GEOID": "39049002520" }, "geometry": { "type": "Polygon", "coordinates": [ [ [ -82.9596736, 39.9688935 ], [ -82.9596716, 39.9689252 ], [ -82.9596663, 39.968925 ], [ -82.9596641, 39.9689596 ], [ -82.9596769, 39.9689601 ], [ -82.9596724, 39.9690321 ], [ -82.9595548, 39.9690278 ], [ -82.9595636, 39.968886 ], [ -82.9596219, 39.9688881 ], [ -82.9596217, 39.9688916 ], [ -82.9596736, 39.9688935 ] ] ] } },
{ "type": "Feature", "properties": { "@id": "way/922442282", "amenity": null, "building": "residential", "name": null, "GEOID": "39049002520" }, "geometry": { "type": "Polygon", "coordinates": [ [ [ -82.9601655, 39.9740839 ], [ -82.9600913, 39.9740805 ], [ -82.9601027, 39.9739346 ], [ -82.960115, 39.9739352 ], [ -82.9601183, 39.9738933 ], [ -82.9601801, 39.9738961 ], [ -82.9601655, 39.9740839 ] ] ] } },
{ "type": "Feature", "properties": { "@id": "way/922442283", "amenity": null, "building": "residential", "name": null, "GEOID": "39049002520" }, "geometry": { "type": "Polygon", "coordinates": [ [ [ -82.957406, 39.9720603 ], [ -82.9574067, 39.9720515 ], [ -82.9573793, 39.9720503 ], [ -82.9573883, 39.9719353 ], [ -82.957413, 39.9719364 ], [ -82.9574137, 39.9719267 ], [ -82.9575619, 39.9719334 ], [ -82.9575563, 39.9720051 ], [ -82.9576962, 39.9720115 ], [ -82.9576914, 39.9720733 ], [ -82.957406, 39.9720603 ] ] ] } },
{ "type": "Feature", "properties": { "@id": "way/922442285", "amenity": null, "building": "residential", "name": null, "GEOID": "39049002520" }, "geometry": { "type": "Polygon", "coordinates": [ [ [ -82.9599933, 39.9693991 ], [ -82.9599975, 39.9693481 ], [ -82.959986, 39.9693475 ], [ -82.9599899, 39.9692994 ], [ -82.9601499, 39.9693071 ], [ -82.9601418, 39.9694062 ], [ -82.9599933, 39.9693991 ] ] ] } },
{ "type": "Feature", "properties": { "@id": "way/922442286", "amenity": null, "building": "residential", "name": null, "GEOID": "39049002520" }, "geometry": { "type": "Polygon", "coordinates": [ [ [ -82.9596226, 39.9734426 ], [ -82.95963, 39.9733397 ], [ -82.9597687, 39.9733456 ], [ -82.9597642, 39.9734073 ], [ -82.9597553, 39.973407 ], [ -82.9597545, 39.9734174 ], [ -82.9597426, 39.9734169 ], [ -82.9597417, 39.97343 ], [ -82.9597076, 39.9734285 ], [ -82.9597063, 39.9734461 ], [ -82.9596226, 39.9734426 ] ] ] } },
{ "type": "Feature", "properties": { "@id": "way/922442287", "amenity": null, "building": "residential", "name": null, "GEOID": "39049002520" }, "geometry": { "type": "Polygon", "coordinates": [ [ [ -82.9535945, 39.9706219 ], [ -82.9536003, 39.9705017 ], [ -82.9536906, 39.9705042 ], [ -82.9536848, 39.9706245 ], [ -82.9535945, 39.9706219 ] ] ] } },
{ "type": "Feature", "properties": { "@id": "way/922442290", "amenity": null, "building": "residential", "name": null, "GEOID": "39049002520" }, "geometry": { "type": "Polygon", "coordinates": [ [ [ -82.9588555, 39.9735507 ], [ -82.9588597, 39.9734988 ], [ -82.9589582, 39.9735034 ], [ -82.958954, 39.9735553 ], [ -82.9588555, 39.9735507 ] ] ] } },
{ "type": "Feature", "properties": { "@id": "way/922442292", "amenity": null, "building": "residential", "name": null, "GEOID": "39049002520" }, "geometry": { "type": "Polygon", "coordinates": [ [ [ -82.9609298, 39.9737184 ], [ -82.9609376, 39.9736209 ], [ -82.961084, 39.9736278 ], [ -82.9610761, 39.9737253 ], [ -82.9609298, 39.9737184 ] ] ] } },
{ "type": "Feature", "properties": { "@id": "way/922442295", "amenity": null, "building": "residential", "name": null, "GEOID": "39049002520" }, "geometry": { "type": "Polygon", "coordinates": [ [ [ -82.9603995, 39.9729434 ], [ -82.96039, 39.9730576 ], [ -82.9603812, 39.9730571 ], [ -82.96038, 39.9730717 ], [ -82.9602828, 39.973067 ], [ -82.960284, 39.9730524 ], [ -82.9602737, 39.9730519 ], [ -82.9602831, 39.9729378 ], [ -82.9603995, 39.9729434 ] ] ] } },
{ "type": "Feature", "properties": { "@id": "way/922442298", "amenity": null, "building": "residential", "name": null, "GEOID": "39049002520" }, "geometry": { "type": "Polygon", "coordinates": [ [ [ -82.956172, 39.9708311 ], [ -82.9561723, 39.9708265 ], [ -82.9561363, 39.9708249 ], [ -82.9561399, 39.9707794 ], [ -82.9562068, 39.9707824 ], [ -82.95621, 39.9707403 ], [ -82.9563125, 39.970745 ], [ -82.9563054, 39.9708372 ], [ -82.956172, 39.9708311 ] ] ] } },
{ "type": "Feature", "properties": { "@id": "way/922442300", "amenity": null, "building": "residential", "name": null, "GEOID": "39049002520" }, "geometry": { "type": "Polygon", "coordinates": [ [ [ -82.9568397, 39.9718969 ], [ -82.9568402, 39.9718887 ], [ -82.9568846, 39.9718903 ], [ -82.9568824, 39.9719251 ], [ -82.9569017, 39.9719258 ], [ -82.9568985, 39.9719764 ], [ -82.9568923, 39.9719762 ], [ -82.9568893, 39.9720219 ], [ -82.9568709, 39.9720212 ], [ -82.9568699, 39.972038 ], [ -82.9567418, 39.9720332 ], [ -82.956743, 39.972014 ], [ -82.9567035, 39.9720125 ], [ -82.9567068, 39.9719606 ], [ -82.9567672, 39.9719629 ], [ -82.9567689, 39.9719366 ], [ -82.9567546, 39.9719361 ], [ -82.9567573, 39.9718938 ], [ -82.9568397, 39.9718969 ] ] ] } },
{ "type": "Feature", "properties": { "@id": "way/922442301", "amenity": null, "building": "residential", "name": null, "GEOID": "39049002520" }, "geometry": { "type": "Polygon", "coordinates": [ [ [ -82.9610788, 39.9740958 ], [ -82.9609268, 39.9740897 ], [ -82.9609285, 39.9740641 ], [ -82.9609054, 39.9740631 ], [ -82.960913, 39.9739497 ], [ -82.9609444, 39.9739509 ], [ -82.9609476, 39.9739022 ], [ -82.9609217, 39.9739012 ], [ -82.9609293, 39.9737897 ], [ -82.9609571, 39.9737908 ], [ -82.9609586, 39.9737675 ], [ -82.9611064, 39.9737734 ], [ -82.9611041, 39.9738075 ], [ -82.9610749, 39.9738064 ], [ -82.9610729, 39.9738367 ], [ -82.9610846, 39.9738371 ], [ -82.9610822, 39.973873 ], [ -82.9610705, 39.9738725 ], [ -82.9610694, 39.9738889 ], [ -82.9610946, 39.9738899 ], [ -82.9610885, 39.9739807 ], [ -82.9610632, 39.9739797 ], [ -82.9610621, 39.9739961 ], [ -82.9610728, 39.9739965 ], [ -82.9610703, 39.9740335 ], [ -82.9610596, 39.9740331 ], [ -82.9610587, 39.9740462 ], [ -82.9610821, 39.9740472 ], [ -82.9610788, 39.9740958 ] ] ] } },
{ "type": "Feature", "properties": { "@id": "way/922442302", "amenity": null, "building": "residential", "name": null, "GEOID": "39049002520" }, "geometry": { "type": "Polygon", "coordinates": [ [ [ -82.9609022, 39.9697584 ], [ -82.9608659, 39.9697566 ], [ -82.9608647, 39.9697702 ], [ -82.96081, 39.9697676 ], [ -82.96082, 39.9696465 ], [ -82.9609111, 39.9696509 ], [ -82.9609022, 39.9697584 ] ] ] } },
{ "type": "Feature", "properties": { "@id": "way/922442305", "amenity": null, "building": "residential", "name": null, "GEOID": "39049002520" }, "geometry": { "type": "Polygon", "coordinates": [ [ [ -82.9599879, 39.9735004 ], [ -82.9599114, 39.973497 ], [ -82.9599121, 39.9734879 ], [ -82.9598977, 39.9734872 ], [ -82.9598997, 39.9734617 ], [ -82.9598826, 39.9734609 ], [ -82.9598839, 39.9734441 ], [ -82.9598698, 39.9734435 ], [ -82.9598734, 39.9733965 ], [ -82.9598865, 39.9733971 ], [ -82.9598897, 39.9733563 ], [ -82.9599394, 39.9733585 ], [ -82.9599411, 39.9733375 ], [ -82.9600003, 39.9733402 ], [ -82.9599879, 39.9735004 ] ] ] } },
{ "type": "Feature", "properties": { "@id": "way/922442306", "amenity": null, "building": "residential", "name": null, "GEOID": "39049002520" }, "geometry": { "type": "Polygon", "coordinates": [ [ [ -82.9581825, 39.9731856 ], [ -82.9581919, 39.9731861 ], [ -82.9581843, 39.973282 ], [ -82.958136, 39.9732797 ], [ -82.9581345, 39.9732991 ], [ -82.958079, 39.9732965 ], [ -82.9580881, 39.9731812 ], [ -82.958096, 39.9731816 ], [ -82.9580973, 39.9731658 ], [ -82.9581837, 39.9731699 ], [ -82.9581825, 39.9731856 ] ] ] } },
{ "type": "Feature", "properties": { "@id": "way/922442307", "amenity": null, "building": "residential", "name": null, "GEOID": "39049002520" }, "geometry": { "type": "Polygon", "coordinates": [ [ [ -82.9583093, 39.9724458 ], [ -82.9583176, 39.9723431 ], [ -82.9584423, 39.9723491 ], [ -82.9584351, 39.972437 ], [ -82.9583922, 39.9724349 ], [ -82.958391, 39.9724497 ], [ -82.9583093, 39.9724458 ] ] ] } },
{ "type": "Feature", "properties": { "@id": "way/922442313", "amenity": null, "building": "residential", "name": null, "GEOID": "39049002520" }, "geometry": { "type": "Polygon", "coordinates": [ [ [ -82.9610131, 39.9727499 ], [ -82.9610171, 39.9726847 ], [ -82.9611627, 39.97269 ], [ -82.9611624, 39.9726945 ], [ -82.9611843, 39.9726953 ], [ -82.9611808, 39.9727514 ], [ -82.9611584, 39.9727506 ], [ -82.9611581, 39.9727551 ], [ -82.9610131, 39.9727499 ] ] ] } },
{ "type": "Feature", "properties": { "@id": "way/922442314", "amenity": null, "building": "residential", "name": null, "GEOID": "39049002520" }, "geometry": { "type": "Polygon", "coordinates": [ [ [ -82.9594785, 39.9730632 ], [ -82.9594766, 39.9730852 ], [ -82.9593694, 39.9730798 ], [ -82.9593713, 39.9730578 ], [ -82.9593593, 39.9730572 ], [ -82.9593685, 39.97295 ], [ -82.9594963, 39.9729564 ], [ -82.9594871, 39.9730636 ], [ -82.9594785, 39.9730632 ] ] ] } },
{ "type": "Feature", "properties": { "@id": "way/922442315", "amenity": null, "building": "residential", "name": null, "GEOID": "39049002520" }, "geometry": { "type": "Polygon", "coordinates": [ [ [ -82.9594485, 39.9739467 ], [ -82.9594387, 39.9740675 ], [ -82.9593445, 39.9740631 ], [ -82.9593543, 39.9739422 ], [ -82.9594485, 39.9739467 ] ] ] } },
{ "type": "Feature", "properties": { "@id": "way/922442317", "amenity": null, "building": "residential", "name": null, "GEOID": "39049002520" }, "geometry": { "type": "Polygon", "coordinates": [ [ [ -82.9603529, 39.9697626 ], [ -82.9603587, 39.9696923 ], [ -82.9603187, 39.9696904 ], [ -82.9603228, 39.9696411 ], [ -82.9604612, 39.9696478 ], [ -82.9604513, 39.9697673 ], [ -82.9603529, 39.9697626 ] ] ] } },
{ "type": "Feature", "properties": { "@id": "way/922442319", "amenity": null, "building": "residential", "name": null, "GEOID": "39049002520" }, "geometry": { "type": "Polygon", "coordinates": [ [ [ -82.9542623, 39.9689784 ], [ -82.954253, 39.9689794 ], [ -82.9542358, 39.9688865 ], [ -82.9542454, 39.9688854 ], [ -82.9542418, 39.9688659 ], [ -82.9543414, 39.9688551 ], [ -82.9543448, 39.9688736 ], [ -82.9543528, 39.9688727 ], [ -82.9543735, 39.9689847 ], [ -82.9542656, 39.9689964 ], [ -82.9542623, 39.9689784 ] ] ] } },
{ "type": "Feature", "properties": { "@id": "way/922442322", "amenity": null, "building": "residential", "name": null, "GEOID": "39049002520" }, "geometry": { "type": "Polygon", "coordinates": [ [ [ -82.9607909, 39.9721981 ], [ -82.9606859, 39.9721932 ], [ -82.9606961, 39.9720631 ], [ -82.9608011, 39.972068 ], [ -82.9607909, 39.9721981 ] ] ] } },
{ "type": "Feature", "properties": { "@id": "way/922442323", "amenity": null, "building": "residential", "name": null, "GEOID": "39049002520" }, "geometry": { "type": "Polygon", "coordinates": [ [ [ -82.9606693, 39.9693626 ], [ -82.9606613, 39.9694539 ], [ -82.960641, 39.9694529 ], [ -82.9606383, 39.9694836 ], [ -82.9605576, 39.9694795 ], [ -82.9605603, 39.9694488 ], [ -82.9605362, 39.9694475 ], [ -82.9605442, 39.9693562 ], [ -82.9606693, 39.9693626 ] ] ] } },
{ "type": "Feature", "properties": { "@id": "way/922442325", "amenity": null, "building": "residential", "name": null, "GEOID": "39049002520" }, "geometry": { "type": "Polygon", "coordinates": [ [ [ -82.9541144, 39.9696525 ], [ -82.9541185, 39.9695707 ], [ -82.9542717, 39.9695752 ], [ -82.9542686, 39.9696361 ], [ -82.9542364, 39.9696351 ], [ -82.9542353, 39.9696561 ], [ -82.9541144, 39.9696525 ] ] ] } },
{ "type": "Feature", "properties": { "@id": "way/922442326", "amenity": null, "building": "residential", "name": null, "GEOID": "39049002520" }, "geometry": { "type": "Polygon", "coordinates": [ [ [ -82.9535424, 39.9704216 ], [ -82.9535453, 39.970351 ], [ -82.9537717, 39.9703564 ], [ -82.9537703, 39.9703887 ], [ -82.9537403, 39.970388 ], [ -82.9537387, 39.9704263 ], [ -82.9535424, 39.9704216 ] ] ] } },
{ "type": "Feature", "properties": { "@id": "way/1104506164", "amenity": null, "building": "residential", "name": null, "GEOID": "39049001000" }, "geometry": { "type": "Polygon", "coordinates": [ [ [ -82.9985104, 40.0111916 ], [ -82.9982787, 40.011179 ], [ -82.9982877, 40.011082 ], [ -82.9985193, 40.0110946 ], [ -82.9985104, 40.0111916 ] ] ] } }
]
}
