{
  "type": "FeatureCollection",
  "features": [
    {
      "type": "Feature",
      "id": "node/1013918510",
      "properties": {
        "@id": "node/1013918510",
        "branch": "Caf\u00e9 Bakery",
        "brand": "Brioche Dor\u00e9e",
        "brand:wikidata": "Q2925606",
        "check_date": "2024-06-15",
        "level": "1",
        "name": "Brioche Dor\u00e9e",
        "opening_hours": "04:30-20:00",
        "payment:mastercard": "yes",
        "payment:visa": "yes",
        "shop": "bakery",
        "wheelchair": "yes"
      },
      "geometry": {
        "type": "Point",
        "coordinates": [
          [
            [
              -87.910001,
              41.9794357
            ]
          ]
        ]
      }
    },
    {
      "type": "Feature",
      "id": "node/1130095376",
      "properties": {
        "@id": "node/1130095376",
        "addr:city": "Chicago",
        "addr:housenumber": "2218",
        "addr:postcode": "60647",
        "addr:street": "North California Avenue",
        "name": "Panader\u00eda La Central",
        "shop": "bakery",
        "wheelchair": "no"
      },
      "geometry": {
        "type": "Point",
        "coordinates": [
          [
            [
              -87.6975766,
              41.9223178
            ]
          ]
        ]
      }
    },
    {
      "type": "Feature",
      "id": "node/1686081858",
      "properties": {
        "@id": "node/1686081858",
        "addr:city": "Chicago",
        "addr:housenumber": "2944",
        "addr:postcode": "60659",
        "addr:state": "IL",
        "addr:street": "West Devon Avenue",
        "diet:kosher": "only",
        "name": "Tel Aviv Kosher Bakery",
        "phone": "+1-773-764-8877",
        "shop": "bakery"
      },
      "geometry": {
        "type": "Point",
        "coordinates": [
          [
            [
              -87.7039187,
              41.9976152
            ]
          ]
        ]
      }
    },
    {
      "type": "Feature",
      "id": "node/1700855281",
      "properties": {
        "@id": "node/1700855281",
        "addr:city": "Chicago",
        "addr:housenumber": "2714",
        "addr:postcode": "60647",
        "addr:state": "IL",
        "addr:street": "North Milwaukee Avenue",
        "name": "Cafe Con Leche",
        "phone": "+1-773-289-4274",
        "shop": "bakery",
        "website": "https://www.cafeconlechels.com/"
      },
      "geometry": {
        "type": "Point",
        "coordinates": [
          [
            [
              -87.7098277,
              41.930398
            ]
          ]
        ]
      }
    },
    {
      "type": "Feature",
      "id": "node/1780022198",
      "properties": {
        "@id": "node/1780022198",
        "addr:city": "Chicago",
        "addr:housenumber": "3847",
        "addr:postcode": "60647",
        "addr:state": "IL",
        "addr:street": "West Fullerton Avenue",
        "name": "Marie's Bakery",
        "phone": "+1-773-772-5147",
        "shop": "bakery"
      },
      "geometry": {
        "type": "Point",
        "coordinates": [
          [
            [
              -87.723735,
              41.9243121
            ]
          ]
        ]
      }
    },
    {
      "type": "Feature",
      "id": "node/2274265358",
      "properties": {
        "@id": "node/2274265358",
        "addr:city": "Chicago",
        "addr:housenumber": "4738",
        "addr:postcode": "60625",
        "addr:state": "IL",
        "addr:street": "North Kedzie Avenue",
        "name": "Al Khyam Grocery, Bakery & Restaurant",
        "phone": "+1 (773) 583-3077",
        "shop": "bakery",
        "website": "http://www.alkhyam.com/"
      },
      "geometry": {
        "type": "Point",
        "coordinates": [
          [
            [
              -87.7086592,
              41.9678192
            ]
          ]
        ]
      }
    },
    {
      "type": "Feature",
      "id": "node/2322673322",
      "properties": {
        "@id": "node/2322673322",
        "amenity": "fast_food",
        "brand": "Brioche Dor\u00e9e",
        "brand:wikidata": "Q2925606",
        "contact:phone": "+1 773 686 6149",
        "cuisine": "french",
        "level": "1",
        "name": "Brioche Dor\u00e9e",
        "opening_hours": "06:30-22:00",
        "shop": "bakery"
      },
      "geometry": {
        "type": "Point",
        "coordinates": [
          [
            [
              -87.8970582,
              41.9743251
            ]
          ]
        ]
      }
    },
    {
      "type": "Feature",
      "id": "node/2356542043",
      "properties": {
        "@id": "node/2356542043",
        "addr:city": "Chicago",
        "addr:housenumber": "1331",
        "addr:postcode": "60637",
        "addr:state": "IL",
        "addr:street": "East 57th Street",
        "entrance": "main",
        "name": "Medici Bakery",
        "shop": "bakery",
        "website": "https://www.medici57.com/",
        "wheelchair": "limited"
      },
      "geometry": {
        "type": "Point",
        "coordinates": [
          [
            [
              -87.5936295,
              41.7913288
            ]
          ]
        ]
      }
    },
    {
      "type": "Feature",
      "id": "node/2357293585",
      "properties": {
        "@id": "node/2357293585",
        "addr:city": "Chicago",
        "addr:housenumber": "201",
        "addr:street": "East Delaware Place",
        "cuisine": "donut",
        "name": "Glazed and Infused",
        "opening_hours": "Mo-Su 07:00-14:00",
        "shop": "bakery"
      },
      "geometry": {
        "type": "Point",
        "coordinates": [
          [
            [
              -87.621583,
              41.8991079
            ]
          ]
        ]
      }
    },
    {
      "type": "Feature",
      "id": "node/2360651566",
      "properties": {
        "@id": "node/2360651566",
        "amenity": "cafe",
        "brand": "Brioche Dor\u00e9e",
        "brand:wikidata": "Q2925606",
        "contact:phone": "+1 773 686 6149",
        "cuisine": "coffee_shop",
        "layer": "1",
        "level": "1",
        "name": "Brioche Dor\u00e9e",
        "opening_hours": "06:30-22:00",
        "shop": "bakery",
        "wheelchair": "yes"
      },
      "geometry": {
        "type": "Point",
        "coordinates": [
          [
            [
              -87.9033436,
              41.9752625
            ]
          ]
        ]
      }
    },
    {
      "type": "Feature",
      "id": "node/2361008459",
      "properties": {
        "@id": "node/2361008459",
        "addr:city": "Chicago",
        "addr:housenumber": "6216",
        "addr:postcode": "60638",
        "addr:state": "IL",
        "addr:street": "South Archer Avenue",
        "name": "Racine Bakery",
        "phone": "+1-773-581-8500",
        "shop": "bakery",
        "website": "http://racinebakery.com/"
      },
      "geometry": {
        "type": "Point",
        "coordinates": [
          [
            [
              -87.7752549,
              41.7941278
            ]
          ]
        ]
      }
    },
    {
      "type": "Feature",
      "id": "node/2365034037",
      "properties": {
        "@id": "node/2365034037",
        "addr:city": "Chicago",
        "addr:housenumber": "1618 1/2",
        "addr:postcode": "60622",
        "addr:state": "IL",
        "addr:street": "West Chicago Avenue",
        "name": "Hoosier Mama Pie Company",
        "opening_hours": "Tu-Fr 08:00-19:00; Sa 09:00-17:00; Su 10:00-16:00",
        "payment:cash": "yes",
        "payment:credit_cards": "yes",
        "phone": "+1-312-243-4846",
        "shop": "bakery",
        "website": "https://hoosiermamapie.com/"
      },
      "geometry": {
        "type": "Point",
        "coordinates": [
          [
            [
              -87.6681081,
              41.8962266
            ]
          ]
        ]
      }
    },
    {
      "type": "Feature",
      "id": "node/2532282696",
      "properties": {
        "@id": "node/2532282696",
        "addr:housenumber": "2523",
        "addr:postcode": "60614",
        "addr:street": "North Clark Street",
        "name": "Cafe Vienna",
        "shop": "bakery"
      },
      "geometry": {
        "type": "Point",
        "coordinates": [
          [
            [
              -87.6420308,
              41.9284735
            ]
          ]
        ]
      }
    },
    {
      "type": "Feature",
      "id": "node/2535218153",
      "properties": {
        "@id": "node/2535218153",
        "addr:city": "Chicago",
        "addr:housenumber": "412",
        "addr:postcode": "60622",
        "addr:state": "IL",
        "addr:street": "North Wolcott Avenue",
        "addr:street:name": "Wolcott",
        "addr:street:prefix": "North",
        "addr:street:type": "Avenue",
        "name": "Big Delicious Planet Canteen",
        "opening_hours": "Mo-Fr 07:30-14:00",
        "phone": "+1-312-455-1019",
        "shop": "bakery",
        "website": "http://www.bigdeliciousplanet.com/"
      },
      "geometry": {
        "type": "Point",
        "coordinates": [
          [
            [
              -87.6748468,
              41.8891947
            ]
          ]
        ]
      }
    },
    {
      "type": "Feature",
      "id": "node/2707458421",
      "properties": {
        "@id": "node/2707458421",
        "addr:city": "Chicago",
        "addr:housenumber": "1924",
        "addr:postcode": "60622",
        "addr:state": "IL",
        "addr:street": "West North Avenue",
        "cuisine": "dessert",
        "description": "Cream puffs",
        "name": "Beard Papa's",
        "opening_hours": "Mo-Th 11:00-21:00; Fr-Su 11:00-22:00",
        "shop": "bakery",
        "website": "https://www.beardpapas.com/",
        "wheelchair": "yes"
      },
      "geometry": {
        "type": "Point",
        "coordinates": [
          [
            [
              -87.6760533,
              41.9106363
            ]
          ]
        ]
      }
    },
    {
      "type": "Feature",
      "id": "node/2789512144",
      "properties": {
        "@id": "node/2789512144",
        "addr:city": "Chicago",
        "addr:housenumber": "1736",
        "addr:postcode": "60622",
        "addr:state": "IL",
        "addr:street": "West Division Street",
        "check_date": "2023-10-20",
        "name": "Alliance Bakery",
        "opening_hours": "Mo-Sa 06:00-21:00; Su 07:00-21:00",
        "phone": "+1-773-278-0366",
        "shop": "bakery",
        "website": "https://www.alliancebakery.com/home/",
        "wheelchair": "yes"
      },
      "geometry": {
        "type": "Point",
        "coordinates": [
          [
            [
              -87.6714416,
              41.9034471
            ]
          ]
        ]
      }
    },
    {
      "type": "Feature",
      "id": "node/2789521360",
      "properties": {
        "@id": "node/2789521360",
        "addr:city": "Chicago",
        "addr:housenumber": "1124",
        "addr:postcode": "60622",
        "addr:state": "IL",
        "addr:street": "West Grand Avenue",
        "cuisine": "pizza",
        "name": "D'Amatos Bakery",
        "phone": "+1-312-733-5456",
        "shop": "bakery",
        "website": "https://damatoschicago.com/",
        "wheelchair": "no"
      },
      "geometry": {
        "type": "Point",
        "coordinates": [
          [
            [
              -87.6556514,
              41.8912464
            ]
          ]
        ]
      }
    },
    {
      "type": "Feature",
      "id": "node/2819236837",
      "properties": {
        "@id": "node/2819236837",
        "addr:city": "Chicago",
        "addr:housenumber": "115",
        "addr:postcode": "60602",
        "addr:state": "IL",
        "addr:street": "North Wabash Avenue",
        "name": "Sugar Bliss Cake Boutique",
        "phone": "+1-312-845-9669",
        "shop": "bakery",
        "website": "https://sugarblisscakes.com/"
      },
      "geometry": {
        "type": "Point",
        "coordinates": [
          [
            [
              -87.6259612,
              41.8837574
            ]
          ]
        ]
      }
    },
    {
      "type": "Feature",
      "id": "node/2819355821",
      "properties": {
        "@id": "node/2819355821",
        "addr:city": "Chicago",
        "addr:housenumber": "108",
        "addr:postcode": "60602",
        "addr:state": "IL",
        "addr:street": "North State Street",
        "check_date": "2022-08-08",
        "name": "Magnolia Bakery",
        "opening_hours": "11:00-20:00",
        "phone": "+1-312-346-7777",
        "shop": "bakery",
        "website": "https://www.magnoliabakery.com/"
      },
      "geometry": {
        "type": "Point",
        "coordinates": [
          [
            [
              -87.6281965,
              41.8841675
            ]
          ]
        ]
      }
    },
    {
      "type": "Feature",
      "id": "node/3575000276",
      "properties": {
        "@id": "node/3575000276",
        "addr:city": "Chicago",
        "addr:housenumber": "3309",
        "addr:postcode": "60647",
        "addr:state": "IL",
        "addr:street": "West Armitage Avenue",
        "name": "La Estrella",
        "phone": "+1-773-772-1861",
        "shop": "bakery"
      },
      "geometry": {
        "type": "Point",
        "coordinates": [
          [
            [
              -87.7106961,
              41.9172389
            ]
          ]
        ]
      }
    },
    {
      "type": "Feature",
      "id": "node/3581811868",
      "properties": {
        "@id": "node/3581811868",
        "addr:city": "Chicago",
        "addr:housenumber": "3216",
        "addr:postcode": "60647",
        "addr:state": "IL",
        "addr:street": "West North Avenue",
        "name": "Roeser's Bakery",
        "phone": "+1-773-489-6900",
        "shop": "bakery",
        "website": "https://www.roeserscakes.com/"
      },
      "geometry": {
        "type": "Point",
        "coordinates": [
          [
            [
              -87.7075176,
              41.9103002
            ]
          ]
        ]
      }
    },
    {
      "type": "Feature",
      "id": "node/3649650829",
      "properties": {
        "@id": "node/3649650829",
        "name": "Azucar Delights",
        "shop": "bakery"
      },
      "geometry": {
        "type": "Point",
        "coordinates": [
          [
            [
              -87.7132293,
              41.9391491
            ]
          ]
        ]
      }
    },
    {
      "type": "Feature",
      "id": "node/3651399163",
      "properties": {
        "@id": "node/3651399163",
        "addr:city": "Chicago",
        "addr:housenumber": "1443",
        "addr:postcode": "60622",
        "addr:state": "IL",
        "addr:street": "North Milwaukee Avenue",
        "check_date": "2024-02-11",
        "name": "Artemio's Bakery",
        "phone": "+1-773-342-0757",
        "shop": "bakery"
      },
      "geometry": {
        "type": "Point",
        "coordinates": [
          [
            [
              -87.6738163,
              41.9081992
            ]
          ]
        ]
      }
    },
    {
      "type": "Feature",
      "id": "node/3652941316",
      "properties": {
        "@id": "node/3652941316",
        "name": "Lovely Bake Shop",
        "shop": "bakery"
      },
      "geometry": {
        "type": "Point",
        "coordinates": [
          [
            [
              -87.6648781,
              41.9021719
            ]
          ]
        ]
      }
    },
    {
      "type": "Feature",
      "id": "node/3708342306",
      "properties": {
        "@id": "node/3708342306",
        "addr:city": "Chicago",
        "addr:housenumber": "30",
        "addr:postcode": "60611",
        "addr:state": "IL",
        "addr:street": "East Hubbard Street",
        "name": "Glazed and Infused",
        "opening_hours": "Mo-Th 06:30-18:00; Fr-Sa 06:30-12:00; Su 06:30-15:00",
        "operator": "Glazed and Infused",
        "shop": "bakery"
      },
      "geometry": {
        "type": "Point",
        "coordinates": [
          [
            [
              -87.6275538,
              41.890232
            ]
          ]
        ]
      }
    },
    {
      "type": "Feature",
      "id": "node/3988701729",
      "properties": {
        "@id": "node/3988701729",
        "name": "Six Corners Bakery",
        "shop": "bakery"
      },
      "geometry": {
        "type": "Point",
        "coordinates": [
          [
            [
              -87.7483174,
              41.9538293
            ]
          ]
        ]
      }
    },
    {
      "type": "Feature",
      "id": "node/4214191958",
      "properties": {
        "@id": "node/4214191958",
        "addr:city": "Chicago",
        "addr:housenumber": "1547",
        "addr:postcode": "60610",
        "addr:state": "IL",
        "addr:street": "North Wells Street",
        "name": "La Fournette",
        "phone": "+1-815-518-2340",
        "shop": "bakery",
        "website": "https://www.lafournette.com/"
      },
      "geometry": {
        "type": "Point",
        "coordinates": [
          [
            [
              -87.6344671,
              41.9105181
            ]
          ]
        ]
      }
    },
    {
      "type": "Feature",
      "id": "node/4238856142",
      "properties": {
        "@id": "node/4238856142",
        "addr:city": "Chicago",
        "addr:housenumber": "5814",
        "addr:postcode": "60630",
        "addr:state": "IL",
        "addr:street": "West Higgins Avenue",
        "name": "Beautiful Cakes",
        "phone": "+1-773-777-7535",
        "shop": "bakery",
        "website": "https://www.beautifulcakeschicago.com/"
      },
      "geometry": {
        "type": "Point",
        "coordinates": [
          [
            [
              -87.7740893,
              41.9721881
            ]
          ]
        ]
      }
    },
    {
      "type": "Feature",
      "id": "node/4410742332",
      "properties": {
        "@id": "node/4410742332",
        "addr:city": "Chicago",
        "addr:housenumber": "8251",
        "addr:postcode": "60619",
        "addr:state": "IL",
        "addr:street": "South Cottage Grove Avenue",
        "name": "Dat Donut",
        "opening_hours": "Mo-Sa 00:00-24:00; Su 00:00-17:00",
        "phone": "+1-773-723-1002",
        "shop": "bakery",
        "website": "https://www.datdonut.com/"
      },
      "geometry": {
        "type": "Point",
        "coordinates": [
          [
            [
              -87.6047305,
              41.7442865
            ]
          ]
        ]
      }
    },
    {
      "type": "Feature",
      "id": "node/4499383720",
      "properties": {
        "@id": "node/4499383720",
        "addr:city": "Chicago",
        "addr:housenumber": "3335",
        "addr:postcode": "60647",
        "addr:state": "IL",
        "addr:street": "West North Avenue",
        "name": "San Juan Bakery",
        "phone": "+1-773-395-0099",
        "shop": "bakery"
      },
      "geometry": {
        "type": "Point",
        "coordinates": [
          [
            [
              -87.7108236,
              41.9099249
            ]
          ]
        ]
      }
    },
    {
      "type": "Feature",
      "id": "node/4699854959",
      "properties": {
        "@id": "node/4699854959",
        "addr:city": "Chicago",
        "addr:housenumber": "2976",
        "addr:postcode": "60618",
        "addr:state": "IL",
        "addr:street": "North Milwaukee Avenue",
        "description": "The sausage shop is on the second floor, bakery on the first/ground floor.",
        "name": "Kurowski\u2019s Sausage Shop",
        "phone": "+1-773-645-1692",
        "shop": "bakery"
      },
      "geometry": {
        "type": "Point",
        "coordinates": [
          [
            [
              -87.7179854,
              41.9353814
            ]
          ]
        ]
      }
    },
    {
      "type": "Feature",
      "id": "node/4831297746",
      "properties": {
        "@id": "node/4831297746",
        "addr:city": "Chicago",
        "addr:housenumber": "6730",
        "addr:postcode": "60626",
        "addr:state": "IL",
        "addr:street": "North Clark Street",
        "name": "Smack Dab Bakery",
        "phone": "+1-872-241-9111",
        "shop": "bakery",
        "website": "https://www.smackdabchicago.com/"
      },
      "geometry": {
        "type": "Point",
        "coordinates": [
          [
            [
              -87.6732694,
              42.0044624
            ]
          ]
        ]
      }
    },
    {
      "type": "Feature",
      "id": "node/4930041965",
      "properties": {
        "@id": "node/4930041965",
        "addr:city": "Chicago",
        "addr:housenumber": "2841",
        "addr:postcode": "60645",
        "addr:state": "IL",
        "addr:street": "West Howard Street",
        "name": "JR Dessert Bakery",
        "phone": "+1-773-465-6733",
        "shop": "bakery",
        "website": "https://jr-dessert-bakery.myshopify.com/"
      },
      "geometry": {
        "type": "Point",
        "coordinates": [
          [
            [
              -87.7012692,
              42.0191129
            ]
          ]
        ]
      }
    },
    {
      "type": "Feature",
      "id": "node/5111736795",
      "properties": {
        "@id": "node/5111736795",
        "addr:city": "Chicago",
        "addr:housenumber": "3142",
        "addr:postcode": "60608",
        "addr:state": "IL",
        "addr:street": "South Morgan Street",
        "name": "Nonna Soluri\u2019s Italian Deli",
        "phone": "+1-773-247-8777",
        "shop": "bakery"
      },
      "geometry": {
        "type": "Point",
        "coordinates": [
          [
            [
              -87.6513357,
              41.8366705
            ]
          ]
        ]
      }
    },
    {
      "type": "Feature",
      "id": "node/5178274157",
      "properties": {
        "@id": "node/5178274157",
        "addr:city": "Chicago",
        "addr:housenumber": "2925",
        "addr:postcode": "60657",
        "addr:state": "IL",
        "addr:street": "North Halsted Street",
        "check_date": "2024-09-14",
        "name": "Jennivee's Bakery",
        "opening_hours": "Mo-Th 06:00-22:00; Fr-Sa 06:00-23:00; Su 08:00-21:00",
        "payment:cash": "yes",
        "payment:credit_cards": "yes",
        "phone": "+1-773-697-3341",
        "shop": "bakery",
        "website": "http://preview.jenniveesbakery.com/"
      },
      "geometry": {
        "type": "Point",
        "coordinates": [
          [
            [
              -87.6489153,
              41.9353548
            ]
          ]
        ]
      }
    },
    {
      "type": "Feature",
      "id": "node/5194934967",
      "properties": {
        "@id": "node/5194934967",
        "addr:city": "Chicago",
        "addr:housenumber": "5712",
        "addr:postcode": "60660",
        "addr:state": "IL",
        "addr:street": "North Clark Street",
        "name": "La Baguette Bakery",
        "phone": "+1-773-878-8556",
        "shop": "bakery",
        "website": "http://labaguettemelrose.com/"
      },
      "geometry": {
        "type": "Point",
        "coordinates": [
          [
            [
              -87.6694502,
              41.9857936
            ]
          ]
        ]
      }
    },
    {
      "type": "Feature",
      "id": "node/5452793082",
      "properties": {
        "@id": "node/5452793082",
        "addr:city": "Chicago",
        "addr:housenumber": "1312",
        "addr:postcode": "60607",
        "addr:state": "IL",
        "addr:street": "West Madison Street",
        "cuisine": "sandwich;soup;italian",
        "name": "Nohea Cafe",
        "phone": "+1-312-600-9305",
        "shop": "bakery",
        "website": "https://www.noheacafe.com/",
        "wheelchair": "yes"
      },
      "geometry": {
        "type": "Point",
        "coordinates": [
          [
            [
              -87.6604048,
              41.8817147
            ]
          ]
        ]
      }
    },
    {
      "type": "Feature",
      "id": "node/5460661639",
      "properties": {
        "@id": "node/5460661639",
        "addr:city": "Chicago",
        "addr:housenumber": "494",
        "addr:postcode": "60654",
        "addr:state": "IL",
        "addr:street": "North Milwaukee Avenue",
        "name": "Dolci Amori",
        "phone": "+1-312-766-2727",
        "shop": "bakery"
      },
      "geometry": {
        "type": "Point",
        "coordinates": [
          [
            [
              -87.6474629,
              41.8909236
            ]
          ]
        ]
      }
    },
    {
      "type": "Feature",
      "id": "node/5466036209",
      "properties": {
        "@id": "node/5466036209",
        "addr:city": "Chicago",
        "addr:housenumber": "105",
        "addr:postcode": "60653",
        "addr:state": "IL",
        "addr:street": "East 47th Street",
        "name": "Pookie Crack Cakes",
        "shop": "bakery",
        "website": "https://www.facebook.com/pookiecrackcakes"
      },
      "geometry": {
        "type": "Point",
        "coordinates": [
          [
            [
              -87.6224645,
              41.8091821
            ]
          ]
        ]
      }
    },
    {
      "type": "Feature",
      "id": "node/5693947790",
      "properties": {
        "@id": "node/5693947790",
        "name": "Esencia",
        "shop": "bakery"
      },
      "geometry": {
        "type": "Point",
        "coordinates": [
          [
            [
              -87.6445895,
              41.9432019
            ]
          ]
        ]
      }
    },
    {
      "type": "Feature",
      "id": "node/5756706724",
      "properties": {
        "@id": "node/5756706724",
        "addr:city": "Chicago",
        "addr:housenumber": "50",
        "addr:postcode": "60611",
        "addr:state": "IL",
        "addr:street": "East Walton Street",
        "name": "Sprinkles Cupcakes",
        "phone": "+1-312-573-1600",
        "shop": "bakery",
        "website": "https://sprinkles.com/"
      },
      "geometry": {
        "type": "Point",
        "coordinates": [
          [
            [
              -87.6265079,
              41.9000893
            ]
          ]
        ]
      }
    },
    {
      "type": "Feature",
      "id": "node/5834769446",
      "properties": {
        "@id": "node/5834769446",
        "addr:city": "Chicago",
        "addr:housenumber": "3626",
        "addr:postcode": "60613",
        "addr:state": "IL",
        "addr:street": "North Clark Street",
        "amenity": "cafe",
        "name": "West Town Bakery",
        "phone": "+1-773-269-5415",
        "shop": "bakery",
        "website": "https://www.westtownbakery.com/lakeview"
      },
      "geometry": {
        "type": "Point",
        "coordinates": [
          [
            [
              -87.6571081,
              41.9476844
            ]
          ]
        ]
      }
    },
    {
      "type": "Feature",
      "id": "node/5842922320",
      "properties": {
        "@id": "node/5842922320",
        "addr:city": "Chicago",
        "addr:housenumber": "2308",
        "addr:postcode": "60659",
        "addr:state": "IL",
        "addr:street": "West Devon Avenue",
        "name": "King Sweets",
        "shop": "bakery"
      },
      "geometry": {
        "type": "Point",
        "coordinates": [
          [
            [
              -87.6878496,
              41.9978891
            ]
          ]
        ]
      }
    },
    {
      "type": "Feature",
      "id": "node/6231276198",
      "properties": {
        "@id": "node/6231276198",
        "addr:city": "Chicago",
        "addr:housenumber": "915",
        "addr:postcode": "60657",
        "addr:state": "IL",
        "addr:street": "West Belmont Avenue",
        "name": "La Boulangerie",
        "opening_hours": "Mo-Fr 07:00-19:00; Sa 07:00-18:00; Su 07:00-17:00",
        "phone": "+1-773-799-8022",
        "shop": "bakery",
        "website": "http://www.laboulangeriechicago.com/"
      },
      "geometry": {
        "type": "Point",
        "coordinates": [
          [
            [
              -87.652201,
              41.9398379
            ]
          ]
        ]
      }
    },
    {
      "type": "Feature",
      "id": "node/6257979487",
      "properties": {
        "@id": "node/6257979487",
        "addr:city": "Chicago",
        "addr:housenumber": "6044",
        "addr:postcode": "60638",
        "addr:state": "IL",
        "addr:street": "West 63rd Street",
        "name": "Acapulco Bakery",
        "shop": "bakery"
      },
      "geometry": {
        "type": "Point",
        "coordinates": [
          [
            [
              -87.773288,
              41.7780534
            ]
          ]
        ]
      }
    },
    {
      "type": "Feature",
      "id": "node/6258061391",
      "properties": {
        "@id": "node/6258061391",
        "addr:city": "Chicago",
        "addr:housenumber": "9920",
        "addr:postcode": "60643",
        "addr:state": "IL",
        "addr:street": "South Western Avenue",
        "name": "Ain't She Sweet Cafe",
        "phone": "+1-773-840-3309",
        "shop": "bakery",
        "website": "http://aintshesweetcafe.com/"
      },
      "geometry": {
        "type": "Point",
        "coordinates": [
          [
            [
              -87.6821171,
              41.7131265
            ]
          ]
        ]
      }
    },
    {
      "type": "Feature",
      "id": "node/6261010621",
      "properties": {
        "@id": "node/6261010621",
        "addr:city": "Chicago",
        "addr:housenumber": "3420",
        "addr:postcode": "60618",
        "addr:state": "IL",
        "addr:street": "West Montrose Avenue",
        "name": "Alegre Bakery",
        "phone": "+1-773-463-0062",
        "shop": "bakery"
      },
      "geometry": {
        "type": "Point",
        "coordinates": [
          [
            [
              -87.7140688,
              41.961239
            ]
          ]
        ]
      }
    },
    {
      "type": "Feature",
      "id": "node/6261205669",
      "properties": {
        "@id": "node/6261205669",
        "addr:city": "Chicago",
        "addr:housenumber": "636",
        "addr:postcode": "60642",
        "addr:state": "IL",
        "addr:street": "North Racine Avenue",
        "addr:unit": "C 2",
        "name": "Amy Beck Cake Design",
        "phone": "+1-312-545-3655",
        "shop": "bakery",
        "website": "http://amybeckcakedesign.com/"
      },
      "geometry": {
        "type": "Point",
        "coordinates": [
          [
            [
              -87.6576529,
              41.8933805
            ]
          ]
        ]
      }
    },
    {
      "type": "Feature",
      "id": "node/6261276624",
      "properties": {
        "@id": "node/6261276624",
        "addr:city": "Chicago",
        "addr:housenumber": "2158",
        "addr:postcode": "60622",
        "addr:state": "IL",
        "addr:street": "West Chicago Avenue",
        "name": "Ann\u2019s Bakery",
        "opening_hours": "Mo-Sa 07:00-20:00; Su 08:00-19:00",
        "phone": "+1-773-384-5562",
        "shop": "bakery"
      },
      "geometry": {
        "type": "Point",
        "coordinates": [
          [
            [
              -87.6818119,
              41.8961033
            ]
          ]
        ]
      }
    },
    {
      "type": "Feature",
      "id": "node/6263041896",
      "properties": {
        "@id": "node/6263041896",
        "addr:city": "Chicago",
        "addr:housenumber": "1350",
        "addr:postcode": "60615",
        "addr:state": "IL",
        "addr:street": "East 53rd Street",
        "name": "Arifa\u2019s Kitchen",
        "shop": "bakery"
      },
      "geometry": {
        "type": "Point",
        "coordinates": [
          [
            [
              -87.5928543,
              41.7997964
            ]
          ]
        ]
      }
    },
    {
      "type": "Feature",
      "id": "node/6263057251",
      "properties": {
        "@id": "node/6263057251",
        "addr:city": "Chicago",
        "addr:housenumber": "111",
        "addr:postcode": "60604",
        "addr:state": "IL",
        "addr:street": "South Michigan Avenue",
        "name": "Art Institute\u2019s Gardens",
        "shop": "bakery"
      },
      "geometry": {
        "type": "Point",
        "coordinates": [
          [
            [
              -87.6239563,
              41.8793738
            ]
          ]
        ]
      }
    },
    {
      "type": "Feature",
      "id": "node/6263487032",
      "properties": {
        "@id": "node/6263487032",
        "addr:city": "Chicago",
        "addr:housenumber": "200",
        "addr:postcode": "60606",
        "addr:state": "IL",
        "addr:street": "West Jackson Boulevard",
        "check_date": "2024-08-31",
        "check_date:opening_hours": "2024-08-31",
        "name": "Avanti Caff\u00e9",
        "opening_hours:signed": "no",
        "phone": "+1-312-957-1301",
        "shop": "bakery",
        "website": "http://www.avanticaffe.com/"
      },
      "geometry": {
        "type": "Point",
        "coordinates": [
          [
            [
              -87.6342405,
              41.8782243
            ]
          ]
        ]
      }
    },
    {
      "type": "Feature",
      "id": "node/6264204010",
      "properties": {
        "@id": "node/6264204010",
        "addr:city": "Chicago",
        "addr:housenumber": "4720",
        "addr:postcode": "60639",
        "addr:state": "IL",
        "addr:street": "West Armitage Avenue",
        "name": "Babushka Bakery",
        "phone": "+1-708-828-1983",
        "shop": "bakery",
        "website": "https://www.babushkabakery.com/"
      },
      "geometry": {
        "type": "Point",
        "coordinates": [
          [
            [
              -87.744616,
              41.9170525
            ]
          ]
        ]
      }
    },
    {
      "type": "Feature",
      "id": "node/6264275141",
      "properties": {
        "@id": "node/6264275141",
        "addr:city": "Chicago",
        "addr:housenumber": "2246",
        "addr:postcode": "60647",
        "addr:state": "IL",
        "addr:street": "West North Avenue",
        "check_date": "2023-04-30",
        "name": "Bake",
        "phone": "+1-773-384-7655",
        "shop": "bakery",
        "website": "http://getbakedchicago.com/"
      },
      "geometry": {
        "type": "Point",
        "coordinates": [
          [
            [
              -87.684184,
              41.9104535
            ]
          ]
        ]
      }
    },
    {
      "type": "Feature",
      "id": "node/6264310729",
      "properties": {
        "@id": "node/6264310729",
        "addr:city": "Chicago",
        "addr:housenumber": "4655",
        "addr:postcode": "60625",
        "addr:state": "IL",
        "addr:street": "North Lincoln Avenue",
        "contact:facebook": "https://www.facebook.com/Millerbagel",
        "contact:instagram": "https://www.instagram.com/bagelmiller/",
        "name": "Miller Bagel",
        "opening_hours": "We-Fr 08:00-15:00; Sa-Su 09:00-15:00",
        "phone": "+1-773-654-3610",
        "shop": "bakery",
        "website": "https://www.eatmillerbagel.com"
      },
      "geometry": {
        "type": "Point",
        "coordinates": [
          [
            [
              -87.6868937,
              41.9663814
            ]
          ]
        ]
      }
    },
    {
      "type": "Feature",
      "id": "node/6265052834",
      "properties": {
        "@id": "node/6265052834",
        "addr:city": "Chicago",
        "addr:housenumber": "4501",
        "addr:postcode": "60639",
        "addr:state": "IL",
        "addr:street": "West Fullerton Avenue",
        "name": "Bakery Chef",
        "phone": "+1-773-384-1900",
        "shop": "bakery"
      },
      "geometry": {
        "type": "Point",
        "coordinates": [
          [
            [
              -87.7391756,
              41.9238165
            ]
          ]
        ]
      }
    },
    {
      "type": "Feature",
      "id": "node/6265057877",
      "properties": {
        "@id": "node/6265057877",
        "addr:city": "Chicago",
        "addr:housenumber": "5740",
        "addr:postcode": "60646",
        "addr:state": "IL",
        "addr:street": "North Milwaukee Avenue",
        "name": "Baking For The Takin",
        "phone": "+1-773-951-5025",
        "shop": "bakery"
      },
      "geometry": {
        "type": "Point",
        "coordinates": [
          [
            [
              -87.7771507,
              41.9856444
            ]
          ]
        ]
      }
    },
    {
      "type": "Feature",
      "id": "node/6265635739",
      "properties": {
        "@id": "node/6265635739",
        "addr:city": "Chicago",
        "addr:housenumber": "545",
        "addr:postcode": "60654",
        "addr:state": "IL",
        "addr:street": "North Dearborn Street",
        "name": "Beautiful Morning Chicago",
        "phone": "+1-312-637-0077",
        "shop": "bakery"
      },
      "geometry": {
        "type": "Point",
        "coordinates": [
          [
            [
              -87.6292756,
              41.8922061
            ]
          ]
        ]
      }
    },
    {
      "type": "Feature",
      "id": "node/6265661550",
      "properties": {
        "@id": "node/6265661550",
        "addr:city": "Chicago",
        "addr:housenumber": "131",
        "addr:postcode": "60661",
        "addr:state": "IL",
        "addr:street": "North Clinton Street",
        "name": "Beavers Coffee & Donuts",
        "phone": "+1-773- 392-1300",
        "shop": "bakery",
        "website": "https://www.beaversdonuts.com/"
      },
      "geometry": {
        "type": "Point",
        "coordinates": [
          [
            [
              -87.640998,
              41.8839358
            ]
          ]
        ]
      }
    },
    {
      "type": "Feature",
      "id": "node/6265727285",
      "properties": {
        "@id": "node/6265727285",
        "addr:city": "Chicago",
        "addr:housenumber": "5243",
        "addr:postcode": "60656",
        "addr:state": "IL",
        "addr:street": "North Harlem Avenue",
        "name": "Belarada",
        "phone": "+1-773-774-6022",
        "shop": "bakery"
      },
      "geometry": {
        "type": "Point",
        "coordinates": [
          [
            [
              -87.8068679,
              41.9767826
            ]
          ]
        ]
      }
    },
    {
      "type": "Feature",
      "id": "node/6267295518",
      "properties": {
        "@id": "node/6267295518",
        "addr:city": "Chicago",
        "addr:housenumber": "4900",
        "addr:postcode": "60651",
        "addr:state": "IL",
        "addr:street": "West Division Street",
        "name": "Biondillo Bakery",
        "phone": "+1-773-921-8282",
        "shop": "bakery"
      },
      "geometry": {
        "type": "Point",
        "coordinates": [
          [
            [
              -87.7487483,
              41.9025694
            ]
          ]
        ]
      }
    },
    {
      "type": "Feature",
      "id": "node/6267301052",
      "properties": {
        "@id": "node/6267301052",
        "addr:city": "Chicago",
        "addr:housenumber": "3160",
        "addr:postcode": "60616",
        "addr:state": "IL",
        "addr:street": "South Wells Street",
        "name": "Biscotti\u2019s Galore and More",
        "phone": "+1-312- 842-7670",
        "shop": "bakery",
        "website": "http://www.biscottisgalore.com/"
      },
      "geometry": {
        "type": "Point",
        "coordinates": [
          [
            [
              -87.6331868,
              41.836441
            ]
          ]
        ]
      }
    },
    {
      "type": "Feature",
      "id": "node/6268317885",
      "properties": {
        "@id": "node/6268317885",
        "addr:city": "Chicago",
        "addr:housenumber": "3748",
        "addr:postcode": "60623",
        "addr:state": "IL",
        "addr:street": "West 26th Street",
        "name": "BomBon Cafe",
        "phone": "+1-773-277-8777",
        "shop": "bakery",
        "website": "http://bomboncakes.com/locations/"
      },
      "geometry": {
        "type": "Point",
        "coordinates": [
          [
            [
              -87.7192433,
              41.8444849
            ]
          ]
        ]
      }
    },
    {
      "type": "Feature",
      "id": "node/6268991154",
      "properties": {
        "@id": "node/6268991154",
        "addr:city": "Chicago",
        "addr:housenumber": "5618",
        "addr:postcode": "60629",
        "addr:state": "IL",
        "addr:street": "South Pulaski Road",
        "name": "BomBon Cafe",
        "phone": "+1-312-733-7788",
        "shop": "bakery"
      },
      "geometry": {
        "type": "Point",
        "coordinates": [
          [
            [
              -87.7233607,
              41.790782
            ]
          ]
        ]
      }
    },
    {
      "type": "Feature",
      "id": "node/6269030106",
      "properties": {
        "@id": "node/6269030106",
        "addr:city": "Chicago",
        "addr:housenumber": "7100",
        "addr:postcode": "60649",
        "addr:state": "IL",
        "addr:street": "South South Shore Drive",
        "name": "Bot Bakery",
        "phone": "+1-773-495-4615",
        "shop": "bakery",
        "website": "http://botbakery.wixsite.com/botbakery"
      },
      "geometry": {
        "type": "Point",
        "coordinates": [
          [
            [
              -87.5630138,
              41.7661111
            ]
          ]
        ]
      }
    },
    {
      "type": "Feature",
      "id": "node/6269039722",
      "properties": {
        "@id": "node/6269039722",
        "addr:city": "Chicago",
        "addr:housenumber": "3401",
        "addr:postcode": "60608",
        "addr:state": "IL",
        "addr:street": "South Lituanica Avenue",
        "name": "Bourbon On Division",
        "phone": "+1-872-228-9691",
        "shop": "bakery",
        "website": "https://www.bowwowmeow.pet/"
      },
      "geometry": {
        "type": "Point",
        "coordinates": [
          [
            [
              -87.6483811,
              41.8326456
            ]
          ]
        ]
      }
    },
    {
      "type": "Feature",
      "id": "node/6269044712",
      "properties": {
        "@id": "node/6269044712",
        "addr:city": "Chicago",
        "addr:housenumber": "2161",
        "addr:postcode": "60647",
        "addr:state": "IL",
        "addr:street": "North Western Avenue",
        "contact:instagram": "brasillegalcafe",
        "name": "Brasil Legal Cafe",
        "opening_hours": "11:00-16:00",
        "phone": "+1 773-772-6650",
        "shop": "bakery",
        "wheelchair": "yes"
      },
      "geometry": {
        "type": "Point",
        "coordinates": [
          [
            [
              -87.6872419,
              41.9214265
            ]
          ]
        ]
      }
    },
    {
      "type": "Feature",
      "id": "node/6269115813",
      "properties": {
        "@id": "node/6269115813",
        "addr:city": "Chicago",
        "addr:housenumber": "1931",
        "addr:postcode": "60622",
        "addr:state": "IL",
        "addr:street": "West North Avenue",
        "name": "Brobagel",
        "phone": "+1-773-276-2243",
        "shop": "bakery",
        "website": "http://brobagel.com/"
      },
      "geometry": {
        "type": "Point",
        "coordinates": [
          [
            [
              -87.6761914,
              41.9104005
            ]
          ]
        ]
      }
    },
    {
      "type": "Feature",
      "id": "node/6269530690",
      "properties": {
        "@id": "node/6269530690",
        "addr:city": "Chicago",
        "addr:housenumber": "1369",
        "addr:postcode": "60615",
        "addr:state": "IL",
        "addr:street": "East 53rd Street",
        "name": "Cafe 53",
        "phone": "+1-773-493-1000",
        "shop": "bakery",
        "website": "https://www.cafe-53.com/"
      },
      "geometry": {
        "type": "Point",
        "coordinates": [
          [
            [
              -87.592366,
              41.7993521
            ]
          ]
        ]
      }
    },
    {
      "type": "Feature",
      "id": "node/6269876725",
      "properties": {
        "@id": "node/6269876725",
        "addr:city": "Chicago",
        "addr:housenumber": "4176",
        "addr:postcode": "60618",
        "addr:state": "IL",
        "addr:street": "North Elston Avenue",
        "name": "Cafe Urbano",
        "opening_hours": "Mo-Sa 06:30-16:00; Su 07:00-16:00",
        "phone": "+1-773-478-1000",
        "shop": "bakery",
        "website": "http://www.cafeurbano-chicago.com/"
      },
      "geometry": {
        "type": "Point",
        "coordinates": [
          [
            [
              -87.7238332,
              41.9566893
            ]
          ]
        ]
      }
    },
    {
      "type": "Feature",
      "id": "node/6270086318",
      "properties": {
        "@id": "node/6270086318",
        "addr:city": "Chicago",
        "addr:housenumber": "1635",
        "addr:postcode": "60612",
        "addr:state": "IL",
        "addr:street": "West Walnut Street",
        "name": "Cake Sweet Food Chicago",
        "phone": "+1-312-850-4530",
        "shop": "bakery",
        "website": "https://cake-chicago.com/"
      },
      "geometry": {
        "type": "Point",
        "coordinates": [
          [
            [
              -87.6684323,
              41.8860107
            ]
          ]
        ]
      }
    },
    {
      "type": "Feature",
      "id": "node/6270095795",
      "properties": {
        "@id": "node/6270095795",
        "addr:city": "Chicago",
        "addr:housenumber": "3525",
        "addr:postcode": "60634",
        "addr:state": "IL",
        "addr:street": "North Central Avenue",
        "name": "Cake\u2019n It - Home Bakery",
        "phone": "+1-847-903-4824",
        "shop": "bakery",
        "website": "https://vionkacakenit.webs.com/"
      },
      "geometry": {
        "type": "Point",
        "coordinates": [
          [
            [
              -87.7664856,
              41.9447185
            ]
          ]
        ]
      }
    },
    {
      "type": "Feature",
      "id": "node/6271974135",
      "properties": {
        "@id": "node/6271974135",
        "addr:city": "Chicago",
        "addr:housenumber": "819",
        "addr:postcode": "60611",
        "addr:state": "IL",
        "addr:street": "North Rush Street",
        "name": "Argo Tea",
        "phone": "+1-312-546-4718",
        "shop": "bakery",
        "website": "https://www.argotea.com/"
      },
      "geometry": {
        "type": "Point",
        "coordinates": [
          [
            [
              -87.6257647,
              41.8974109
            ]
          ]
        ]
      }
    },
    {
      "type": "Feature",
      "id": "node/6273513472",
      "properties": {
        "@id": "node/6273513472",
        "addr:city": "Chicago",
        "addr:housenumber": "3834",
        "addr:postcode": "60623",
        "addr:state": "IL",
        "addr:street": "West 26th Street",
        "name": "Bombon",
        "phone": "+1-773-277-8777",
        "shop": "bakery",
        "website": "https://www.bomboncakes.com/"
      },
      "geometry": {
        "type": "Point",
        "coordinates": [
          [
            [
              -87.721061,
              41.8444276
            ]
          ]
        ]
      }
    },
    {
      "type": "Feature",
      "id": "node/6273546448",
      "properties": {
        "@id": "node/6273546448",
        "addr:city": "Chicago",
        "addr:housenumber": "600",
        "addr:postcode": "60611",
        "addr:state": "IL",
        "addr:street": "East Grand Avenue",
        "name": "Brown Sugar Bakery",
        "phone": "+1-312-265-0689",
        "shop": "bakery"
      },
      "geometry": {
        "type": "Point",
        "coordinates": [
          [
            [
              -87.609325,
              41.8917844
            ]
          ]
        ]
      }
    },
    {
      "type": "Feature",
      "id": "node/6273589918",
      "properties": {
        "@id": "node/6273589918",
        "addr:city": "Chicago",
        "addr:housenumber": "3332",
        "addr:postcode": "60657",
        "addr:state": "IL",
        "addr:street": "North Broadway",
        "name": "Cafe LAppetito Lakeview",
        "phone": "+1-773-360-7290",
        "shop": "bakery",
        "website": "https://www.lappetito.com/"
      },
      "geometry": {
        "type": "Point",
        "coordinates": [
          [
            [
              -87.6448422,
              41.9430025
            ]
          ]
        ]
      }
    },
    {
      "type": "Feature",
      "id": "node/6280503688",
      "properties": {
        "@id": "node/6280503688",
        "addr:city": "Chicago",
        "addr:housenumber": "1539",
        "addr:postcode": "60626",
        "addr:state": "IL",
        "addr:street": "West Howard Street",
        "name": "Caribbean American Bakery",
        "phone": "+1-773-761-0700",
        "shop": "bakery",
        "website": "http://www.caribbeanamericanbakery.com/"
      },
      "geometry": {
        "type": "Point",
        "coordinates": [
          [
            [
              -87.6697331,
              42.0192274
            ]
          ]
        ]
      }
    },
    {
      "type": "Feature",
      "id": "node/6280515581",
      "properties": {
        "@id": "node/6280515581",
        "addr:city": "Chicago",
        "addr:housenumber": "3001",
        "addr:postcode": "60618",
        "addr:state": "IL",
        "addr:street": "North Kedzie Avenue",
        "check_date": "2024-04-10",
        "name": "Carniceria Ruiz",
        "phone": "+1-773-478-0899",
        "shop": "bakery"
      },
      "geometry": {
        "type": "Point",
        "coordinates": [
          [
            [
              -87.7073154,
              41.9358463
            ]
          ]
        ]
      }
    },
    {
      "type": "Feature",
      "id": "node/6280519587",
      "properties": {
        "@id": "node/6280519587",
        "addr:city": "Chicago",
        "addr:housenumber": "5330",
        "addr:postcode": "60641",
        "addr:state": "IL",
        "addr:street": "West Belmont Avenue",
        "name": "Carnicerias Jimenez",
        "phone": "+1-773-283-9402",
        "shop": "bakery",
        "website": "http://www.carniceriasjimenez.com/"
      },
      "geometry": {
        "type": "Point",
        "coordinates": [
          [
            [
              -87.7602891,
              41.9389312
            ]
          ]
        ]
      }
    },
    {
      "type": "Feature",
      "id": "node/6280587856",
      "properties": {
        "@id": "node/6280587856",
        "addr:city": "Chicago",
        "addr:housenumber": "4523",
        "addr:postcode": "60609",
        "addr:state": "IL",
        "addr:street": "South Ashland Avenue",
        "name": "Central Bakery",
        "phone": "+1-773-523-0293",
        "shop": "bakery"
      },
      "geometry": {
        "type": "Point",
        "coordinates": [
          [
            [
              -87.6646861,
              41.8115163
            ]
          ]
        ]
      }
    },
    {
      "type": "Feature",
      "id": "node/6280591386",
      "properties": {
        "@id": "node/6280591386",
        "addr:city": "Chicago",
        "addr:housenumber": "4348",
        "addr:postcode": "60639",
        "addr:state": "IL",
        "addr:street": "West Armitage Avenue",
        "name": "La Central Bakery",
        "payment:cash": "yes",
        "payment:contactless": "yes",
        "payment:credit_cards": "yes",
        "phone": "+1-773-252-7302",
        "shop": "bakery"
      },
      "geometry": {
        "type": "Point",
        "coordinates": [
          [
            [
              -87.735831,
              41.9171985
            ]
          ]
        ]
      }
    },
    {
      "type": "Feature",
      "id": "node/6281913907",
      "properties": {
        "@id": "node/6281913907",
        "addr:city": "Chicago",
        "addr:housenumber": "3850",
        "addr:postcode": "60647",
        "addr:state": "IL",
        "addr:street": "West Fullerton Avenue",
        "name": "Carniceria Jimenez",
        "phone": "+1-773-278-6769",
        "shop": "bakery",
        "website": "http://www.carniceriasjimenez.com/"
      },
      "geometry": {
        "type": "Point",
        "coordinates": [
          [
            [
              -87.7235552,
              41.9247993
            ]
          ]
        ]
      }
    },
    {
      "type": "Feature",
      "id": "node/6282277061",
      "properties": {
        "@id": "node/6282277061",
        "addr:city": "Chicago",
        "addr:housenumber": "3929",
        "addr:postcode": "60618",
        "addr:state": "IL",
        "addr:street": "North Central Park Avenue",
        "name": "Cassava",
        "phone": "+1-872-242-7088",
        "shop": "bakery",
        "website": "https://www.cassavachicago.com/"
      },
      "geometry": {
        "type": "Point",
        "coordinates": [
          [
            [
              -87.7174845,
              41.953192
            ]
          ]
        ]
      }
    },
    {
      "type": "Feature",
      "id": "node/6282479933",
      "properties": {
        "@id": "node/6282479933",
        "addr:city": "Chicago",
        "addr:housenumber": "22",
        "addr:postcode": "60610",
        "addr:state": "IL",
        "addr:street": "West Maple Street",
        "name": "Chicago Health Foods",
        "phone": "+1-312-642-2220",
        "shop": "bakery"
      },
      "geometry": {
        "type": "Point",
        "coordinates": [
          [
            [
              -87.6291884,
              41.9019956
            ]
          ]
        ]
      }
    },
    {
      "type": "Feature",
      "id": "node/6282526106",
      "properties": {
        "@id": "node/6282526106",
        "addr:city": "Chicago",
        "addr:housenumber": "5569",
        "addr:postcode": "60630",
        "addr:state": "IL",
        "addr:street": "North Northwest Highway",
        "name": "Chicago Sweet Connection",
        "phone": "+1-773-283-4430",
        "shop": "bakery",
        "website": "https://www.sweetconnectionbakery.com/"
      },
      "geometry": {
        "type": "Point",
        "coordinates": [
          [
            [
              -87.7806658,
              41.9823166
            ]
          ]
        ]
      }
    },
    {
      "type": "Feature",
      "id": "node/6282559360",
      "properties": {
        "@id": "node/6282559360",
        "addr:city": "Chicago",
        "addr:housenumber": "1127",
        "addr:postcode": "60640",
        "addr:state": "IL",
        "addr:street": "West Argyle Street",
        "cuisine": "chinese",
        "name": "Chiu Quon Bakery",
        "phone": "+1-773-907-8888",
        "shop": "bakery",
        "website": "http://chiuquonbakery.com/"
      },
      "geometry": {
        "type": "Point",
        "coordinates": [
          [
            [
              -87.6588809,
              41.9731443
            ]
          ]
        ]
      }
    },
    {
      "type": "Feature",
      "id": "node/6282561364",
      "properties": {
        "@id": "node/6282561364",
        "addr:city": "Chicago",
        "addr:country": "US",
        "addr:housenumber": "2253",
        "addr:postcode": "60616",
        "addr:state": "IL",
        "addr:street": "South Wentworth Avenue",
        "name": "Chiu Quon Bakery and Dim Sum",
        "phone": "+1-312-808-1818",
        "shop": "bakery",
        "website": "https://www.cqbakery.com/"
      },
      "geometry": {
        "type": "Point",
        "coordinates": [
          [
            [
              -87.6318549,
              41.8513723
            ]
          ]
        ]
      }
    },
    {
      "type": "Feature",
      "id": "node/6282567299",
      "properties": {
        "@id": "node/6282567299",
        "addr:city": "Chicago",
        "addr:housenumber": "6100",
        "addr:postcode": "60637",
        "addr:state": "IL",
        "addr:street": "South Ellis Avenue",
        "name": "Chloe\u2019s Sweets & Treats",
        "phone": "+1-773-426-5901",
        "shop": "bakery",
        "website": "http://www.chloesweetsandtreats.com/"
      },
      "geometry": {
        "type": "Point",
        "coordinates": [
          [
            [
              -87.6014113,
              41.7839699
            ]
          ]
        ]
      }
    },
    {
      "type": "Feature",
      "id": "node/6282648759",
      "properties": {
        "@id": "node/6282648759",
        "addr:city": "Chicago",
        "addr:housenumber": "600",
        "addr:postcode": "60611",
        "addr:state": "IL",
        "addr:street": "East Grand Avenue",
        "name": "Churro Factory",
        "shop": "bakery"
      },
      "geometry": {
        "type": "Point",
        "coordinates": [
          [
            [
              -87.6084707,
              41.891719
            ]
          ]
        ]
      }
    },
    {
      "type": "Feature",
      "id": "node/6282903345",
      "properties": {
        "@id": "node/6282903345",
        "addr:city": "Chicago",
        "addr:housenumber": "2035",
        "addr:postcode": "60639",
        "addr:state": "IL",
        "addr:street": "North Narragansett Avenue",
        "name": "Cloverhill Bakeries",
        "phone": "+1-773-745-9800",
        "shop": "bakery"
      },
      "geometry": {
        "type": "Point",
        "coordinates": [
          [
            [
              -87.7845311,
              41.9175109
            ]
          ]
        ]
      }
    },
    {
      "type": "Feature",
      "id": "node/6283080502",
      "properties": {
        "@id": "node/6283080502",
        "addr:city": "Chicago",
        "addr:housenumber": "6338-40",
        "addr:postcode": "60660",
        "addr:state": "IL",
        "addr:street": "North Clark Street",
        "name": "Co-Op Sauce",
        "phone": "+1-773-216-5580",
        "shop": "bakery",
        "website": "https://www.coopsauce.com/find-us/#map1"
      },
      "geometry": {
        "type": "Point",
        "coordinates": [
          [
            [
              -87.6708125,
              41.997518
            ]
          ]
        ]
      }
    },
    {
      "type": "Feature",
      "id": "node/6283408395",
      "properties": {
        "@id": "node/6283408395",
        "addr:city": "Chicago",
        "addr:housenumber": "4350",
        "addr:postcode": "60618",
        "addr:state": "IL",
        "addr:street": "North Leavitt Street",
        "name": "Cookie Spin",
        "opening_hours": "Su-Th 12:00-22:00; Fr,Sa 12:00-23:00",
        "phone": "+1-773-739-9400",
        "shop": "bakery",
        "website": "https://cookiespinchicago.com/"
      },
      "geometry": {
        "type": "Point",
        "coordinates": [
          [
            [
              -87.6839634,
              41.961031
            ]
          ]
        ]
      }
    },
    {
      "type": "Feature",
      "id": "node/6283844447",
      "properties": {
        "@id": "node/6283844447",
        "addr:city": "Chicago",
        "addr:housenumber": "360",
        "addr:postcode": "60601",
        "addr:state": "IL",
        "addr:street": "North Michigan Avenue",
        "amenity": "cafe",
        "brand": "Corner Bakery",
        "brand:wikidata": "Q5171598",
        "cuisine": "coffee_shop",
        "name": "Corner Bakery",
        "phone": "+1-312-236-2400",
        "shop": "bakery",
        "takeaway": "yes",
        "website": "https://www.cornerbakerycafe.com/location/michigan-wacker"
      },
      "geometry": {
        "type": "Point",
        "coordinates": [
          [
            [
              -87.6252478,
              41.8880277
            ]
          ]
        ]
      }
    },
    {
      "type": "Feature",
      "id": "node/6283847936",
      "properties": {
        "@id": "node/6283847936",
        "addr:city": "Chicago",
        "addr:housenumber": "516",
        "addr:postcode": "60654",
        "addr:state": "IL",
        "addr:street": "North Clark Street",
        "amenity": "cafe",
        "brand": "Corner Bakery",
        "brand:wikidata": "Q5171598",
        "cuisine": "coffee_shop",
        "name": "Corner Bakery",
        "phone": "+1-312-527-1956",
        "shop": "bakery",
        "takeaway": "yes"
      },
      "geometry": {
        "type": "Point",
        "coordinates": [
          [
            [
              -87.6314525,
              41.8914777
            ]
          ]
        ]
      }
    },
    {
      "type": "Feature",
      "id": "node/6283987244",
      "properties": {
        "@id": "node/6283987244",
        "addr:city": "Chicago",
        "addr:housenumber": "6338",
        "addr:postcode": "60660",
        "addr:state": "IL",
        "addr:street": "North Clark Street",
        "name": "Crumb",
        "opening_hours": "We,Th 08:00-15:00; Fr 08:00-20:00; Sa 09:00-17:00; Su 09:00-15:00; Mo,Tu off",
        "phone": "+1-773-942-6384",
        "shop": "bakery",
        "website": "https://crumbchicago.com/"
      },
      "geometry": {
        "type": "Point",
        "coordinates": [
          [
            [
              -87.6708618,
              41.9975512
            ]
          ]
        ]
      }
    },
    {
      "type": "Feature",
      "id": "node/6284005460",
      "properties": {
        "@id": "node/6284005460",
        "addr:city": "Chicago",
        "addr:housenumber": "4229",
        "addr:postcode": "60641",
        "addr:state": "IL",
        "addr:street": "West Montrose Avenue",
        "name": "Cuenca\u2019s Bakery",
        "phone": "+1-773-777-5100",
        "shop": "bakery"
      },
      "geometry": {
        "type": "Point",
        "coordinates": [
          [
            [
              -87.7339277,
              41.9607463
            ]
          ]
        ]
      }
    },
    {
      "type": "Feature",
      "id": "node/6284009912",
      "properties": {
        "@id": "node/6284009912",
        "addr:city": "Chicago",
        "addr:housenumber": "3104",
        "addr:postcode": "60623",
        "addr:state": "IL",
        "addr:street": "West Cermak Road",
        "name": "Cuernavaca Bakery",
        "phone": "+1-315-902-4865",
        "shop": "bakery"
      },
      "geometry": {
        "type": "Point",
        "coordinates": [
          [
            [
              -87.7031767,
              41.8519938
            ]
          ]
        ]
      }
    },
    {
      "type": "Feature",
      "id": "node/6284047927",
      "properties": {
        "@id": "node/6284047927",
        "addr:city": "Chicago",
        "addr:housenumber": "1125",
        "addr:postcode": "60642",
        "addr:state": "IL",
        "addr:street": "West Grand Avenue",
        "check_date": "2024-05-21",
        "name": "D\u2019amato\u2019s Wholesale Bakery",
        "phone": "+1-312-733-5455",
        "shop": "bakery"
      },
      "geometry": {
        "type": "Point",
        "coordinates": [
          [
            [
              -87.6556261,
              41.8908949
            ]
          ]
        ]
      }
    },
    {
      "type": "Feature",
      "id": "node/6284349408",
      "properties": {
        "@id": "node/6284349408",
        "addr:city": "Chicago",
        "addr:housenumber": "1477",
        "addr:postcode": "60640",
        "addr:state": "IL",
        "addr:street": "West Balmoral Avenue",
        "name": "Defloured",
        "phone": "+1-773-234-5733",
        "shop": "bakery",
        "website": "http://deflouredbakery.com/"
      },
      "geometry": {
        "type": "Point",
        "coordinates": [
          [
            [
              -87.6677846,
              41.9797118
            ]
          ]
        ]
      }
    },
    {
      "type": "Feature",
      "id": "node/6284354685",
      "properties": {
        "@id": "node/6284354685",
        "addr:city": "Chicago",
        "addr:housenumber": "3044",
        "addr:postcode": "60629",
        "addr:state": "IL",
        "addr:street": "West 63rd Street",
        "name": "Del Real Bakery",
        "phone": "+1-773-737-2844",
        "shop": "bakery"
      },
      "geometry": {
        "type": "Point",
        "coordinates": [
          [
            [
              -87.7000708,
              41.7793058
            ]
          ]
        ]
      }
    },
    {
      "type": "Feature",
      "id": "node/6284372575",
      "properties": {
        "@id": "node/6284372575",
        "addr:city": "Chicago",
        "addr:housenumber": "2651",
        "addr:postcode": "60707",
        "addr:state": "IL",
        "addr:street": "North Harlem Avenue",
        "name": "Delipan Bakery",
        "phone": "+1-872-256-5425",
        "shop": "bakery"
      },
      "geometry": {
        "type": "Point",
        "coordinates": [
          [
            [
              -87.8061475,
              41.9285357
            ]
          ]
        ]
      }
    },
    {
      "type": "Feature",
      "id": "node/6284450131",
      "properties": {
        "@id": "node/6284450131",
        "addr:city": "Chicago",
        "addr:housenumber": "2810",
        "addr:postcode": "60616",
        "addr:state": "IL",
        "addr:street": "South Wentworth Avenue",
        "name": "Dim Dim",
        "phone": "+1-312-842-2822",
        "shop": "bakery"
      },
      "geometry": {
        "type": "Point",
        "coordinates": [
          [
            [
              -87.6321595,
              41.8419803
            ]
          ]
        ]
      }
    },
    {
      "type": "Feature",
      "id": "node/6284694806",
      "properties": {
        "@id": "node/6284694806",
        "addr:city": "Chicago",
        "addr:housenumber": "3611",
        "addr:postcode": "60655",
        "addr:state": "IL",
        "addr:street": "West 115th Street",
        "name": "Dolly\u2019s Delectables",
        "phone": "+1-773-485-0941",
        "shop": "bakery",
        "website": "http://dollysdelectables.com/"
      },
      "geometry": {
        "type": "Point",
        "coordinates": [
          [
            [
              -87.710838,
              41.6839382
            ]
          ]
        ]
      }
    },
    {
      "type": "Feature",
      "id": "node/6284704260",
      "properties": {
        "@id": "node/6284704260",
        "addr:city": "Chicago",
        "addr:housenumber": "1626",
        "addr:postcode": "60608",
        "addr:state": "IL",
        "addr:street": "South Blue Island Avenue",
        "name": "Don Churro",
        "phone": "+1-312-733-3173",
        "shop": "bakery",
        "website": "http://www.don-churro.com/"
      },
      "geometry": {
        "type": "Point",
        "coordinates": [
          [
            [
              -87.6604194,
              41.8590292
            ]
          ]
        ]
      }
    },
    {
      "type": "Feature",
      "id": "node/6284704565",
      "properties": {
        "@id": "node/6284704565",
        "addr:city": "Chicago",
        "addr:housenumber": "5154",
        "addr:postcode": "60632",
        "addr:state": "IL",
        "addr:street": "South Kedzie Avenue",
        "name": "Don Pan Bakery",
        "phone": "+1-773-434-3525",
        "shop": "bakery",
        "website": "https://donpan.com/"
      },
      "geometry": {
        "type": "Point",
        "coordinates": [
          [
            [
              -87.7039949,
              41.7992096
            ]
          ]
        ]
      }
    },
    {
      "type": "Feature",
      "id": "node/6284707271",
      "properties": {
        "@id": "node/6284707271",
        "addr:city": "Chicago",
        "addr:housenumber": "2252",
        "addr:postcode": "60616",
        "addr:state": "IL",
        "addr:street": "South Wentworth Avenue",
        "name": "Dong Kee Company Bakery",
        "shop": "bakery"
      },
      "geometry": {
        "type": "Point",
        "coordinates": [
          [
            [
              -87.63228,
              41.8513427
            ]
          ]
        ]
      }
    },
    {
      "type": "Feature",
      "id": "node/6284859021",
      "properties": {
        "@id": "node/6284859021",
        "addr:city": "Chicago",
        "addr:housenumber": "3554",
        "addr:postcode": "60625",
        "addr:state": "IL",
        "addr:street": "West Lawrence Avenue",
        "name": "Durango Bakery",
        "phone": "+1-773-539-5171",
        "shop": "bakery"
      },
      "geometry": {
        "type": "Point",
        "coordinates": [
          [
            [
              -87.7179819,
              41.9685169
            ]
          ]
        ]
      }
    },
    {
      "type": "Feature",
      "id": "node/6284911520",
      "properties": {
        "@id": "node/6284911520",
        "addr:city": "Chicago",
        "addr:housenumber": "1801",
        "addr:postcode": "60608",
        "addr:state": "IL",
        "addr:street": "West 31st Place",
        "name": "East Balt",
        "phone": "+1-773-376-4444",
        "shop": "bakery",
        "website": "http://www.eastbalt.com/locations.aspx"
      },
      "geometry": {
        "type": "Point",
        "coordinates": [
          [
            [
              -87.6714929,
              41.8364254
            ]
          ]
        ]
      }
    },
    {
      "type": "Feature",
      "id": "node/6284976037",
      "properties": {
        "@id": "node/6284976037",
        "addr:city": "Chicago",
        "addr:housenumber": "2366",
        "addr:postcode": "60707",
        "addr:state": "IL",
        "addr:street": "North Neva Avenue",
        "name": "Eat Me Sweetheart Bakery",
        "phone": "+1-773-836-2501",
        "shop": "bakery"
      },
      "geometry": {
        "type": "Point",
        "coordinates": [
          [
            [
              -87.8046121,
              41.9232243
            ]
          ]
        ]
      }
    },
    {
      "type": "Feature",
      "id": "node/6285049111",
      "properties": {
        "@id": "node/6285049111",
        "addr:city": "Chicago",
        "addr:housenumber": "3109",
        "addr:postcode": "60657",
        "addr:state": "IL",
        "addr:street": "North Broadway",
        "name": "Linda\u2019s Magic Brownies",
        "phone": "+1-773-234-1135",
        "shop": "bakery",
        "website": "https://www.lindasmagicbrownies.com/"
      },
      "geometry": {
        "type": "Point",
        "coordinates": [
          [
            [
              -87.6441466,
              41.9379653
            ]
          ]
        ]
      }
    },
    {
      "type": "Feature",
      "id": "node/6285861304",
      "properties": {
        "@id": "node/6285861304",
        "addr:city": "Chicago",
        "addr:housenumber": "3251",
        "addr:postcode": "60608",
        "addr:state": "IL",
        "addr:street": "South Halsted Street",
        "name": "El Churrito Rojas",
        "phone": "+1-312-326-3858",
        "shop": "bakery",
        "website": "https://www.elchurritorojas.com/"
      },
      "geometry": {
        "type": "Point",
        "coordinates": [
          [
            [
              -87.6459247,
              41.8349786
            ]
          ]
        ]
      }
    },
    {
      "type": "Feature",
      "id": "node/6285868671",
      "properties": {
        "@id": "node/6285868671",
        "addr:city": "Chicago",
        "addr:housenumber": "1972",
        "addr:postcode": "60608",
        "addr:state": "IL",
        "addr:street": "South Blue Island Avenue",
        "name": "El Milagro Tortilla",
        "phone": "+1-312-421-7443",
        "shop": "bakery",
        "website": "https://el-milagro.com/"
      },
      "geometry": {
        "type": "Point",
        "coordinates": [
          [
            [
              -87.6631018,
              41.8553162
            ]
          ]
        ]
      }
    },
    {
      "type": "Feature",
      "id": "node/6285876009",
      "properties": {
        "@id": "node/6285876009",
        "addr:city": "Chicago",
        "addr:housenumber": "3648",
        "addr:postcode": "60623",
        "addr:state": "IL",
        "addr:street": "West 26th Street",
        "name": "El Nopal Bakery",
        "phone": "+1-773-940-1498",
        "shop": "bakery"
      },
      "geometry": {
        "type": "Point",
        "coordinates": [
          [
            [
              -87.7164012,
              41.8445114
            ]
          ]
        ]
      }
    },
    {
      "type": "Feature",
      "id": "node/6285899869",
      "properties": {
        "@id": "node/6285899869",
        "addr:city": "Chicago",
        "addr:housenumber": "7026",
        "addr:postcode": "60707",
        "addr:state": "IL",
        "addr:street": "West Grand Avenue",
        "name": "El Rincon Del Sabor",
        "phone": "+1-773-622-6848",
        "shop": "bakery"
      },
      "geometry": {
        "type": "Point",
        "coordinates": [
          [
            [
              -87.8018536,
              41.9237737
            ]
          ]
        ]
      }
    },
    {
      "type": "Feature",
      "id": "node/6285906282",
      "properties": {
        "@id": "node/6285906282",
        "addr:city": "Chicago",
        "addr:housenumber": "3107",
        "addr:postcode": "60618",
        "addr:state": "IL",
        "addr:street": "West Montrose Avenue",
        "name": "El Trigal Mexicana Bakery",
        "phone": "+1-773-478-9116",
        "shop": "bakery",
        "wheelchair": "limited"
      },
      "geometry": {
        "type": "Point",
        "coordinates": [
          [
            [
              -87.7061733,
              41.9610331
            ]
          ]
        ]
      }
    },
    {
      "type": "Feature",
      "id": "node/6286963299",
      "properties": {
        "@id": "node/6286963299",
        "addr:city": "Chicago",
        "addr:housenumber": "5930",
        "addr:postcode": "60646",
        "addr:state": "IL",
        "addr:street": "North Elston Avenue",
        "name": "European Classic Bakery",
        "phone": "+1-773-774-8755",
        "shop": "bakery"
      },
      "geometry": {
        "type": "Point",
        "coordinates": [
          [
            [
              -87.776465,
              41.9890852
            ]
          ]
        ]
      }
    },
    {
      "type": "Feature",
      "id": "node/6289315962",
      "properties": {
        "@id": "node/6289315962",
        "addr:city": "Chicago",
        "addr:housenumber": "2747",
        "addr:postcode": "60632",
        "addr:state": "IL",
        "addr:street": "West 55th Street",
        "name": "Famosa Bakery",
        "phone": "+1-773-436-3853",
        "shop": "bakery"
      },
      "geometry": {
        "type": "Point",
        "coordinates": [
          [
            [
              -87.6931945,
              41.7934925
            ]
          ]
        ]
      }
    },
    {
      "type": "Feature",
      "id": "node/6290086956",
      "properties": {
        "@id": "node/6290086956",
        "addr:city": "Chicago",
        "addr:housenumber": "720",
        "addr:postcode": "60619",
        "addr:state": "IL",
        "addr:street": "East 75th Street",
        "name": "Firehouse Bakery & Grill",
        "phone": "+1-773-710-0308",
        "shop": "bakery",
        "website": "http://firehousebakerygrill.com/"
      },
      "geometry": {
        "type": "Point",
        "coordinates": [
          [
            [
              -87.6069477,
              41.7587178
            ]
          ]
        ]
      }
    },
    {
      "type": "Feature",
      "id": "node/6291061178",
      "properties": {
        "@id": "node/6291061178",
        "addr:city": "Chicago",
        "addr:housenumber": "6454",
        "addr:postcode": "60631",
        "addr:state": "IL",
        "addr:street": "North Milwaukee Avenue",
        "name": "Forest View Bakery",
        "phone": "+1-773-775-7740",
        "shop": "bakery"
      },
      "geometry": {
        "type": "Point",
        "coordinates": [
          [
            [
              -87.7893578,
              41.9985263
            ]
          ]
        ]
      }
    },
    {
      "type": "Feature",
      "id": "node/6291539806",
      "properties": {
        "@id": "node/6291539806",
        "addr:city": "Chicago",
        "addr:housenumber": "2626",
        "addr:postcode": "60659",
        "addr:state": "IL",
        "addr:street": "West Devon Avenue",
        "name": "Fresh Farms International Market",
        "phone": "+1-773-764-3557",
        "shop": "bakery",
        "website": "https://myfreshfarms.com/"
      },
      "geometry": {
        "type": "Point",
        "coordinates": [
          [
            [
              -87.695731,
              41.9977613
            ]
          ]
        ]
      }
    },
    {
      "type": "Feature",
      "id": "node/6291760110",
      "properties": {
        "@id": "node/6291760110",
        "addr:city": "Chicago",
        "addr:housenumber": "108",
        "addr:postcode": "60602",
        "addr:state": "IL",
        "addr:street": "North State Street",
        "addr:unit": "B1",
        "level": "-1",
        "name": "Gayle V\u2019s Best Ever Grilled Cheese",
        "phone": "+1-312-285-2202",
        "shop": "bakery",
        "website": "https://www.gaylevsbestevergrilledcheese.com/"
      },
      "geometry": {
        "type": "Point",
        "coordinates": [
          [
            [
              -87.6284134,
              41.8839588
            ]
          ]
        ]
      }
    },
    {
      "type": "Feature",
      "id": "node/6291769702",
      "properties": {
        "@id": "node/6291769702",
        "addr:city": "Chicago",
        "addr:housenumber": "2039",
        "addr:postcode": "60647",
        "addr:state": "IL",
        "addr:street": "North Western Avenue",
        "name": "GBD Cakes and Sweets",
        "phone": "+1-312-401-7065",
        "shop": "bakery",
        "website": "https://www.gbdcakes.com/"
      },
      "geometry": {
        "type": "Point",
        "coordinates": [
          [
            [
              -87.6871669,
              41.9187191
            ]
          ]
        ]
      }
    },
    {
      "type": "Feature",
      "id": "node/6291850106",
      "properties": {
        "@id": "node/6291850106",
        "addr:city": "Chicago",
        "addr:housenumber": "2234",
        "addr:postcode": "60649",
        "addr:state": "IL",
        "addr:street": "East 71st Street",
        "name": "Give Me Some Sugah",
        "phone": "+1-773-363-9330",
        "shop": "bakery"
      },
      "geometry": {
        "type": "Point",
        "coordinates": [
          [
            [
              -87.5701226,
              41.7663967
            ]
          ]
        ]
      }
    },
    {
      "type": "Feature",
      "id": "node/6291905602",
      "properties": {
        "@id": "node/6291905602",
        "addr:city": "Chicago",
        "addr:housenumber": "901",
        "addr:postcode": "60610",
        "addr:state": "IL",
        "addr:street": "North Larrabee Street",
        "name": "Goddess and Grocer",
        "opening_hours": "Mo-Sa 07:00-14:00",
        "phone": "+1-312-988-9870",
        "shop": "bakery",
        "website": "https://www.goddessandgrocer.com/"
      },
      "geometry": {
        "type": "Point",
        "coordinates": [
          [
            [
              -87.6427439,
              41.8988232
            ]
          ]
        ]
      }
    },
    {
      "type": "Feature",
      "id": "node/6291970483",
      "properties": {
        "@id": "node/6291970483",
        "addr:city": "Chicago",
        "addr:country": "US",
        "addr:housenumber": "2409",
        "addr:postcode": "60616",
        "addr:state": "IL",
        "addr:street": "South Wentworth Avenue",
        "cuisine": "chinese",
        "name": "Golden Apple Cafe & Bakery",
        "phone": "+1-312-842-6888",
        "shop": "bakery"
      },
      "geometry": {
        "type": "Point",
        "coordinates": [
          [
            [
              -87.6317538,
              41.8487978
            ]
          ]
        ]
      }
    },
    {
      "type": "Feature",
      "id": "node/6291978131",
      "properties": {
        "@id": "node/6291978131",
        "addr:city": "Chicago",
        "addr:housenumber": "2323",
        "addr:postcode": "60616",
        "addr:state": "IL",
        "addr:street": "South Archer Avenue",
        "name": "Golden Dragon Fortune Cookies",
        "phone": "+1-312-842-8199",
        "shop": "bakery"
      },
      "geometry": {
        "type": "Point",
        "coordinates": [
          [
            [
              -87.6394221,
              41.8502789
            ]
          ]
        ]
      }
    },
    {
      "type": "Feature",
      "id": "node/6292104499",
      "properties": {
        "@id": "node/6292104499",
        "addr:city": "Chicago",
        "addr:housenumber": "2835",
        "addr:postcode": "60634",
        "addr:state": "IL",
        "addr:street": "North Central Avenue",
        "name": "Gorski\u2019s Bakery",
        "phone": "+1-773-736-0805",
        "shop": "bakery"
      },
      "geometry": {
        "type": "Point",
        "coordinates": [
          [
            [
              -87.7660406,
              41.9323901
            ]
          ]
        ]
      }
    },
    {
      "type": "Feature",
      "id": "node/6292139580",
      "properties": {
        "@id": "node/6292139580",
        "addr:city": "Chicago",
        "addr:housenumber": "2644",
        "addr:postcode": "60632",
        "addr:state": "IL",
        "addr:street": "West 51st Street",
        "name": "Grecias Bakery",
        "phone": "+1-773-776-0705",
        "shop": "bakery"
      },
      "geometry": {
        "type": "Point",
        "coordinates": [
          [
            [
              -87.6909119,
              41.8012335
            ]
          ]
        ]
      }
    },
    {
      "type": "Feature",
      "id": "node/6292161048",
      "properties": {
        "@id": "node/6292161048",
        "addr:city": "Chicago",
        "addr:housenumber": "4014",
        "addr:postcode": "60639",
        "addr:state": "IL",
        "addr:street": "West Armitage Avenue",
        "name": "Guadalajara Bakery",
        "phone": "+1-773-384-4410",
        "shop": "bakery"
      },
      "geometry": {
        "type": "Point",
        "coordinates": [
          [
            [
              -87.7272543,
              41.9174561
            ]
          ]
        ]
      }
    },
    {
      "type": "Feature",
      "id": "node/6292162790",
      "properties": {
        "@id": "node/6292162790",
        "addr:city": "Chicago",
        "addr:housenumber": "3149",
        "addr:postcode": "60647",
        "addr:state": "IL",
        "addr:street": "West Diversey Avenue",
        "name": "Guatelinda Bakery",
        "phone": "+1-773-278-9999",
        "shop": "bakery"
      },
      "geometry": {
        "type": "Point",
        "coordinates": [
          [
            [
              -87.706941,
              41.9319128
            ]
          ]
        ]
      }
    },
    {
      "type": "Feature",
      "id": "node/6294137091",
      "properties": {
        "@id": "node/6294137091",
        "addr:city": "Chicago",
        "addr:housenumber": "131",
        "addr:postcode": "60603",
        "addr:state": "IL",
        "addr:street": "South Dearborn Street",
        "name": "Hannah\u2019s Bretzel",
        "phone": "+1-312-621-1111",
        "shop": "bakery",
        "website": "https://www.hannahsbretzel.com/"
      },
      "geometry": {
        "type": "Point",
        "coordinates": [
          [
            [
              -87.6289752,
              41.879565
            ]
          ]
        ]
      }
    },
    {
      "type": "Feature",
      "id": "node/6294143838",
      "properties": {
        "@id": "node/6294143838",
        "addr:city": "Chicago",
        "addr:housenumber": "5855",
        "addr:postcode": "60639",
        "addr:state": "IL",
        "addr:street": "West Diversey Avenue",
        "name": "Happy Cake Bakery",
        "phone": "+1-773-836-8000",
        "shop": "bakery",
        "website": "http://happycakechicago.com/"
      },
      "geometry": {
        "type": "Point",
        "coordinates": [
          [
            [
              -87.7732277,
              41.9310247
            ]
          ]
        ]
      }
    },
    {
      "type": "Feature",
      "id": "node/6294278438",
      "properties": {
        "@id": "node/6294278438",
        "addr:city": "Chicago",
        "addr:housenumber": "2301",
        "addr:postcode": "60623",
        "addr:state": "IL",
        "addr:street": "South Whipple Street",
        "name": "Heatlhy Choice Bakery",
        "phone": "+1-773-475-6546",
        "shop": "bakery"
      },
      "geometry": {
        "type": "Point",
        "coordinates": [
          [
            [
              -87.7011525,
              41.8498662
            ]
          ]
        ]
      }
    },
    {
      "type": "Feature",
      "id": "node/6294282190",
      "properties": {
        "@id": "node/6294282190",
        "addr:city": "Chicago",
        "addr:housenumber": "3446",
        "addr:postcode": "60641",
        "addr:state": "IL",
        "addr:street": "North Pulaski Road",
        "name": "Hellas Fillas",
        "phone": "+1-773-202-1820",
        "shop": "bakery"
      },
      "geometry": {
        "type": "Point",
        "coordinates": [
          [
            [
              -87.7276389,
              41.9440986
            ]
          ]
        ]
      }
    },
    {
      "type": "Feature",
      "id": "node/6294283133",
      "properties": {
        "@id": "node/6294283133",
        "addr:city": "Chicago",
        "addr:housenumber": "2627",
        "addr:postcode": "60625",
        "addr:state": "IL",
        "addr:street": "West Lawrence Avenue",
        "name": "Hellas Pastry Shop",
        "phone": "+1-773-271-7500",
        "shop": "bakery"
      },
      "geometry": {
        "type": "Point",
        "coordinates": [
          [
            [
              -87.6948485,
              41.9684494
            ]
          ]
        ]
      }
    },
    {
      "type": "Feature",
      "id": "node/6294351382",
      "properties": {
        "@id": "node/6294351382",
        "addr:city": "Chicago",
        "addr:housenumber": "4356",
        "addr:postcode": "60639",
        "addr:state": "IL",
        "addr:street": "West Armitage Avenue",
        "name": "Hermosa",
        "phone": "+1-872-802-4920",
        "shop": "bakery",
        "website": "https://www.hermosarestaurant.com/"
      },
      "geometry": {
        "type": "Point",
        "coordinates": [
          [
            [
              -87.7361456,
              41.9172459
            ]
          ]
        ]
      }
    },
    {
      "type": "Feature",
      "id": "node/6294428374",
      "properties": {
        "@id": "node/6294428374",
        "addr:city": "Chicago",
        "addr:housenumber": "4917",
        "addr:postcode": "60625",
        "addr:state": "IL",
        "addr:street": "North Lincoln Avenue",
        "name": "Hilary\u2019s Cookies",
        "phone": "+1-312-285-5055",
        "shop": "bakery"
      },
      "geometry": {
        "type": "Point",
        "coordinates": [
          [
            [
              -87.6899479,
              41.9712694
            ]
          ]
        ]
      }
    },
    {
      "type": "Feature",
      "id": "node/6294561868",
      "properties": {
        "@id": "node/6294561868",
        "addr:city": "Chicago",
        "addr:housenumber": "2323",
        "addr:postcode": "60616",
        "addr:state": "IL",
        "addr:street": "South Wentworth Avenue",
        "name": "Hong Li Bakery",
        "phone": "+1-312-225-5678",
        "shop": "bakery"
      },
      "geometry": {
        "type": "Point",
        "coordinates": [
          [
            [
              -87.6318342,
              41.8502963
            ]
          ]
        ]
      }
    },
    {
      "type": "Feature",
      "id": "node/6294583895",
      "properties": {
        "@id": "node/6294583895",
        "addr:city": "Chicago",
        "addr:housenumber": "1139",
        "addr:postcode": "60640",
        "addr:state": "IL",
        "addr:street": "West Argyle Street",
        "name": "Hong Xuong Bakery",
        "phone": "+1-773-878-2888",
        "shop": "bakery"
      },
      "geometry": {
        "type": "Point",
        "coordinates": [
          [
            [
              -87.6593115,
              41.9731318
            ]
          ]
        ]
      }
    },
    {
      "type": "Feature",
      "id": "node/6297539346",
      "properties": {
        "@id": "node/6297539346",
        "addr:city": "Chicago",
        "addr:housenumber": "700",
        "addr:postcode": "60620",
        "addr:state": "IL",
        "addr:street": "West 79th Street",
        "diet:halal": "yes",
        "name": "Salaam Restaurant and Bakery",
        "phone": "+1-773-324-6005",
        "shop": "bakery"
      },
      "geometry": {
        "type": "Point",
        "coordinates": [
          [
            [
              -87.6418595,
              41.7508914
            ]
          ]
        ]
      }
    },
    {
      "type": "Feature",
      "id": "node/6297555169",
      "properties": {
        "@id": "node/6297555169",
        "addr:city": "Chicago",
        "addr:housenumber": "3259",
        "addr:postcode": "60618",
        "addr:state": "IL",
        "addr:street": "West Montrose Avenue",
        "name": "Salgado\u2019s Bakery",
        "phone": "+1-773-654-0605",
        "shop": "bakery"
      },
      "geometry": {
        "type": "Point",
        "coordinates": [
          [
            [
              -87.7105051,
              41.9609622
            ]
          ]
        ]
      }
    },
    {
      "type": "Feature",
      "id": "node/6297555170",
      "properties": {
        "@id": "node/6297555170",
        "addr:city": "Chicago",
        "addr:housenumber": "4710",
        "addr:postcode": "60625",
        "addr:state": "IL",
        "addr:street": "North Kimball Avenue",
        "name": "Salgado's Bakery",
        "phone": "+1-773-267-2917",
        "shop": "bakery"
      },
      "geometry": {
        "type": "Point",
        "coordinates": [
          [
            [
              -87.7137753,
              41.9669434
            ]
          ]
        ]
      }
    },
    {
      "type": "Feature",
      "id": "node/6297647285",
      "properties": {
        "@id": "node/6297647285",
        "addr:city": "Chicago",
        "addr:housenumber": "5051",
        "addr:postcode": "60651",
        "addr:state": "IL",
        "addr:street": "West Chicago Avenue",
        "name": "Schweet Cheesecake",
        "phone": "+1-312-620-9469",
        "shop": "bakery",
        "website": "https://www.schweetfoods.com/"
      },
      "geometry": {
        "type": "Point",
        "coordinates": [
          [
            [
              -87.7527492,
              41.8947725
            ]
          ]
        ]
      }
    },
    {
      "type": "Feature",
      "id": "node/6297809302",
      "properties": {
        "@id": "node/6297809302",
        "addr:city": "Chicago",
        "addr:housenumber": "4722",
        "addr:postcode": "60639",
        "addr:state": "IL",
        "addr:street": "West Armitage Avenue",
        "name": "Sherwood Room",
        "phone": "+1-773-736-1131",
        "shop": "bakery",
        "website": "https://www.gardenbanquets.com/"
      },
      "geometry": {
        "type": "Point",
        "coordinates": [
          [
            [
              -87.7447668,
              41.9171657
            ]
          ]
        ]
      }
    },
    {
      "type": "Feature",
      "id": "node/6297811083",
      "properties": {
        "@id": "node/6297811083",
        "addr:city": "Chicago",
        "addr:housenumber": "2859",
        "addr:postcode": "60707",
        "addr:state": "IL",
        "addr:street": "North Harlem Avenue",
        "name": "Il Giardino Del Dolce",
        "phone": "+1-773-889-2388",
        "shop": "bakery",
        "website": "https://ilgiardinodeldolce.com/"
      },
      "geometry": {
        "type": "Point",
        "coordinates": [
          [
            [
              -87.8063806,
              41.9324229
            ]
          ]
        ]
      }
    },
    {
      "type": "Feature",
      "id": "node/6297877052",
      "properties": {
        "@id": "node/6297877052",
        "addr:city": "Chicago",
        "addr:housenumber": "2952",
        "addr:postcode": "60616",
        "addr:state": "IL",
        "addr:street": "South Wallace Street",
        "name": "Impallaria Bakery & Deli",
        "phone": "+1-312-842-2146",
        "shop": "bakery",
        "website": "http://impallaria.com/"
      },
      "geometry": {
        "type": "Point",
        "coordinates": [
          [
            [
              -87.6418165,
              41.8401838
            ]
          ]
        ]
      }
    },
    {
      "type": "Feature",
      "id": "node/6298370743",
      "properties": {
        "@id": "node/6298370743",
        "addr:city": "Chicago",
        "addr:housenumber": "2227",
        "addr:postcode": "60616",
        "addr:state": "IL",
        "addr:street": "South Wentworth Avenue",
        "name": "Ice Max",
        "phone": "+1-312-265-1769",
        "shop": "bakery"
      },
      "geometry": {
        "type": "Point",
        "coordinates": [
          [
            [
              -87.6318516,
              41.852062
            ]
          ]
        ]
      }
    },
    {
      "type": "Feature",
      "id": "node/6298370925",
      "properties": {
        "@id": "node/6298370925",
        "addr:city": "Chicago",
        "addr:housenumber": "4765",
        "addr:postcode": "60630",
        "addr:state": "IL",
        "addr:street": "North Milwaukee Avenue",
        "name": "Ideal Pastry",
        "phone": "+1-773-685-4622",
        "shop": "bakery",
        "website": "https://www.idealbakery.net/"
      },
      "geometry": {
        "type": "Point",
        "coordinates": [
          [
            [
              -87.7597859,
              41.9672325
            ]
          ]
        ]
      }
    },
    {
      "type": "Feature",
      "id": "node/6298783764",
      "properties": {
        "@id": "node/6298783764",
        "addr:city": "Chicago",
        "addr:housenumber": "6255",
        "addr:postcode": "60659",
        "addr:state": "IL",
        "addr:street": "North McCormick Road",
        "name": "Simple Delights",
        "phone": "+1-773-267-2726",
        "shop": "bakery",
        "website": "https://filipinodelights.com/"
      },
      "geometry": {
        "type": "Point",
        "coordinates": [
          [
            [
              -87.7119584,
              41.9950939
            ]
          ]
        ]
      }
    },
    {
      "type": "Feature",
      "id": "node/6298785489",
      "properties": {
        "@id": "node/6298785489",
        "addr:city": "Chicago",
        "addr:housenumber": "2239",
        "addr:postcode": "60616",
        "addr:state": "IL",
        "addr:street": "South Michigan Avenue",
        "name": "Sip & Savor",
        "phone": "+1-773-952-4532",
        "shop": "bakery",
        "website": "https://www.sipandsavorchicago.com/"
      },
      "geometry": {
        "type": "Point",
        "coordinates": [
          [
            [
              -87.6233594,
              41.8517838
            ]
          ]
        ]
      }
    },
    {
      "type": "Feature",
      "id": "node/6298864857",
      "properties": {
        "@id": "node/6298864857",
        "addr:city": "Chicago",
        "addr:housenumber": "6744",
        "addr:postcode": "60634",
        "addr:state": "IL",
        "addr:street": "West Belmont Avenue",
        "name": "Smakowski Bakery",
        "phone": "+1-773-202-9483",
        "shop": "bakery"
      },
      "geometry": {
        "type": "Point",
        "coordinates": [
          [
            [
              -87.7950251,
              41.938441
            ]
          ]
        ]
      }
    },
    {
      "type": "Feature",
      "id": "node/6298958585",
      "properties": {
        "@id": "node/6298958585",
        "addr:city": "Chicago",
        "addr:housenumber": "1405",
        "addr:postcode": "60613",
        "addr:state": "IL",
        "addr:street": "West Irving Park Road",
        "name": "Southern France Patisserie",
        "phone": "+1-773-857-1478",
        "shop": "bakery",
        "website": "http://www.southernfrancechicago.com/"
      },
      "geometry": {
        "type": "Point",
        "coordinates": [
          [
            [
              -87.664582,
              41.9542146
            ]
          ]
        ]
      }
    },
    {
      "type": "Feature",
      "id": "node/6298974013",
      "properties": {
        "@id": "node/6298974013",
        "addr:city": "Chicago",
        "addr:housenumber": "5418",
        "addr:postcode": "60651",
        "addr:state": "IL",
        "addr:street": "West Division Street",
        "name": "Southshore Bakery",
        "phone": "+1-773-287-2886",
        "shop": "bakery"
      },
      "geometry": {
        "type": "Point",
        "coordinates": [
          [
            [
              -87.7617936,
              41.902354
            ]
          ]
        ]
      }
    },
    {
      "type": "Feature",
      "id": "node/6299447606",
      "properties": {
        "@id": "node/6299447606",
        "addr:city": "Chicago",
        "addr:housenumber": "131",
        "addr:postcode": "60661",
        "addr:state": "IL",
        "addr:street": "North Clinton Street",
        "name": "Pastoral",
        "phone": "+1-312-454-2200",
        "shop": "bakery",
        "website": "https://www.pastoralartisan.com/"
      },
      "geometry": {
        "type": "Point",
        "coordinates": [
          [
            [
              -87.6410181,
              41.8841132
            ]
          ]
        ]
      }
    },
    {
      "type": "Feature",
      "id": "node/6300080964",
      "properties": {
        "@id": "node/6300080964",
        "addr:city": "Chicago",
        "addr:housenumber": "1",
        "addr:postcode": "60606",
        "addr:state": "IL",
        "addr:street": "North Franklin Street",
        "name": "International Sandwich Shop",
        "phone": "+1-309-333-7071",
        "shop": "bakery",
        "website": "https://www.internationalsandwichshop1.com/"
      },
      "geometry": {
        "type": "Point",
        "coordinates": [
          [
            [
              -87.6349588,
              41.8824432
            ]
          ]
        ]
      }
    },
    {
      "type": "Feature",
      "id": "node/6300399701",
      "properties": {
        "@id": "node/6300399701",
        "addr:city": "Chicago",
        "addr:housenumber": "2526",
        "addr:postcode": "60608",
        "addr:state": "IL",
        "addr:street": "West Cermak Road",
        "name": "Pete\u2019s Fresh Market",
        "phone": "+1-773-254-8400",
        "shop": "bakery",
        "website": "https://www.petesfresh.com/stores/pfm-06-cermak-rockwell"
      },
      "geometry": {
        "type": "Point",
        "coordinates": [
          [
            [
              -87.6893388,
              41.8532941
            ]
          ]
        ]
      }
    },
    {
      "type": "Feature",
      "id": "node/6300431076",
      "properties": {
        "@id": "node/6300431076",
        "addr:city": "Chicago",
        "addr:housenumber": "1956",
        "addr:postcode": "60622",
        "addr:state": "IL",
        "addr:street": "North Damen Avenue",
        "check_date": "2024-05-21",
        "name": "Pierre\u2019s Bakery",
        "phone": "+1-773-360-8878",
        "shop": "bakery"
      },
      "geometry": {
        "type": "Point",
        "coordinates": [
          [
            [
              -87.6768327,
              41.8961705
            ]
          ]
        ]
      }
    },
    {
      "type": "Feature",
      "id": "node/6300482040",
      "properties": {
        "@id": "node/6300482040",
        "addr:city": "Chicago",
        "addr:housenumber": "2600",
        "addr:postcode": "60632",
        "addr:state": "IL",
        "addr:street": "West 35th Street",
        "name": "Poppie\u2019s Bakeshop",
        "phone": "+1-312-949-0404",
        "shop": "bakery",
        "website": "https://www.poppiesbakeshop.com/"
      },
      "geometry": {
        "type": "Point",
        "coordinates": [
          [
            [
              -87.6917199,
              41.8321777
            ]
          ]
        ]
      }
    },
    {
      "type": "Feature",
      "id": "node/6300634167",
      "properties": {
        "@id": "node/6300634167",
        "addr:city": "Chicago",
        "addr:housenumber": "5033",
        "addr:postcode": "60630",
        "addr:state": "IL",
        "addr:street": "North Elston Avenue",
        "amenity": "cafe",
        "brand": "Red Ribbon",
        "brand:wikidata": "Q7304789",
        "name": "Red Ribbon",
        "phone": "+1-773-685-5888",
        "shop": "bakery",
        "website": "http://redribbonbakeshop.us/"
      },
      "geometry": {
        "type": "Point",
        "coordinates": [
          [
            [
              -87.7455934,
              41.9733039
            ]
          ]
        ]
      }
    },
    {
      "type": "Feature",
      "id": "node/6301066261",
      "properties": {
        "@id": "node/6301066261",
        "addr:city": "Chicago",
        "addr:housenumber": "3237",
        "addr:postcode": "60623",
        "addr:state": "IL",
        "addr:street": "West 26th Street",
        "name": "Rosy\u2019s Bakery",
        "phone": "+1-773-376-1617",
        "shop": "bakery",
        "website": "https://www.hugedomains.com/domain_profile.cfm?d=rosysbakery&e=com"
      },
      "geometry": {
        "type": "Point",
        "coordinates": [
          [
            [
              -87.7065095,
              41.8443173
            ]
          ]
        ]
      }
    },
    {
      "type": "Feature",
      "id": "node/6301100491",
      "properties": {
        "@id": "node/6301100491",
        "addr:city": "Chicago",
        "addr:housenumber": "2038",
        "addr:postcode": "60618",
        "addr:state": "IL",
        "addr:street": "West Roscoe Street",
        "name": "Rudy\u2019s Bakery",
        "phone": "+1-773-348-8578",
        "shop": "bakery"
      },
      "geometry": {
        "type": "Point",
        "coordinates": [
          [
            [
              -87.6800131,
              41.9434859
            ]
          ]
        ]
      }
    },
    {
      "type": "Feature",
      "id": "node/6301604521",
      "properties": {
        "@id": "node/6301604521",
        "addr:city": "Chicago",
        "addr:housenumber": "2158",
        "addr:postcode": "60616",
        "addr:state": "IL",
        "addr:street": "South Archer Avenue",
        "name": "Saint Anna Bakery & Cafe",
        "phone": "+1-312-225-3168",
        "shop": "bakery"
      },
      "geometry": {
        "type": "Point",
        "coordinates": [
          [
            [
              -87.6344097,
              41.8535382
            ]
          ]
        ]
      }
    },
    {
      "type": "Feature",
      "id": "node/6301683671",
      "properties": {
        "@id": "node/6301683671",
        "addr:city": "Chicago",
        "addr:housenumber": "111",
        "addr:postcode": "60606",
        "addr:state": "IL",
        "addr:street": "North Canal Street",
        "name": "Steffens Cafe & Bakery",
        "phone": "+1-312-454-1474",
        "shop": "bakery"
      },
      "geometry": {
        "type": "Point",
        "coordinates": [
          [
            [
              -87.6395339,
              41.8838815
            ]
          ]
        ]
      }
    },
    {
      "type": "Feature",
      "id": "node/6301855717",
      "properties": {
        "@id": "node/6301855717",
        "addr:city": "Chicago",
        "addr:housenumber": "227",
        "addr:postcode": "60616",
        "addr:state": "IL",
        "addr:street": "West Cermak Road",
        "name": "Sunlight Cafe",
        "phone": "+1-312-674-1368",
        "shop": "bakery"
      },
      "geometry": {
        "type": "Point",
        "coordinates": [
          [
            [
              -87.6331964,
              41.8526396
            ]
          ]
        ]
      }
    },
    {
      "type": "Feature",
      "id": "node/6301908002",
      "properties": {
        "@id": "node/6301908002",
        "addr:city": "Chicago",
        "addr:housenumber": "937",
        "addr:postcode": "60622",
        "addr:state": "IL",
        "addr:street": "North Ashland Avenue",
        "check_date": "2024-05-07",
        "name": "Sweet Delights",
        "phone": "+1-872-206-8026",
        "shop": "bakery"
      },
      "geometry": {
        "type": "Point",
        "coordinates": [
          [
            [
              -87.6671046,
              41.8990409
            ]
          ]
        ]
      }
    },
    {
      "type": "Feature",
      "id": "node/6302155846",
      "properties": {
        "@id": "node/6302155846",
        "addr:city": "Chicago",
        "addr:housenumber": "1248",
        "addr:postcode": "60608",
        "addr:state": "IL",
        "addr:street": "West 18th Street",
        "name": "The Spoke & Bird Bakehouse",
        "phone": "+1-929-263-2473",
        "shop": "bakery",
        "website": "https://www.spokeandbird.com/"
      },
      "geometry": {
        "type": "Point",
        "coordinates": [
          [
            [
              -87.6583806,
              41.8581166
            ]
          ]
        ]
      }
    },
    {
      "type": "Feature",
      "id": "node/6303014577",
      "properties": {
        "@id": "node/6303014577",
        "addr:city": "Chicago",
        "addr:housenumber": "1208",
        "addr:postcode": "60614",
        "addr:state": "IL",
        "addr:street": "West Webster Avenue",
        "name": "Sweet Mandy B\u2019s",
        "phone": "+1-773-244-1174",
        "shop": "bakery",
        "website": "https://sweetmandybs.com/"
      },
      "geometry": {
        "type": "Point",
        "coordinates": [
          [
            [
              -87.6586652,
              41.9217879
            ]
          ]
        ]
      }
    },
    {
      "type": "Feature",
      "id": "node/6303027024",
      "properties": {
        "@id": "node/6303027024",
        "addr:city": "Chicago",
        "addr:housenumber": "324",
        "addr:postcode": "60612",
        "addr:state": "IL",
        "addr:street": "North Leavitt Street",
        "name": "Sweet Ride",
        "phone": "+1-312-798-9866",
        "shop": "bakery",
        "website": "https://sweetridechi.com/"
      },
      "geometry": {
        "type": "Point",
        "coordinates": [
          [
            [
              -87.6826526,
              41.8878174
            ]
          ]
        ]
      }
    },
    {
      "type": "Feature",
      "id": "node/6303036499",
      "properties": {
        "@id": "node/6303036499",
        "addr:city": "Chicago",
        "addr:housenumber": "5450",
        "addr:postcode": "60630",
        "addr:state": "IL",
        "addr:street": "North Milwaukee Avenue",
        "name": "Sweet World Pastry",
        "phone": "+1-773-792-5566",
        "shop": "bakery"
      },
      "geometry": {
        "type": "Point",
        "coordinates": [
          [
            [
              -87.7725366,
              41.9805071
            ]
          ]
        ]
      }
    },
    {
      "type": "Feature",
      "id": "node/6303037859",
      "properties": {
        "@id": "node/6303037859",
        "addr:city": "Chicago",
        "addr:housenumber": "705",
        "addr:postcode": "60614",
        "addr:state": "IL",
        "addr:street": "West Belden Avenue",
        "name": "Swirlz Cupcakes",
        "phone": "+1-773-404-2253",
        "shop": "bakery",
        "website": "http://www.swirlzcupcakesshop.com/"
      },
      "geometry": {
        "type": "Point",
        "coordinates": [
          [
            [
              -87.6466917,
              41.9235091
            ]
          ]
        ]
      }
    },
    {
      "type": "Feature",
      "id": "node/6303074284",
      "properties": {
        "@id": "node/6303074284",
        "addr:city": "Chicago",
        "addr:housenumber": "2345",
        "addr:postcode": "60659",
        "addr:state": "IL",
        "addr:street": "West Devon Avenue",
        "name": "Tahoora Sweets & Bakery",
        "phone": "+1-773-743-7272",
        "shop": "bakery",
        "website": "https://tahoora.com/"
      },
      "geometry": {
        "type": "Point",
        "coordinates": [
          [
            [
              -87.6892815,
              41.9975032
            ]
          ]
        ]
      }
    },
    {
      "type": "Feature",
      "id": "node/6303100520",
      "properties": {
        "@id": "node/6303100520",
        "addr:city": "Chicago",
        "addr:housenumber": "4806",
        "addr:postcode": "60625",
        "addr:state": "IL",
        "addr:street": "North Kedzie Avenue",
        "name": "Tannourine Bakery",
        "shop": "bakery"
      },
      "geometry": {
        "type": "Point",
        "coordinates": [
          [
            [
              -87.7086622,
              41.9686976
            ]
          ]
        ]
      }
    },
    {
      "type": "Feature",
      "id": "node/6303102710",
      "properties": {
        "@id": "node/6303102710",
        "addr:city": "Chicago",
        "addr:housenumber": "3210",
        "addr:postcode": "60618",
        "addr:state": "IL",
        "addr:street": "West Irving Park Road",
        "name": "Tanos Bakery",
        "phone": "+1-773-267-2277",
        "shop": "bakery"
      },
      "geometry": {
        "type": "Point",
        "coordinates": [
          [
            [
              -87.7088176,
              41.9541778
            ]
          ]
        ]
      }
    },
    {
      "type": "Feature",
      "id": "node/6303123551",
      "properties": {
        "@id": "node/6303123551",
        "addr:city": "Chicago",
        "addr:housenumber": "3050",
        "addr:postcode": "60623",
        "addr:state": "IL",
        "addr:street": "West 26th Street",
        "currency:USD": "yes",
        "name": "Tortilleria El Milagro",
        "phone": "+1-773-579-6120",
        "shop": "bakery",
        "website": "https://www.el-milagro.com/"
      },
      "geometry": {
        "type": "Point",
        "coordinates": [
          [
            [
              -87.7021596,
              41.8448082
            ]
          ]
        ]
      }
    },
    {
      "type": "Feature",
      "id": "node/6303810443",
      "properties": {
        "@id": "node/6303810443",
        "addr:city": "Chicago",
        "addr:housenumber": "2306",
        "addr:postcode": "60616",
        "addr:state": "IL",
        "addr:street": "South Wentworth Avenue",
        "name": "Tasty Place",
        "phone": "+1-312-842-8802",
        "shop": "bakery"
      },
      "geometry": {
        "type": "Point",
        "coordinates": [
          [
            [
              -87.6321235,
              41.8507144
            ]
          ]
        ]
      }
    },
    {
      "type": "Feature",
      "id": "node/6303876047",
      "properties": {
        "@id": "node/6303876047",
        "addr:city": "Chicago",
        "addr:housenumber": "3100",
        "addr:postcode": "60659",
        "addr:state": "IL",
        "addr:street": "West Devon Avenue",
        "name": "Taza Bakery",
        "phone": "+1-773-942-7541",
        "shop": "bakery"
      },
      "geometry": {
        "type": "Point",
        "coordinates": [
          [
            [
              -87.707192,
              41.9977244
            ]
          ]
        ]
      }
    },
    {
      "type": "Feature",
      "id": "node/6304028714",
      "properties": {
        "@id": "node/6304028714",
        "addr:city": "Chicago",
        "addr:housenumber": "1009",
        "addr:postcode": "60614",
        "addr:state": "IL",
        "addr:street": "West Armitage Avenue",
        "name": "Terry\u2019s Toffee",
        "phone": "+1-312-733-2700",
        "shop": "bakery",
        "website": "https://www.terrystoffee.com/"
      },
      "geometry": {
        "type": "Point",
        "coordinates": [
          [
            [
              -87.6538855,
              41.9178851
            ]
          ]
        ]
      }
    },
    {
      "type": "Feature",
      "id": "node/6305152926",
      "properties": {
        "@id": "node/6305152926",
        "addr:city": "Chicago",
        "addr:housenumber": "1900",
        "addr:postcode": "60639",
        "addr:state": "IL",
        "addr:street": "North McVicker Avenue",
        "name": "Today\u2019s Temptation",
        "phone": "+1-773-385-5355",
        "shop": "bakery",
        "website": "https://www.todaystemptations.com/"
      },
      "geometry": {
        "type": "Point",
        "coordinates": [
          [
            [
              -87.7787133,
              41.9152724
            ]
          ]
        ]
      }
    },
    {
      "type": "Feature",
      "id": "node/6305160804",
      "properties": {
        "@id": "node/6305160804",
        "addr:city": "Chicago",
        "addr:housenumber": "4750",
        "addr:postcode": "60632",
        "addr:state": "IL",
        "addr:street": "South Washtenaw Avenue",
        "name": "Tom Tom Tamale & Bakery Company",
        "phone": "+1-773-523-5675",
        "shop": "bakery"
      },
      "geometry": {
        "type": "Point",
        "coordinates": [
          [
            [
              -87.6920569,
              41.8067651
            ]
          ]
        ]
      }
    },
    {
      "type": "Feature",
      "id": "node/6305233885",
      "properties": {
        "@id": "node/6305233885",
        "addr:city": "Chicago",
        "addr:housenumber": "1642",
        "addr:postcode": "60637",
        "addr:state": "IL",
        "addr:street": "East 56th Street",
        "shop": "bakery"
      },
      "geometry": {
        "type": "Point",
        "coordinates": [
          [
            [
              -87.5849275,
              41.793801
            ]
          ]
        ]
      }
    },
    {
      "type": "Feature",
      "id": "node/6305315585",
      "properties": {
        "@id": "node/6305315585",
        "addr:city": "Chicago",
        "addr:housenumber": "8153",
        "addr:postcode": "60619",
        "addr:state": "IL",
        "addr:street": "South Cottage Grove Avenue",
        "name": "Tony\u2019s Original Steak & Gyros",
        "phone": "+1-773-846-2000",
        "shop": "bakery"
      },
      "geometry": {
        "type": "Point",
        "coordinates": [
          [
            [
              -87.6045371,
              41.746021
            ]
          ]
        ]
      }
    },
    {
      "type": "Feature",
      "id": "node/6305348157",
      "properties": {
        "@id": "node/6305348157",
        "addr:city": "Chicago",
        "addr:housenumber": "3111",
        "addr:postcode": "60629",
        "addr:state": "IL",
        "addr:street": "West 63rd Street",
        "name": "Torres Bakery",
        "phone": "+1-773-471-2307",
        "shop": "bakery"
      },
      "geometry": {
        "type": "Point",
        "coordinates": [
          [
            [
              -87.7012132,
              41.7788173
            ]
          ]
        ]
      }
    },
    {
      "type": "Feature",
      "id": "node/6305360175",
      "properties": {
        "@id": "node/6305360175",
        "addr:city": "Chicago",
        "addr:housenumber": "2144",
        "addr:postcode": "60616",
        "addr:state": "IL",
        "addr:street": "South Archer Avenue",
        "branch": "Chicago Chinatown",
        "brand": "Tous les Jours",
        "brand:en": "Tous Les Jours",
        "brand:ko": "\ub69c\ub808\uc96c\ub974",
        "brand:wikidata": "Q3535609",
        "name": "Tous les Jours",
        "name:en": "Tous Les Jours",
        "name:ko": "\ub69c\ub808\uc96c\ub974",
        "opening_hours": "Mo-Su 09:00-19:00",
        "outdoor_seating": "no",
        "phone": "+1-312-225-8488",
        "shop": "bakery",
        "website": "https://www.tljus.com"
      },
      "geometry": {
        "type": "Point",
        "coordinates": [
          [
            [
              -87.6338494,
              41.8538348
            ]
          ]
        ]
      }
    },
    {
      "type": "Feature",
      "id": "node/6314793647",
      "properties": {
        "@id": "node/6314793647",
        "addr:city": "Chicago",
        "addr:housenumber": "2038",
        "addr:postcode": "60618",
        "addr:state": "IL",
        "addr:street": "West Roscoe Street",
        "name": "Irene\u2019s Bakery",
        "phone": "+1-773-472-1812",
        "shop": "bakery"
      },
      "geometry": {
        "type": "Point",
        "coordinates": [
          [
            [
              -87.6800216,
              41.9434311
            ]
          ]
        ]
      }
    },
    {
      "type": "Feature",
      "id": "node/6314807446",
      "properties": {
        "@id": "node/6314807446",
        "addr:city": "Chicago",
        "addr:housenumber": "1659",
        "addr:postcode": "60640",
        "addr:state": "IL",
        "addr:street": "West Foster Avenue",
        "name": "Isabella Bakery",
        "phone": "+1-773-275-5237",
        "shop": "bakery"
      },
      "geometry": {
        "type": "Point",
        "coordinates": [
          [
            [
              -87.6718706,
              41.9759285
            ]
          ]
        ]
      }
    },
    {
      "type": "Feature",
      "id": "node/6315228817",
      "properties": {
        "@id": "node/6315228817",
        "addr:city": "Chicago",
        "addr:housenumber": "1532",
        "addr:postcode": "60610",
        "addr:state": "IL",
        "addr:street": "North Wells Street",
        "name": "The Fudge Pot",
        "opening_hours": "Su-Th 12:00-20:00; Fr,Sa 12:00-22:00",
        "phone": "+1-312-943-1777",
        "shop": "bakery",
        "website": "http://thefudgepotchicago.com/"
      },
      "geometry": {
        "type": "Point",
        "coordinates": [
          [
            [
              -87.6349907,
              41.9101255
            ]
          ]
        ]
      }
    },
    {
      "type": "Feature",
      "id": "node/6315722237",
      "properties": {
        "@id": "node/6315722237",
        "addr:city": "Chicago",
        "addr:housenumber": "5243",
        "addr:postcode": "60656",
        "addr:state": "IL",
        "addr:street": "North Harlem Avenue",
        "name": "The Purple Tulip Cakery",
        "phone": "+1-847-477-4315",
        "shop": "bakery"
      },
      "geometry": {
        "type": "Point",
        "coordinates": [
          [
            [
              -87.8068578,
              41.976713
            ]
          ]
        ]
      }
    },
    {
      "type": "Feature",
      "id": "node/6315741003",
      "properties": {
        "@id": "node/6315741003",
        "addr:city": "Chicago",
        "addr:housenumber": "1944",
        "addr:postcode": "60647",
        "addr:state": "IL",
        "addr:street": "North Damen Avenue",
        "name": "Urban Icing",
        "phone": "+1-773-384-4418",
        "shop": "bakery",
        "website": "https://urbanicing.com/"
      },
      "geometry": {
        "type": "Point",
        "coordinates": [
          [
            [
              -87.6777667,
              41.9171809
            ]
          ]
        ]
      }
    },
    {
      "type": "Feature",
      "id": "node/6315745607",
      "properties": {
        "@id": "node/6315745607",
        "addr:city": "Chicago",
        "addr:housenumber": "5033",
        "addr:postcode": "60630",
        "addr:state": "IL",
        "addr:street": "North Elston Avenue",
        "brand": "Valerio's Tropical Bakeshop",
        "brand:wikidata": "Q125537872",
        "name": "Valerio's Tropical Bakeshop",
        "phone": "+1-773-685-5115",
        "shop": "bakery",
        "website": "https://valeriostropicalbakeshop.com/"
      },
      "geometry": {
        "type": "Point",
        "coordinates": [
          [
            [
              -87.7459489,
              41.972863
            ]
          ]
        ]
      }
    },
    {
      "type": "Feature",
      "id": "node/6315770619",
      "properties": {
        "@id": "node/6315770619",
        "addr:city": "Chicago",
        "addr:housenumber": "2108",
        "addr:postcode": "60614",
        "addr:state": "IL",
        "addr:street": "North Clark Street",
        "name": "Vanille Patisserie",
        "phone": "+1-773-868-4574",
        "shop": "bakery",
        "website": "https://www.vanillepatisserie.com/"
      },
      "geometry": {
        "type": "Point",
        "coordinates": [
          [
            [
              -87.6376631,
              41.9205003
            ]
          ]
        ]
      }
    },
    {
      "type": "Feature",
      "id": "node/6316403491",
      "properties": {
        "@id": "node/6316403491",
        "addr:city": "Chicago",
        "addr:housenumber": "1332",
        "addr:postcode": "60642",
        "addr:state": "IL",
        "addr:street": "North Halsted Street",
        "name": "Veruca Chocolates",
        "phone": "+1-312-624-8414",
        "shop": "bakery",
        "website": "https://www.verucachocolates.com/"
      },
      "geometry": {
        "type": "Point",
        "coordinates": [
          [
            [
              -87.6484468,
              41.9061642
            ]
          ]
        ]
      }
    },
    {
      "type": "Feature",
      "id": "node/6316671792",
      "properties": {
        "@id": "node/6316671792",
        "addr:city": "Chicago",
        "addr:housenumber": "2148",
        "addr:postcode": "60608",
        "addr:state": "IL",
        "addr:street": "West Cermak Road",
        "name": "Wagner\u2019s Bakery",
        "phone": "+1-773-847-8180",
        "shop": "bakery"
      },
      "geometry": {
        "type": "Point",
        "coordinates": [
          [
            [
              -87.680232,
              41.8523244
            ]
          ]
        ]
      }
    },
    {
      "type": "Feature",
      "id": "node/6316800248",
      "properties": {
        "@id": "node/6316800248",
        "addr:city": "Chicago",
        "addr:housenumber": "841",
        "addr:postcode": "60619",
        "addr:state": "IL",
        "addr:street": "East 79th Street",
        "name": "West Indies Bakery",
        "phone": "+1-773-723-5927",
        "shop": "bakery"
      },
      "geometry": {
        "type": "Point",
        "coordinates": [
          [
            [
              -87.6036056,
              41.7510691
            ]
          ]
        ]
      }
    },
    {
      "type": "Feature",
      "id": "node/6316899187",
      "properties": {
        "@id": "node/6316899187",
        "addr:city": "Chicago",
        "addr:housenumber": "6006",
        "addr:postcode": "60634",
        "addr:state": "IL",
        "addr:street": "West Belmont Avenue",
        "name": "Wiklanski\u2019s Bakery",
        "phone": "+1-773-853-0077",
        "shop": "bakery"
      },
      "geometry": {
        "type": "Point",
        "coordinates": [
          [
            [
              -87.7766024,
              41.9387085
            ]
          ]
        ]
      }
    },
    {
      "type": "Feature",
      "id": "node/6316936335",
      "properties": {
        "@id": "node/6316936335",
        "addr:city": "Chicago",
        "addr:housenumber": "3949",
        "addr:postcode": "60632",
        "addr:state": "IL",
        "addr:street": "South Keeler Avenue",
        "name": "Winfar Foods",
        "phone": "+1-773-247-8002",
        "shop": "bakery"
      },
      "geometry": {
        "type": "Point",
        "coordinates": [
          [
            [
              -87.7278967,
              41.8208214
            ]
          ]
        ]
      }
    },
    {
      "type": "Feature",
      "id": "node/6316998514",
      "properties": {
        "@id": "node/6316998514",
        "addr:city": "Chicago",
        "addr:housenumber": "2434",
        "addr:postcode": "60659",
        "addr:state": "IL",
        "addr:street": "West Devon Avenue",
        "name": "World Fresh Market",
        "phone": "+1-773-508-0700",
        "shop": "bakery",
        "website": "https://www.worldfreshmarket.net/"
      },
      "geometry": {
        "type": "Point",
        "coordinates": [
          [
            [
              -87.691545,
              41.9979247
            ]
          ]
        ]
      }
    },
    {
      "type": "Feature",
      "id": "node/6317053237",
      "properties": {
        "@id": "node/6317053237",
        "addr:city": "Chicago",
        "addr:housenumber": "2214",
        "addr:postcode": "60608",
        "addr:state": "IL",
        "addr:street": "South Wolcott Avenue",
        "name": "Xurro",
        "phone": "+1-773-823-9571",
        "shop": "bakery",
        "website": "https://www.churrofactory.com/"
      },
      "geometry": {
        "type": "Point",
        "coordinates": [
          [
            [
              -87.6735768,
              41.8516952
            ]
          ]
        ]
      }
    },
    {
      "type": "Feature",
      "id": "node/6317080076",
      "properties": {
        "@id": "node/6317080076",
        "addr:city": "Chicago",
        "addr:housenumber": "3465",
        "addr:postcode": "60618",
        "addr:state": "IL",
        "addr:street": "North Kimball Avenue",
        "name": "Yo Yo Food Mfg",
        "phone": "+1-773-588-7437",
        "shop": "bakery"
      },
      "geometry": {
        "type": "Point",
        "coordinates": [
          [
            [
              -87.7121954,
              41.9446262
            ]
          ]
        ]
      }
    },
    {
      "type": "Feature",
      "id": "node/6317128158",
      "properties": {
        "@id": "node/6317128158",
        "addr:city": "Chicago",
        "addr:housenumber": "3111",
        "addr:postcode": "60634",
        "addr:state": "IL",
        "addr:street": "North Central Avenue",
        "name": "Zorba\u2019s Pastry Shop",
        "phone": "+1-773-777-9755",
        "shop": "bakery"
      },
      "geometry": {
        "type": "Point",
        "coordinates": [
          [
            [
              -87.7662085,
              41.9371104
            ]
          ]
        ]
      }
    },
    {
      "type": "Feature",
      "id": "node/6318229880",
      "properties": {
        "@id": "node/6318229880",
        "addr:city": "Chicago",
        "addr:housenumber": "5434",
        "addr:postcode": "60632",
        "addr:state": "IL",
        "addr:street": "South Pulaski Road",
        "name": "Le Paris Bakery",
        "phone": "+1-773-581-1550",
        "shop": "bakery"
      },
      "geometry": {
        "type": "Point",
        "coordinates": [
          [
            [
              -87.7236856,
              41.7940252
            ]
          ]
        ]
      }
    },
    {
      "type": "Feature",
      "id": "node/6318304778",
      "properties": {
        "@id": "node/6318304778",
        "addr:city": "Chicago",
        "addr:housenumber": "3201",
        "addr:postcode": "60625",
        "addr:state": "IL",
        "addr:street": "West Eastwood Avenue",
        "name": "Lebnan Sweets",
        "shop": "bakery"
      },
      "geometry": {
        "type": "Point",
        "coordinates": [
          [
            [
              -87.7087519,
              41.9658283
            ]
          ]
        ]
      }
    },
    {
      "type": "Feature",
      "id": "node/6318854056",
      "properties": {
        "@id": "node/6318854056",
        "addr:city": "Chicago",
        "addr:housenumber": "7015",
        "addr:postcode": "60629",
        "addr:state": "IL",
        "addr:street": "South Pulaski Road",
        "name": "Jessica\u2019s Bakery",
        "phone": "+1-773-284-1456",
        "shop": "bakery"
      },
      "geometry": {
        "type": "Point",
        "coordinates": [
          [
            [
              -87.7221151,
              41.7654596
            ]
          ]
        ]
      }
    },
    {
      "type": "Feature",
      "id": "node/6318871215",
      "properties": {
        "@id": "node/6318871215",
        "addr:city": "Chicago",
        "addr:housenumber": "1844",
        "addr:postcode": "60643",
        "addr:state": "IL",
        "addr:street": "West 95th Street",
        "name": "Jimmy Jamm Sweet Potato Pies",
        "phone": "+1-773-779-9105",
        "shop": "bakery"
      },
      "geometry": {
        "type": "Point",
        "coordinates": [
          [
            [
              -87.6693652,
              41.7213752
            ]
          ]
        ]
      }
    },
    {
      "type": "Feature",
      "id": "node/6319063595",
      "properties": {
        "@id": "node/6319063595",
        "addr:city": "Chicago",
        "addr:housenumber": "2419",
        "addr:postcode": "60608",
        "addr:state": "IL",
        "addr:street": "West 14th Street",
        "name": "K-suerte Cookies & Cards",
        "shop": "bakery"
      },
      "geometry": {
        "type": "Point",
        "coordinates": [
          [
            [
              -87.686895,
              41.8624839
            ]
          ]
        ]
      }
    },
    {
      "type": "Feature",
      "id": "node/6319227216",
      "properties": {
        "@id": "node/6319227216",
        "addr:city": "Chicago",
        "addr:housenumber": "5808",
        "addr:postcode": "60646",
        "addr:state": "IL",
        "addr:street": "North Milwaukee Avenue",
        "name": "Kazik Bakery",
        "shop": "bakery"
      },
      "geometry": {
        "type": "Point",
        "coordinates": [
          [
            [
              -87.7783594,
              41.9868838
            ]
          ]
        ]
      }
    },
    {
      "type": "Feature",
      "id": "node/6319763174",
      "properties": {
        "@id": "node/6319763174",
        "addr:city": "Chicago",
        "addr:housenumber": "2445",
        "addr:postcode": "60707",
        "addr:state": "IL",
        "addr:street": "North Harlem Avenue",
        "name": "Kolatek\u2019s Bakery & Deli",
        "phone": "+1-773-637-3772",
        "shop": "bakery",
        "website": "http://www.kolateksbakery.com/"
      },
      "geometry": {
        "type": "Point",
        "coordinates": [
          [
            [
              -87.8059692,
              41.9248593
            ]
          ]
        ]
      }
    },
    {
      "type": "Feature",
      "id": "node/6319812584",
      "properties": {
        "@id": "node/6319812584",
        "addr:city": "Chicago",
        "addr:housenumber": "1735",
        "addr:postcode": "60609",
        "addr:state": "IL",
        "addr:street": "West 35th Street",
        "name": "Kristoffer\u2019s Cakes",
        "phone": "+1-773-801-1831",
        "shop": "bakery",
        "website": "https://kristofferscakes.com/"
      },
      "geometry": {
        "type": "Point",
        "coordinates": [
          [
            [
              -87.6693228,
              41.8303127
            ]
          ]
        ]
      }
    },
    {
      "type": "Feature",
      "id": "node/6319873509",
      "properties": {
        "@id": "node/6319873509",
        "addr:city": "Chicago",
        "addr:housenumber": "3117",
        "addr:postcode": "60623",
        "addr:state": "IL",
        "addr:street": "West 26th Street",
        "name": "La Baguette Bakery",
        "phone": "+1-773-254-0006",
        "shop": "bakery"
      },
      "geometry": {
        "type": "Point",
        "coordinates": [
          [
            [
              -87.7032722,
              41.8441908
            ]
          ]
        ]
      }
    },
    {
      "type": "Feature",
      "id": "node/6319877396",
      "properties": {
        "@id": "node/6319877396",
        "addr:city": "Chicago",
        "addr:housenumber": "4321",
        "addr:postcode": "60609",
        "addr:state": "IL",
        "addr:street": "South Ashland Avenue",
        "name": "La Baguette Bakery",
        "phone": "+1-773-247-9200",
        "shop": "bakery",
        "website": "http://labaguettemelrose.com/"
      },
      "geometry": {
        "type": "Point",
        "coordinates": [
          [
            [
              -87.6645879,
              41.8148779
            ]
          ]
        ]
      }
    },
    {
      "type": "Feature",
      "id": "node/6319878047",
      "properties": {
        "@id": "node/6319878047",
        "addr:city": "Chicago",
        "addr:housenumber": "5859",
        "addr:postcode": "60629",
        "addr:state": "IL",
        "addr:street": "South Kedzie Avenue",
        "name": "La Baguette Bakery",
        "phone": "+1-773-925-0455",
        "shop": "bakery",
        "website": "http://labaguettemelrose.com/"
      },
      "geometry": {
        "type": "Point",
        "coordinates": [
          [
            [
              -87.7029294,
              41.7864585
            ]
          ]
        ]
      }
    },
    {
      "type": "Feature",
      "id": "node/6319879845",
      "properties": {
        "@id": "node/6319879845",
        "addr:city": "Chicago",
        "addr:housenumber": "4741",
        "addr:postcode": "60625",
        "addr:state": "IL",
        "addr:street": "North Kedzie Avenue",
        "name": "La Baguette Bakery",
        "phone": "+1-773-583-0952",
        "shop": "bakery",
        "website": "http://labaguettemelrose.com/"
      },
      "geometry": {
        "type": "Point",
        "coordinates": [
          [
            [
              -87.7080859,
              41.9678352
            ]
          ]
        ]
      }
    },
    {
      "type": "Feature",
      "id": "node/6319898778",
      "properties": {
        "@id": "node/6319898778",
        "addr:city": "Chicago",
        "addr:housenumber": "3575",
        "addr:postcode": "60647",
        "addr:state": "IL",
        "addr:street": "West Armitage Avenue",
        "name": "La Canasta Bakery",
        "phone": "+1-773-489-7955",
        "shop": "bakery"
      },
      "geometry": {
        "type": "Point",
        "coordinates": [
          [
            [
              -87.7164301,
              41.9170559
            ]
          ]
        ]
      }
    },
    {
      "type": "Feature",
      "id": "node/6319912690",
      "properties": {
        "@id": "node/6319912690",
        "addr:city": "Chicago",
        "addr:housenumber": "4454",
        "addr:postcode": "60625",
        "addr:state": "IL",
        "addr:street": "North Kedzie Avenue",
        "name": "La Casa del Pan Bakery",
        "phone": "+1-773-654-3200",
        "shop": "bakery",
        "wheelchair": "yes"
      },
      "geometry": {
        "type": "Point",
        "coordinates": [
          [
            [
              -87.7086327,
              41.9627063
            ]
          ]
        ]
      }
    },
    {
      "type": "Feature",
      "id": "node/6319920879",
      "properties": {
        "@id": "node/6319920879",
        "addr:city": "Chicago",
        "addr:housenumber": "4120",
        "addr:postcode": "60632",
        "addr:state": "IL",
        "addr:street": "West 47th Street",
        "name": "La Central Bakery",
        "phone": "+1-773-376-5155",
        "shop": "bakery"
      },
      "geometry": {
        "type": "Point",
        "coordinates": [
          [
            [
              -87.7270689,
              41.8080018
            ]
          ]
        ]
      }
    },
    {
      "type": "Feature",
      "id": "node/6319971812",
      "properties": {
        "@id": "node/6319971812",
        "addr:city": "Chicago",
        "addr:housenumber": "2702",
        "addr:postcode": "60608",
        "addr:state": "IL",
        "addr:street": "West Cermak Road",
        "name": "La Central Bakery",
        "phone": "+1-773-254-9363",
        "shop": "bakery"
      },
      "geometry": {
        "type": "Point",
        "coordinates": [
          [
            [
              -87.6932572,
              41.8521281
            ]
          ]
        ]
      }
    },
    {
      "type": "Feature",
      "id": "node/6319972694",
      "properties": {
        "@id": "node/6319972694",
        "addr:city": "Chicago",
        "addr:housenumber": "2422",
        "addr:postcode": "60632",
        "addr:state": "IL",
        "addr:street": "West 47th Street",
        "name": "La Central Bakery",
        "phone": "+1-773-890-3950",
        "shop": "bakery"
      },
      "geometry": {
        "type": "Point",
        "coordinates": [
          [
            [
              -87.6855084,
              41.8086416
            ]
          ]
        ]
      }
    },
    {
      "type": "Feature",
      "id": "node/6319983181",
      "properties": {
        "@id": "node/6319983181",
        "addr:city": "Chicago",
        "addr:housenumber": "3353",
        "addr:postcode": "60629",
        "addr:state": "IL",
        "addr:street": "West 63rd Street",
        "name": "La Chiquita Bakery",
        "phone": "+1-773-306-1214",
        "shop": "bakery"
      },
      "geometry": {
        "type": "Point",
        "coordinates": [
          [
            [
              -87.7076413,
              41.7787559
            ]
          ]
        ]
      }
    },
    {
      "type": "Feature",
      "id": "node/6320043690",
      "properties": {
        "@id": "node/6320043690",
        "addr:city": "Chicago",
        "addr:housenumber": "5847",
        "addr:postcode": "60639",
        "addr:state": "IL",
        "addr:street": "West Fullerton Avenue",
        "name": "La Dulce Bakery",
        "phone": "+1-773-622-8998",
        "shop": "bakery"
      },
      "geometry": {
        "type": "Point",
        "coordinates": [
          [
            [
              -87.7727259,
              41.9237075
            ]
          ]
        ]
      }
    },
    {
      "type": "Feature",
      "id": "node/6320044756",
      "properties": {
        "@id": "node/6320044756",
        "addr:city": "Chicago",
        "addr:housenumber": "8712",
        "addr:postcode": "60617",
        "addr:state": "IL",
        "addr:street": "South Commercial Avenue",
        "name": "Maxi Bakery",
        "phone": "+1-773-375-0336",
        "shop": "bakery"
      },
      "geometry": {
        "type": "Point",
        "coordinates": [
          [
            [
              -87.5516448,
              41.7369448
            ]
          ]
        ]
      }
    },
    {
      "type": "Feature",
      "id": "node/6320066093",
      "properties": {
        "@id": "node/6320066093",
        "addr:city": "Chicago",
        "addr:housenumber": "6424",
        "addr:postcode": "60629",
        "addr:state": "IL",
        "addr:street": "South Pulaski Road",
        "name": "La Fiesta Bakery",
        "phone": "+1-773-735-6319",
        "shop": "bakery"
      },
      "geometry": {
        "type": "Point",
        "coordinates": [
          [
            [
              -87.7229967,
              41.7760115
            ]
          ]
        ]
      }
    },
    {
      "type": "Feature",
      "id": "node/6320067471",
      "properties": {
        "@id": "node/6320067471",
        "addr:city": "Chicago",
        "addr:housenumber": "10429",
        "addr:postcode": "60617",
        "addr:state": "IL",
        "addr:street": "South Ewing Avenue",
        "name": "La Florencia Bakery",
        "phone": "+1-773-768-3333",
        "shop": "bakery"
      },
      "geometry": {
        "type": "Point",
        "coordinates": [
          [
            [
              -87.535061,
              41.7054438
            ]
          ]
        ]
      }
    },
    {
      "type": "Feature",
      "id": "node/6320069426",
      "properties": {
        "@id": "node/6320069426",
        "addr:city": "Chicago",
        "addr:housenumber": "5405",
        "addr:postcode": "60632",
        "addr:state": "IL",
        "addr:street": "South Kedzie Avenue",
        "name": "La France Bakery",
        "phone": "+1-773-737-2113",
        "shop": "bakery",
        "website": "http://www.lafrancebakery.com/"
      },
      "geometry": {
        "type": "Point",
        "coordinates": [
          [
            [
              -87.7032695,
              41.7951098
            ]
          ]
        ]
      }
    },
    {
      "type": "Feature",
      "id": "node/6320089757",
      "properties": {
        "@id": "node/6320089757",
        "addr:city": "Chicago",
        "addr:housenumber": "5019",
        "addr:postcode": "60639",
        "addr:state": "IL",
        "addr:street": "West Fullerton Avenue",
        "name": "La Luna Bakery Panaderia",
        "phone": "+1-773-237-4340",
        "shop": "bakery"
      },
      "geometry": {
        "type": "Point",
        "coordinates": [
          [
            [
              -87.752039,
              41.9239905
            ]
          ]
        ]
      }
    },
    {
      "type": "Feature",
      "id": "node/6320094686",
      "properties": {
        "@id": "node/6320094686",
        "addr:city": "Chicago",
        "addr:housenumber": "1050",
        "addr:postcode": "60640",
        "addr:state": "IL",
        "addr:street": "West Argyle Street",
        "name": "La P\u00e2tisserie P",
        "phone": "+1-773-878-3226",
        "shop": "bakery",
        "website": "http://www.lapatisseriepbakery.com/"
      },
      "geometry": {
        "type": "Point",
        "coordinates": [
          [
            [
              -87.6569751,
              41.9734104
            ]
          ]
        ]
      }
    },
    {
      "type": "Feature",
      "id": "node/6320221761",
      "properties": {
        "@id": "node/6320221761",
        "addr:city": "Chicago",
        "addr:housenumber": "3646",
        "addr:postcode": "60617",
        "addr:state": "IL",
        "addr:street": "East 112th Street",
        "name": "Poopsies Pastry",
        "phone": "+1-773-374-4343",
        "shop": "bakery"
      },
      "geometry": {
        "type": "Point",
        "coordinates": [
          [
            [
              -87.5346448,
              41.6920238
            ]
          ]
        ]
      }
    },
    {
      "type": "Feature",
      "id": "node/6320619992",
      "properties": {
        "@id": "node/6320619992",
        "addr:city": "Chicago",
        "addr:housenumber": "5318",
        "addr:postcode": "60640",
        "addr:state": "IL",
        "addr:street": "North Clark Street",
        "name": "Lost Larson Bakery",
        "opening_hours": "We-Su 7:00-15:00",
        "operator": "Lost Larson",
        "outdoor_seating": "yes",
        "payment:cash": "yes",
        "payment:credit_cards": "yes",
        "payment:debit_cards": "yes",
        "phone": "+1-773-944-0587",
        "shop": "bakery",
        "website": "https://www.lostlarson.com/"
      },
      "geometry": {
        "type": "Point",
        "coordinates": [
          [
            [
              -87.6684826,
              41.9786255
            ]
          ]
        ]
      }
    },
    {
      "type": "Feature",
      "id": "node/6320687191",
      "properties": {
        "@id": "node/6320687191",
        "addr:city": "Chicago",
        "addr:housenumber": "5901",
        "addr:postcode": "60629",
        "addr:state": "IL",
        "addr:street": "South Troy Street",
        "name": "Luna\u2019s Bakery",
        "shop": "bakery"
      },
      "geometry": {
        "type": "Point",
        "coordinates": [
          [
            [
              -87.7019472,
              41.7861441
            ]
          ]
        ]
      }
    },
    {
      "type": "Feature",
      "id": "node/6320690855",
      "properties": {
        "@id": "node/6320690855",
        "addr:city": "Chicago",
        "addr:housenumber": "2458",
        "addr:postcode": "60618",
        "addr:state": "IL",
        "addr:street": "West Montrose Avenue",
        "email": "info@lutzbakery.com",
        "name": "Lutz Cafe & Pastry Shop",
        "opening_hours": "Mo-Sa 07:00-19:00; Su 08:00-18:00",
        "phone": "+1-773-478-7785",
        "shop": "bakery",
        "website": "https://www.chicago-bakery.com/"
      },
      "geometry": {
        "type": "Point",
        "coordinates": [
          [
            [
              -87.6909628,
              41.9614408
            ]
          ]
        ]
      }
    },
    {
      "type": "Feature",
      "id": "node/6321283179",
      "properties": {
        "@id": "node/6321283179",
        "addr:city": "Chicago",
        "addr:housenumber": "1527",
        "addr:postcode": "60640",
        "addr:state": "IL",
        "addr:street": "West Lawrence Avenue",
        "name": "M & A Bakery",
        "phone": "+1-773-275-4444",
        "shop": "bakery"
      },
      "geometry": {
        "type": "Point",
        "coordinates": [
          [
            [
              -87.6685726,
              41.9685273
            ]
          ]
        ]
      }
    },
    {
      "type": "Feature",
      "id": "node/6321331550",
      "properties": {
        "@id": "node/6321331550",
        "addr:city": "Chicago",
        "addr:housenumber": "1445",
        "addr:postcode": "60660",
        "addr:state": "IL",
        "addr:street": "West Devon Avenue",
        "name": "Maddiebird Bakery",
        "phone": "+1-773-856-3262",
        "shop": "bakery",
        "website": "http://www.maddiebird.com/"
      },
      "geometry": {
        "type": "Point",
        "coordinates": [
          [
            [
              -87.6672463,
              41.9979691
            ]
          ]
        ]
      }
    },
    {
      "type": "Feature",
      "id": "node/6321407570",
      "properties": {
        "@id": "node/6321407570",
        "addr:city": "Chicago",
        "addr:housenumber": "324",
        "addr:postcode": "60612",
        "addr:state": "IL",
        "addr:street": "North Leavitt Street",
        "name": "Maison Cuisine",
        "phone": "+1-312-315-4479",
        "shop": "bakery",
        "website": "https://www.maisoncuisine.com/"
      },
      "geometry": {
        "type": "Point",
        "coordinates": [
          [
            [
              -87.682525,
              41.8878682
            ]
          ]
        ]
      }
    },
    {
      "type": "Feature",
      "id": "node/6321499010",
      "properties": {
        "@id": "node/6321499010",
        "addr:city": "Chicago",
        "addr:housenumber": "2122",
        "addr:postcode": "60614",
        "addr:state": "IL",
        "addr:street": "North Ashland Avenue",
        "check_date": "2023-11-05",
        "name": "Mariano\u2019s Fresh Market",
        "phone": "+1-773-342-6585",
        "shop": "bakery",
        "website": "https://www.marianos.com/"
      },
      "geometry": {
        "type": "Point",
        "coordinates": [
          [
            [
              -87.6691135,
              41.9208685
            ]
          ]
        ]
      }
    },
    {
      "type": "Feature",
      "id": "node/6321504485",
      "properties": {
        "@id": "node/6321504485",
        "addr:city": "Chicago",
        "addr:housenumber": "5752",
        "addr:postcode": "60659",
        "addr:state": "IL",
        "addr:street": "North California Avenue",
        "name": "Mariegold Bakery and Fast",
        "phone": "+1-773-561-1978",
        "shop": "bakery"
      },
      "geometry": {
        "type": "Point",
        "coordinates": [
          [
            [
              -87.6996257,
              41.9864592
            ]
          ]
        ]
      }
    },
    {
      "type": "Feature",
      "id": "node/6321526722",
      "properties": {
        "@id": "node/6321526722",
        "addr:city": "Chicago",
        "addr:housenumber": "3520",
        "addr:postcode": "60625",
        "addr:state": "IL",
        "addr:street": "West Lawrence Avenue",
        "name": "Markellos Baking Company",
        "phone": "+1-773-539-9344",
        "shop": "bakery",
        "website": "http://markellosbakingco-hub.com/"
      },
      "geometry": {
        "type": "Point",
        "coordinates": [
          [
            [
              -87.7166535,
              41.968671
            ]
          ]
        ]
      }
    },
    {
      "type": "Feature",
      "id": "node/6321613703",
      "properties": {
        "@id": "node/6321613703",
        "addr:city": "Chicago",
        "addr:housenumber": "2215",
        "addr:postcode": "60616",
        "addr:state": "IL",
        "addr:street": "South Wentworth Avenue",
        "name": "Maxim\u2019s Bakery",
        "phone": "+1-312-225-8285",
        "shop": "bakery"
      },
      "geometry": {
        "type": "Point",
        "coordinates": [
          [
            [
              -87.6318899,
              41.8524854
            ]
          ]
        ]
      }
    },
    {
      "type": "Feature",
      "id": "node/6321771781",
      "properties": {
        "@id": "node/6321771781",
        "addr:city": "Chicago",
        "addr:housenumber": "710",
        "addr:postcode": "60657",
        "addr:state": "IL",
        "addr:street": "West Roscoe Street",
        "name": "Rolled Around Bakery - Corporate",
        "phone": "+1-312-985-7653",
        "shop": "bakery",
        "website": "http://www.rolledaround.com/"
      },
      "geometry": {
        "type": "Point",
        "coordinates": [
          [
            [
              -87.6478898,
              41.9439152
            ]
          ]
        ]
      }
    },
    {
      "type": "Feature",
      "id": "node/6321950460",
      "properties": {
        "@id": "node/6321950460",
        "addr:city": "Chicago",
        "addr:housenumber": "4632",
        "addr:postcode": "60656",
        "addr:state": "IL",
        "addr:street": "North Cumberland Avenue",
        "contact:instagram": "https://www.instagram.com/sicilianbakery/",
        "fax": "+1-773-589-2642",
        "name": "Sicilian Bakery",
        "opening_hours": "Tu-Sa 07:00-17:00; Su 08:00-14:00; Mo off",
        "phone": "+1-773-589-2602",
        "shop": "bakery",
        "website": "https://sicilianbakeryinc.com/"
      },
      "geometry": {
        "type": "Point",
        "coordinates": [
          [
            [
              -87.8373908,
              41.963999
            ]
          ]
        ]
      }
    },
    {
      "type": "Feature",
      "id": "node/6322022179",
      "properties": {
        "@id": "node/6322022179",
        "addr:city": "Chicago",
        "addr:housenumber": "122",
        "addr:postcode": "60603",
        "addr:state": "IL",
        "addr:street": "South Wabash Avenue",
        "name": "Sugar Bliss Patisserie",
        "phone": "+1-312-997-5872",
        "shop": "bakery",
        "website": "https://www.sugarblisspatisserie.com/"
      },
      "geometry": {
        "type": "Point",
        "coordinates": [
          [
            [
              -87.6263553,
              41.8802597
            ]
          ]
        ]
      }
    },
    {
      "type": "Feature",
      "id": "node/6322121736",
      "properties": {
        "@id": "node/6322121736",
        "addr:city": "Chicago",
        "addr:housenumber": "4925",
        "addr:postcode": "60640",
        "addr:state": "IL",
        "addr:street": "North Broadway",
        "name": "Tai Nam Food Market",
        "phone": "+1-773-275-5666",
        "shop": "bakery",
        "website": "http://www.tainammarket.com/"
      },
      "geometry": {
        "type": "Point",
        "coordinates": [
          [
            [
              -87.6592496,
              41.9723774
            ]
          ]
        ]
      }
    },
    {
      "type": "Feature",
      "id": "node/6322579338",
      "properties": {
        "@id": "node/6322579338",
        "addr:city": "Chicago",
        "addr:housenumber": "5423",
        "addr:postcode": "60625",
        "addr:state": "IL",
        "addr:street": "North Lincoln Avenue",
        "name": "Mekato\u2019s Colombian Bakery",
        "phone": "+1-773-784-5181",
        "shop": "bakery",
        "website": "https://mekatos.com/"
      },
      "geometry": {
        "type": "Point",
        "coordinates": [
          [
            [
              -87.6924943,
              41.9802421
            ]
          ]
        ]
      }
    },
    {
      "type": "Feature",
      "id": "node/6322634588",
      "properties": {
        "@id": "node/6322634588",
        "addr:city": "Chicago",
        "addr:housenumber": "25",
        "addr:postcode": "60603",
        "addr:state": "IL",
        "addr:street": "South Clark Street",
        "name": "Mindy\u2019s Hot Chocolate Bakery",
        "phone": "+1-773-770-6241",
        "shop": "bakery",
        "website": "https://www.revivalfoodhall.com/vendors/hotchocolate-bakery/"
      },
      "geometry": {
        "type": "Point",
        "coordinates": [
          [
            [
              -87.6301217,
              41.8815015
            ]
          ]
        ]
      }
    },
    {
      "type": "Feature",
      "id": "node/6322777081",
      "properties": {
        "@id": "node/6322777081",
        "addr:city": "Chicago",
        "addr:housenumber": "536",
        "addr:postcode": "60654",
        "addr:state": "IL",
        "addr:street": "North Clark Street",
        "name": "Molly\u2019s Cupcakes",
        "phone": "+1-773-883-7220",
        "shop": "bakery",
        "website": "https://www.mollyscupcakes.com/chicago/home.aspx"
      },
      "geometry": {
        "type": "Point",
        "coordinates": [
          [
            [
              -87.6314408,
              41.891957
            ]
          ]
        ]
      }
    },
    {
      "type": "Feature",
      "id": "node/6322780452",
      "properties": {
        "@id": "node/6322780452",
        "addr:city": "Chicago",
        "addr:housenumber": "419",
        "addr:postcode": "60611",
        "addr:state": "IL",
        "addr:street": "East Illinois Street",
        "name": "Molly\u2019s Cupcakes",
        "phone": "+1-312-600-6323",
        "shop": "bakery",
        "website": "https://www.mollyscupcakes.com/chicago/cupcakes.aspx"
      },
      "geometry": {
        "type": "Point",
        "coordinates": [
          [
            [
              -87.6166729,
              41.8908827
            ]
          ]
        ]
      }
    },
    {
      "type": "Feature",
      "id": "node/6322810782",
      "properties": {
        "@id": "node/6322810782",
        "addr:city": "Chicago",
        "addr:housenumber": "4328",
        "addr:postcode": "60632",
        "addr:state": "IL",
        "addr:street": "South Archer Avenue",
        "name": "Monterrey Bakery",
        "phone": "+1-773-927-9456",
        "shop": "bakery"
      },
      "geometry": {
        "type": "Point",
        "coordinates": [
          [
            [
              -87.7033809,
              41.8149199
            ]
          ]
        ]
      }
    },
    {
      "type": "Feature",
      "id": "node/6322827120",
      "properties": {
        "@id": "node/6322827120",
        "addr:city": "Chicago",
        "addr:housenumber": "2889",
        "addr:postcode": "60618",
        "addr:state": "IL",
        "addr:street": "North Milwaukee Avenue",
        "name": "Moonlight Vulture",
        "phone": "+1-773-698-8842",
        "shop": "bakery",
        "website": "http://www.moonlightvulture.com/"
      },
      "geometry": {
        "type": "Point",
        "coordinates": [
          [
            [
              -87.7150206,
              41.9339731
            ]
          ]
        ]
      }
    },
    {
      "type": "Feature",
      "id": "node/6322999290",
      "properties": {
        "@id": "node/6322999290",
        "addr:city": "Chicago",
        "addr:housenumber": "4608",
        "addr:postcode": "60639",
        "addr:state": "IL",
        "addr:street": "West Diversey Avenue",
        "name": "Mr Cak",
        "phone": "+1-773-202-8497",
        "shop": "bakery"
      },
      "geometry": {
        "type": "Point",
        "coordinates": [
          [
            [
              -87.7423053,
              41.9324479
            ]
          ]
        ]
      }
    },
    {
      "type": "Feature",
      "id": "node/6323009314",
      "properties": {
        "@id": "node/6323009314",
        "addr:city": "Chicago",
        "addr:housenumber": "6348",
        "addr:postcode": "60659",
        "addr:state": "IL",
        "addr:street": "North Maplewood Avenue",
        "name": "Mughal Bakery",
        "phone": "+1-773-761-9660",
        "shop": "bakery"
      },
      "geometry": {
        "type": "Point",
        "coordinates": [
          [
            [
              -87.6932792,
              41.9970154
            ]
          ]
        ]
      }
    },
    {
      "type": "Feature",
      "id": "node/6323015643",
      "properties": {
        "@id": "node/6323015643",
        "addr:city": "Chicago",
        "addr:housenumber": "4442",
        "addr:postcode": "60640",
        "addr:state": "IL",
        "addr:street": "North Broadway",
        "name": "My Chocolate Soul",
        "phone": "+1-773-234-7141",
        "shop": "bakery",
        "website": "https://mychocolatesoul.com/"
      },
      "geometry": {
        "type": "Point",
        "coordinates": [
          [
            [
              -87.6560999,
              41.9627539
            ]
          ]
        ]
      }
    },
    {
      "type": "Feature",
      "id": "node/6323028597",
      "properties": {
        "@id": "node/6323028597",
        "addr:city": "Chicago",
        "addr:housenumber": "3746",
        "addr:postcode": "60625",
        "addr:state": "IL",
        "addr:street": "West Lawrence Avenue",
        "name": "Nak Won Korean Bakery",
        "phone": "+1-773-588-8769",
        "shop": "bakery"
      },
      "geometry": {
        "type": "Point",
        "coordinates": [
          [
            [
              -87.7226971,
              41.9685445
            ]
          ]
        ]
      }
    },
    {
      "type": "Feature",
      "id": "node/6323052664",
      "properties": {
        "@id": "node/6323052664",
        "addr:city": "Chicago",
        "addr:housenumber": "4938",
        "addr:postcode": "60630",
        "addr:state": "IL",
        "addr:street": "North Elston Avenue",
        "name": "Nazareth Sweets",
        "phone": "+1-773-463-2457",
        "shop": "bakery",
        "website": "https://www.nazarethsweets.com/"
      },
      "geometry": {
        "type": "Point",
        "coordinates": [
          [
            [
              -87.7439901,
              41.9702154
            ]
          ]
        ]
      }
    },
    {
      "type": "Feature",
      "id": "node/6323093125",
      "properties": {
        "@id": "node/6323093125",
        "addr:city": "Chicago",
        "addr:housenumber": "3455",
        "addr:postcode": "60625",
        "addr:state": "IL",
        "addr:street": "West Lawrence Avenue",
        "name": "New York Bakery",
        "phone": "+1-773-604-8820",
        "shop": "bakery"
      },
      "geometry": {
        "type": "Point",
        "coordinates": [
          [
            [
              -87.715614,
              41.9681404
            ]
          ]
        ]
      }
    },
    {
      "type": "Feature",
      "id": "node/6323094506",
      "properties": {
        "@id": "node/6323094506",
        "addr:city": "Chicago",
        "addr:housenumber": "2501",
        "addr:postcode": "60639",
        "addr:state": "IL",
        "addr:street": "North Keeler Avenue",
        "name": "Newly Weds Foods",
        "phone": "+1-773-489-7000",
        "shop": "bakery",
        "website": "https://newlywedsfoods.com/"
      },
      "geometry": {
        "type": "Point",
        "coordinates": [
          [
            [
              -87.7307059,
              41.9266249
            ]
          ]
        ]
      }
    },
    {
      "type": "Feature",
      "id": "node/6323112818",
      "properties": {
        "@id": "node/6323112818",
        "addr:city": "Chicago",
        "addr:housenumber": "2612",
        "addr:postcode": "60625",
        "addr:state": "IL",
        "addr:street": "West Lawrence Avenue",
        "name": "Nhu Lan Saigon Subs",
        "opening_hours": "Sa,Su 08:00-19:00; Mo,We-Fr 08:00-18:00",
        "phone": "+1-773-878-9898",
        "shop": "bakery",
        "website": "http://nhulanchicago.com/"
      },
      "geometry": {
        "type": "Point",
        "coordinates": [
          [
            [
              -87.6944662,
              41.9687195
            ]
          ]
        ]
      }
    },
    {
      "type": "Feature",
      "id": "node/6323120380",
      "properties": {
        "@id": "node/6323120380",
        "addr:city": "Chicago",
        "addr:housenumber": "4810",
        "addr:postcode": "60640",
        "addr:state": "IL",
        "addr:street": "North Sheridan Road",
        "name": "Nhu Lan Uptown",
        "phone": "+1-773-944-9288",
        "shop": "bakery",
        "website": "http://nhulanchicago.com/"
      },
      "geometry": {
        "type": "Point",
        "coordinates": [
          [
            [
              -87.65539,
              41.9695593
            ]
          ]
        ]
      }
    },
    {
      "type": "Feature",
      "id": "node/6323209947",
      "properties": {
        "@id": "node/6323209947",
        "addr:city": "Chicago",
        "addr:housenumber": "2919",
        "addr:postcode": "60645",
        "addr:state": "IL",
        "addr:street": "West Touhy Avenue",
        "name": "North Shore Kosher Bakery",
        "phone": "+1-773-262-0600",
        "shop": "bakery",
        "website": "https://northshorekosherbakery.com/"
      },
      "geometry": {
        "type": "Point",
        "coordinates": [
          [
            [
              -87.7029291,
              42.011826
            ]
          ]
        ]
      }
    },
    {
      "type": "Feature",
      "id": "node/6323210819",
      "properties": {
        "@id": "node/6323210819",
        "addr:city": "Chicago",
        "addr:housenumber": "3850",
        "addr:postcode": "60647",
        "addr:state": "IL",
        "addr:street": "West North Avenue",
        "name": "North Pulaski Fresh Market",
        "phone": "+1-773-235-3637",
        "shop": "bakery",
        "website": "http://www.carniceriasjimenez.com/"
      },
      "geometry": {
        "type": "Point",
        "coordinates": [
          [
            [
              -87.7235087,
              41.9102561
            ]
          ]
        ]
      }
    },
    {
      "type": "Feature",
      "id": "node/6323596017",
      "properties": {
        "@id": "node/6323596017",
        "addr:city": "Chicago",
        "addr:housenumber": "4062",
        "addr:postcode": "60623",
        "addr:state": "IL",
        "addr:street": "West 26th Street",
        "name": "Nuevo Leon Bakery",
        "phone": "+1-773-522-1305",
        "shop": "bakery"
      },
      "geometry": {
        "type": "Point",
        "coordinates": [
          [
            [
              -87.7270591,
              41.8444081
            ]
          ]
        ]
      }
    },
    {
      "type": "Feature",
      "id": "node/6323773315",
      "properties": {
        "@id": "node/6323773315",
        "addr:city": "Chicago",
        "addr:housenumber": "5747",
        "addr:postcode": "60638",
        "addr:state": "IL",
        "addr:street": "South Harlem Avenue",
        "name": "Oak Mill Bakery",
        "phone": "+1-773-788-9800",
        "shop": "bakery",
        "website": "https://www.oakmillbakery.com/"
      },
      "geometry": {
        "type": "Point",
        "coordinates": [
          [
            [
              -87.800876,
              41.7870453
            ]
          ]
        ]
      }
    },
    {
      "type": "Feature",
      "id": "node/6323990645",
      "properties": {
        "@id": "node/6323990645",
        "addr:city": "Chicago",
        "addr:housenumber": "2014",
        "addr:postcode": "60647",
        "addr:state": "IL",
        "addr:street": "West Wabansia Avenue",
        "name": "Olivia\u2019s Market",
        "phone": "+1-773-227-4220",
        "shop": "bakery",
        "website": "https://www.oliviasmarket.com/"
      },
      "geometry": {
        "type": "Point",
        "coordinates": [
          [
            [
              -87.6781232,
              41.9125111
            ]
          ]
        ]
      }
    },
    {
      "type": "Feature",
      "id": "node/6324116885",
      "properties": {
        "@id": "node/6324116885",
        "addr:city": "Chicago",
        "addr:housenumber": "2210",
        "addr:postcode": "60612",
        "addr:state": "IL",
        "addr:street": "West Taylor Street",
        "name": "Original Ferrara Bakery",
        "phone": "+1-312-962-8017",
        "shop": "bakery",
        "website": "https://www.ferrarabakery.com/"
      },
      "geometry": {
        "type": "Point",
        "coordinates": [
          [
            [
              -87.6815828,
              41.869239
            ]
          ]
        ]
      }
    },
    {
      "type": "Feature",
      "id": "node/6324263209",
      "properties": {
        "@id": "node/6324263209",
        "addr:city": "Chicago",
        "addr:housenumber": "2426",
        "addr:postcode": "60659",
        "addr:state": "IL",
        "addr:street": "West Devon Avenue",
        "name": "Pak Sweets & Bakery",
        "phone": "+1-773-465-9200",
        "shop": "bakery"
      },
      "geometry": {
        "type": "Point",
        "coordinates": [
          [
            [
              -87.6909037,
              41.9978346
            ]
          ]
        ]
      }
    },
    {
      "type": "Feature",
      "id": "node/6324281275",
      "properties": {
        "@id": "node/6324281275",
        "addr:city": "Chicago",
        "addr:housenumber": "6963",
        "addr:postcode": "60626",
        "addr:state": "IL",
        "addr:street": "North Clark Street",
        "name": "Panaderia Ayutla",
        "phone": "+1-773-764-9077",
        "shop": "bakery"
      },
      "geometry": {
        "type": "Point",
        "coordinates": [
          [
            [
              -87.673666,
              42.0083781
            ]
          ]
        ]
      }
    },
    {
      "type": "Feature",
      "id": "node/6324287830",
      "properties": {
        "@id": "node/6324287830",
        "addr:city": "Chicago",
        "addr:housenumber": "1339",
        "addr:postcode": "60608",
        "addr:state": "IL",
        "addr:street": "West 18th Street",
        "name": "Panaderia Del Refugio",
        "phone": "+1-312-738-0128",
        "shop": "bakery"
      },
      "geometry": {
        "type": "Point",
        "coordinates": [
          [
            [
              -87.6604073,
              41.8577489
            ]
          ]
        ]
      }
    },
    {
      "type": "Feature",
      "id": "node/6324288687",
      "properties": {
        "@id": "node/6324288687",
        "addr:city": "Chicago",
        "addr:housenumber": "3807",
        "addr:postcode": "60623",
        "addr:state": "IL",
        "addr:street": "West 26th Street",
        "name": "Panaderia Coral",
        "phone": "+1-773-762-4132",
        "shop": "bakery",
        "website": "http://panaderiacoral.com/"
      },
      "geometry": {
        "type": "Point",
        "coordinates": [
          [
            [
              -87.7200413,
              41.8441133
            ]
          ]
        ]
      }
    },
    {
      "type": "Feature",
      "id": "node/6324294699",
      "properties": {
        "@id": "node/6324294699",
        "addr:city": "Chicago",
        "addr:housenumber": "1720",
        "addr:postcode": "60608",
        "addr:state": "IL",
        "addr:street": "West 18th Street",
        "name": "Panaderia El Acambaro",
        "phone": "+1-312-666-6316",
        "shop": "bakery",
        "website": "http://www.panaderiaelacambaro.com/"
      },
      "geometry": {
        "type": "Point",
        "coordinates": [
          [
            [
              -87.6695246,
              41.8579278
            ]
          ]
        ]
      }
    },
    {
      "type": "Feature",
      "id": "node/6324298931",
      "properties": {
        "@id": "node/6324298931",
        "addr:city": "Chicago",
        "addr:housenumber": "6875",
        "addr:postcode": "60626",
        "addr:state": "IL",
        "addr:street": "North Clark Street",
        "name": "Panaderia Evita",
        "phone": "+1-773-508-9557",
        "shop": "bakery"
      },
      "geometry": {
        "type": "Point",
        "coordinates": [
          [
            [
              -87.6737316,
              42.0087555
            ]
          ]
        ]
      }
    },
    {
      "type": "Feature",
      "id": "node/6324299866",
      "properties": {
        "@id": "node/6324299866",
        "addr:city": "Chicago",
        "addr:housenumber": "4209",
        "addr:postcode": "60623",
        "addr:state": "IL",
        "addr:street": "West 26th Street",
        "name": "Panaderia Los Gallos",
        "phone": "+1-773-762-0202",
        "shop": "bakery"
      },
      "geometry": {
        "type": "Point",
        "coordinates": [
          [
            [
              -87.7298288,
              41.8440077
            ]
          ]
        ]
      }
    },
    {
      "type": "Feature",
      "id": "node/6324302588",
      "properties": {
        "@id": "node/6324302588",
        "addr:city": "Chicago",
        "addr:housenumber": "8908",
        "addr:postcode": "60617",
        "addr:state": "IL",
        "addr:street": "South Commercial Avenue",
        "name": "Panaderia Marzeya",
        "phone": "+1-773-374-7855",
        "shop": "bakery"
      },
      "geometry": {
        "type": "Point",
        "coordinates": [
          [
            [
              -87.5516983,
              41.7333699
            ]
          ]
        ]
      }
    },
    {
      "type": "Feature",
      "id": "node/6324341791",
      "properties": {
        "@id": "node/6324341791",
        "addr:city": "Chicago",
        "addr:housenumber": "3800",
        "addr:postcode": "60647",
        "addr:state": "IL",
        "addr:street": "West Fullerton Avenue",
        "name": "La Perla Tapatia Bakery",
        "phone": "+1-773-235-5016",
        "shop": "bakery"
      },
      "geometry": {
        "type": "Point",
        "coordinates": [
          [
            [
              -87.7223118,
              41.9247874
            ]
          ]
        ]
      }
    },
    {
      "type": "Feature",
      "id": "node/6324345195",
      "properties": {
        "@id": "node/6324345195",
        "addr:city": "Chicago",
        "addr:housenumber": "5610",
        "addr:postcode": "60638",
        "addr:state": "IL",
        "addr:street": "West 63rd Street",
        "name": "La Petite Pastry",
        "phone": "+1-773-735-7383",
        "shop": "bakery",
        "website": "http://www.lapetitepastry.com/"
      },
      "geometry": {
        "type": "Point",
        "coordinates": [
          [
            [
              -87.7622816,
              41.7782528
            ]
          ]
        ]
      }
    },
    {
      "type": "Feature",
      "id": "node/6324362659",
      "properties": {
        "@id": "node/6324362659",
        "addr:city": "Chicago",
        "addr:housenumber": "3858",
        "addr:postcode": "60632",
        "addr:state": "IL",
        "addr:street": "South California Avenue",
        "name": "La-Concha",
        "phone": "+1-773-376-6690",
        "shop": "bakery"
      },
      "geometry": {
        "type": "Point",
        "coordinates": [
          [
            [
              -87.6947987,
              41.8229299
            ]
          ]
        ]
      }
    },
    {
      "type": "Feature",
      "id": "node/6324364855",
      "properties": {
        "@id": "node/6324364855",
        "addr:city": "Chicago",
        "addr:housenumber": "4356",
        "addr:postcode": "60652",
        "addr:state": "IL",
        "addr:street": "West Ford City Drive",
        "name": "Lady Di\u2019s Bakery",
        "phone": "+1-773-885-4817",
        "shop": "bakery",
        "website": "http://www.ladydisbakery.com/"
      },
      "geometry": {
        "type": "Point",
        "coordinates": [
          [
            [
              -87.7318361,
              41.7537983
            ]
          ]
        ]
      }
    },
    {
      "type": "Feature",
      "id": "node/6324374053",
      "properties": {
        "@id": "node/6324374053",
        "addr:city": "Chicago",
        "addr:housenumber": "11057",
        "addr:postcode": "60643",
        "addr:state": "IL",
        "addr:street": "South Homewood Avenue",
        "name": "Laine\u2019s Bake Shop",
        "phone": "+1-844-352-4637",
        "shop": "bakery",
        "website": "https://www.lainesbakeshop.com/"
      },
      "geometry": {
        "type": "Point",
        "coordinates": [
          [
            [
              -87.6690744,
              41.6923517
            ]
          ]
        ]
      }
    },
    {
      "type": "Feature",
      "id": "node/6324381241",
      "properties": {
        "@id": "node/6324381241",
        "addr:city": "Chicago",
        "addr:housenumber": "4208",
        "addr:postcode": "60630",
        "addr:state": "IL",
        "addr:street": "West Lawrence Avenue",
        "name": "Lalich Delicatessens",
        "phone": "+1-773-545-3642",
        "shop": "bakery"
      },
      "geometry": {
        "type": "Point",
        "coordinates": [
          [
            [
              -87.733474,
              41.9683963
            ]
          ]
        ]
      }
    },
    {
      "type": "Feature",
      "id": "node/6324386440",
      "properties": {
        "@id": "node/6324386440",
        "addr:city": "Chicago",
        "addr:housenumber": "3012",
        "addr:postcode": "60641",
        "addr:state": "IL",
        "addr:street": "North Laramie Avenue",
        "cuisine": "polish",
        "name": "Laramie Bakery & Deli",
        "phone": "+1-773-725-4965",
        "shop": "bakery"
      },
      "geometry": {
        "type": "Point",
        "coordinates": [
          [
            [
              -87.7568011,
              41.9355494
            ]
          ]
        ]
      }
    },
    {
      "type": "Feature",
      "id": "node/6324389177",
      "properties": {
        "@id": "node/6324389177",
        "addr:city": "Chicago",
        "addr:housenumber": "6326",
        "addr:postcode": "60639",
        "addr:state": "IL",
        "addr:street": "West Grand Avenue",
        "name": "Las Delicias",
        "phone": "+1-773-889-6472",
        "shop": "bakery"
      },
      "geometry": {
        "type": "Point",
        "coordinates": [
          [
            [
              -87.78393,
              41.9224184
            ]
          ]
        ]
      }
    },
    {
      "type": "Feature",
      "id": "node/6324512747",
      "properties": {
        "@id": "node/6324512747",
        "addr:city": "Chicago",
        "addr:housenumber": "350",
        "addr:postcode": "60654",
        "addr:state": "IL",
        "addr:street": "North Orleans Street",
        "name": "Three Fox Five",
        "phone": "+1-312-945-1845",
        "shop": "bakery",
        "website": "https://www.3fox5.com/"
      },
      "geometry": {
        "type": "Point",
        "coordinates": [
          [
            [
              -87.6371768,
              41.8887204
            ]
          ]
        ]
      }
    },
    {
      "type": "Feature",
      "id": "node/6326177940",
      "properties": {
        "@id": "node/6326177940",
        "addr:city": "Chicago",
        "addr:housenumber": "1001",
        "addr:postcode": "60642",
        "addr:state": "IL",
        "addr:street": "West North Avenue",
        "name": "NYC Bagel Deli",
        "phone": "+1-312-274-1278",
        "shop": "bakery",
        "website": "http://www.nycbd.com/"
      },
      "geometry": {
        "type": "Point",
        "coordinates": [
          [
            [
              -87.653553,
              41.9105312
            ]
          ]
        ]
      }
    },
    {
      "type": "Feature",
      "id": "node/6326365810",
      "properties": {
        "@id": "node/6326365810",
        "addr:city": "Chicago",
        "addr:housenumber": "2455",
        "addr:postcode": "60608",
        "addr:state": "IL",
        "addr:street": "South Damen Avenue",
        "name": "Meadowbrook Egg & Dairy",
        "phone": "+1-312-738-2228",
        "shop": "bakery",
        "website": "https://www.meadowbrookegg.com/"
      },
      "geometry": {
        "type": "Point",
        "coordinates": [
          [
            [
              -87.6752104,
              41.8470562
            ]
          ]
        ]
      }
    },
    {
      "type": "Feature",
      "id": "node/6326451104",
      "properties": {
        "@id": "node/6326451104",
        "addr:city": "Chicago",
        "addr:housenumber": "4140",
        "addr:postcode": "60641",
        "addr:state": "IL",
        "addr:street": "North Kolmar Avenue",
        "name": "Le Parisien",
        "phone": "+1-773-725-3500",
        "shop": "bakery"
      },
      "geometry": {
        "type": "Point",
        "coordinates": [
          [
            [
              -87.7422223,
              41.9565674
            ]
          ]
        ]
      }
    },
    {
      "type": "Feature",
      "id": "node/6326458147",
      "properties": {
        "@id": "node/6326458147",
        "addr:city": "Chicago",
        "addr:housenumber": "65",
        "addr:postcode": "60611",
        "addr:state": "IL",
        "addr:street": "East Oak Street",
        "name": "Le Royale Icing & Specialty Cakes",
        "phone": "+1-312-285-8670",
        "shop": "bakery",
        "website": "http://chicagoweddingcakes.com/"
      },
      "geometry": {
        "type": "Point",
        "coordinates": [
          [
            [
              -87.6259047,
              41.9005438
            ]
          ]
        ]
      }
    },
    {
      "type": "Feature",
      "id": "node/6326499511",
      "properties": {
        "@id": "node/6326499511",
        "addr:city": "Chicago",
        "addr:housenumber": "3736",
        "addr:postcode": "60647",
        "addr:state": "IL",
        "addr:street": "West Fullerton Avenue",
        "name": "Latin American Bakery",
        "phone": "+1-773-489-7712",
        "shop": "bakery"
      },
      "geometry": {
        "type": "Point",
        "coordinates": [
          [
            [
              -87.7209498,
              41.9247549
            ]
          ]
        ]
      }
    },
    {
      "type": "Feature",
      "id": "node/7114741789",
      "properties": {
        "@id": "node/7114741789",
        "addr:city": "Chicago",
        "addr:housenumber": "179",
        "addr:postcode": "60607",
        "addr:state": "IL",
        "addr:street": "North Morgan Street",
        "check_date": "2024-10-11",
        "name": "Molly's Cupcakes",
        "phone": "+1-312-285-2979",
        "shop": "bakery",
        "website": "https://www.mollyscupcakes.com/chicago/home.aspx"
      },
      "geometry": {
        "type": "Point",
        "coordinates": [
          [
            [
              -87.6519862,
              41.885319
            ]
          ]
        ]
      }
    },
    {
      "type": "Feature",
      "id": "node/7152419152",
      "properties": {
        "@id": "node/7152419152",
        "name": "Lucks Food",
        "shop": "bakery"
      },
      "geometry": {
        "type": "Point",
        "coordinates": [
          [
            [
              -87.6581734,
              41.9731614
            ]
          ]
        ]
      }
    },
    {
      "type": "Feature",
      "id": "node/8822745252",
      "properties": {
        "@id": "node/8822745252",
        "addr:city": "Chicago",
        "addr:housenumber": "3904",
        "addr:postcode": "60613",
        "addr:state": "IL",
        "addr:street": "North Sheridan Road",
        "check_date": "2023-10-02",
        "name": "Artemio's Bakery",
        "opening_hours": "06:00-20:00",
        "phone": "+1 773-525-0445",
        "shop": "bakery"
      },
      "geometry": {
        "type": "Point",
        "coordinates": [
          [
            [
              -87.6546736,
              41.9529506
            ]
          ]
        ]
      }
    },
    {
      "type": "Feature",
      "id": "node/8947048717",
      "properties": {
        "@id": "node/8947048717",
        "name": "Beard Papas",
        "shop": "bakery"
      },
      "geometry": {
        "type": "Point",
        "coordinates": [
          [
            [
              -87.6512278,
              41.9398548
            ]
          ]
        ]
      }
    },
    {
      "type": "Feature",
      "id": "node/9272791437",
      "properties": {
        "@id": "node/9272791437",
        "addr:city": "Chicago",
        "addr:housenumber": "1938",
        "addr:postcode": "60640",
        "addr:state": "IL",
        "addr:street": "West Lawrence Avenue",
        "name": "R&A Bread Bakers",
        "shop": "bakery",
        "website": "https://randabreadbakers.com/"
      },
      "geometry": {
        "type": "Point",
        "coordinates": [
          [
            [
              -87.6778916,
              41.9689234
            ]
          ]
        ]
      }
    },
    {
      "type": "Feature",
      "id": "node/9354608513",
      "properties": {
        "@id": "node/9354608513",
        "addr:city": "Chicago",
        "addr:housenumber": "4301",
        "addr:postcode": "60625",
        "addr:state": "IL",
        "addr:street": "North Lincoln Avenue",
        "name": "Au Levain",
        "shop": "bakery",
        "website": "https://www.aulevainchicago.com/"
      },
      "geometry": {
        "type": "Point",
        "coordinates": [
          [
            [
              -87.682395,
              41.9597558
            ]
          ]
        ]
      }
    },
    {
      "type": "Feature",
      "id": "node/9402002258",
      "properties": {
        "@id": "node/9402002258",
        "name": "Mona's Sweet Spot",
        "shop": "bakery"
      },
      "geometry": {
        "type": "Point",
        "coordinates": [
          [
            [
              -87.7643981,
              41.9974937
            ]
          ]
        ]
      }
    },
    {
      "type": "Feature",
      "id": "node/9925194017",
      "properties": {
        "@id": "node/9925194017",
        "name": "Sweet Mandy B\u2019s",
        "shop": "bakery"
      },
      "geometry": {
        "type": "Point",
        "coordinates": [
          [
            [
              -87.6207448,
              41.8935237
            ]
          ]
        ]
      }
    },
    {
      "type": "Feature",
      "id": "node/10583112891",
      "properties": {
        "@id": "node/10583112891",
        "addr:city": "Chicago",
        "addr:housenumber": "2228",
        "addr:postcode": "60616",
        "addr:state": "IL",
        "addr:street": "South Wentworth Avenue",
        "name": "Fei Da Bakery",
        "shop": "bakery"
      },
      "geometry": {
        "type": "Point",
        "coordinates": [
          [
            [
              -87.6321563,
              41.8519948
            ]
          ]
        ]
      }
    },
    {
      "type": "Feature",
      "id": "node/10820648608",
      "properties": {
        "@id": "node/10820648608",
        "addr:city": "Chicago",
        "addr:housenumber": "1500",
        "addr:postcode": "60619",
        "addr:state": "IL",
        "addr:street": "East 87th Street",
        "name": "Justice of the Pies",
        "opening_hours": "Fr-Su 09:00-17:00",
        "payment:cash": "yes",
        "payment:contactless": "yes",
        "payment:credit_cards": "yes",
        "payment:debit_cards": "yes",
        "shop": "bakery",
        "website": "https://www.justiceofthepies.com"
      },
      "geometry": {
        "type": "Point",
        "coordinates": [
          [
            [
              -87.587669,
              41.737043
            ]
          ]
        ]
      }
    },
    {
      "type": "Feature",
      "id": "node/10912526895",
      "properties": {
        "@id": "node/10912526895",
        "addr:housenumber": "409",
        "addr:street": "West North Avenue",
        "diet:vegan": "yes",
        "name": "Sweet Vegan Bakery",
        "opening_hours": "Tu-Sa 12:00-19:00",
        "phone": "312-874-7800",
        "shop": "bakery",
        "website": "https://www.sweetveganbakes.com/"
      },
      "geometry": {
        "type": "Point",
        "coordinates": [
          [
            [
              -87.6390294,
              41.9109309
            ]
          ]
        ]
      }
    },
    {
      "type": "Feature",
      "id": "node/10981159805",
      "properties": {
        "@id": "node/10981159805",
        "addr:city": "Chicago",
        "addr:housenumber": "1759",
        "addr:postcode": "60622",
        "addr:state": "IL",
        "addr:street": "West Grand Avenue",
        "name": "Publican Quality Bakery",
        "opening_hours": "Mo-Su 07:00-15:00",
        "payment:cash": "yes",
        "payment:credit_cards": "yes",
        "payment:debit_cards": "yes",
        "phone": "+1-312-605-1618",
        "shop": "bakery",
        "website": "https://www.publicanqualitybread.com/"
      },
      "geometry": {
        "type": "Point",
        "coordinates": [
          [
            [
              -87.6718392,
              41.8907653
            ]
          ]
        ]
      }
    },
    {
      "type": "Feature",
      "id": "node/11227975990",
      "properties": {
        "@id": "node/11227975990",
        "addr:city": "Chicago",
        "addr:housenumber": "3508",
        "addr:postcode": "60657",
        "addr:state": "IL",
        "addr:street": "North Broadway",
        "check_date": "2023-09-29",
        "name": "Wake-N-Bakery",
        "opening_hours": "Mo-Tu, We-Su 08:00-20:00; Fr-Sa 08:00-22:00",
        "phone": "+1 773-857-1059",
        "shop": "bakery",
        "website": "https://wakenbakery.net"
      },
      "geometry": {
        "type": "Point",
        "coordinates": [
          [
            [
              -87.6463977,
              41.9456745
            ]
          ]
        ]
      }
    },
    {
      "type": "Feature",
      "id": "node/11234498421",
      "properties": {
        "@id": "node/11234498421",
        "addr:city": "Chicago",
        "addr:housenumber": "4151",
        "addr:postcode": "60613",
        "addr:state": "IL",
        "addr:street": "North Broadway",
        "check_date": "2023-10-02",
        "name": "Le Barkery",
        "opening_hours": "Mo,We-Su 10:00-19:00; Tu off",
        "shop": "bakery",
        "wheelchair": "yes"
      },
      "geometry": {
        "type": "Point",
        "coordinates": [
          [
            [
              -87.6527263,
              41.9582491
            ]
          ]
        ]
      }
    },
    {
      "type": "Feature",
      "id": "node/11272453389",
      "properties": {
        "@id": "node/11272453389",
        "addr:city": "Chicago",
        "addr:housenumber": "840",
        "addr:postcode": "60607",
        "addr:state": "IL",
        "addr:street": "West Randolph Street",
        "check_date": "2024-10-23",
        "name": "Levain Bakery - West Loop, Chicago",
        "operator": "Levain Bakery",
        "phone": "+1-312-300-0654",
        "shop": "bakery",
        "website": "https://levainbakery.com/"
      },
      "geometry": {
        "type": "Point",
        "coordinates": [
          [
            [
              -87.6490684,
              41.8846293
            ]
          ]
        ]
      }
    },
    {
      "type": "Feature",
      "id": "node/11289306426",
      "properties": {
        "@id": "node/11289306426",
        "addr:city": "Chicago",
        "addr:housenumber": "2757",
        "addr:postcode": "60647",
        "addr:state": "IL",
        "addr:street": "North Milwaukee Avenue",
        "check_date": "2023-10-25",
        "name": "Wake N Bakery",
        "shop": "bakery"
      },
      "geometry": {
        "type": "Point",
        "coordinates": [
          [
            [
              -87.710952,
              41.9313954
            ]
          ]
        ]
      }
    },
    {
      "type": "Feature",
      "id": "node/11300504659",
      "properties": {
        "@id": "node/11300504659",
        "addr:city": "Chicago",
        "addr:housenumber": "1737",
        "addr:postcode": "60617",
        "addr:state": "IL",
        "addr:street": "East 95th Street",
        "amenity": "restaurant",
        "cuisine": "soul_food",
        "name": "BJ's Market & Bakery",
        "not:brand:wikidata": "Q4835755",
        "shop": "bakery",
        "website": "https://bjsmarket.com/"
      },
      "geometry": {
        "type": "Point",
        "coordinates": [
          [
            [
              -87.5812959,
              41.7214335
            ]
          ]
        ]
      }
    },
    {
      "type": "Feature",
      "id": "node/11887094969",
      "properties": {
        "@id": "node/11887094969",
        "shop": "bakery"
      },
      "geometry": {
        "type": "Point",
        "coordinates": [
          [
            [
              -87.6685291,
              41.9759345
            ]
          ]
        ]
      }
    },
    {
      "type": "Feature",
      "id": "node/12027016693",
      "properties": {
        "@id": "node/12027016693",
        "addr:city": "Chicago",
        "addr:housenumber": "711",
        "addr:postcode": "60661",
        "addr:state": "IL",
        "addr:street": "West Jackson Boulevard",
        "branch": "H Mart Chicago",
        "brand": "Paris Baguette",
        "brand:wikidata": "Q62605260",
        "check_date": "2024-09-09",
        "name": "Paris Baguette",
        "opening_hours": "Mo-Su 09:00-20:00",
        "payment:credit_cards": "yes",
        "phone": "+1-312-966-4666",
        "shop": "bakery",
        "wheelchair": "yes"
      },
      "geometry": {
        "type": "Point",
        "coordinates": [
          [
            [
              -87.6447323,
              41.8778239
            ]
          ]
        ]
      }
    },
    {
      "type": "Feature",
      "id": "node/12099314356",
      "properties": {
        "@id": "node/12099314356",
        "addr:city": "Chicago",
        "addr:housenumber": "2239",
        "addr:postcode": "60616",
        "addr:state": "IL",
        "addr:street": "South Wentworth Avenue",
        "brand": "Paris Baguette",
        "brand:wikidata": "Q62605260",
        "name": "Paris Baguette",
        "shop": "bakery",
        "website": "https://www.parisbaguette.com/"
      },
      "geometry": {
        "type": "Point",
        "coordinates": [
          [
            [
              -87.6318475,
              41.8517761
            ]
          ]
        ]
      }
    },
    {
      "type": "Feature",
      "id": "node/12166004320",
      "properties": {
        "@id": "node/12166004320",
        "amenity": "fast_food",
        "brand": "Paris Baguette",
        "brand:wikidata": "Q62605260",
        "name": "Paris Baguette",
        "shop": "bakery"
      },
      "geometry": {
        "type": "Point",
        "coordinates": [
          [
            [
              -87.6244297,
              41.8691887
            ]
          ]
        ]
      }
    },
    {
      "type": "Feature",
      "id": "node/12171116268",
      "properties": {
        "@id": "node/12171116268",
        "addr:city": "Chicago",
        "addr:housenumber": "6209",
        "addr:postcode": "60639",
        "addr:state": "IL",
        "addr:street": "West Diversey Avenue",
        "name": "Panaderia \"La Luna No. 2\"",
        "shop": "bakery"
      },
      "geometry": {
        "type": "Point",
        "coordinates": [
          [
            [
              -87.7812902,
              41.9309413
            ]
          ]
        ]
      }
    },
    {
      "type": "Feature",
      "id": "node/12187329123",
      "properties": {
        "@id": "node/12187329123",
        "addr:housenumber": "1337",
        "addr:street": "West Taylor Street",
        "check_date": "2024-09-19",
        "name": "Scafuri Bakery & Cafe",
        "shop": "bakery"
      },
      "geometry": {
        "type": "Point",
        "coordinates": [
          [
            [
              -87.6606535,
              41.8691735
            ]
          ]
        ]
      }
    },
    {
      "type": "Feature",
      "id": "node/12201894023",
      "properties": {
        "@id": "node/12201894023",
        "addr:city": "Chicago",
        "addr:housenumber": "2907",
        "addr:postcode": "60608",
        "addr:state": "IL",
        "addr:street": "South Archer Avenue",
        "addr:street:name": "Archer",
        "addr:street:prefix": "South",
        "addr:street:type": "Avenue",
        "chicago:building_id": "401228",
        "name": "Fat Peach Bakery",
        "opening_hours": "Fr-Su 09:00-14:00",
        "shop": "bakery",
        "website": "https://www.instagram.com/fatpeachbakery/"
      },
      "geometry": {
        "type": "Point",
        "coordinates": [
          [
            [
              -87.6578265,
              41.8414892
            ]
          ]
        ]
      }
    },
    {
      "type": "Feature",
      "id": "node/12277367086",
      "properties": {
        "@id": "node/12277367086",
        "addr:housenumber": "1726",
        "addr:street": "West Division Street",
        "brand": "Tous les Jours",
        "brand:wikidata": "Q3535609",
        "name": "Tous les Jours",
        "shop": "bakery"
      },
      "geometry": {
        "type": "Point",
        "coordinates": [
          [
            [
              -87.6710967,
              41.903475
            ]
          ]
        ]
      }
    },
    {
      "type": "Feature",
      "id": "node/12330237156",
      "properties": {
        "@id": "node/12330237156",
        "addr:housenumber": "1363",
        "addr:street": "West Ohio Street",
        "name": "Brownie Points Bakery",
        "shop": "bakery"
      },
      "geometry": {
        "type": "Point",
        "coordinates": [
          [
            [
              -87.6619525,
              41.8923698
            ]
          ]
        ]
      }
    },
    {
      "type": "Feature",
      "id": "node/12344804801",
      "properties": {
        "@id": "node/12344804801",
        "name": "Goddess and the Baker",
        "shop": "bakery"
      },
      "geometry": {
        "type": "Point",
        "coordinates": [
          [
            [
              -87.6336428,
              41.8953611
            ]
          ]
        ]
      }
    },
    {
      "type": "Feature",
      "id": "way/151319602",
      "properties": {
        "@id": "way/151319602",
        "addr:city": "Chicago",
        "addr:housenumber": "6701",
        "addr:postcode": "60634",
        "addr:state": "IL",
        "addr:street": "West Forest Preserve Avenue",
        "addr:street:name": "Forest Preserve",
        "addr:street:prefix": "West",
        "addr:street:type": "Avenue",
        "building": "industrial",
        "building:levels": "1",
        "chicago:building_id": "137785",
        "name": "Eli's Cheesecake Factory",
        "shop": "bakery",
        "website": "https://elicheesecake.com/",
        "wikidata": "Q5360144",
        "wikipedia": "en:Eli's Cheesecake"
      },
      "geometry": {
        "type": "Polygon",
        "coordinates": [
          [
            [
              -87.7944795,
              41.9593201
            ],
            [
              -87.7938742,
              41.9586218
            ],
            [
              -87.7938177,
              41.9585515
            ],
            [
              -87.793767,
              41.9585751
            ],
            [
              -87.7936669,
              41.9585538
            ],
            [
              -87.7936774,
              41.9585038
            ],
            [
              -87.7944127,
              41.9581505
            ],
            [
              -87.794567,
              41.9581498
            ],
            [
              -87.7946624,
              41.9582514
            ],
            [
              -87.7947327,
              41.9582241
            ],
            [
              -87.7953312,
              41.9589205
            ],
            [
              -87.7950201,
              41.9590623
            ],
            [
              -87.7950679,
              41.9591176
            ],
            [
              -87.7950662,
              41.9591252
            ],
            [
              -87.7950082,
              41.9591529
            ],
            [
              -87.7949954,
              41.9591511
            ],
            [
              -87.7949484,
              41.9590965
            ],
            [
              -87.7947009,
              41.9592145
            ],
            [
              -87.7947471,
              41.9592681
            ],
            [
              -87.7947449,
              41.9592779
            ],
            [
              -87.7946643,
              41.9593163
            ],
            [
              -87.7946477,
              41.9593137
            ],
            [
              -87.7946026,
              41.9592614
            ],
            [
              -87.7944795,
              41.9593201
            ]
          ]
        ]
      }
    },
    {
      "type": "Feature",
      "id": "way/162849337",
      "properties": {
        "@id": "way/162849337",
        "addr:city": "Chicago",
        "addr:housenumber": "5523",
        "addr:postcode": "60638",
        "addr:state": "IL",
        "addr:street": "South Narragansett Avenue",
        "addr:street:name": "Narragansett",
        "addr:street:prefix": "South",
        "addr:street:type": "Avenue",
        "building": "retail",
        "building:levels": "2",
        "chicago:building_id": "494362",
        "name": "Pticek\u2019s & Son Bakery",
        "phone": "+1-773-585-5500",
        "shop": "bakery",
        "website": "http://dr3.pticeksbakery.com/"
      },
      "geometry": {
        "type": "Polygon",
        "coordinates": [
          [
            [
              -87.7816559,
              41.7915417
            ],
            [
              -87.781659,
              41.791609
            ],
            [
              -87.7812977,
              41.7916168
            ],
            [
              -87.7812992,
              41.7916539
            ],
            [
              -87.7812314,
              41.7916549
            ],
            [
              -87.7812298,
              41.791622
            ],
            [
              -87.7811986,
              41.7916232
            ],
            [
              -87.7811956,
              41.7915518
            ],
            [
              -87.7816559,
              41.7915417
            ]
          ]
        ]
      }
    },
    {
      "type": "Feature",
      "id": "way/163251515",
      "properties": {
        "@id": "way/163251515",
        "addr:city": "Chicago",
        "addr:housenumber": "7055",
        "addr:postcode": "60638",
        "addr:state": "IL",
        "addr:street": "West Archer Avenue",
        "addr:street:name": "Archer",
        "addr:street:prefix": "West",
        "addr:street:type": "Avenue",
        "building": "retail",
        "chicago:building_id": "493837",
        "name": "Weber's Bakery",
        "opening_hours": "Tu-Sa 04:30-18:00; Su 05:30-15:00",
        "phone": "+1-773-586-1234",
        "shop": "bakery",
        "website": "https://www.webersbakery.com/"
      },
      "geometry": {
        "type": "Polygon",
        "coordinates": [
          [
            [
              -87.7988101,
              41.7915597
            ],
            [
              -87.7988116,
              41.7916009
            ],
            [
              -87.7987382,
              41.791617
            ],
            [
              -87.7987505,
              41.7918915
            ],
            [
              -87.798613,
              41.7918949
            ],
            [
              -87.7986099,
              41.7918236
            ],
            [
              -87.7986154,
              41.7918236
            ],
            [
              -87.7986155,
              41.7918099
            ],
            [
              -87.7985165,
              41.7918122
            ],
            [
              -87.7985134,
              41.7917408
            ],
            [
              -87.7986106,
              41.7917385
            ],
            [
              -87.7986089,
              41.7917289
            ],
            [
              -87.79853,
              41.7917299
            ],
            [
              -87.7985268,
              41.791675
            ],
            [
              -87.798613,
              41.7916727
            ],
            [
              -87.7986084,
              41.7915642
            ],
            [
              -87.7988101,
              41.7915597
            ]
          ]
        ]
      }
    },
    {
      "type": "Feature",
      "id": "way/163264030",
      "properties": {
        "@id": "way/163264030",
        "addr:city": "Chicago",
        "addr:housenumber": "7177",
        "addr:postcode": "60707",
        "addr:state": "IL",
        "addr:street": "West Grand Avenue",
        "addr:street:name": "Grand",
        "addr:street:prefix": "West",
        "addr:street:type": "Avenue",
        "building": "commercial",
        "chicago:building_id": "850619",
        "name": "Reuter\u2019s Bakery",
        "phone": "+1-773-889-1414",
        "shop": "bakery",
        "website": "https://www.reutersbakery.com/"
      },
      "geometry": {
        "type": "Polygon",
        "coordinates": [
          [
            [
              -87.8057065,
              41.9235078
            ],
            [
              -87.8056811,
              41.9235937
            ],
            [
              -87.8056304,
              41.9237656
            ],
            [
              -87.8054612,
              41.9237391
            ],
            [
              -87.8055134,
              41.9235518
            ],
            [
              -87.8055863,
              41.9233102
            ],
            [
              -87.8056786,
              41.9233253
            ],
            [
              -87.8056284,
              41.923495
            ],
            [
              -87.8057065,
              41.9235078
            ]
          ]
        ]
      }
    },
    {
      "type": "Feature",
      "id": "way/163294136",
      "properties": {
        "@id": "way/163294136",
        "addr:city": "Chicago",
        "addr:housenumber": "3418",
        "addr:postcode": "60634",
        "addr:state": "IL",
        "addr:street": "North Harlem Avenue",
        "addr:street:name": "Harlem",
        "addr:street:prefix": "North",
        "addr:street:type": "Avenue",
        "building": "retail",
        "building:levels": "2",
        "chicago:building_id": "843413",
        "name": "Pasta Fresh",
        "phone": "+1-773-745-5888",
        "shop": "bakery",
        "website": "https://www.pastafreshco.com/"
      },
      "geometry": {
        "type": "Polygon",
        "coordinates": [
          [
            [
              -87.80749,
              41.9423186
            ],
            [
              -87.8071444,
              41.9423266
            ],
            [
              -87.8071386,
              41.9421468
            ],
            [
              -87.8071698,
              41.9421456
            ],
            [
              -87.8071698,
              41.9421445
            ],
            [
              -87.8074319,
              41.9421408
            ],
            [
              -87.8074326,
              41.9421537
            ],
            [
              -87.8074822,
              41.9421525
            ],
            [
              -87.80749,
              41.9423186
            ]
          ]
        ]
      }
    },
    {
      "type": "Feature",
      "id": "way/163707145",
      "properties": {
        "@id": "way/163707145",
        "addr:city": "Chicago",
        "addr:housenumber": "3945",
        "addr:postcode": "60623",
        "addr:state": "IL",
        "addr:street": "West 31st Street",
        "addr:street:name": "31st",
        "addr:street:prefix": "West",
        "addr:street:type": "Street",
        "building": "yes",
        "building:levels": "1",
        "name": "Le Paris Bakery",
        "phone": "+1-773-523-5247",
        "shop": "bakery"
      },
      "geometry": {
        "type": "Polygon",
        "coordinates": [
          [
            [
              -87.723514,
              41.8365983
            ],
            [
              -87.7237021,
              41.8365966
            ],
            [
              -87.7237075,
              41.8368011
            ],
            [
              -87.7235143,
              41.8368036
            ],
            [
              -87.723514,
              41.8365983
            ]
          ]
        ]
      }
    },
    {
      "type": "Feature",
      "id": "way/163886412",
      "properties": {
        "@id": "way/163886412",
        "addr:city": "Chicago",
        "addr:housenumber": "3575",
        "addr:postcode": "60647",
        "addr:state": "IL",
        "addr:street": "West Armitage Avenue",
        "addr:street:name": "Armitage",
        "addr:street:prefix": "West",
        "addr:street:type": "Avenue",
        "building": "yes",
        "building:levels": "1",
        "name": "Panaderia La Canasta",
        "shop": "bakery"
      },
      "geometry": {
        "type": "Polygon",
        "coordinates": [
          [
            [
              -87.7164719,
              41.917197
            ],
            [
              -87.716379,
              41.9171987
            ],
            [
              -87.7163657,
              41.9168624
            ],
            [
              -87.7164538,
              41.9168615
            ],
            [
              -87.7164643,
              41.9171168
            ],
            [
              -87.7164719,
              41.917197
            ]
          ]
        ]
      }
    },
    {
      "type": "Feature",
      "id": "way/163887064",
      "properties": {
        "@id": "way/163887064",
        "addr:housenumber": "3755",
        "addr:street": "West Armitage Avenue",
        "addr:street:name": "Armitage",
        "addr:street:prefix": "West",
        "addr:street:type": "Avenue",
        "building": "yes",
        "name": "Xocoatl",
        "shop": "bakery"
      },
      "geometry": {
        "type": "Polygon",
        "coordinates": [
          [
            [
              -87.7214143,
              41.9171356
            ],
            [
              -87.7213313,
              41.917136
            ],
            [
              -87.721329,
              41.9169173
            ],
            [
              -87.7214098,
              41.9169177
            ],
            [
              -87.7214143,
              41.9171356
            ]
          ]
        ]
      }
    },
    {
      "type": "Feature",
      "id": "way/163887160",
      "properties": {
        "@id": "way/163887160",
        "addr:city": "Chicago",
        "addr:housenumber": "3911",
        "addr:postcode": "60647",
        "addr:state": "IL",
        "addr:street": "West North Avenue",
        "addr:street:name": "North",
        "addr:street:prefix": "West",
        "addr:street:type": "Avenue",
        "building": "yes",
        "building:levels": "2",
        "name": "Central Bakery",
        "phone": "+1-773-276-6667",
        "shop": "bakery"
      },
      "geometry": {
        "type": "Polygon",
        "coordinates": [
          [
            [
              -87.7246371,
              41.9094327
            ],
            [
              -87.7246431,
              41.9097648
            ],
            [
              -87.7245659,
              41.9097657
            ],
            [
              -87.7245649,
              41.9096848
            ],
            [
              -87.7245741,
              41.9096848
            ],
            [
              -87.7245726,
              41.9096423
            ],
            [
              -87.7245616,
              41.9096422
            ],
            [
              -87.7245581,
              41.9094336
            ],
            [
              -87.7246371,
              41.9094327
            ]
          ]
        ]
      }
    },
    {
      "type": "Feature",
      "id": "way/164019133",
      "properties": {
        "@id": "way/164019133",
        "addr:city": "Chicago",
        "addr:housenumber": "3352",
        "addr:postcode": "60659",
        "addr:state": "IL",
        "addr:street": "West Bryn Mawr Avenue",
        "addr:street:name": "Bryn Mawr",
        "addr:street:prefix": "West",
        "addr:street:type": "Avenue",
        "building": "yes",
        "building:levels": "1",
        "name": "BBC Bakery",
        "phone": "+1-872-208-7079",
        "shop": "bakery",
        "website": "http://www.brynmawrbreakfastclub.net/bakery/"
      },
      "geometry": {
        "type": "Polygon",
        "coordinates": [
          [
            [
              -87.7134168,
              41.9831043
            ],
            [
              -87.7134206,
              41.9832813
            ],
            [
              -87.7132458,
              41.9832831
            ],
            [
              -87.713242,
              41.9831061
            ],
            [
              -87.7134168,
              41.9831043
            ]
          ]
        ]
      }
    },
    {
      "type": "Feature",
      "id": "way/165092896",
      "properties": {
        "@id": "way/165092896",
        "addr:city": "Chicago",
        "addr:housenumber": "8324",
        "addr:postcode": "60652",
        "addr:state": "IL",
        "addr:street": "South Kedzie Avenue",
        "addr:street:name": "Kedzie",
        "addr:street:prefix": "South",
        "addr:street:type": "Avenue",
        "building": "retail",
        "building:levels": "1",
        "name": "D&D\u2019s Place",
        "phone": "+1-773-778-7007",
        "shop": "bakery",
        "website": "https://dndsdonuts.business.site/"
      },
      "geometry": {
        "type": "Polygon",
        "coordinates": [
          [
            [
              -87.7024453,
              41.7416693
            ],
            [
              -87.7024483,
              41.7417339
            ],
            [
              -87.7023109,
              41.7417372
            ],
            [
              -87.7023092,
              41.7417235
            ],
            [
              -87.7023037,
              41.7417193
            ],
            [
              -87.7022983,
              41.7417152
            ],
            [
              -87.7022965,
              41.7417097
            ],
            [
              -87.7022947,
              41.7417028
            ],
            [
              -87.7022948,
              41.7416973
            ],
            [
              -87.7022985,
              41.7416919
            ],
            [
              -87.7023022,
              41.7416864
            ],
            [
              -87.7023096,
              41.7416823
            ],
            [
              -87.7023078,
              41.7416727
            ],
            [
              -87.7024453,
              41.7416693
            ]
          ]
        ]
      }
    },
    {
      "type": "Feature",
      "id": "way/165155789",
      "properties": {
        "@id": "way/165155789",
        "addr:city": "Chicago",
        "addr:housenumber": "4450",
        "addr:postcode": "60632",
        "addr:state": "IL",
        "addr:street": "South Kedzie Avenue",
        "addr:street:name": "Kedzie",
        "addr:street:prefix": "South",
        "addr:street:type": "Avenue",
        "building": "yes",
        "building:levels": "1",
        "name": "Le Paris Bakery",
        "phone": "+1-773-823-9443",
        "shop": "bakery"
      },
      "geometry": {
        "type": "Polygon",
        "coordinates": [
          [
            [
              -87.7045051,
              41.8119881
            ],
            [
              -87.7045061,
              41.8120732
            ],
            [
              -87.7045244,
              41.8120733
            ],
            [
              -87.7045229,
              41.8120349
            ],
            [
              -87.7046092,
              41.812034
            ],
            [
              -87.7046088,
              41.812071
            ],
            [
              -87.7047042,
              41.8120702
            ],
            [
              -87.7047055,
              41.8121182
            ],
            [
              -87.7042488,
              41.8121212
            ],
            [
              -87.7042464,
              41.8119895
            ],
            [
              -87.7045051,
              41.8119881
            ]
          ]
        ]
      }
    },
    {
      "type": "Feature",
      "id": "way/209457536",
      "properties": {
        "@id": "way/209457536",
        "addr:city": "Chicago",
        "addr:housenumber": "3207",
        "addr:postcode": "60618",
        "addr:state": "IL",
        "addr:street": "North Elston Avenue",
        "addr:street:name": "Elston",
        "addr:street:prefix": "North",
        "addr:street:type": "Avenue",
        "building": "retail",
        "chicago:building_id": "885464",
        "name": "Bulldog Bakery",
        "phone": "+1-773-539-9781",
        "shop": "bakery"
      },
      "geometry": {
        "type": "Polygon",
        "coordinates": [
          [
            [
              -87.6984128,
              41.939582
            ],
            [
              -87.6984759,
              41.9396242
            ],
            [
              -87.6983223,
              41.9397515
            ],
            [
              -87.6982592,
              41.9397094
            ],
            [
              -87.6984128,
              41.939582
            ]
          ]
        ]
      }
    },
    {
      "type": "Feature",
      "id": "way/209476393",
      "properties": {
        "@id": "way/209476393",
        "addr:housenumber": "2942",
        "addr:street": "West Montrose Avenue",
        "addr:street:name": "Montrose",
        "addr:street:prefix": "West",
        "addr:street:type": "Avenue",
        "building": "yes",
        "building:levels": "3",
        "chicago:building_id": "127718",
        "shop": "bakery"
      },
      "geometry": {
        "type": "Polygon",
        "coordinates": [
          [
            [
              -87.7026515,
              41.9613154
            ],
            [
              -87.7026628,
              41.9615737
            ],
            [
              -87.7025751,
              41.9615759
            ],
            [
              -87.7025704,
              41.961468
            ],
            [
              -87.7025993,
              41.9614673
            ],
            [
              -87.7025927,
              41.9613169
            ],
            [
              -87.7026515,
              41.9613154
            ]
          ]
        ]
      }
    },
    {
      "type": "Feature",
      "id": "way/209570576",
      "properties": {
        "@id": "way/209570576",
        "addr:city": "Chicago",
        "addr:housenumber": "2856",
        "addr:postcode": "60659",
        "addr:state": "IL",
        "addr:street": "West Devon Avenue",
        "addr:street:name": "Devon",
        "addr:street:prefix": "West",
        "addr:street:type": "Avenue",
        "building": "retail",
        "building:levels": "1",
        "chicago:building_id": "841709",
        "name": "Levinson\u2019s Bakery",
        "phone": "+1-773-761-3174",
        "shop": "bakery",
        "website": "https://levinsonsbakery.com/"
      },
      "geometry": {
        "type": "Polygon",
        "coordinates": [
          [
            [
              -87.7018643,
              41.9978843
            ],
            [
              -87.7017969,
              41.997885
            ],
            [
              -87.701796,
              41.9978352
            ],
            [
              -87.7015853,
              41.9978373
            ],
            [
              -87.7015813,
              41.9976185
            ],
            [
              -87.7018595,
              41.9976157
            ],
            [
              -87.7018643,
              41.9978843
            ]
          ]
        ]
      }
    },
    {
      "type": "Feature",
      "id": "way/209572350",
      "properties": {
        "@id": "way/209572350",
        "addr:city": "Chicago",
        "addr:housenumber": "6352",
        "addr:postcode": "60659",
        "addr:state": "IL",
        "addr:street": "North Oakley Avenue",
        "addr:street:name": "Oakley",
        "addr:street:prefix": "North",
        "addr:street:type": "Avenue",
        "building": "commercial",
        "building:levels": "3",
        "chicago:building_id": "25762",
        "name": "Best Naan",
        "phone": "+1-630-362-0258",
        "shop": "bakery"
      },
      "geometry": {
        "type": "Polygon",
        "coordinates": [
          [
            [
              -87.6877347,
              41.9973354
            ],
            [
              -87.6877465,
              41.9976277
            ],
            [
              -87.6877704,
              41.9976279
            ],
            [
              -87.6877718,
              41.9976759
            ],
            [
              -87.6875675,
              41.9976802
            ],
            [
              -87.6875544,
              41.9973399
            ],
            [
              -87.6877347,
              41.9973354
            ]
          ]
        ]
      }
    },
    {
      "type": "Feature",
      "id": "way/209701623",
      "properties": {
        "@id": "way/209701623",
        "addr:city": "Chicago",
        "addr:housenumber": "4718",
        "addr:postcode": "60609",
        "addr:state": "IL",
        "addr:street": "South Winchester Avenue",
        "addr:street:name": "Winchester",
        "addr:street:prefix": "South",
        "addr:street:type": "Avenue",
        "building": "yes",
        "building:levels": "3",
        "chicago:building_id": "447642",
        "name": "Benitez Bakery",
        "phone": "+1-773-398-3346",
        "shop": "bakery"
      },
      "geometry": {
        "type": "Polygon",
        "coordinates": [
          [
            [
              -87.6737988,
              41.8078532
            ],
            [
              -87.6738,
              41.8079122
            ],
            [
              -87.6736203,
              41.8079126
            ],
            [
              -87.6736191,
              41.8078535
            ],
            [
              -87.6737988,
              41.8078532
            ]
          ]
        ]
      }
    },
    {
      "type": "Feature",
      "id": "way/209784688",
      "properties": {
        "@id": "way/209784688",
        "addr:city": "Chicago",
        "addr:housenumber": "2019",
        "addr:postcode": "60608",
        "addr:state": "IL",
        "addr:street": "South Laflin Street",
        "addr:street:name": "Laflin",
        "addr:street:prefix": "South",
        "addr:street:type": "Street",
        "building": "yes",
        "chicago:building_id": "383052",
        "name": "Bittersweet Pastry Shop",
        "opening_hours": "Mo-Su 08:00-18:00",
        "payment:cash": "yes",
        "payment:credit_cards": "yes",
        "payment:debit_cards": "yes",
        "phone": "+1-773-929-1100",
        "shop": "bakery",
        "website": "https://bittersweetpastry.com/"
      },
      "geometry": {
        "type": "Polygon",
        "coordinates": [
          [
            [
              -87.6635419,
              41.8544396
            ],
            [
              -87.663546,
              41.8545699
            ],
            [
              -87.6631109,
              41.8545784
            ],
            [
              -87.6631031,
              41.8544439
            ],
            [
              -87.6635419,
              41.8544396
            ]
          ]
        ]
      }
    },
    {
      "type": "Feature",
      "id": "way/209810267",
      "properties": {
        "@id": "way/209810267",
        "addr:city": "Chicago",
        "addr:housenumber": "1634",
        "addr:postcode": "60608",
        "addr:state": "IL",
        "addr:street": "West 18th Street",
        "addr:street:name": "18th",
        "addr:street:prefix": "West",
        "addr:street:type": "Street",
        "building": "retail",
        "building:levels": "2",
        "chicago:building_id": "377839",
        "name": "Panader\u00eda Nuevo Leon",
        "phone": "+1-312-243-5977",
        "shop": "bakery",
        "website": "http://www.panaderianuevoleonpilsen.com/"
      },
      "geometry": {
        "type": "Polygon",
        "coordinates": [
          [
            [
              -87.6676175,
              41.857862
            ],
            [
              -87.6676184,
              41.8579498
            ],
            [
              -87.6676055,
              41.8579498
            ],
            [
              -87.6676054,
              41.8579635
            ],
            [
              -87.6676182,
              41.8579636
            ],
            [
              -87.6676214,
              41.8581872
            ],
            [
              -87.667548,
              41.8581882
            ],
            [
              -87.6675486,
              41.8581292
            ],
            [
              -87.6675339,
              41.8581291
            ],
            [
              -87.6675294,
              41.8578629
            ],
            [
              -87.6676175,
              41.857862
            ]
          ]
        ]
      }
    },
    {
      "type": "Feature",
      "id": "way/209829264",
      "properties": {
        "@id": "way/209829264",
        "addr:city": "Chicago",
        "addr:housenumber": "1939",
        "addr:postcode": "60612",
        "addr:state": "IL",
        "addr:street": "West Fulton Street",
        "addr:street:name": "Fulton",
        "addr:street:prefix": "West",
        "addr:street:type": "Street",
        "building": "yes",
        "chicago:building_id": "352695",
        "name": "Le Petit Sucre",
        "phone": "+1-312-774-1736",
        "shop": "bakery",
        "website": "http://lepetitsucreltd.com/"
      },
      "geometry": {
        "type": "Polygon",
        "coordinates": [
          [
            [
              -87.6763707,
              41.8863497
            ],
            [
              -87.6763735,
              41.886432
            ],
            [
              -87.6763882,
              41.8864321
            ],
            [
              -87.6763897,
              41.8864692
            ],
            [
              -87.676566,
              41.8864661
            ],
            [
              -87.6765729,
              41.8866843
            ],
            [
              -87.6758601,
              41.8866964
            ],
            [
              -87.6758553,
              41.8865051
            ],
            [
              -87.6758473,
              41.8863577
            ],
            [
              -87.6759226,
              41.8863567
            ],
            [
              -87.6759224,
              41.8863718
            ],
            [
              -87.6760326,
              41.8863697
            ],
            [
              -87.6760328,
              41.8863546
            ],
            [
              -87.6763707,
              41.8863497
            ]
          ]
        ]
      }
    },
    {
      "type": "Feature",
      "id": "way/209846231",
      "properties": {
        "@id": "way/209846231",
        "addr:city": "Chicago",
        "addr:housenumber": "1011",
        "addr:postcode": "60622",
        "addr:state": "IL",
        "addr:street": "North Damen Avenue",
        "addr:street:name": "Damen",
        "addr:street:prefix": "North",
        "addr:street:type": "Avenue",
        "building": "industrial",
        "building:levels": "2",
        "chicago:building_id": "328378",
        "name": "Bear Stewart Corporation",
        "opening_hours:signed": "no",
        "shop": "bakery"
      },
      "geometry": {
        "type": "Polygon",
        "coordinates": [
          [
            [
              -87.6768993,
              41.8998619
            ],
            [
              -87.6769012,
              41.899921
            ],
            [
              -87.6770359,
              41.8999187
            ],
            [
              -87.6770548,
              41.9005312
            ],
            [
              -87.6765996,
              41.900539
            ],
            [
              -87.6765806,
              41.899923
            ],
            [
              -87.676824,
              41.8999188
            ],
            [
              -87.6768222,
              41.8998632
            ],
            [
              -87.6768993,
              41.8998619
            ]
          ]
        ]
      }
    },
    {
      "type": "Feature",
      "id": "way/209865386",
      "properties": {
        "@id": "way/209865386",
        "addr:city": "Chicago",
        "addr:housenumber": "1623",
        "addr:postcode": "60647",
        "addr:state": "IL",
        "addr:street": "North Milwaukee Avenue",
        "addr:street:name": "Milwaukee",
        "addr:street:prefix": "North",
        "addr:street:type": "Avenue",
        "building": "retail",
        "building:levels": "1",
        "chicago:building_id": "303574",
        "name": "Mindy\u2019s Bakery",
        "opening_hours": "We-Fr 07:30-15:00; Sa-Su 8:00-15:00; \"See website for holiday hours\"",
        "phone": "+1-773-489-1747",
        "shop": "bakery",
        "website": "https://www.mindysbakery.com/"
      },
      "geometry": {
        "type": "Polygon",
        "coordinates": [
          [
            [
              -87.678174,
              41.9109539
            ],
            [
              -87.6782397,
              41.9109954
            ],
            [
              -87.6779988,
              41.911204
            ],
            [
              -87.6779331,
              41.911161
            ],
            [
              -87.678174,
              41.9109539
            ]
          ]
        ]
      }
    },
    {
      "type": "Feature",
      "id": "way/210164724",
      "properties": {
        "@id": "way/210164724",
        "addr:city": "Chicago",
        "addr:housenumber": "4305",
        "addr:postcode": "60609",
        "addr:state": "IL",
        "addr:street": "South Halsted Street",
        "addr:street:name": "Halsted",
        "building": "retail",
        "building:levels": "1",
        "name": "Bake for Me",
        "phone": "+1-773-624-9900",
        "shop": "bakery",
        "website": "http://bakeforme.com/bfm-locations-4305-south-halsted.html"
      },
      "geometry": {
        "type": "Polygon",
        "coordinates": [
          [
            [
              -87.6455758,
              41.8158972
            ],
            [
              -87.6455751,
              41.8159631
            ],
            [
              -87.645355,
              41.8159631
            ],
            [
              -87.6453553,
              41.8159384
            ],
            [
              -87.6452947,
              41.8159394
            ],
            [
              -87.6452934,
              41.8158969
            ],
            [
              -87.6455758,
              41.8158972
            ]
          ]
        ]
      }
    },
    {
      "type": "Feature",
      "id": "way/210222910",
      "properties": {
        "@id": "way/210222910",
        "addr:city": "Chicago",
        "addr:housenumber": "2119",
        "addr:postcode": "60608",
        "addr:state": "IL",
        "addr:street": "South Halsted Street",
        "addr:street:name": "Halsted",
        "addr:street:prefix": "South",
        "addr:street:type": "Street",
        "amenity": "pub",
        "building": "yes",
        "building:levels": "4",
        "check_date": "2024-08-24",
        "chicago:building_id": "384391",
        "name": "Pleasant House Pub",
        "phone": "+1-773-523-7437",
        "shop": "bakery",
        "website": "https://www.pleasanthousepub.com/"
      },
      "geometry": {
        "type": "Polygon",
        "coordinates": [
          [
            [
              -87.6463894,
              41.8535465
            ],
            [
              -87.6463906,
              41.8536124
            ],
            [
              -87.646163,
              41.8536124
            ],
            [
              -87.6461539,
              41.8536069
            ],
            [
              -87.6461318,
              41.8536067
            ],
            [
              -87.6461244,
              41.8536135
            ],
            [
              -87.646029,
              41.8536144
            ],
            [
              -87.6460297,
              41.8535471
            ],
            [
              -87.6463894,
              41.8535465
            ]
          ]
        ]
      }
    },
    {
      "type": "Feature",
      "id": "way/210307459",
      "properties": {
        "@id": "way/210307459",
        "addr:city": "Chicago",
        "addr:housenumber": "1332",
        "addr:postcode": "60642",
        "addr:state": "IL",
        "addr:street": "North Halsted Street",
        "addr:street:name": "Halsted",
        "addr:street:prefix": "North",
        "addr:street:type": "Street",
        "building": "yes",
        "chicago:building_id": "315757",
        "name": "Bjorn Cakes",
        "phone": "+1-872-529-1428",
        "shop": "bakery",
        "website": "https://www.bjorncakes.com/"
      },
      "geometry": {
        "type": "Polygon",
        "coordinates": [
          [
            [
              -87.6485924,
              41.9059432
            ],
            [
              -87.6486016,
              41.9062849
            ],
            [
              -87.6482709,
              41.9062898
            ],
            [
              -87.6482617,
              41.9059481
            ],
            [
              -87.6485924,
              41.9059432
            ]
          ]
        ]
      }
    },
    {
      "type": "Feature",
      "id": "way/210329577",
      "properties": {
        "@id": "way/210329577",
        "addr:city": "Chicago",
        "addr:housenumber": "3455",
        "addr:postcode": "60657",
        "addr:state": "IL",
        "addr:street": "North Clark Street",
        "addr:street:name": "Clark",
        "addr:street:prefix": "North",
        "addr:street:type": "Street",
        "alt_name": "Einstein Brothers Bagels",
        "amenity": "fast_food",
        "brand": "Einstein Bros. Bagels",
        "brand:wikidata": "Q5349788",
        "building": "retail",
        "building:levels": "1",
        "chicago:building_id": "186572",
        "cuisine": "bagel",
        "name": "Einstein Bros. Bagels",
        "shop": "bakery",
        "takeaway": "yes"
      },
      "geometry": {
        "type": "Polygon",
        "coordinates": [
          [
            [
              -87.654404,
              41.9447549
            ],
            [
              -87.6544982,
              41.9448831
            ],
            [
              -87.6545307,
              41.9449409
            ],
            [
              -87.654411,
              41.9449677
            ],
            [
              -87.6543805,
              41.9448948
            ],
            [
              -87.6543745,
              41.9447616
            ],
            [
              -87.654404,
              41.9447549
            ]
          ]
        ]
      }
    },
    {
      "type": "Feature",
      "id": "way/210684760",
      "properties": {
        "@id": "way/210684760",
        "addr:city": "Chicago",
        "addr:housenumber": "1512",
        "addr:postcode": "60610",
        "addr:state": "IL",
        "addr:street": "North Wells Street",
        "addr:street:name": "Wells",
        "addr:street:prefix": "North",
        "addr:street:type": "Street",
        "building": "yes",
        "building:levels": "1",
        "chicago:building_id": "815266",
        "name": "The Spice House",
        "phone": "+1-312-274-0378",
        "shop": "bakery",
        "website": "https://www.thespicehouse.com/"
      },
      "geometry": {
        "type": "Polygon",
        "coordinates": [
          [
            [
              -87.6350704,
              41.9096076
            ],
            [
              -87.6350576,
              41.9096078
            ],
            [
              -87.6348114,
              41.9096129
            ],
            [
              -87.6348103,
              41.9095457
            ],
            [
              -87.6350693,
              41.9095431
            ],
            [
              -87.6350704,
              41.9096076
            ]
          ]
        ]
      }
    },
    {
      "type": "Feature",
      "id": "way/210693506",
      "properties": {
        "@id": "way/210693506",
        "addr:city": "Chicago",
        "addr:housenumber": "11248",
        "addr:postcode": "60628",
        "addr:state": "IL",
        "addr:street": "South Michigan Avenue",
        "addr:street:name": "Michigan",
        "addr:street:prefix": "South",
        "addr:street:type": "Avenue",
        "building": "retail",
        "chicago:building_id": "841425",
        "name": "Old Fashioned Donuts",
        "phone": "+1-773-995-7420",
        "shop": "bakery"
      },
      "geometry": {
        "type": "Polygon",
        "coordinates": [
          [
            [
              -87.6215578,
              41.689365
            ],
            [
              -87.6211312,
              41.6893715
            ],
            [
              -87.6211298,
              41.6892987
            ],
            [
              -87.6214622,
              41.6892947
            ],
            [
              -87.6214622,
              41.6892969
            ],
            [
              -87.6215025,
              41.6892972
            ],
            [
              -87.6215021,
              41.6893356
            ],
            [
              -87.621557,
              41.6893346
            ],
            [
              -87.6215578,
              41.689365
            ]
          ]
        ]
      }
    },
    {
      "type": "Feature",
      "id": "way/210873674",
      "properties": {
        "@id": "way/210873674",
        "addr:city": "Chicago",
        "addr:housenumber": "328",
        "addr:postcode": "60619",
        "addr:state": "IL",
        "addr:street": "East 75th Street",
        "addr:street:name": "75th",
        "addr:street:prefix": "East",
        "addr:street:type": "Street",
        "building": "retail",
        "building:levels": "1",
        "chicago:building_id": "594755",
        "name": "Brown Sugar Bakery",
        "phone": "+1-773-224-6262",
        "shop": "bakery",
        "website": "https://www.brownsugarbakerychicago.com/"
      },
      "geometry": {
        "type": "Polygon",
        "coordinates": [
          [
            [
              -87.6172513,
              41.7584618
            ],
            [
              -87.617255,
              41.7586252
            ],
            [
              -87.6170772,
              41.7586282
            ],
            [
              -87.6170717,
              41.7584648
            ],
            [
              -87.6172513,
              41.7584618
            ]
          ]
        ]
      }
    },
    {
      "type": "Feature",
      "id": "way/211271465",
      "properties": {
        "@id": "way/211271465",
        "addr:city": "Chicago",
        "addr:housenumber": "2510",
        "addr:postcode": "60617",
        "addr:state": "IL",
        "addr:street": "East 106th Street",
        "addr:street:name": "106th",
        "addr:street:prefix": "East",
        "addr:street:type": "Street",
        "building": "retail",
        "building:levels": "1",
        "chicago:building_id": "739765",
        "name": "Calumet Bakery",
        "phone": "+1-773-721-3747",
        "shop": "bakery",
        "website": "https://calumetbakery.com/"
      },
      "geometry": {
        "type": "Polygon",
        "coordinates": [
          [
            [
              -87.5627042,
              41.7028825
            ],
            [
              -87.5627104,
              41.7031322
            ],
            [
              -87.562692,
              41.7031335
            ],
            [
              -87.5626946,
              41.7032227
            ],
            [
              -87.5626214,
              41.7032236
            ],
            [
              -87.5626145,
              41.7028832
            ],
            [
              -87.5627042,
              41.7028825
            ]
          ]
        ]
      }
    },
    {
      "type": "Feature",
      "id": "way/211395588",
      "properties": {
        "@id": "way/211395588",
        "addr:city": "Chicago",
        "addr:housenumber": "10125",
        "addr:postcode": "60617",
        "addr:state": "IL",
        "addr:street": "South Ewing Avenue",
        "addr:street:name": "Ewing",
        "addr:street:prefix": "South",
        "addr:street:type": "Avenue",
        "building": "retail",
        "building:levels": "2",
        "chicago:building_id": "719813",
        "cuisine": "bakery",
        "name": "Gerardo's Bakery",
        "opening_hours": "Mo-Su 04:00-21:00",
        "outdoor_seating": "no",
        "phone": "+1-773-768-6099",
        "shop": "bakery"
      },
      "geometry": {
        "type": "Polygon",
        "coordinates": [
          [
            [
              -87.5351462,
              41.7113074
            ],
            [
              -87.5351453,
              41.7113774
            ],
            [
              -87.535105,
              41.7113771
            ],
            [
              -87.5351048,
              41.7113963
            ],
            [
              -87.5348869,
              41.7113948
            ],
            [
              -87.534888,
              41.711307
            ],
            [
              -87.5351462,
              41.7113074
            ]
          ]
        ]
      }
    },
    {
      "type": "Feature",
      "id": "way/797280119",
      "properties": {
        "@id": "way/797280119",
        "addr:city": "Chicago",
        "addr:housenumber": "5939",
        "addr:postcode": "60630",
        "addr:state": "IL",
        "addr:street": "West Lawrence Avenue",
        "building": "yes",
        "name": "Sicilia Bakery",
        "phone": "+1-773-545-4464",
        "shop": "bakery",
        "website": "https://www.siciliabakerychicago.com/"
      },
      "geometry": {
        "type": "Polygon",
        "coordinates": [
          [
            [
              -87.7765397,
              41.967558
            ],
            [
              -87.7763855,
              41.9675633
            ],
            [
              -87.7763866,
              41.9672203
            ],
            [
              -87.7765283,
              41.9672188
            ],
            [
              -87.7765397,
              41.967558
            ]
          ]
        ]
      }
    },
    {
      "type": "Feature",
      "id": "way/958539817",
      "properties": {
        "@id": "way/958539817",
        "addr:city": "Chicago",
        "addr:housenumber": "5857",
        "addr:postcode": "60630",
        "addr:state": "IL",
        "addr:street": "West Lawrence Avenue",
        "building": "yes",
        "building:levels": "2",
        "name": "Sandy's Bakery & Deli",
        "phone": "+1-773-794-1129",
        "shop": "bakery",
        "website": "https://www.sandysbakeryanddeli.com/"
      },
      "geometry": {
        "type": "Polygon",
        "coordinates": [
          [
            [
              -87.7745852,
              41.9675993
            ],
            [
              -87.7746575,
              41.9675986
            ],
            [
              -87.7746767,
              41.9675901
            ],
            [
              -87.7746767,
              41.9675687
            ],
            [
              -87.7746728,
              41.9673521
            ],
            [
              -87.7746709,
              41.9673122
            ],
            [
              -87.7746709,
              41.9672581
            ],
            [
              -87.7745771,
              41.967259
            ],
            [
              -87.7745852,
              41.9675993
            ]
          ]
        ]
      }
    },
    {
      "type": "Feature",
      "id": "way/1300783957",
      "properties": {
        "@id": "way/1300783957",
        "addr:city": "Chicago",
        "addr:housenumber": "6130",
        "addr:postcode": "60660",
        "addr:state": "IL",
        "addr:street": "North Ravenswood Avenue",
        "building": "yes",
        "building:levels": "3",
        "check_date": "2024-08-11",
        "name": "Misericordia Hearts & Flour Bakery and Caf\u00e9",
        "opening_hours": "Mo-Fr 06:00-16:00; Sa 07:00-16:00; Su 07:00-14:00",
        "operator": "Misericordia Heart of Mercy",
        "payment:credit_cards": "yes",
        "payment:debit_cards": "yes",
        "phone": "+1-773-564-8403",
        "shop": "bakery",
        "website": "https://www.misericordia.com/restaurant-stores/hearts-flour-bakery-and-cafe/"
      },
      "geometry": {
        "type": "Polygon",
        "coordinates": [
          [
            [
              -87.675693,
              41.9928673
            ],
            [
              -87.6756587,
              41.9928678
            ],
            [
              -87.6756589,
              41.992874
            ],
            [
              -87.6755354,
              41.992876
            ],
            [
              -87.675534,
              41.9928277
            ],
            [
              -87.6755002,
              41.9928283
            ],
            [
              -87.6754367,
              41.9928293
            ],
            [
              -87.6754316,
              41.992657
            ],
            [
              -87.6756637,
              41.9926532
            ],
            [
              -87.6756644,
              41.9926787
            ],
            [
              -87.6756873,
              41.9926783
            ],
            [
              -87.675693,
              41.9928673
            ]
          ]
        ]
      }
    }
  ],
  "generator": "overpass-turbo",
  "copyright": "The data included in this document is from www.openstreetmap.org. The data is made available under ODbL.",
  "timestamp": "2024-06-02T00:20:11Z"
}