edge,geodesic_distance_km,gh_distance_km,distance_diff_km,distance_pct_change,geodesic_time_min,gh_time_min,time_diff_min,time_pct_change
39049007952->39049006310,3.0357451610049133,3.0357451610049133,0.0,0.0,6.071490322009827,6.071490322009827,0.0,0.0
39049007952->39049006330,3.1165398775852236,3.1165398775852236,0.0,0.0,6.233079755170447,6.233079755170447,0.0,0.0
39049007952->39049006410,3.8882678585997943,3.8882678585997943,0.0,0.0,7.7765357171995895,7.7765357171995895,0.0,0.0
39049007952->39049007931,3.7402698057596453,3.7402698057596453,0.0,0.0,7.480539611519291,7.480539611519291,0.0,0.0
39049007952->39049006340,4.445691022613335,4.445691022613335,0.0,0.0,8.89138204522667,8.89138204522667,0.0,0.0
39049007952->39049007951,4.910533733148299,4.910533733148299,0.0,0.0,9.821067466296599,9.821067466296599,0.0,0.0
39049007952->39049007941,5.3001075616828555,5.3001075616828555,0.0,0.0,10.600215123365711,10.600215123365711,0.0,0.0
39049007952->39049007922,5.053575095075039,5.053575095075039,0.0,0.0,10.107150190150078,10.107150190150078,0.0,0.0
39049007952->39049006500,5.667014692041012,5.667014692041012,0.0,0.0,11.334029384082024,11.334029384082024,0.0,0.0
39049007952->39049007933,5.330157549488887,5.330157549488887,0.0,0.0,10.660315098977774,10.660315098977774,0.0,0.0
39049007952->39049006220,6.905401998663486,6.905401998663486,0.0,0.0,13.810803997326971,13.810803997326971,0.0,0.0
39049008210->39049004610,2.714368542750846,2.714368542750846,0.0,0.0,5.428737085501692,5.428737085501692,0.0,0.0
39049008210->39049008311,3.0069248025977444,3.0069248025977444,0.0,0.0,6.013849605195489,6.013849605195489,0.0,0.0
39049008210->39049008230,2.9907093685874684,2.9907093685874684,0.0,0.0,5.981418737174937,5.981418737174937,0.0,0.0
39049008210->39049008312,3.6182673098745277,3.6182673098745277,0.0,0.0,7.236534619749055,7.236534619749055,0.0,0.0
39049008210->39049004620,3.054059579066923,3.054059579066923,0.0,0.0,6.108119158133846,6.108119158133846,0.0,0.0
39049008210->39049008321,3.7981225314539278,3.7981225314539278,0.0,0.0,7.596245062907856,7.596245062907856,0.0,0.0
39049008210->39049008242,4.276896276787463,4.276896276787463,0.0,0.0,8.553792553574926,8.553792553574926,0.0,0.0
39049008210->39049004810,4.205784049693179,4.205784049693179,0.0,0.0,8.411568099386358,8.411568099386358,0.0,0.0
39049008210->39049008350,4.3323511631026435,4.3323511631026435,0.0,0.0,8.664702326205287,8.664702326205287,0.0,0.0
39049008210->39049008110,3.8997900474995904,3.8997900474995904,0.0,0.0,7.79958009499918,7.79958009499918,0.0,0.0
39049008210->39049008241,5.381567278021078,5.381567278021078,0.0,0.0,10.763134556042155,10.763134556042155,0.0,0.0
39049008210->39049008120,4.378385223681303,4.378385223681303,0.0,0.0,8.756770447362605,8.756770447362605,0.0,0.0
39049007954->39049007953,1.413263313483458,1.413263313483458,0.0,0.0,2.826526626966916,2.826526626966916,0.0,0.0
39049007954->39049007933,2.6854264951408764,2.6854264951408764,0.0,0.0,5.370852990281753,5.370852990281753,0.0,0.0
39049007954->39049008142,3.279329960611904,3.279329960611904,0.0,0.0,6.558659921223808,6.558659921223808,0.0,0.0
39049007954->39049010602,3.860262791698548,3.860262791698548,0.0,0.0,7.720525583397096,7.720525583397096,0.0,0.0
39049007954->39049007931,4.946948650056058,4.946948650056058,0.0,0.0,9.893897300112116,9.893897300112116,0.0,0.0
39049007954->39049010601,4.399793096684834,4.399793096684834,0.0,0.0,8.799586193369668,8.799586193369668,0.0,0.0
39049007954->39049008141,5.304797400358679,5.304797400358679,0.0,0.0,10.609594800717359,10.609594800717359,0.0,0.0
39049007954->39049008242,4.7690405186194775,4.7690405186194775,0.0,0.0,9.538081037238955,9.538081037238955,0.0,0.0
39049007954->39049008110,6.354255477012474,6.354255477012474,0.0,0.0,12.708510954024948,12.708510954024948,0.0,0.0
39049007954->39049008132,7.711636388167224,7.711636388167224,0.0,0.0,15.423272776334446,15.423272776334446,0.0,0.0
39049007954->39049006230,10.522609369987387,10.522609369987387,0.0,0.0,21.045218739974775,21.045218739974775,0.0,0.0
39049007954->39049007922,7.925678376982882,7.925678376982882,0.0,0.0,15.851356753965765,15.851356753965765,0.0,0.0
39049007954->39049007921,8.56280103153232,8.56280103153232,0.0,0.0,17.12560206306464,17.12560206306464,0.0,0.0
39049008142->39049008141,2.054433451838896,2.054433451838896,0.0,0.0,4.108866903677792,4.108866903677792,0.0,0.0
39049008142->39049007953,2.105871460606596,2.105871460606596,0.0,0.0,4.211742921213192,4.211742921213192,0.0,0.0
39049008142->39049008132,4.604175300548111,4.604175300548111,0.0,0.0,9.208350601096223,9.208350601096223,0.0,0.0
39049008142->39049008110,4.041518267446991,4.041518267446991,0.0,0.0,8.083036534893981,8.083036534893981,0.0,0.0
39049008142->39049008120,5.194446608730521,5.194446608730521,0.0,0.0,10.388893217461042,10.388893217461042,0.0,0.0
39049008142->39049007933,5.9326425202186766,5.9326425202186766,0.0,0.0,11.865285040437353,11.865285040437353,0.0,0.0
39049008142->39049008163,5.941812134707901,5.941812134707901,0.0,0.0,11.883624269415803,11.883624269415803,0.0,0.0
39049008142->39049008242,5.055102279151491,5.055102279151491,0.0,0.0,10.110204558302982,10.110204558302982,0.0,0.0
39049008142->39049010602,6.8182885992281115,6.8182885992281115,0.0,0.0,13.636577198456223,13.636577198456223,0.0,0.0
39049008142->39049010601,6.626840146630142,6.626840146630142,0.0,0.0,13.253680293260285,13.253680293260285,0.0,0.0
39049008132->39049008163,1.634581455792998,1.634581455792998,0.0,0.0,3.269162911585996,3.269162911585996,0.0,0.0
39049008132->39049008141,3.198668183170767,3.198668183170767,0.0,0.0,6.397336366341534,6.397336366341534,0.0,0.0
39049008132->39049008120,1.8529082344468981,1.8529082344468981,0.0,0.0,3.7058164688937962,3.7058164688937962,0.0,0.0
39049008132->39049008164,2.283967507512965,2.283967507512965,0.0,0.0,4.56793501502593,4.56793501502593,0.0,0.0
39049008132->39049008110,2.6959445801463673,2.6959445801463673,0.0,0.0,5.391889160292735,5.391889160292735,0.0,0.0
39049008132->39049008162,3.634516695220563,3.634516695220563,0.0,0.0,7.269033390441126,7.269033390441126,0.0,0.0
39049008132->39049008350,3.4113590488458985,3.4113590488458985,0.0,0.0,6.822718097691797,6.822718097691797,0.0,0.0
39049008132->39049008230,3.5023931816243192,3.5023931816243192,0.0,0.0,7.0047863632486385,7.0047863632486385,0.0,0.0
39049008132->39049008161,5.252926215534168,5.252926215534168,0.0,0.0,10.505852431068336,10.505852431068336,0.0,0.0
39049008132->39049007953,6.699001237268673,6.699001237268673,0.0,0.0,13.398002474537346,13.398002474537346,0.0,0.0
39049008132->39049009800,14.747938057244724,14.747938057244724,0.0,0.0,29.495876114489448,29.495876114489448,0.0,0.0
39049007199->39049007113,1.4582317621566332,1.4582317621566332,0.0,0.0,2.9164635243132664,2.9164635243132664,0.0,0.0
39049007199->39049010100,2.463056730844975,2.463056730844975,0.0,0.0,4.92611346168995,4.92611346168995,0.0,0.0
39049007199->39049007202,2.683750791359653,2.683750791359653,0.0,0.0,5.367501582719306,5.367501582719306,0.0,0.0
39049007199->39049007120,3.5686934872257967,3.5686934872257967,0.0,0.0,7.137386974451593,7.137386974451593,0.0,0.0
39049007199->39049007532,3.044513157480597,3.044513157480597,0.0,0.0,6.089026314961194,6.089026314961194,0.0,0.0
39049007199->39049007198,3.7268085313916877,3.7268085313916877,0.0,0.0,7.453617062783375,7.453617062783375,0.0,0.0
39049007199->39049007494,3.8525580253063585,3.8525580253063585,0.0,0.0,7.705116050612717,7.705116050612717,0.0,0.0
39049007199->39049007115,4.035458284504752,4.035458284504752,0.0,0.0,8.070916569009505,8.070916569009505,0.0,0.0
39049007199->39049007531,3.9568128346241997,3.9568128346241997,0.0,0.0,7.9136256692484,7.9136256692484,0.0,0.0
39049007199->39049007114,4.610057249951376,4.610057249951376,0.0,0.0,9.220114499902753,9.220114499902753,0.0,0.0
39049007199->39049007132,4.39191171158768,4.39191171158768,0.0,0.0,8.78382342317536,8.78382342317536,0.0,0.0
39049007199->39049007424,5.547851060567382,5.547851060567382,0.0,0.0,11.095702121134764,11.095702121134764,0.0,0.0
39049007199->39049010000,4.884978373373346,4.884978373373346,0.0,0.0,9.769956746746692,9.769956746746692,0.0,0.0
39049007199->39049007193,8.030194173499707,8.030194173499707,0.0,0.0,16.060388346999414,16.060388346999414,0.0,0.0
39049007199->39049007194,5.9700522969106,5.9700522969106,0.0,0.0,11.9401045938212,11.9401045938212,0.0,0.0
39049010100->39049007494,2.055031120985213,2.055031120985213,0.0,0.0,4.110062241970426,4.110062241970426,0.0,0.0
39049010100->39049007532,2.2780724267033268,2.2780724267033268,0.0,0.0,4.5561448534066535,4.5561448534066535,0.0,0.0
39049010100->39049007424,3.1532074772621907,3.1532074772621907,0.0,0.0,6.3064149545243815,6.3064149545243815,0.0,0.0
39049010100->39049007113,3.1999755859218393,3.1999755859218393,0.0,0.0,6.399951171843679,6.399951171843679,0.0,0.0
39049010100->39049007551,3.778783456725764,3.778783456725764,0.0,0.0,7.557566913451528,7.557566913451528,0.0,0.0
39049010100->39049007533,3.225911772882297,3.225911772882297,0.0,0.0,6.451823545764594,6.451823545764594,0.0,0.0
39049010100->39049007531,3.4086067775198945,3.4086067775198945,0.0,0.0,6.817213555039789,6.817213555039789,0.0,0.0
39049010100->39049007202,4.097544722426094,4.097544722426094,0.0,0.0,8.195089444852188,8.195089444852188,0.0,0.0
39049010100->39049007534,4.801443099542165,4.801443099542165,0.0,0.0,9.60288619908433,9.60288619908433,0.0,0.0
39049010100->39049007132,5.339925563960113,5.339925563960113,0.0,0.0,10.679851127920227,10.679851127920227,0.0,0.0
39049010100->39049007492,4.701196078081156,4.701196078081156,0.0,0.0,9.402392156162312,9.402392156162312,0.0,0.0
39049009900->39049006923,2.0509511766608917,2.0509511766608917,0.0,0.0,4.101902353321783,4.101902353321783,0.0,0.0
39049009900->39049006943,2.0594154117929873,2.0594154117929873,0.0,0.0,4.1188308235859745,4.1188308235859745,0.0,0.0
39049009900->39049006921,2.264589345154211,2.264589345154211,0.0,0.0,4.529178690308422,4.529178690308422,0.0,0.0
39049009900->39049006722,2.544239790939118,2.544239790939118,0.0,0.0,5.088479581878236,5.088479581878236,0.0,0.0
39049009900->39049006944,2.634686812571451,2.634686812571451,0.0,0.0,5.269373625142902,5.269373625142902,0.0,0.0
39049009900->39049006942,2.7426198992357866,2.7426198992357866,0.0,0.0,5.485239798471573,5.485239798471573,0.0,0.0
39049009900->39049006710,2.794977982706298,2.794977982706298,0.0,0.0,5.589955965412596,5.589955965412596,0.0,0.0
39049009900->39049006924,3.822041469968538,3.822041469968538,0.0,0.0,7.644082939937076,7.644082939937076,0.0,0.0
39049009900->39049006810,3.330130132972412,3.330130132972412,0.0,0.0,6.660260265944824,6.660260265944824,0.0,0.0
39049009900->39049006931,3.382677374729943,3.382677374729943,0.0,0.0,6.765354749459886,6.765354749459886,0.0,0.0
39049009900->39049007047,5.853045357057001,5.853045357057001,0.0,0.0,11.706090714114001,11.706090714114001,0.0,0.0
39049009900->39049007043,5.467136883164452,5.467136883164452,0.0,0.0,10.934273766328904,10.934273766328904,0.0,0.0
39049006220->39049007951,2.0077163853344544,2.0077163853344544,0.0,0.0,4.015432770668909,4.015432770668909,0.0,0.0
39049006220->39049006371,3.423260579840876,3.423260579840876,0.0,0.0,6.846521159681752,6.846521159681752,0.0,0.0
39049006220->39049006372,3.5058525371430496,3.5058525371430496,0.0,0.0,7.011705074286099,7.011705074286099,0.0,0.0
39049006220->39049007922,4.436813352067008,4.436813352067008,0.0,0.0,8.873626704134017,8.873626704134017,0.0,0.0
39049006220->39049006395,4.796439630681772,4.796439630681772,0.0,0.0,9.592879261363544,9.592879261363544,0.0,0.0
39049006220->39049006340,5.6955442573314405,5.6955442573314405,0.0,0.0,11.391088514662881,11.391088514662881,0.0,0.0
39049006220->39049006230,5.542326563712202,5.542326563712202,0.0,0.0,11.084653127424405,11.084653127424405,0.0,0.0
39049006220->39049007931,7.3376867088222495,7.3376867088222495,0.0,0.0,14.675373417644499,14.675373417644499,0.0,0.0
39049006220->39049006310,7.211063390727993,7.211063390727993,0.0,0.0,14.422126781455987,14.422126781455987,0.0,0.0
39049006220->39049007921,7.397331330287551,7.397331330287551,0.0,0.0,14.794662660575103,14.794662660575103,0.0,0.0
39049001110->39049001000,0.9988250748931756,0.9988250748931756,0.0,0.0,1.9976501497863512,1.9976501497863512,0.0,0.0
39049001110->39049000600,1.1997403529785815,1.1997403529785815,0.0,0.0,2.399480705957163,2.399480705957163,0.0,0.0
39049001110->39049001121,1.4100738559745116,1.4100738559745116,0.0,0.0,2.8201477119490233,2.8201477119490233,0.0,0.0
39049001110->39049000500,1.6308879829069813,1.6308879829069813,0.0,0.0,3.2617759658139627,3.2617759658139627,0.0,0.0
39049001110->39049001200,1.5093946566216818,1.5093946566216818,0.0,0.0,3.0187893132433636,3.0187893132433636,0.0,0.0
39049001110->39049001300,2.261180183185379,2.261180183185379,0.0,0.0,4.522360366370758,4.522360366370758,0.0,0.0
39049001110->39049001810,2.6973142432301396,2.6973142432301396,0.0,0.0,5.394628486460279,5.394628486460279,0.0,0.0
39049001110->39049000410,3.0718348033673637,3.0718348033673637,0.0,0.0,6.143669606734727,6.143669606734727,0.0,0.0
39049001110->39049000420,3.1457668363262488,3.1457668363262488,0.0,0.0,6.2915336726524975,6.2915336726524975,0.0,0.0
39049001110->39049001700,3.1812448547148624,3.1812448547148624,0.0,0.0,6.362489709429725,6.362489709429725,0.0,0.0
39049001110->39049007820,2.958325860669636,2.958325860669636,0.0,0.0,5.916651721339272,5.916651721339272,0.0,0.0
39049001110->39049001122,2.9201689019897543,2.9201689019897543,0.0,0.0,5.840337803979509,5.840337803979509,0.0,0.0
39049001901->39049001902,1.7379562319761535,1.7379562319761535,0.0,0.0,3.475912463952307,3.475912463952307,0.0,0.0
39049001901->39049001820,2.0465137342644764,2.0465137342644764,0.0,0.0,4.093027468528953,4.093027468528953,0.0,0.0
39049001901->39049007830,1.79384258674623,1.79384258674623,0.0,0.0,3.58768517349246,3.58768517349246,0.0,0.0
39049001901->39049002000,2.1156629317221873,2.1156629317221873,0.0,0.0,4.231325863444375,4.231325863444375,0.0,0.0
39049001901->39049001810,2.1230234058736093,2.1230234058736093,0.0,0.0,4.2460468117472185,4.2460468117472185,0.0,0.0
39049001901->39049008500,2.663343239337912,2.663343239337912,0.0,0.0,5.326686478675824,5.326686478675824,0.0,0.0
39049001901->39049001121,2.783844411390004,2.783844411390004,0.0,0.0,5.567688822780008,5.567688822780008,0.0,0.0
39049001901->39049003200,2.8365936379281096,2.8365936379281096,0.0,0.0,5.673187275856219,5.673187275856219,0.0,0.0
39049001901->39049002100,3.0654550896343227,3.0654550896343227,0.0,0.0,6.130910179268645,6.130910179268645,0.0,0.0
39049001901->39049001122,3.8532864294810674,3.8532864294810674,0.0,0.0,7.706572858962134,7.706572858962134,0.0,0.0
39049001901->39049004300,4.34343582310697,4.34343582310697,0.0,0.0,8.68687164621394,8.68687164621394,0.0,0.0
39049001901->39049008400,3.212750131993602,3.212750131993602,0.0,0.0,6.425500263987204,6.425500263987204,0.0,0.0
39049980000->39049007425,2.5108414659755907,2.5108414659755907,0.0,0.0,5.021682931951181,5.021682931951181,0.0,0.0
39049980000->39049007426,3.7599246158299615,3.7599246158299615,0.0,0.0,7.519849231659924,7.519849231659924,0.0,0.0
39049980000->39049009240,4.7814736653362635,4.7814736653362635,0.0,0.0,9.562947330672527,9.562947330672527,0.0,0.0
39049980000->39049002730,4.51477865550758,4.51477865550758,0.0,0.0,9.02955731101516,9.02955731101516,0.0,0.0
39049980000->39049002750,4.736824497724764,4.736824497724764,0.0,0.0,9.473648995449528,9.473648995449528,0.0,0.0
39049980000->39049009210,4.6971807055283366,4.6971807055283366,0.0,0.0,9.394361411056673,9.394361411056673,0.0,0.0
39049980000->39049009230,5.565855535952893,5.565855535952893,0.0,0.0,11.131711071905785,11.131711071905785,0.0,0.0
39049980000->39049002710,4.858872696844827,4.858872696844827,0.0,0.0,9.717745393689654,9.717745393689654,0.0,0.0
39049980000->39049002600,4.676480699975782,4.676480699975782,0.0,0.0,9.352961399951564,9.352961399951564,0.0,0.0
39049980000->39049009220,5.868155154903096,5.868155154903096,0.0,0.0,11.736310309806193,11.736310309806193,0.0,0.0
39049980000->39049007427,4.633027693720968,4.633027693720968,0.0,0.0,9.266055387441936,9.266055387441936,0.0,0.0
39049004000->39049005200,1.3783329247806726,1.3783329247806726,0.0,0.0,2.756665849561345,2.756665849561345,0.0,0.0
39049004000->39049004200,2.395136577123937,2.395136577123937,0.0,0.0,4.790273154247874,4.790273154247874,0.0,0.0
39049004000->39049005700,2.0472127630568138,2.0472127630568138,0.0,0.0,4.0944255261136275,4.0944255261136275,0.0,0.0
39049004000->39049003000,2.4633114239017457,2.4633114239017457,0.0,0.0,4.9266228478034915,4.9266228478034915,0.0,0.0
39049004000->39049005810,3.16320274339168,3.16320274339168,0.0,0.0,6.32640548678336,6.32640548678336,0.0,0.0
39049004000->39049005610,2.7470195539280864,2.7470195539280864,0.0,0.0,5.494039107856173,5.494039107856173,0.0,0.0
39049004000->39049003800,2.7653159985737528,2.7653159985737528,0.0,0.0,5.5306319971475055,5.5306319971475055,0.0,0.0
39049004000->39049005300,2.8007463467788853,2.8007463467788853,0.0,0.0,5.601492693557771,5.601492693557771,0.0,0.0
39049004000->39049003600,2.9879405966866543,2.9879405966866543,0.0,0.0,5.975881193373309,5.975881193373309,0.0,0.0
39049004000->39049005620,3.3014368593366097,3.3014368593366097,0.0,0.0,6.602873718673219,6.602873718673219,0.0,0.0
39049007820->39049007811,1.2759293996550654,1.2759293996550654,0.0,0.0,2.5518587993101307,2.5518587993101307,0.0,0.0
39049007820->39049001122,1.6467978379838057,1.6467978379838057,0.0,0.0,3.2935956759676115,3.2935956759676115,0.0,0.0
39049007820->39049000410,1.7171717144573946,1.7171717144573946,0.0,0.0,3.434343428914789,3.434343428914789,0.0,0.0
39049007820->39049000500,2.439963199440948,2.439963199440948,0.0,0.0,4.879926398881896,4.879926398881896,0.0,0.0
39049007820->39049006323,2.9700945048384253,2.9700945048384253,0.0,0.0,5.940189009676851,5.940189009676851,0.0,0.0
39049007820->39049000220,3.339762093623798,3.339762093623798,0.0,0.0,6.679524187247596,6.679524187247596,0.0,0.0
39049007820->39049000120,3.9728021339667925,3.9728021339667925,0.0,0.0,7.945604267933585,7.945604267933585,0.0,0.0
39049007820->39049000210,3.908990862544947,3.908990862544947,0.0,0.0,7.817981725089894,7.817981725089894,0.0,0.0
39049007820->39049000600,3.2633215992088167,3.2633215992088167,0.0,0.0,6.526643198417633,6.526643198417633,0.0,0.0
39049007820->39049007830,4.350559572468233,4.350559572468233,0.0,0.0,8.701119144936467,8.701119144936467,0.0,0.0
39049007820->39049006430,3.6446849600846054,3.6446849600846054,0.0,0.0,7.289369920169211,7.289369920169211,0.0,0.0
39049009323->39049009321,0.7115347545146178,0.7115347545146178,0.0,0.0,1.4230695090292356,1.4230695090292356,0.0,0.0
39049009323->39049009334,0.9573851957838644,0.9573851957838644,0.0,0.0,1.9147703915677288,1.9147703915677288,0.0,0.0
39049009323->39049009322,1.6529511664006047,1.6529511664006047,0.0,0.0,3.3059023328012094,3.3059023328012094,0.0,0.0
39049009323->39049009331,1.4405714399649676,1.4405714399649676,0.0,0.0,2.8811428799299352,2.8811428799299352,0.0,0.0
39049009323->39049009250,2.19125262572065,2.19125262572065,0.0,0.0,4.3825052514413,4.3825052514413,0.0,0.0
39049009323->39049009230,2.9293978458575167,2.9293978458575167,0.0,0.0,5.8587956917150334,5.8587956917150334,0.0,0.0
39049009323->39049009333,2.345188730228969,2.345188730228969,0.0,0.0,4.690377460457938,4.690377460457938,0.0,0.0
39049009323->39049009325,3.1467091926955675,3.1467091926955675,0.0,0.0,6.293418385391135,6.293418385391135,0.0,0.0
39049009323->39049009311,2.6421474901267152,2.6421474901267152,0.0,0.0,5.2842949802534305,5.2842949802534305,0.0,0.0
39049009323->39049009220,3.0928313632816233,3.0928313632816233,0.0,0.0,6.185662726563247,6.185662726563247,0.0,0.0
39049009323->39049009326,4.61141935775307,4.61141935775307,0.0,0.0,9.22283871550614,9.22283871550614,0.0,0.0
39049009323->39049009337,3.721738996145648,3.721738996145648,0.0,0.0,7.443477992291296,7.443477992291296,0.0,0.0
39049009323->39049009240,3.8753062217041707,3.8753062217041707,0.0,0.0,7.750612443408341,7.750612443408341,0.0,0.0
39049009323->39049009350,4.217076918444493,4.217076918444493,0.0,0.0,8.434153836888987,8.434153836888987,0.0,0.0
39049009323->39049009340,3.055935042687122,3.055935042687122,0.0,0.0,6.111870085374244,6.111870085374244,0.0,0.0
39049000410->39049000220,1.6236352779073635,1.6236352779073635,0.0,0.0,3.247270555814727,3.247270555814727,0.0,0.0
39049000410->39049000500,1.6855838608472231,1.6855838608472231,0.0,0.0,3.3711677216944462,3.3711677216944462,0.0,0.0
39049000410->39049000420,1.7120194391216292,1.7120194391216292,0.0,0.0,3.4240388782432585,3.4240388782432585,0.0,0.0
39049000410->39049000210,2.639723593887697,2.639723593887697,0.0,0.0,5.279447187775394,5.279447187775394,0.0,0.0
39049000410->39049000120,2.8513825236675654,2.8513825236675654,0.0,0.0,5.702765047335131,5.702765047335131,0.0,0.0
39049000410->39049000600,2.6955798058247624,2.6955798058247624,0.0,0.0,5.391159611649525,5.391159611649525,0.0,0.0
39049000410->39049007811,2.70062155960197,2.70062155960197,0.0,0.0,5.40124311920394,5.40124311920394,0.0,0.0
39049000410->39049001000,3.3213074722731952,3.3213074722731952,0.0,0.0,6.6426149445463905,6.6426149445463905,0.0,0.0
39049000410->39049001122,3.2462170121017766,3.2462170121017766,0.0,0.0,6.492434024203553,6.492434024203553,0.0,0.0
39041012400->39049007047,2.714953353506762,2.714953353506762,0.0,0.0,5.429906707013524,5.429906707013524,0.0,0.0
39041012400->39049007048,3.16414606224219,3.16414606224219,0.0,0.0,6.32829212448438,6.32829212448438,0.0,0.0
39041012400->39041011561,3.0712528808375974,3.0712528808375974,0.0,0.0,6.142505761675195,6.142505761675195,0.0,0.0
39041012400->39049007044,3.8634798181711822,3.8634798181711822,0.0,0.0,7.726959636342364,7.726959636342364,0.0,0.0
39041012400->39049006990,4.531624412598113,4.531624412598113,0.0,0.0,9.063248825196226,9.063248825196226,0.0,0.0
39041012400->39049007043,4.384921732891578,4.384921732891578,0.0,0.0,8.769843465783156,8.769843465783156,0.0,0.0
39041012400->39049006942,6.673061804617944,6.673061804617944,0.0,0.0,13.346123609235889,13.346123609235889,0.0,0.0
39041012400->39049007041,5.503811520427742,5.503811520427742,0.0,0.0,11.007623040855483,11.007623040855483,0.0,0.0
39041012400->39049006943,6.99175210214857,6.99175210214857,0.0,0.0,13.98350420429714,13.98350420429714,0.0,0.0
39041012400->39049006944,7.001516472570911,7.001516472570911,0.0,0.0,14.003032945141822,14.003032945141822,0.0,0.0
39049007811->39049006323,1.7247044885186222,1.7247044885186222,0.0,0.0,3.4494089770372445,3.4494089770372445,0.0,0.0
39049007811->39049001122,1.9397147909351355,1.9397147909351355,0.0,0.0,3.879429581870271,3.879429581870271,0.0,0.0
39049007811->39049006430,2.79224512255826,2.79224512255826,0.0,0.0,5.58449024511652,5.58449024511652,0.0,0.0
39049007811->39049007830,4.537227816661958,4.537227816661958,0.0,0.0,9.074455633323916,9.074455633323916,0.0,0.0
39049007811->39049006321,4.352032290368481,4.352032290368481,0.0,0.0,8.704064580736961,8.704064580736961,0.0,0.0
39049007811->39049000120,4.157821452604411,4.157821452604411,0.0,0.0,8.315642905208822,8.315642905208822,0.0,0.0
39049007811->39049000500,3.7077039683248016,3.7077039683248016,0.0,0.0,7.415407936649603,7.415407936649603,0.0,0.0
39049007811->39049000210,4.223076256373008,4.223076256373008,0.0,0.0,8.446152512746016,8.446152512746016,0.0,0.0
39049007811->39049006352,4.8652770476458125,4.8652770476458125,0.0,0.0,9.730554095291625,9.730554095291625,0.0,0.0
39049006352->39049006321,0.8285988204625649,0.8285988204625649,0.0,0.0,1.6571976409251299,1.6571976409251299,0.0,0.0
39049006352->39049007812,1.4834643117635455,1.4834643117635455,0.0,0.0,2.966928623527091,2.966928623527091,0.0,0.0
39049006352->39049006351,1.794146127592907,1.794146127592907,0.0,0.0,3.588292255185814,3.588292255185814,0.0,0.0
39049006352->39049006353,1.9305849024555346,1.9305849024555346,0.0,0.0,3.861169804911069,3.861169804911069,0.0,0.0
39049006352->39049006396,3.0462010402752804,3.0462010402752804,0.0,0.0,6.092402080550561,6.092402080550561,0.0,0.0
39049006352->39049006950,3.363897214435556,3.363897214435556,0.0,0.0,6.727794428871112,6.727794428871112,0.0,0.0
39049006352->39049006323,4.676548487874227,4.676548487874227,0.0,0.0,9.353096975748453,9.353096975748453,0.0,0.0
39049006352->39049006821,4.0035595053274,4.0035595053274,0.0,0.0,8.0071190106548,8.0071190106548,0.0,0.0
39049006352->39049000120,3.884537840874493,3.884537840874493,0.0,0.0,7.769075681748986,7.769075681748986,0.0,0.0
39049006352->39049006395,4.612058715497219,4.612058715497219,0.0,0.0,9.224117430994438,9.224117430994438,0.0,0.0
39049006352->39049006310,4.429462544199556,4.429462544199556,0.0,0.0,8.858925088399111,8.858925088399111,0.0,0.0
39049006352->39049006340,3.8731946892609095,3.8731946892609095,0.0,0.0,7.746389378521819,7.746389378521819,0.0,0.0
39049010700->39049006822,1.193586546068624,1.193586546068624,0.0,0.0,2.387173092137248,2.387173092137248,0.0,0.0
39049010700->39049006821,1.2542862098415863,1.2542862098415863,0.0,0.0,2.5085724196831727,2.5085724196831727,0.0,0.0
39049010700->39049000110,1.2882126081102974,1.2882126081102974,0.0,0.0,2.5764252162205947,2.5764252162205947,0.0,0.0
39049010700->39049006810,1.396564165805061,1.396564165805061,0.0,0.0,2.793128331610122,2.793128331610122,0.0,0.0
39049010700->39049006710,3.0789956174116573,3.0789956174116573,0.0,0.0,6.157991234823315,6.157991234823315,0.0,0.0
39049010700->39049006910,2.918477281604322,2.918477281604322,0.0,0.0,5.836954563208644,5.836954563208644,0.0,0.0
39049010700->39049000120,3.3861357905917493,3.3861357905917493,0.0,0.0,6.772271581183499,6.772271581183499,0.0,0.0
39049010700->39049000210,3.5308048086997954,3.5308048086997954,0.0,0.0,7.061609617399591,7.061609617399591,0.0,0.0
39049010700->39049006921,2.9209674586227643,2.9209674586227643,0.0,0.0,5.841934917245529,5.841934917245529,0.0,0.0
39049010700->39049007812,3.4594360552348666,3.4594360552348666,0.0,0.0,6.918872110469733,6.918872110469733,0.0,0.0
39049010700->39049006950,3.5712153254284416,3.5712153254284416,0.0,0.0,7.142430650856883,7.142430650856883,0.0,0.0
39049006351->39049006396,1.6493604111522673,1.6493604111522673,0.0,0.0,3.2987208223045346,3.2987208223045346,0.0,0.0
39049006351->39049006950,1.8972517695537254,1.8972517695537254,0.0,0.0,3.7945035391074504,3.7945035391074504,0.0,0.0
39049006351->39049006353,2.0533990930541783,2.0533990930541783,0.0,0.0,4.106798186108357,4.106798186108357,0.0,0.0
39049006351->39049006321,2.484699936492624,2.484699936492624,0.0,0.0,4.969399872985248,4.969399872985248,0.0,0.0
39049006351->39049007812,2.3870559967418106,2.3870559967418106,0.0,0.0,4.774111993483621,4.774111993483621,0.0,0.0
39049006351->39049006821,3.4851697755499043,3.4851697755499043,0.0,0.0,6.9703395510998085,6.9703395510998085,0.0,0.0
39049006351->39049006910,3.9914008891231836,3.9914008891231836,0.0,0.0,7.982801778246367,7.982801778246367,0.0,0.0
39049006351->39049006395,3.840595878791011,3.840595878791011,0.0,0.0,7.681191757582021,7.681191757582021,0.0,0.0
39049006351->39049006340,4.127947160890118,4.127947160890118,0.0,0.0,8.255894321780236,8.255894321780236,0.0,0.0
39049006351->39049006387,5.7704667946224095,5.7704667946224095,0.0,0.0,11.540933589244819,11.540933589244819,0.0,0.0
39049007721->39049007722,1.635063866784104,1.635063866784104,0.0,0.0,3.270127733568208,3.270127733568208,0.0,0.0
39049007721->39049006933,1.6611425647186762,1.6611425647186762,0.0,0.0,3.3222851294373523,3.3222851294373523,0.0,0.0
39049007721->39049006932,2.737796146967818,2.737796146967818,0.0,0.0,5.475592293935636,5.475592293935636,0.0,0.0
39049007721->39049007531,2.172995347796835,2.172995347796835,0.0,0.0,4.34599069559367,4.34599069559367,0.0,0.0
39049007721->39049007710,2.867359415145354,2.867359415145354,0.0,0.0,5.734718830290708,5.734718830290708,0.0,0.0
39049007721->39049007533,3.077987752496667,3.077987752496667,0.0,0.0,6.155975504993334,6.155975504993334,0.0,0.0
39049007721->39049007730,2.940024882792954,2.940024882792954,0.0,0.0,5.880049765585908,5.880049765585908,0.0,0.0
39049007721->39049006924,3.2313863234994322,3.2313863234994322,0.0,0.0,6.4627726469988644,6.4627726469988644,0.0,0.0
39049007721->39049007534,3.9334287504814065,3.9334287504814065,0.0,0.0,7.866857500962813,7.866857500962813,0.0,0.0
39049007721->39049000320,3.6304706205494073,3.6304706205494073,0.0,0.0,7.260941241098815,7.260941241098815,0.0,0.0
39049007721->39049007112,4.045715069256338,4.045715069256338,0.0,0.0,8.091430138512676,8.091430138512676,0.0,0.0
39049007721->39049007532,3.3071584482073435,3.3071584482073435,0.0,0.0,6.614316896414687,6.614316896414687,0.0,0.0
39049001122->39049007830,2.7298007326601366,2.7298007326601366,0.0,0.0,5.459601465320273,5.459601465320273,0.0,0.0
39049001122->39049006430,2.660112295619348,2.660112295619348,0.0,0.0,5.320224591238696,5.320224591238696,0.0,0.0
39049001122->39049006323,2.9334232325169363,2.9334232325169363,0.0,0.0,5.8668464650338725,5.8668464650338725,0.0,0.0
39049001122->39049001902,3.6445353389327613,3.6445353389327613,0.0,0.0,7.2890706778655225,7.2890706778655225,0.0,0.0
39049001122->39049000500,3.296728028830314,3.296728028830314,0.0,0.0,6.593456057660628,6.593456057660628,0.0,0.0
39049006372->39049006371,1.3561954531372058,1.3561954531372058,0.0,0.0,2.7123909062744116,2.7123909062744116,0.0,0.0
39049006372->39049006395,1.7814735428816217,1.7814735428816217,0.0,0.0,3.5629470857632435,3.5629470857632435,0.0,0.0
39049006372->39049006340,3.8599008588529475,3.8599008588529475,0.0,0.0,7.719801717705895,7.719801717705895,0.0,0.0
39049006372->39049007951,3.596865534480394,3.596865534480394,0.0,0.0,7.193731068960788,7.193731068960788,0.0,0.0
39049006372->39049006396,3.7918348401784487,3.7918348401784487,0.0,0.0,7.5836696803568975,7.5836696803568975,0.0,0.0
39049006372->39049006353,4.543195871563847,4.543195871563847,0.0,0.0,9.086391743127693,9.086391743127693,0.0,0.0
39049006372->39049006386,5.407051293355441,5.407051293355441,0.0,0.0,10.814102586710883,10.814102586710883,0.0,0.0
39049006372->39049006310,6.052542826371092,6.052542826371092,0.0,0.0,12.105085652742185,12.105085652742185,0.0,0.0
39049006372->39049006387,5.46936807415875,5.46936807415875,0.0,0.0,10.9387361483175,10.9387361483175,0.0,0.0
39049006372->39049006383,6.272844480461572,6.272844480461572,0.0,0.0,12.545688960923144,12.545688960923144,0.0,0.0
39049006372->39049006384,7.530979011248684,7.530979011248684,0.0,0.0,15.06195802249737,15.06195802249737,0.0,0.0
39049006372->39049006393,8.867235411906456,8.867235411906456,0.0,0.0,17.734470823812913,17.734470823812913,0.0,0.0
39049006395->39049006396,2.3671355475905838,2.3671355475905838,0.0,0.0,4.7342710951811675,4.7342710951811675,0.0,0.0
39049006395->39049006340,2.3888836422066175,2.3888836422066175,0.0,0.0,4.777767284413235,4.777767284413235,0.0,0.0
39049006395->39049006353,2.7633489600773236,2.7633489600773236,0.0,0.0,5.526697920154647,5.526697920154647,0.0,0.0
39049006395->39049006371,3.078779631027576,3.078779631027576,0.0,0.0,6.157559262055152,6.157559262055152,0.0,0.0
39049006395->39049006310,4.66018187314378,4.66018187314378,0.0,0.0,9.32036374628756,9.32036374628756,0.0,0.0
39049006395->39049007951,4.132626916181298,4.132626916181298,0.0,0.0,8.265253832362596,8.265253832362596,0.0,0.0
39049006395->39049006321,4.625362111310469,4.625362111310469,0.0,0.0,9.250724222620939,9.250724222620939,0.0,0.0
39049001121->39049001810,1.2892248384421852,1.2892248384421852,0.0,0.0,2.5784496768843703,2.5784496768843703,0.0,0.0
39049001121->39049001200,1.3102493157837278,1.3102493157837278,0.0,0.0,2.6204986315674557,2.6204986315674557,0.0,0.0
39049001121->39049001300,1.4047898959833052,1.4047898959833052,0.0,0.0,2.8095797919666103,2.8095797919666103,0.0,0.0
39049001121->39049001820,1.9541173729637553,1.9541173729637553,0.0,0.0,3.9082347459275106,3.9082347459275106,0.0,0.0
39049001121->39049001000,1.8131972449491183,1.8131972449491183,0.0,0.0,3.6263944898982365,3.6263944898982365,0.0,0.0
39049001121->39049001700,1.9038455274623716,1.9038455274623716,0.0,0.0,3.8076910549247427,3.8076910549247427,0.0,0.0
39049001121->39049000600,2.376942325672736,2.376942325672736,0.0,0.0,4.753884651345472,4.753884651345472,0.0,0.0
39049001121->39049001600,2.246468994874964,2.246468994874964,0.0,0.0,4.492937989749928,4.492937989749928,0.0,0.0
39049001121->39049002000,2.8533700605330266,2.8533700605330266,0.0,0.0,5.706740121066053,5.706740121066053,0.0,0.0
39049001121->39049002100,3.1654624445209807,3.1654624445209807,0.0,0.0,6.330924889041961,6.330924889041961,0.0,0.0
39049001121->39049000500,3.0275425692137765,3.0275425692137765,0.0,0.0,6.055085138427553,6.055085138427553,0.0,0.0
39049001121->39049007830,3.593860027869665,3.593860027869665,0.0,0.0,7.18772005573933,7.18772005573933,0.0,0.0
39049001200->39049001300,0.9241243525485076,0.9241243525485076,0.0,0.0,1.848248705097015,1.848248705097015,0.0,0.0
39049001200->39049001000,1.0338560814470392,1.0338560814470392,0.0,0.0,2.0677121628940784,2.0677121628940784,0.0,0.0
39049001200->39049000600,1.7191868289034196,1.7191868289034196,0.0,0.0,3.438373657806839,3.438373657806839,0.0,0.0
39049001200->39049001600,2.0309061031925304,2.0309061031925304,0.0,0.0,4.061812206385061,4.061812206385061,0.0,0.0
39049001200->39049001700,2.111401205490947,2.111401205490947,0.0,0.0,4.222802410981894,4.222802410981894,0.0,0.0
39049001200->39049001810,2.217777243696568,2.217777243696568,0.0,0.0,4.435554487393136,4.435554487393136,0.0,0.0
39049001200->39049000500,2.663908587008298,2.663908587008298,0.0,0.0,5.327817174016596,5.327817174016596,0.0,0.0
39049001200->39049001820,2.7996662866977475,2.7996662866977475,0.0,0.0,5.599332573395495,5.599332573395495,0.0,0.0
39049001200->39049001400,2.6807064922200357,2.6807064922200357,0.0,0.0,5.361412984440071,5.361412984440071,0.0,0.0
39049001200->39049000720,2.3640570860712735,2.3640570860712735,0.0,0.0,4.728114172142547,4.728114172142547,0.0,0.0
39049007132->39049007202,1.759528922440371,1.759528922440371,0.0,0.0,3.519057844880742,3.519057844880742,0.0,0.0
39049007132->39049010000,2.60807645054085,2.60807645054085,0.0,0.0,5.2161529010817,5.2161529010817,0.0,0.0
39049007132->39049007209,3.598755934759394,3.598755934759394,0.0,0.0,7.197511869518788,7.197511869518788,0.0,0.0
39049007132->39049007492,4.23762034317309,4.23762034317309,0.0,0.0,8.47524068634618,8.47524068634618,0.0,0.0
39049007132->39049007198,4.083672071784698,4.083672071784698,0.0,0.0,8.167344143569396,8.167344143569396,0.0,0.0
39049007132->39049007494,4.746122209386074,4.746122209386074,0.0,0.0,9.492244418772149,9.492244418772149,0.0,0.0
39049007132->39049007207,5.692993992807955,5.692993992807955,0.0,0.0,11.38598798561591,11.38598798561591,0.0,0.0
39049007132->39049007194,6.216220486256073,6.216220486256073,0.0,0.0,12.432440972512145,12.432440972512145,0.0,0.0
39049007132->39049007205,8.13561367160275,8.13561367160275,0.0,0.0,16.2712273432055,16.2712273432055,0.0,0.0
39049007132->39049007210,6.66653159369532,6.66653159369532,0.0,0.0,13.33306318739064,13.33306318739064,0.0,0.0
39049007132->39049007426,7.68066322829077,7.68066322829077,0.0,0.0,15.36132645658154,15.36132645658154,0.0,0.0
39049007132->39049007193,8.058848953852822,8.058848953852822,0.0,0.0,16.117697907705644,16.117697907705644,0.0,0.0
39049007132->39049007393,5.813844606480033,5.813844606480033,0.0,0.0,11.627689212960066,11.627689212960066,0.0,0.0
39049006500->39049006600,0.6307175000533047,0.6307175000533047,0.0,0.0,1.2614350001066095,1.2614350001066095,0.0,0.0
39049006500->39049007941,1.0323212040776157,1.0323212040776157,0.0,0.0,2.0646424081552315,2.0646424081552315,0.0,0.0
39049006500->39049006410,1.9726847675733004,1.9726847675733004,0.0,0.0,3.9453695351466003,3.9453695351466003,0.0,0.0
39049006500->39049008241,1.6295146245661993,1.6295146245661993,0.0,0.0,3.2590292491323987,3.2590292491323987,0.0,0.0
39049006500->39049006430,3.017757932179917,3.017757932179917,0.0,0.0,6.035515864359834,6.035515864359834,0.0,0.0
39049006500->39049006330,3.574022344420216,3.574022344420216,0.0,0.0,7.148044688840432,7.148044688840432,0.0,0.0
39049006500->39049008400,3.8578059343312554,3.8578059343312554,0.0,0.0,7.715611868662512,7.715611868662512,0.0,0.0
39049006500->39049006323,4.676174384696756,4.676174384696756,0.0,0.0,9.352348769393512,9.352348769393512,0.0,0.0
39049006500->39049001902,4.282875840473122,4.282875840473122,0.0,0.0,8.565751680946244,8.565751680946244,0.0,0.0
39049006500->39049007830,4.344846604643538,4.344846604643538,0.0,0.0,8.689693209287077,8.689693209287077,0.0,0.0
39049006500->39049008242,5.191956902892015,5.191956902892015,0.0,0.0,10.38391380578403,10.38391380578403,0.0,0.0
39049006371->39049007951,4.220232276705745,4.220232276705745,0.0,0.0,8.44046455341149,8.44046455341149,0.0,0.0
39049006371->39049006340,5.21421678827573,5.21421678827573,0.0,0.0,10.42843357655146,10.42843357655146,0.0,0.0
39049006371->39049006386,4.821578430071643,4.821578430071643,0.0,0.0,9.643156860143286,9.643156860143286,0.0,0.0
39049006371->39049006383,5.4287219254138455,5.4287219254138455,0.0,0.0,10.857443850827691,10.857443850827691,0.0,0.0
39049006371->39049006396,4.774025257269665,4.774025257269665,0.0,0.0,9.54805051453933,9.54805051453933,0.0,0.0
39049006371->39049006387,5.1627128173996,5.1627128173996,0.0,0.0,10.3254256347992,10.3254256347992,0.0,0.0
39049006371->39049006353,5.805697915790621,5.805697915790621,0.0,0.0,11.611395831581243,11.611395831581243,0.0,0.0
39049006371->39049006384,6.694251648872377,6.694251648872377,0.0,0.0,13.388503297744753,13.388503297744753,0.0,0.0
39049006371->39049006230,8.855477609427881,8.855477609427881,0.0,0.0,17.710955218855762,17.710955218855762,0.0,0.0
39049006371->39049006393,7.83222133443049,7.83222133443049,0.0,0.0,15.66444266886098,15.66444266886098,0.0,0.0
39049006396->39049006353,2.0071359814552165,2.0071359814552165,0.0,0.0,4.014271962910433,4.014271962910433,0.0,0.0
39049006396->39049006950,2.8045643751092424,2.8045643751092424,0.0,0.0,5.609128750218485,5.609128750218485,0.0,0.0
39049006396->39049006321,3.457155376732588,3.457155376732588,0.0,0.0,6.914310753465176,6.914310753465176,0.0,0.0
39049006396->39049006340,3.4609725153504347,3.4609725153504347,0.0,0.0,6.921945030700869,6.921945030700869,0.0,0.0
39049006396->39049007812,3.9921350711798276,3.9921350711798276,0.0,0.0,7.984270142359655,7.984270142359655,0.0,0.0
39049006396->39049006387,4.842645437553111,4.842645437553111,0.0,0.0,9.685290875106222,9.685290875106222,0.0,0.0
39049006396->39049006386,5.562022196814602,5.562022196814602,0.0,0.0,11.124044393629203,11.124044393629203,0.0,0.0
39049006386->39049006387,1.152965328801836,1.152965328801836,0.0,0.0,2.305930657603672,2.305930657603672,0.0,0.0
39049006386->39049006383,1.4339806833287885,1.4339806833287885,0.0,0.0,2.867961366657577,2.867961366657577,0.0,0.0
39049006386->39049006384,2.398594553135432,2.398594553135432,0.0,0.0,4.797189106270864,4.797189106270864,0.0,0.0
39049006386->39049006394,4.14865944825081,4.14865944825081,0.0,0.0,8.29731889650162,8.29731889650162,0.0,0.0
39049006386->39049006393,4.24157623162253,4.24157623162253,0.0,0.0,8.48315246324506,8.48315246324506,0.0,0.0
39049006386->39049006392,3.410141899024286,3.410141899024286,0.0,0.0,6.820283798048572,6.820283798048572,0.0,0.0
39049006386->39049006391,3.9890502068659957,3.9890502068659957,0.0,0.0,7.978100413731991,7.978100413731991,0.0,0.0
39049006386->39041011421,6.5545101348785275,6.5545101348785275,0.0,0.0,13.109020269757055,13.109020269757055,0.0,0.0
39049005700->39049005200,0.7732323546790351,0.7732323546790351,0.0,0.0,1.5464647093580701,1.5464647093580701,0.0,0.0
39049005700->39049005810,1.1176149824922608,1.1176149824922608,0.0,0.0,2.2352299649845215,2.2352299649845215,0.0,0.0
39049005700->39049005620,1.623306913971449,1.623306913971449,0.0,0.0,3.246613827942898,3.246613827942898,0.0,0.0
39049005700->39049005820,2.0563703373644873,2.0563703373644873,0.0,0.0,4.1127406747289745,4.1127406747289745,0.0,0.0
39049005700->39049005610,1.6507906390307383,1.6507906390307383,0.0,0.0,3.3015812780614766,3.3015812780614766,0.0,0.0
39049005700->39049006100,2.921637495327659,2.921637495327659,0.0,0.0,5.843274990655318,5.843274990655318,0.0,0.0
39049005700->39049005500,2.4048882026673026,2.4048882026673026,0.0,0.0,4.809776405334605,4.809776405334605,0.0,0.0
39049005700->39049006000,2.8537328452727158,2.8537328452727158,0.0,0.0,5.7074656905454315,5.7074656905454315,0.0,0.0
39049005700->39049005300,2.761577940214645,2.761577940214645,0.0,0.0,5.52315588042929,5.52315588042929,0.0,0.0
39049005700->39049004200,3.422764920408674,3.422764920408674,0.0,0.0,6.845529840817348,6.845529840817348,0.0,0.0
39049006943->39049006944,0.6568252356518698,0.6568252356518698,0.0,0.0,1.3136504713037396,1.3136504713037396,0.0,0.0
39049006943->39049006942,0.6848539167241167,0.6848539167241167,0.0,0.0,1.3697078334482333,1.3697078334482333,0.0,0.0
39049006943->39049006923,3.044612859985513,3.044612859985513,0.0,0.0,6.089225719971026,6.089225719971026,0.0,0.0
39049006943->39049006931,3.051588645036365,3.051588645036365,0.0,0.0,6.10317729007273,6.10317729007273,0.0,0.0
39049006943->39049006945,3.3183650354620857,3.3183650354620857,0.0,0.0,6.636730070924171,6.636730070924171,0.0,0.0
39049006943->39049006990,3.9104329323251803,3.9104329323251803,0.0,0.0,7.820865864650361,7.820865864650361,0.0,0.0
39049006943->39049007047,4.317957684220205,4.317957684220205,0.0,0.0,8.63591536844041,8.63591536844041,0.0,0.0
39049006943->39049006921,4.0192368210427,4.0192368210427,0.0,0.0,8.0384736420854,8.0384736420854,0.0,0.0
39049006943->39049006722,3.5430053379897544,3.5430053379897544,0.0,0.0,7.086010675979509,7.086010675979509,0.0,0.0
39049006943->39049007048,4.551762856081697,4.551762856081697,0.0,0.0,9.103525712163394,9.103525712163394,0.0,0.0
39049006943->39041011561,7.531565827454055,7.531565827454055,0.0,0.0,15.063131654908112,15.063131654908112,0.0,0.0
39049007047->39049007048,1.969488006230002,1.969488006230002,0.0,0.0,3.938976012460004,3.938976012460004,0.0,0.0
39049007047->39049006990,2.3111337712976647,2.3111337712976647,0.0,0.0,4.6222675425953295,4.6222675425953295,0.0,0.0
39049007047->39049006942,3.9633426999741306,3.9633426999741306,0.0,0.0,7.926685399948262,7.926685399948262,0.0,0.0
39049007047->39049006944,4.2906066941952385,4.2906066941952385,0.0,0.0,8.581213388390477,8.581213388390477,0.0,0.0
39049007047->39049007043,3.6387657968145897,3.6387657968145897,0.0,0.0,7.277531593629179,7.277531593629179,0.0,0.0
39049007047->39041011561,4.296577073919498,4.296577073919498,0.0,0.0,8.593154147838996,8.593154147838996,0.0,0.0
39049007047->39049007044,4.127582010404692,4.127582010404692,0.0,0.0,8.255164020809383,8.255164020809383,0.0,0.0
39049009371->39049009383,2.0392863399612664,2.0392863399612664,0.0,0.0,4.078572679922533,4.078572679922533,0.0,0.0
39049009371->39049009312,2.235094744924203,2.235094744924203,0.0,0.0,4.470189489848406,4.470189489848406,0.0,0.0
39049009371->39049009361,2.4987877381536143,2.4987877381536143,0.0,0.0,4.997575476307229,4.997575476307229,0.0,0.0
39049009371->39049009372,3.1166644767939853,3.1166644767939853,0.0,0.0,6.233328953587971,6.233328953587971,0.0,0.0
39049009371->39049009386,2.7629089086801524,2.7629089086801524,0.0,0.0,5.525817817360305,5.525817817360305,0.0,0.0
39049009371->39049009384,3.6095553580678534,3.6095553580678534,0.0,0.0,7.219110716135707,7.219110716135707,0.0,0.0
39049009371->39049009373,4.599647382708525,4.599647382708525,0.0,0.0,9.19929476541705,9.19929476541705,0.0,0.0
39049009371->39049009350,4.497497672580775,4.497497672580775,0.0,0.0,8.99499534516155,8.99499534516155,0.0,0.0
39049009371->39049009311,4.2324331477194,4.2324331477194,0.0,0.0,8.4648662954388,8.4648662954388,0.0,0.0
39049009371->39049009340,4.409946098861915,4.409946098861915,0.0,0.0,8.81989219772383,8.81989219772383,0.0,0.0
39049009371->39049009362,5.930638297120569,5.930638297120569,0.0,0.0,11.861276594241138,11.861276594241138,0.0,0.0
39049009371->39049009374,5.327621580964223,5.327621580964223,0.0,0.0,10.655243161928446,10.655243161928446,0.0,0.0
39049009371->39045032702,4.838715012761862,4.838715012761862,0.0,0.0,9.677430025523725,9.677430025523725,0.0,0.0
39049009371->39045032701,6.676470970976725,6.676470970976725,0.0,0.0,13.35294194195345,13.35294194195345,0.0,0.0
39049009371->39049009410,5.543635514081256,5.543635514081256,0.0,0.0,11.087271028162512,11.087271028162512,0.0,0.0
39049007044->39041011561,1.4459695068481468,1.4459695068481468,0.0,0.0,2.8919390136962937,2.8919390136962937,0.0,0.0
39049007044->39049007043,1.4953227114665846,1.4953227114665846,0.0,0.0,2.990645422933169,2.990645422933169,0.0,0.0
39049007044->39049007041,1.6404411797589789,1.6404411797589789,0.0,0.0,3.2808823595179577,3.2808823595179577,0.0,0.0
39049007044->39049007048,2.342368197226133,2.342368197226133,0.0,0.0,4.684736394452266,4.684736394452266,0.0,0.0
39049007044->39049006722,4.898878717342626,4.898878717342626,0.0,0.0,9.797757434685252,9.797757434685252,0.0,0.0
39049007044->39049006721,4.941799317767025,4.941799317767025,0.0,0.0,9.88359863553405,9.88359863553405,0.0,0.0
39049007044->39049006391,4.790229472511313,4.790229472511313,0.0,0.0,9.580458945022626,9.580458945022626,0.0,0.0
39049007044->39049006710,6.992271630402928,6.992271630402928,0.0,0.0,13.984543260805856,13.984543260805856,0.0,0.0
39049007044->39041011421,6.764918401904618,6.764918401904618,0.0,0.0,13.529836803809236,13.529836803809236,0.0,0.0
39049006383->39049006384,1.2669568297084208,1.2669568297084208,0.0,0.0,2.5339136594168417,2.5339136594168417,0.0,0.0
39049006383->39049006387,2.5093763780860265,2.5093763780860265,0.0,0.0,5.018752756172053,5.018752756172053,0.0,0.0
39049006383->39049006393,2.853798179857947,2.853798179857947,0.0,0.0,5.707596359715894,5.707596359715894,0.0,0.0
39049006383->39049006394,3.2452001589743507,3.2452001589743507,0.0,0.0,6.490400317948701,6.490400317948701,0.0,0.0
39049006383->39049006391,4.232514693939423,4.232514693939423,0.0,0.0,8.465029387878847,8.465029387878847,0.0,0.0
39049006383->39049006392,4.363895052008699,4.363895052008699,0.0,0.0,8.727790104017398,8.727790104017398,0.0,0.0
39049006383->39041011421,5.546514139326082,5.546514139326082,0.0,0.0,11.093028278652165,11.093028278652165,0.0,0.0
39049007048->39049007043,1.6737974356773102,1.6737974356773102,0.0,0.0,3.3475948713546204,3.3475948713546204,0.0,0.0
39049007048->39041011561,3.000912986478906,3.000912986478906,0.0,0.0,6.001825972957812,6.001825972957812,0.0,0.0
39049007048->39049006722,4.098012480535099,4.098012480535099,0.0,0.0,8.196024961070197,8.196024961070197,0.0,0.0
39049007048->39049007041,3.5609647622111633,3.5609647622111633,0.0,0.0,7.121929524422327,7.121929524422327,0.0,0.0
39049007048->39049006942,4.487734176104912,4.487734176104912,0.0,0.0,8.975468352209823,8.975468352209823,0.0,0.0
39049007048->39049006944,4.803138551561007,4.803138551561007,0.0,0.0,9.606277103122014,9.606277103122014,0.0,0.0
39049007048->39049006990,4.1167169112999,4.1167169112999,0.0,0.0,8.2334338225998,8.2334338225998,0.0,0.0
39049007424->39049007551,1.1180395962625447,1.1180395962625447,0.0,0.0,2.2360791925250894,2.2360791925250894,0.0,0.0
39049007424->39049007494,2.244843843675211,2.244843843675211,0.0,0.0,4.489687687350422,4.489687687350422,0.0,0.0
39049007424->39049007550,3.770882930767164,3.770882930767164,0.0,0.0,7.541765861534328,7.541765861534328,0.0,0.0
39049007424->39049007425,3.6981434175672314,3.6981434175672314,0.0,0.0,7.396286835134463,7.396286835134463,0.0,0.0
39049007424->39049007492,4.045787714398223,4.045787714398223,0.0,0.0,8.091575428796446,8.091575428796446,0.0,0.0
39049007424->39049007533,4.164687242749888,4.164687242749888,0.0,0.0,8.329374485499777,8.329374485499777,0.0,0.0
39049007424->39049007532,4.682996823253102,4.682996823253102,0.0,0.0,9.365993646506205,9.365993646506205,0.0,0.0
39049007424->39049007534,4.510838285676026,4.510838285676026,0.0,0.0,9.021676571352051,9.021676571352051,0.0,0.0
39049007424->39049007426,4.781688722512508,4.781688722512508,0.0,0.0,9.563377445025017,9.563377445025017,0.0,0.0
39049000600->39049001000,0.686683563002929,0.686683563002929,0.0,0.0,1.373367126005858,1.373367126005858,0.0,0.0
39049000600->39049000500,1.010781283138529,1.010781283138529,0.0,0.0,2.021562566277058,2.021562566277058,0.0,0.0
39049000600->39049000420,2.1718727795125146,2.1718727795125146,0.0,0.0,4.343745559025029,4.343745559025029,0.0,0.0
39049000600->39049001300,2.6430313276239485,2.6430313276239485,0.0,0.0,5.286062655247897,5.286062655247897,0.0,0.0
39049000600->39049000220,3.009104866864887,3.009104866864887,0.0,0.0,6.018209733729774,6.018209733729774,0.0,0.0
39049000600->39049000710,2.5154716154858763,2.5154716154858763,0.0,0.0,5.0309432309717526,5.0309432309717526,0.0,0.0
39049007205->39049007210,2.8522278250224944,2.8522278250224944,0.0,0.0,5.704455650044989,5.704455650044989,0.0,0.0
39049007205->39049007207,2.9167295425905455,2.9167295425905455,0.0,0.0,5.833459085181091,5.833459085181091,0.0,0.0
39049007205->39049007209,5.716529522249037,5.716529522249037,0.0,0.0,11.433059044498075,11.433059044498075,0.0,0.0
39049007205->39049010000,7.155421822209878,7.155421822209878,0.0,0.0,14.310843644419757,14.310843644419757,0.0,0.0
39049007205->39049007393,9.626334932729334,9.626334932729334,0.0,0.0,19.252669865458667,19.252669865458667,0.0,0.0
39049007205->39049007394,11.055701122686646,11.055701122686646,0.0,0.0,22.11140224537329,22.11140224537329,0.0,0.0
39049007205->39049007202,9.418766272956823,9.418766272956823,0.0,0.0,18.837532545913646,18.837532545913646,0.0,0.0
39049007205->39049007198,9.198519395430333,9.198519395430333,0.0,0.0,18.397038790860666,18.397038790860666,0.0,0.0
39049007205->39049007194,9.117922608918427,9.117922608918427,0.0,0.0,18.235845217836854,18.235845217836854,0.0,0.0
39049007210->39049007209,3.4438248364162414,3.4438248364162414,0.0,0.0,6.887649672832483,6.887649672832483,0.0,0.0
39049007210->39049007207,3.5885481747699317,3.5885481747699317,0.0,0.0,7.177096349539863,7.177096349539863,0.0,0.0
39049007210->39049007393,6.875594625650611,6.875594625650611,0.0,0.0,13.751189251301222,13.751189251301222,0.0,0.0
39049007210->39049007394,8.246189657437343,8.246189657437343,0.0,0.0,16.492379314874686,16.492379314874686,0.0,0.0
39049007210->39049010000,6.643901744274237,6.643901744274237,0.0,0.0,13.287803488548475,13.287803488548475,0.0,0.0
39049007210->39049007492,9.181236464249139,9.181236464249139,0.0,0.0,18.362472928498278,18.362472928498278,0.0,0.0
39049007210->39049007202,8.25970348473333,8.25970348473333,0.0,0.0,16.51940696946666,16.51940696946666,0.0,0.0
39049007210->39049007198,8.96050500961817,8.96050500961817,0.0,0.0,17.92101001923634,17.92101001923634,0.0,0.0
39049006822->39049006810,0.5850192267041163,0.5850192267041163,0.0,0.0,1.1700384534082326,1.1700384534082326,0.0,0.0
39049006822->39049006910,1.9441800915126446,1.9441800915126446,0.0,0.0,3.888360183025289,3.888360183025289,0.0,0.0
39049006822->39049006821,1.3128186948170095,1.3128186948170095,0.0,0.0,2.625637389634019,2.625637389634019,0.0,0.0
39049006822->39049006710,1.9178730500876346,1.9178730500876346,0.0,0.0,3.8357461001752693,3.8357461001752693,0.0,0.0
39049006822->39049000110,2.481746755208144,2.481746755208144,0.0,0.0,4.963493510416288,4.963493510416288,0.0,0.0
39049006822->39049006921,2.7847861282573714,2.7847861282573714,0.0,0.0,5.569572256514743,5.569572256514743,0.0,0.0
39049006822->39049006950,3.236871403884372,3.236871403884372,0.0,0.0,6.473742807768744,6.473742807768744,0.0,0.0
39049006822->39049006722,4.157996878544713,4.157996878544713,0.0,0.0,8.315993757089426,8.315993757089426,0.0,0.0
39049006822->39049006721,4.425669790345771,4.425669790345771,0.0,0.0,8.851339580691542,8.851339580691542,0.0,0.0
39049007812->39049006321,2.092000527701824,2.092000527701824,0.0,0.0,4.184001055403648,4.184001055403648,0.0,0.0
39049007812->39049006950,3.125576299675176,3.125576299675176,0.0,0.0,6.251152599350352,6.251152599350352,0.0,0.0
39049007812->39049000120,2.602112723164075,2.602112723164075,0.0,0.0,5.20422544632815,5.20422544632815,0.0,0.0
39049007812->39049006821,2.867868717984265,2.867868717984265,0.0,0.0,5.73573743596853,5.73573743596853,0.0,0.0
39049007812->39049000210,3.02044194451873,3.02044194451873,0.0,0.0,6.04088388903746,6.04088388903746,0.0,0.0
39049007812->39049000110,3.1112464971874116,3.1112464971874116,0.0,0.0,6.222492994374823,6.222492994374823,0.0,0.0
39049007812->39049006353,3.3620173856392537,3.3620173856392537,0.0,0.0,6.724034771278507,6.724034771278507,0.0,0.0
39049006950->39049006910,2.122869081124088,2.122869081124088,0.0,0.0,4.245738162248176,4.245738162248176,0.0,0.0
39049006950->39049006821,2.3170147228311846,2.3170147228311846,0.0,0.0,4.634029445662369,4.634029445662369,0.0,0.0
39049006950->39049006321,4.169075825314944,4.169075825314944,0.0,0.0,8.338151650629888,8.338151650629888,0.0,0.0
39049006950->39049006392,4.4906326797633636,4.4906326797633636,0.0,0.0,8.981265359526727,8.981265359526727,0.0,0.0
39049006950->39049006353,3.932065307212513,3.932065307212513,0.0,0.0,7.864130614425026,7.864130614425026,0.0,0.0
39049006950->39049006387,4.952978301019103,4.952978301019103,0.0,0.0,9.905956602038206,9.905956602038206,0.0,0.0
39049006932->39049006933,1.0824455259024854,1.0824455259024854,0.0,0.0,2.164891051804971,2.164891051804971,0.0,0.0
39049006932->39049006931,1.5126817946432938,1.5126817946432938,0.0,0.0,3.0253635892865876,3.0253635892865876,0.0,0.0
39049006932->39049007112,2.1706723954817204,2.1706723954817204,0.0,0.0,4.341344790963441,4.341344790963441,0.0,0.0
39049006932->39049006923,2.435630273096595,2.435630273096595,0.0,0.0,4.87126054619319,4.87126054619319,0.0,0.0
39049006932->39049006945,2.846245589472785,2.846245589472785,0.0,0.0,5.69249117894557,5.69249117894557,0.0,0.0
39049006932->39049006924,2.5406083712445255,2.5406083712445255,0.0,0.0,5.081216742489051,5.081216742489051,0.0,0.0
39049006932->39049007531,3.4992187032426925,3.4992187032426925,0.0,0.0,6.998437406485385,6.998437406485385,0.0,0.0
39049006932->39049007722,4.111683984748924,4.111683984748924,0.0,0.0,8.223367969497849,8.223367969497849,0.0,0.0
39049006932->39049007730,3.5524720211878797,3.5524720211878797,0.0,0.0,7.1049440423757595,7.1049440423757595,0.0,0.0
39049006932->39049007115,3.9181020910445796,3.9181020910445796,0.0,0.0,7.836204182089159,7.836204182089159,0.0,0.0
39049006932->39049006942,4.6825863407954955,4.6825863407954955,0.0,0.0,9.365172681590991,9.365172681590991,0.0,0.0
39049006932->39049007114,4.7732821219310635,4.7732821219310635,0.0,0.0,9.546564243862127,9.546564243862127,0.0,0.0
39049006932->39049006944,4.352442008680736,4.352442008680736,0.0,0.0,8.704884017361472,8.704884017361472,0.0,0.0
39049006931->39049006945,1.7681999761388776,1.7681999761388776,0.0,0.0,3.536399952277755,3.536399952277755,0.0,0.0
39049006931->39049006923,1.9963574464076845,1.9963574464076845,0.0,0.0,3.9927148928153686,3.9927148928153686,0.0,0.0
39049006931->39049006933,2.591195767278709,2.591195767278709,0.0,0.0,5.182391534557418,5.182391534557418,0.0,0.0
39049006931->39049007112,2.2121951780413323,2.2121951780413323,0.0,0.0,4.4243903560826645,4.4243903560826645,0.0,0.0
39049006931->39049006944,2.8558892171255623,2.8558892171255623,0.0,0.0,5.711778434251125,5.711778434251125,0.0,0.0
39049006931->39049006942,3.1860842931548463,3.1860842931548463,0.0,0.0,6.372168586309693,6.372168586309693,0.0,0.0
39049006931->39049006924,3.2324867846613587,3.2324867846613587,0.0,0.0,6.4649735693227175,6.4649735693227175,0.0,0.0
39049006931->39049007115,3.435536316783957,3.435536316783957,0.0,0.0,6.871072633567914,6.871072633567914,0.0,0.0
39049006931->39049007114,4.059832291012636,4.059832291012636,0.0,0.0,8.119664582025273,8.119664582025273,0.0,0.0
39049006931->39049006990,5.977187718302009,5.977187718302009,0.0,0.0,11.954375436604018,11.954375436604018,0.0,0.0
39049005820->39049006100,0.8758527857758186,0.8758527857758186,0.0,0.0,1.7517055715516372,1.7517055715516372,0.0,0.0
39049005820->39049005810,0.9450003649026194,0.9450003649026194,0.0,0.0,1.8900007298052388,1.8900007298052388,0.0,0.0
39049005820->39049006000,1.413765987345794,1.413765987345794,0.0,0.0,2.827531974691588,2.827531974691588,0.0,0.0
39049005820->39049005620,1.881609356771345,1.881609356771345,0.0,0.0,3.7632187135426904,3.7632187135426904,0.0,0.0
39049005820->39049008811,2.5133703207654974,2.5133703207654974,0.0,0.0,5.026740641530995,5.026740641530995,0.0,0.0
39049005820->39049005200,2.8072179853427666,2.8072179853427666,0.0,0.0,5.614435970685533,5.614435970685533,0.0,0.0
39049005820->39049005610,2.6946396445393255,2.6946396445393255,0.0,0.0,5.389279289078651,5.389279289078651,0.0,0.0
39049005820->39049008720,2.5909275070548117,2.5909275070548117,0.0,0.0,5.181855014109623,5.181855014109623,0.0,0.0
39049005820->39049005900,2.8366519095226406,2.8366519095226406,0.0,0.0,5.673303819045281,5.673303819045281,0.0,0.0
39049005820->39049008822,6.74391669299054,6.74391669299054,0.0,0.0,13.48783338598108,13.48783338598108,0.0,0.0
39049005820->39049008821,4.483767489665344,4.483767489665344,0.0,0.0,8.967534979330688,8.967534979330688,0.0,0.0
39049007395->39049007396,2.398547427051538,2.398547427051538,0.0,0.0,4.797094854103076,4.797094854103076,0.0,0.0
39049007395->39049009390,2.5105240001354834,2.5105240001354834,0.0,0.0,5.021048000270967,5.021048000270967,0.0,0.0
39049007395->39049009382,4.224530426328643,4.224530426328643,0.0,0.0,8.449060852657286,8.449060852657286,0.0,0.0
39049007395->39049009381,4.1826775360592405,4.1826775360592405,0.0,0.0,8.365355072118481,8.365355072118481,0.0,0.0
39049007395->39049009385,6.50007784573235,6.50007784573235,0.0,0.0,13.0001556914647,13.0001556914647,0.0,0.0
39049007395->39049009362,5.525694663595373,5.525694663595373,0.0,0.0,11.051389327190746,11.051389327190746,0.0,0.0
39049007395->39049009384,6.785788295719,6.785788295719,0.0,0.0,13.571576591438,13.571576591438,0.0,0.0
39049007395->39049007394,7.384490815992647,7.384490815992647,0.0,0.0,14.768981631985294,14.768981631985294,0.0,0.0
39049007395->39049009383,7.820017852483489,7.820017852483489,0.0,0.0,15.64003570496698,15.64003570496698,0.0,0.0
39049007395->39049009386,8.62914606947227,8.62914606947227,0.0,0.0,17.25829213894454,17.25829213894454,0.0,0.0
39049009381->39049009362,1.3609930748402046,1.3609930748402046,0.0,0.0,2.721986149680409,2.721986149680409,0.0,0.0
39049009381->39049009382,3.546501053686912,3.546501053686912,0.0,0.0,7.093002107373824,7.093002107373824,0.0,0.0
39049009381->39049009390,3.711745990005313,3.711745990005313,0.0,0.0,7.423491980010626,7.423491980010626,0.0,0.0
39049009381->39049009384,4.962122220629091,4.962122220629091,0.0,0.0,9.924244441258182,9.924244441258182,0.0,0.0
39049009381->39049009361,4.580806612900976,4.580806612900976,0.0,0.0,9.161613225801952,9.161613225801952,0.0,0.0
39049009381->39049009383,5.139558020396001,5.139558020396001,0.0,0.0,10.279116040792003,10.279116040792003,0.0,0.0
39049009381->39049007427,5.076141092234065,5.076141092234065,0.0,0.0,10.15228218446813,10.15228218446813,0.0,0.0
39049009381->39049009210,4.567869411587762,4.567869411587762,0.0,0.0,9.135738823175524,9.135738823175524,0.0,0.0
39049009381->39049007396,5.41129255601763,5.41129255601763,0.0,0.0,10.82258511203526,10.82258511203526,0.0,0.0
39049009381->39049009385,6.180486458474338,6.180486458474338,0.0,0.0,12.360972916948676,12.360972916948676,0.0,0.0
39049009381->39049007394,8.278360232421896,8.278360232421896,0.0,0.0,16.556720464843792,16.556720464843792,0.0,0.0
39049009362->39049009210,3.2129170655778716,3.2129170655778716,0.0,0.0,6.425834131155743,6.425834131155743,0.0,0.0
39049009362->39049009361,3.7258063094237595,3.7258063094237595,0.0,0.0,7.451612618847519,7.451612618847519,0.0,0.0
39049009362->39049007427,4.4343279294451055,4.4343279294451055,0.0,0.0,8.868655858890211,8.868655858890211,0.0,0.0
39049009362->39049009383,5.014011278991464,5.014011278991464,0.0,0.0,10.028022557982927,10.028022557982927,0.0,0.0
39049009362->39049009382,4.469433759372948,4.469433759372948,0.0,0.0,8.938867518745896,8.938867518745896,0.0,0.0
39049009362->39049009350,4.515646273432873,4.515646273432873,0.0,0.0,9.031292546865746,9.031292546865746,0.0,0.0
39049009362->39049009384,5.265131432531811,5.265131432531811,0.0,0.0,10.530262865063621,10.530262865063621,0.0,0.0
39049009362->39049009390,4.972917916604979,4.972917916604979,0.0,0.0,9.945835833209959,9.945835833209959,0.0,0.0
39049009362->39049007396,6.564352807694622,6.564352807694622,0.0,0.0,13.128705615389244,13.128705615389244,0.0,0.0
39049009362->39049007394,8.758828268974206,8.758828268974206,0.0,0.0,17.51765653794841,17.51765653794841,0.0,0.0
39049006353->39049006321,1.8639306877201174,1.8639306877201174,0.0,0.0,3.7278613754402348,3.7278613754402348,0.0,0.0
39049006353->39049006340,2.1290255951386667,2.1290255951386667,0.0,0.0,4.2580511902773335,4.2580511902773335,0.0,0.0
39049006353->39049006310,3.4876921896161925,3.4876921896161925,0.0,0.0,6.975384379232385,6.975384379232385,0.0,0.0
39049006353->39049007951,6.093432625225446,6.093432625225446,0.0,0.0,12.186865250450891,12.186865250450891,0.0,0.0
39049005610->39049005500,0.755034269907893,0.755034269907893,0.0,0.0,1.510068539815786,1.510068539815786,0.0,0.0
39049005610->39049005620,0.9151390208042017,0.9151390208042017,0.0,0.0,1.8302780416084035,1.8302780416084035,0.0,0.0
39049005610->39049005300,1.466639813883161,1.466639813883161,0.0,0.0,2.933279627766322,2.933279627766322,0.0,0.0
39049005610->39049005900,1.4466257082001186,1.4466257082001186,0.0,0.0,2.893251416400237,2.893251416400237,0.0,0.0
39049005610->39049005420,1.6044945838547602,1.6044945838547602,0.0,0.0,3.2089891677095204,3.2089891677095204,0.0,0.0
39049005610->39049005200,1.5813844735132327,1.5813844735132327,0.0,0.0,3.1627689470264655,3.1627689470264655,0.0,0.0
39049005610->39049005810,1.9690635930032796,1.9690635930032796,0.0,0.0,3.938127186006559,3.938127186006559,0.0,0.0
39049005610->39049003800,2.5117407956959856,2.5117407956959856,0.0,0.0,5.023481591391971,5.023481591391971,0.0,0.0
39049005610->39049006000,2.6160118239272023,2.6160118239272023,0.0,0.0,5.232023647854405,5.232023647854405,0.0,0.0
39049005610->39049008811,4.484579234781599,4.484579234781599,0.0,0.0,8.969158469563197,8.969158469563197,0.0,0.0
39049005610->39049008720,2.449068210158731,2.449068210158731,0.0,0.0,4.898136420317462,4.898136420317462,0.0,0.0
39049005610->39049008710,2.884829021677751,2.884829021677751,0.0,0.0,5.769658043355502,5.769658043355502,0.0,0.0
39049005610->39049006100,3.4972192895902388,3.4972192895902388,0.0,0.0,6.9944385791804775,6.9944385791804775,0.0,0.0
39049005810->39049005620,1.3629416540305288,1.3629416540305288,0.0,0.0,2.7258833080610576,2.7258833080610576,0.0,0.0
39049005810->39049006100,1.8185309135920904,1.8185309135920904,0.0,0.0,3.637061827184181,3.637061827184181,0.0,0.0
39049005810->39049005200,1.8622605776148793,1.8622605776148793,0.0,0.0,3.7245211552297586,3.7245211552297586,0.0,0.0
39049005810->39049006000,1.8857257530103508,1.8857257530103508,0.0,0.0,3.7714515060207012,3.7714515060207012,0.0,0.0
39049005810->39049005500,2.6443745632543614,2.6443745632543614,0.0,0.0,5.288749126508723,5.288749126508723,0.0,0.0
39049005810->39049005900,2.5516890775335406,2.5516890775335406,0.0,0.0,5.103378155067081,5.103378155067081,0.0,0.0
39049005810->39049008811,3.3754089240550904,3.3754089240550904,0.0,0.0,6.750817848110181,6.750817848110181,0.0,0.0
39049005810->39049008720,2.727473674750326,2.727473674750326,0.0,0.0,5.454947349500652,5.454947349500652,0.0,0.0
39049005810->39049008821,5.41468626682728,5.41468626682728,0.0,0.0,10.82937253365456,10.82937253365456,0.0,0.0
39049005200->39049005620,1.955976318755284,1.955976318755284,0.0,0.0,3.911952637510568,3.911952637510568,0.0,0.0
39049005200->39049005300,2.284682726244679,2.284682726244679,0.0,0.0,4.569365452489358,4.569365452489358,0.0,0.0
39049005200->39049005500,2.2621521629654717,2.2621521629654717,0.0,0.0,4.5243043259309434,4.5243043259309434,0.0,0.0
39049005200->39049003800,2.814798660163891,2.814798660163891,0.0,0.0,5.629597320327782,5.629597320327782,0.0,0.0
39049005200->39049006000,3.4513667064992744,3.4513667064992744,0.0,0.0,6.902733412998549,6.902733412998549,0.0,0.0
39049005200->39049004200,3.2089110152727733,3.2089110152727733,0.0,0.0,6.417822030545547,6.417822030545547,0.0,0.0
39049005200->39049006100,3.679117111267062,3.679117111267062,0.0,0.0,7.358234222534124,7.358234222534124,0.0,0.0
39049008161->39049009752,1.9646444518502553,1.9646444518502553,0.0,0.0,3.9292889037005105,3.9292889037005105,0.0,0.0
39049008161->39049008164,3.0460847699366123,3.0460847699366123,0.0,0.0,6.0921695398732245,6.0921695398732245,0.0,0.0
39049008161->39049008350,3.448535540196505,3.448535540196505,0.0,0.0,6.89707108039301,6.89707108039301,0.0,0.0
39049008161->39049008163,3.909776817197265,3.909776817197265,0.0,0.0,7.819553634394531,7.819553634394531,0.0,0.0
39049008161->39049008311,4.59992513479469,4.59992513479469,0.0,0.0,9.19985026958938,9.19985026958938,0.0,0.0
39049008161->39049008120,4.962287940048196,4.962287940048196,0.0,0.0,9.924575880096391,9.924575880096391,0.0,0.0
39049008161->39049008162,3.953838909604075,3.953838909604075,0.0,0.0,7.90767781920815,7.90767781920815,0.0,0.0
39049008161->39049008230,5.006427934293266,5.006427934293266,0.0,0.0,10.012855868586533,10.012855868586533,0.0,0.0
39049008161->39049008312,4.864803138741613,4.864803138741613,0.0,0.0,9.729606277483226,9.729606277483226,0.0,0.0
39049008161->39049009600,5.4122314347100655,5.4122314347100655,0.0,0.0,10.824462869420131,10.824462869420131,0.0,0.0
39049008161->39049009800,11.72749507238826,11.72749507238826,0.0,0.0,23.45499014477652,23.45499014477652,0.0,0.0
39049002780->39049008900,1.1121372758770587,1.1121372758770587,0.0,0.0,2.2242745517541174,2.2242745517541174,0.0,0.0
39049002780->39049009332,2.045981444314487,2.045981444314487,0.0,0.0,4.091962888628974,4.091962888628974,0.0,0.0
39049002780->39049002760,2.5140138644195273,2.5140138644195273,0.0,0.0,5.028027728839055,5.028027728839055,0.0,0.0
39049002780->39049009336,2.816672902170293,2.816672902170293,0.0,0.0,5.633345804340586,5.633345804340586,0.0,0.0
39049002780->39049008730,3.036866097140398,3.036866097140398,0.0,0.0,6.073732194280796,6.073732194280796,0.0,0.0
39049002780->39049009100,3.657526172224471,3.657526172224471,0.0,0.0,7.315052344448942,7.315052344448942,0.0,0.0
39049002780->39049002770,3.004341062989004,3.004341062989004,0.0,0.0,6.008682125978008,6.008682125978008,0.0,0.0
39049002780->39049009000,3.818732406451969,3.818732406451969,0.0,0.0,7.6374648129039375,7.6374648129039375,0.0,0.0
39049002780->39049005410,3.217473512778074,3.217473512778074,0.0,0.0,6.434947025556148,6.434947025556148,0.0,0.0
39049002780->39049009333,3.1458535391311093,3.1458535391311093,0.0,0.0,6.291707078262219,6.291707078262219,0.0,0.0
39049002780->39049008812,5.897715716892186,5.897715716892186,0.0,0.0,11.795431433784373,11.795431433784373,0.0,0.0
39049003700->39049005410,0.9138360482543016,0.9138360482543016,0.0,0.0,1.8276720965086033,1.8276720965086033,0.0,0.0
39049003700->39049002520,1.6055781060917391,1.6055781060917391,0.0,0.0,3.2111562121834782,3.2111562121834782,0.0,0.0
39049003700->39049005420,1.7839926283394973,1.7839926283394973,0.0,0.0,3.5679852566789947,3.5679852566789947,0.0,0.0
39049003700->39049002800,2.04206218486113,2.04206218486113,0.0,0.0,4.08412436972226,4.08412436972226,0.0,0.0
39049003700->39049003800,1.8434372721524979,1.8434372721524979,0.0,0.0,3.6868745443049957,3.6868745443049957,0.0,0.0
39049003700->39049005300,1.9608276484130793,1.9608276484130793,0.0,0.0,3.921655296826159,3.921655296826159,0.0,0.0
39049003700->39049003600,2.318126011651948,2.318126011651948,0.0,0.0,4.636252023303896,4.636252023303896,0.0,0.0
39049003700->39049005500,2.6449063700793363,2.6449063700793363,0.0,0.0,5.2898127401586725,5.2898127401586725,0.0,0.0
39049003700->39049009000,2.594143662370716,2.594143662370716,0.0,0.0,5.188287324741432,5.188287324741432,0.0,0.0
39049003700->39049002900,2.953637578244904,2.953637578244904,0.0,0.0,5.907275156489808,5.907275156489808,0.0,0.0
39049003700->39049008900,3.1742883550323153,3.1742883550323153,0.0,0.0,6.348576710064631,6.348576710064631,0.0,0.0
39049009361->39049009350,2.547981458229623,2.547981458229623,0.0,0.0,5.095962916459246,5.095962916459246,0.0,0.0
39049009361->39049009312,3.026609327773716,3.026609327773716,0.0,0.0,6.053218655547432,6.053218655547432,0.0,0.0
39049009361->39049009383,2.811071323781689,2.811071323781689,0.0,0.0,5.622142647563378,5.622142647563378,0.0,0.0
39049009361->39049009340,3.0670801569982937,3.0670801569982937,0.0,0.0,6.1341603139965875,6.1341603139965875,0.0,0.0
39049009361->39049009210,3.7666476963951614,3.7666476963951614,0.0,0.0,7.533295392790323,7.533295392790323,0.0,0.0
39049009361->39049009311,3.20754186717814,3.20754186717814,0.0,0.0,6.41508373435628,6.41508373435628,0.0,0.0
39049009361->39049009386,4.3959890837739675,4.3959890837739675,0.0,0.0,8.791978167547935,8.791978167547935,0.0,0.0
39049009361->39049009384,4.137473321998086,4.137473321998086,0.0,0.0,8.274946643996172,8.274946643996172,0.0,0.0
39049009361->39049009372,5.113424435175286,5.113424435175286,0.0,0.0,10.226848870350572,10.226848870350572,0.0,0.0
39049007209->39049007393,4.334618532992642,4.334618532992642,0.0,0.0,8.669237065985284,8.669237065985284,0.0,0.0
39049007209->39049007207,4.420745370264529,4.420745370264529,0.0,0.0,8.841490740529059,8.841490740529059,0.0,0.0
39049007209->39049010000,4.680764453679241,4.680764453679241,0.0,0.0,9.361528907358482,9.361528907358482,0.0,0.0
39049007209->39049007492,5.766917582796133,5.766917582796133,0.0,0.0,11.533835165592267,11.533835165592267,0.0,0.0
39049007209->39049007202,5.341115086267232,5.341115086267232,0.0,0.0,10.682230172534464,10.682230172534464,0.0,0.0
39049007209->39049007394,7.251447748173663,7.251447748173663,0.0,0.0,14.502895496347326,14.502895496347326,0.0,0.0
39049007209->39049007198,6.937184786807037,6.937184786807037,0.0,0.0,13.874369573614073,13.874369573614073,0.0,0.0
39049008340->39049008330,2.9432540207872617,2.9432540207872617,0.0,0.0,5.8865080415745235,5.8865080415745235,0.0,0.0
39049008340->39049004900,3.2375086406835574,3.2375086406835574,0.0,0.0,6.475017281367115,6.475017281367115,0.0,0.0
39049008340->39049004820,2.962191289050807,2.962191289050807,0.0,0.0,5.924382578101614,5.924382578101614,0.0,0.0
39049008340->39049005100,3.1538693791025167,3.1538693791025167,0.0,0.0,6.3077387582050335,6.3077387582050335,0.0,0.0
39049008340->39049008380,3.965752139357207,3.965752139357207,0.0,0.0,7.931504278714414,7.931504278714414,0.0,0.0
39049008340->39049008322,3.49329530474768,3.49329530474768,0.0,0.0,6.98659060949536,6.98659060949536,0.0,0.0
39049008340->39049004700,4.1152182918018365,4.1152182918018365,0.0,0.0,8.230436583603673,8.230436583603673,0.0,0.0
39049008340->39049004810,3.794567355172551,3.794567355172551,0.0,0.0,7.589134710345102,7.589134710345102,0.0,0.0
39049008340->39049005000,4.563125125477856,4.563125125477856,0.0,0.0,9.126250250955712,9.126250250955712,0.0,0.0
39049008340->39049008370,4.173065444935026,4.173065444935026,0.0,0.0,8.346130889870052,8.346130889870052,0.0,0.0
39049008340->39049009720,6.280943898327378,6.280943898327378,0.0,0.0,12.561887796654757,12.561887796654757,0.0,0.0
39049008330->39049005100,0.7045210678480935,0.7045210678480935,0.0,0.0,1.409042135696187,1.409042135696187,0.0,0.0
39049008330->39049004900,1.4215736702407666,1.4215736702407666,0.0,0.0,2.8431473404815333,2.8431473404815333,0.0,0.0
39049008330->39049005000,1.6519435162869194,1.6519435162869194,0.0,0.0,3.3038870325738388,3.3038870325738388,0.0,0.0
39049008330->39049004300,2.5145937360974964,2.5145937360974964,0.0,0.0,5.029187472194993,5.029187472194993,0.0,0.0
39049008330->39049004200,3.165989653281844,3.165989653281844,0.0,0.0,6.331979306563688,6.331979306563688,0.0,0.0
39049008330->39049004820,3.0551974197102476,3.0551974197102476,0.0,0.0,6.110394839420495,6.110394839420495,0.0,0.0
39049008330->39049004500,3.3106313621427885,3.3106313621427885,0.0,0.0,6.621262724285577,6.621262724285577,0.0,0.0
39049008330->39049004700,3.3119142398297576,3.3119142398297576,0.0,0.0,6.623828479659515,6.623828479659515,0.0,0.0
39049008330->39049008500,4.304398789781072,4.304398789781072,0.0,0.0,8.608797579562143,8.608797579562143,0.0,0.0
39049008330->39049008380,6.460833305386524,6.460833305386524,0.0,0.0,12.921666610773048,12.921666610773048,0.0,0.0
39049006921->39049006923,1.5274362484944517,1.5274362484944517,0.0,0.0,3.0548724969889034,3.0548724969889034,0.0,0.0
39049006921->39049006924,1.8906778795931554,1.8906778795931554,0.0,0.0,3.7813557591863107,3.7813557591863107,0.0,0.0
39049006921->39049006810,2.219075176220944,2.219075176220944,0.0,0.0,4.438150352441888,4.438150352441888,0.0,0.0
39049006921->39049007730,3.093553939165609,3.093553939165609,0.0,0.0,6.187107878331218,6.187107878331218,0.0,0.0
39049006921->39049006710,3.0517337172509174,3.0517337172509174,0.0,0.0,6.103467434501835,6.103467434501835,0.0,0.0
39049006921->39049007740,3.8656573107242727,3.8656573107242727,0.0,0.0,7.731314621448545,7.731314621448545,0.0,0.0
39049006921->39049000110,3.5319519877918175,3.5319519877918175,0.0,0.0,7.063903975583635,7.063903975583635,0.0,0.0
39049006921->39049006944,4.422412059541653,4.422412059541653,0.0,0.0,8.844824119083306,8.844824119083306,0.0,0.0
39049006921->39049006722,4.232714090290621,4.232714090290621,0.0,0.0,8.465428180581242,8.465428180581242,0.0,0.0
39049008811->39049006100,1.853974681049595,1.853974681049595,0.0,0.0,3.70794936209919,3.70794936209919,0.0,0.0
39049008811->39049008821,2.9913203146247076,2.9913203146247076,0.0,0.0,5.982640629249415,5.982640629249415,0.0,0.0
39049008811->39049006000,1.870521489642947,1.870521489642947,0.0,0.0,3.741042979285894,3.741042979285894,0.0,0.0
39049008811->39049008720,2.6933151055213984,2.6933151055213984,0.0,0.0,5.386630211042797,5.386630211042797,0.0,0.0
39049008811->39049005620,3.577881037215809,3.577881037215809,0.0,0.0,7.155762074431618,7.155762074431618,0.0,0.0
39049008811->39049005900,3.745534445757398,3.745534445757398,0.0,0.0,7.491068891514796,7.491068891514796,0.0,0.0
39049008811->39049008710,3.3997738848744357,3.3997738848744357,0.0,0.0,6.799547769748871,6.799547769748871,0.0,0.0
39049008811->39049008822,4.972471430485424,4.972471430485424,0.0,0.0,9.944942860970848,9.944942860970848,0.0,0.0
39049008811->39049009590,8.48558121758361,8.48558121758361,0.0,0.0,16.97116243516722,16.97116243516722,0.0,0.0
39049008811->39049008825,4.6396931155203065,4.6396931155203065,0.0,0.0,9.279386231040613,9.279386231040613,0.0,0.0
39049008811->39049008813,4.181104392308164,4.181104392308164,0.0,0.0,8.362208784616328,8.362208784616328,0.0,0.0
39049008811->39049009520,6.758360265246844,6.758360265246844,0.0,0.0,13.516720530493687,13.516720530493687,0.0,0.0
39049008720->39049008710,0.9563103251290649,0.9563103251290649,0.0,0.0,1.9126206502581296,1.9126206502581296,0.0,0.0
39049008720->39049005900,1.1981850627742763,1.1981850627742763,0.0,0.0,2.3963701255485526,2.3963701255485526,0.0,0.0
39049008720->39049006000,1.2968460176913188,1.2968460176913188,0.0,0.0,2.5936920353826376,2.5936920353826376,0.0,0.0
39049008720->39049005620,1.8150141412633862,1.8150141412633862,0.0,0.0,3.6300282825267725,3.6300282825267725,0.0,0.0
39049008720->39049005500,2.349061538237244,2.349061538237244,0.0,0.0,4.698123076474488,4.698123076474488,0.0,0.0
39049008720->39049005420,2.8828104342716063,2.8828104342716063,0.0,0.0,5.765620868543213,5.765620868543213,0.0,0.0
39049008720->39049008730,3.448193792077576,3.448193792077576,0.0,0.0,6.896387584155152,6.896387584155152,0.0,0.0
39049008720->39049006100,2.8445761341821485,2.8445761341821485,0.0,0.0,5.689152268364297,5.689152268364297,0.0,0.0
39049008720->39049008825,6.600469702754136,6.600469702754136,0.0,0.0,13.200939405508272,13.200939405508272,0.0,0.0
39049008720->39049008813,5.625716138436597,5.625716138436597,0.0,0.0,11.251432276873194,11.251432276873194,0.0,0.0
39049008730->39049009336,2.2239646815104175,2.2239646815104175,0.0,0.0,4.447929363020835,4.447929363020835,0.0,0.0
39049008730->39049008812,3.355496349404824,3.355496349404824,0.0,0.0,6.710992698809648,6.710992698809648,0.0,0.0
39049008730->39049008710,2.6449395469137578,2.6449395469137578,0.0,0.0,5.2898790938275155,5.2898790938275155,0.0,0.0
39049008730->39049009332,2.9160806659205933,2.9160806659205933,0.0,0.0,5.832161331841187,5.832161331841187,0.0,0.0
39049008730->39049008900,4.1277740679052535,4.1277740679052535,0.0,0.0,8.255548135810507,8.255548135810507,0.0,0.0
39049008730->39049005900,4.040503244956817,4.040503244956817,0.0,0.0,8.081006489913634,8.081006489913634,0.0,0.0
39049008730->39049008813,4.78606690108647,4.78606690108647,0.0,0.0,9.57213380217294,9.57213380217294,0.0,0.0
39049008730->39049005410,4.943291105878564,4.943291105878564,0.0,0.0,9.886582211757128,9.886582211757128,0.0,0.0
39049008730->39049009495,6.213301424364505,6.213301424364505,0.0,0.0,12.42660284872901,12.42660284872901,0.0,0.0
39049008730->39049009520,7.199318927169854,7.199318927169854,0.0,0.0,14.398637854339707,14.398637854339707,0.0,0.0
39049001902->39049007830,0.9196091903032358,0.9196091903032358,0.0,0.0,1.8392183806064717,1.8392183806064717,0.0,0.0
39049001902->39049008400,1.8108462556946945,1.8108462556946945,0.0,0.0,3.621692511389389,3.621692511389389,0.0,0.0
39049001902->39049008500,2.78686333117561,2.78686333117561,0.0,0.0,5.57372666235122,5.57372666235122,0.0,0.0
39049001902->39049006430,4.0274934433489795,4.0274934433489795,0.0,0.0,8.054986886697959,8.054986886697959,0.0,0.0
39049001902->39049004300,4.55729618006539,4.55729618006539,0.0,0.0,9.11459236013078,9.11459236013078,0.0,0.0
39049001902->39049006600,3.7573478450391296,3.7573478450391296,0.0,0.0,7.514695690078258,7.514695690078258,0.0,0.0
39049001902->39049002000,3.789146248526098,3.789146248526098,0.0,0.0,7.578292497052195,7.578292497052195,0.0,0.0
39049001902->39049001820,3.7821044134482547,3.7821044134482547,0.0,0.0,7.564208826896509,7.564208826896509,0.0,0.0
39049001902->39049008241,5.033679267496015,5.033679267496015,0.0,0.0,10.06735853499203,10.06735853499203,0.0,0.0
39049007550->39049007512,2.441118106786353,2.441118106786353,0.0,0.0,4.882236213572706,4.882236213572706,0.0,0.0
39049007550->39049007551,2.726961109518128,2.726961109518128,0.0,0.0,5.453922219036256,5.453922219036256,0.0,0.0
39049007550->39049002600,3.381721018863075,3.381721018863075,0.0,0.0,6.76344203772615,6.76344203772615,0.0,0.0
39049007550->39049007520,2.800575376971066,2.800575376971066,0.0,0.0,5.601150753942132,5.601150753942132,0.0,0.0
39049007550->39049002510,3.6405651155533536,3.6405651155533536,0.0,0.0,7.281130231106707,7.281130231106707,0.0,0.0
39049007550->39049007534,4.09087820410232,4.09087820410232,0.0,0.0,8.18175640820464,8.18175640820464,0.0,0.0
39049007550->39049002710,4.903475916539229,4.903475916539229,0.0,0.0,9.806951833078458,9.806951833078458,0.0,0.0
39049007550->39049007511,4.255925427598505,4.255925427598505,0.0,0.0,8.51185085519701,8.51185085519701,0.0,0.0
39049007550->39049007533,5.299849670859491,5.299849670859491,0.0,0.0,10.599699341718981,10.599699341718981,0.0,0.0
39049007550->39049007425,4.76485677630442,4.76485677630442,0.0,0.0,9.52971355260884,9.52971355260884,0.0,0.0
39049006923->39049006924,2.022555324005224,2.022555324005224,0.0,0.0,4.045110648010448,4.045110648010448,0.0,0.0
39049006923->39049006944,3.2756108537181934,3.2756108537181934,0.0,0.0,6.551221707436387,6.551221707436387,0.0,0.0
39049006923->39049007730,3.5319189660252635,3.5319189660252635,0.0,0.0,7.063837932050527,7.063837932050527,0.0,0.0
39049006923->39049006933,3.10400840630063,3.10400840630063,0.0,0.0,6.20801681260126,6.20801681260126,0.0,0.0
39049006923->39049006942,3.549529319353765,3.549529319353765,0.0,0.0,7.09905863870753,7.09905863870753,0.0,0.0
39049006923->39049006945,3.661660301248828,3.661660301248828,0.0,0.0,7.323320602497656,7.323320602497656,0.0,0.0
39049006000->39049005620,1.7158380159723843,1.7158380159723843,0.0,0.0,3.4316760319447686,3.4316760319447686,0.0,0.0
39049006000->39049006100,1.547733952762438,1.547733952762438,0.0,0.0,3.095467905524876,3.095467905524876,0.0,0.0
39049006000->39049005900,2.0055455901281656,2.0055455901281656,0.0,0.0,4.011091180256331,4.011091180256331,0.0,0.0
39049006000->39049008710,2.2448603612656193,2.2448603612656193,0.0,0.0,4.4897207225312386,4.4897207225312386,0.0,0.0
39049006000->39049005500,2.880672036863898,2.880672036863898,0.0,0.0,5.761344073727796,5.761344073727796,0.0,0.0
39049006000->39049008822,6.752480620143409,6.752480620143409,0.0,0.0,13.504961240286818,13.504961240286818,0.0,0.0
39049006000->39049008821,4.6183192388947045,4.6183192388947045,0.0,0.0,9.236638477789409,9.236638477789409,0.0,0.0
39049006000->39049009590,10.344710871512186,10.344710871512186,0.0,0.0,20.689421743024372,20.689421743024372,0.0,0.0
39049006000->39049008825,6.35311517258924,6.35311517258924,0.0,0.0,12.70623034517848,12.70623034517848,0.0,0.0
39049006000->39049008813,5.6376734245721885,5.6376734245721885,0.0,0.0,11.275346849144377,11.275346849144377,0.0,0.0
39049008822->39049008821,2.2696993969262524,2.2696993969262524,0.0,0.0,4.539398793852505,4.539398793852505,0.0,0.0
39049008822->39049009590,3.8519576542883383,3.8519576542883383,0.0,0.0,7.7039153085766765,7.7039153085766765,0.0,0.0
39049008822->39049008825,3.9884879235878916,3.9884879235878916,0.0,0.0,7.976975847175783,7.976975847175783,0.0,0.0
39049008822->39049006100,5.869382814560295,5.869382814560295,0.0,0.0,11.73876562912059,11.73876562912059,0.0,0.0
39049008822->39049008380,5.021995357613153,5.021995357613153,0.0,0.0,10.043990715226306,10.043990715226306,0.0,0.0
39049008822->39049008813,5.113175272027409,5.113175272027409,0.0,0.0,10.226350544054817,10.226350544054817,0.0,0.0
39049008822->39049009520,5.748116369250384,5.748116369250384,0.0,0.0,11.496232738500767,11.496232738500767,0.0,0.0
39049008822->39049010300,11.433884400346132,11.433884400346132,0.0,0.0,22.867768800692264,22.867768800692264,0.0,0.0
39049010200->39049009374,3.672086387789887,3.672086387789887,0.0,0.0,7.344172775579774,7.344172775579774,0.0,0.0
39049010200->39049009450,4.5435903053964175,4.5435903053964175,0.0,0.0,9.087180610792835,9.087180610792835,0.0,0.0
39049010200->39049009373,4.225783722958474,4.225783722958474,0.0,0.0,8.451567445916949,8.451567445916949,0.0,0.0
39049010200->39049009410,4.3001125787097685,4.3001125787097685,0.0,0.0,8.600225157419537,8.600225157419537,0.0,0.0
39049010200->39049009420,5.447346044050303,5.447346044050303,0.0,0.0,10.894692088100607,10.894692088100607,0.0,0.0
39049010200->39049009372,6.1301557733741925,6.1301557733741925,0.0,0.0,12.260311546748385,12.260311546748385,0.0,0.0
39049010200->39045032702,6.1057183572591365,6.1057183572591365,0.0,0.0,12.211436714518273,12.211436714518273,0.0,0.0
39049010200->39045032701,6.254225991288675,6.254225991288675,0.0,0.0,12.50845198257735,12.50845198257735,0.0,0.0
39049010200->39049009386,7.699442554132931,7.699442554132931,0.0,0.0,15.398885108265862,15.398885108265862,0.0,0.0
39049010200->39049009326,6.622129539490001,6.622129539490001,0.0,0.0,13.244259078980003,13.244259078980003,0.0,0.0
39049010200->39049009497,10.532187313739591,10.532187313739591,0.0,0.0,21.064374627479182,21.064374627479182,0.0,0.0
39049010200->39049009440,8.916407219798353,8.916407219798353,0.0,0.0,17.832814439596707,17.832814439596707,0.0,0.0
39049008311->39049008230,1.4016161495323196,1.4016161495323196,0.0,0.0,2.803232299064639,2.803232299064639,0.0,0.0
39049008311->39049008312,1.6887923003710419,1.6887923003710419,0.0,0.0,3.3775846007420838,3.3775846007420838,0.0,0.0
39049008311->39049008350,1.6046889337158414,1.6046889337158414,0.0,0.0,3.209377867431683,3.209377867431683,0.0,0.0
39049008311->39049008120,2.915921771904152,2.915921771904152,0.0,0.0,5.831843543808304,5.831843543808304,0.0,0.0
39049008311->39049008321,2.9882051639719807,2.9882051639719807,0.0,0.0,5.976410327943961,5.976410327943961,0.0,0.0
39049008311->39049008163,3.2581371205588314,3.2581371205588314,0.0,0.0,6.516274241117663,6.516274241117663,0.0,0.0
39049008311->39049008164,3.3899524563879315,3.3899524563879315,0.0,0.0,6.779904912775863,6.779904912775863,0.0,0.0
39049008311->39049008110,3.720280152750102,3.720280152750102,0.0,0.0,7.440560305500204,7.440560305500204,0.0,0.0
39049008311->39049004610,3.5138586773880958,3.5138586773880958,0.0,0.0,7.0277173547761915,7.0277173547761915,0.0,0.0
39049008311->39049009752,4.799443476017355,4.799443476017355,0.0,0.0,9.59888695203471,9.59888695203471,0.0,0.0
39049008311->39049008360,4.286777036429632,4.286777036429632,0.0,0.0,8.573554072859263,8.573554072859263,0.0,0.0
39049002000->39049001820,0.9090035686764878,0.9090035686764878,0.0,0.0,1.8180071373529756,1.8180071373529756,0.0,0.0
39049002000->39049003200,0.9573985532681162,0.9573985532681162,0.0,0.0,1.9147971065362324,1.9147971065362324,0.0,0.0
39049002000->39049002100,0.9696526831080292,0.9696526831080292,0.0,0.0,1.9393053662160584,1.9393053662160584,0.0,0.0
39049002000->39049001810,1.5670192388556143,1.5670192388556143,0.0,0.0,3.1340384777112287,3.1340384777112287,0.0,0.0
39049002000->39049002200,1.6509110581236373,1.6509110581236373,0.0,0.0,3.3018221162472745,3.3018221162472745,0.0,0.0
39049002000->39049001700,1.8604358044391158,1.8604358044391158,0.0,0.0,3.7208716088782317,3.7208716088782317,0.0,0.0
39049002000->39049001600,2.4753028293710724,2.4753028293710724,0.0,0.0,4.950605658742145,4.950605658742145,0.0,0.0
39049002000->39049001300,2.961411577624471,2.961411577624471,0.0,0.0,5.922823155248942,5.922823155248942,0.0,0.0
39049002000->39049005000,4.72881034230275,4.72881034230275,0.0,0.0,9.4576206846055,9.4576206846055,0.0,0.0
39049002000->39049008500,3.211249879667673,3.211249879667673,0.0,0.0,6.422499759335346,6.422499759335346,0.0,0.0
39049002000->39049004200,3.8831239352962608,3.8831239352962608,0.0,0.0,7.766247870592522,7.766247870592522,0.0,0.0
39049003600->39049002900,0.9339657106046739,0.9339657106046739,0.0,0.0,1.8679314212093479,1.8679314212093479,0.0,0.0
39049003600->39049003800,0.9535101889905936,0.9535101889905936,0.0,0.0,1.9070203779811874,1.9070203779811874,0.0,0.0
39049003600->39049002800,1.387937690783131,1.387937690783131,0.0,0.0,2.775875381566262,2.775875381566262,0.0,0.0
39049003600->39049005300,2.088217588227499,2.088217588227499,0.0,0.0,4.176435176454998,4.176435176454998,0.0,0.0
39049003600->39049002300,2.2051164625076347,2.2051164625076347,0.0,0.0,4.410232925015269,4.410232925015269,0.0,0.0
39049003600->39049002520,2.0233561264213207,2.0233561264213207,0.0,0.0,4.046712252842641,4.046712252842641,0.0,0.0
39049003600->39049003000,2.3105658261513256,2.3105658261513256,0.0,0.0,4.621131652302651,4.621131652302651,0.0,0.0
39049003600->39049005420,2.8743965596647474,2.8743965596647474,0.0,0.0,5.748793119329495,5.748793119329495,0.0,0.0
39049003600->39049005500,3.2517101628099834,3.2517101628099834,0.0,0.0,6.503420325619967,6.503420325619967,0.0,0.0
39049003600->39049005410,2.902422820219106,2.902422820219106,0.0,0.0,5.804845640438212,5.804845640438212,0.0,0.0
39049002100->39049002200,0.7720383018034623,0.7720383018034623,0.0,0.0,1.5440766036069247,1.5440766036069247,0.0,0.0
39049002100->39049003200,1.008275046507318,1.008275046507318,0.0,0.0,2.016550093014636,2.016550093014636,0.0,0.0
39049002100->39049001820,1.3613495235784752,1.3613495235784752,0.0,0.0,2.7226990471569503,2.7226990471569503,0.0,0.0
39049002100->39049001700,1.5859277644039043,1.5859277644039043,0.0,0.0,3.1718555288078085,3.1718555288078085,0.0,0.0
39049002100->39049001810,1.9464743229684824,1.9464743229684824,0.0,0.0,3.892948645936965,3.892948645936965,0.0,0.0
39049002100->39049001600,2.0037893651351713,2.0037893651351713,0.0,0.0,4.0075787302703425,4.0075787302703425,0.0,0.0
39049002100->39049003000,1.9573080979277009,1.9573080979277009,0.0,0.0,3.9146161958554018,3.9146161958554018,0.0,0.0
39049002100->39049001300,2.8149738870929766,2.8149738870929766,0.0,0.0,5.629947774185953,5.629947774185953,0.0,0.0
39049002100->39049004200,3.7861955167829797,3.7861955167829797,0.0,0.0,7.572391033565959,7.572391033565959,0.0,0.0
39049007112->39049006945,1.7840375789613705,1.7840375789613705,0.0,0.0,3.568075157922741,3.568075157922741,0.0,0.0
39049007112->39049007115,1.8314919264286011,1.8314919264286011,0.0,0.0,3.6629838528572023,3.6629838528572023,0.0,0.0
39049007112->39049007114,2.786584614811453,2.786584614811453,0.0,0.0,5.573169229622906,5.573169229622906,0.0,0.0
39049007112->39049006933,2.8066380746889488,2.8066380746889488,0.0,0.0,5.6132761493778975,5.6132761493778975,0.0,0.0
39049007112->39049007113,2.7787694676364523,2.7787694676364523,0.0,0.0,5.5575389352729045,5.5575389352729045,0.0,0.0
39049007112->39049007531,3.505347003554021,3.505347003554021,0.0,0.0,7.010694007108042,7.010694007108042,0.0,0.0
39049007112->39049007532,3.8791395198968037,3.8791395198968037,0.0,0.0,7.758279039793608,7.758279039793608,0.0,0.0
39049007112->39049007120,3.8324306391295515,3.8324306391295515,0.0,0.0,7.664861278259102,7.664861278259102,0.0,0.0
39049006945->39049007115,1.9392577140241902,1.9392577140241902,0.0,0.0,3.8785154280483805,3.8785154280483805,0.0,0.0
39049006945->39049007114,2.349197384967697,2.349197384967697,0.0,0.0,4.698394769935394,4.698394769935394,0.0,0.0
39049006945->39049006944,2.8040943864074346,2.8040943864074346,0.0,0.0,5.608188772814869,5.608188772814869,0.0,0.0
39049006945->39049006942,3.070979510814979,3.070979510814979,0.0,0.0,6.141959021629958,6.141959021629958,0.0,0.0
39049006945->39049006933,3.847905909504604,3.847905909504604,0.0,0.0,7.695811819009208,7.695811819009208,0.0,0.0
39049006945->39049006990,4.944303281845994,4.944303281845994,0.0,0.0,9.888606563691988,9.888606563691988,0.0,0.0
39049006945->39049007120,4.04976237299771,4.04976237299771,0.0,0.0,8.09952474599542,8.09952474599542,0.0,0.0
39049007115->39049007114,1.005183019588557,1.005183019588557,0.0,0.0,2.010366039177114,2.010366039177114,0.0,0.0
39049007115->39049007120,2.183191710182323,2.183191710182323,0.0,0.0,4.366383420364646,4.366383420364646,0.0,0.0
39049007115->39049007113,2.8353032222557895,2.8353032222557895,0.0,0.0,5.670606444511579,5.670606444511579,0.0,0.0
39049007115->39049007532,4.940367170615843,4.940367170615843,0.0,0.0,9.880734341231687,9.880734341231687,0.0,0.0
39049007115->39049007531,4.91971232034696,4.91971232034696,0.0,0.0,9.83942464069392,9.83942464069392,0.0,0.0
39049007115->39049007198,4.298806893333658,4.298806893333658,0.0,0.0,8.597613786667315,8.597613786667315,0.0,0.0
39049007115->39049007193,6.415874784201211,6.415874784201211,0.0,0.0,12.831749568402422,12.831749568402422,0.0,0.0
39049007115->39049006990,5.798749327814028,5.798749327814028,0.0,0.0,11.597498655628057,11.597498655628057,0.0,0.0
39049007115->39049007194,4.924706771908028,4.924706771908028,0.0,0.0,9.849413543816055,9.849413543816055,0.0,0.0
39049009374->39045032702,2.4590052127019337,2.4590052127019337,0.0,0.0,4.9180104254038675,4.9180104254038675,0.0,0.0
39049009374->39045032701,3.1318051224109635,3.1318051224109635,0.0,0.0,6.263610244821927,6.263610244821927,0.0,0.0
39049009374->39049009386,4.192593367655438,4.192593367655438,0.0,0.0,8.385186735310876,8.385186735310876,0.0,0.0
39049009374->39049009373,3.8707473008380795,3.8707473008380795,0.0,0.0,7.741494601676159,7.741494601676159,0.0,0.0
39049009374->39049009383,5.659727825334647,5.659727825334647,0.0,0.0,11.319455650669294,11.319455650669294,0.0,0.0
39049009374->39049009384,5.966783950735075,5.966783950735075,0.0,0.0,11.93356790147015,11.93356790147015,0.0,0.0
39049009374->39049009372,4.888655677481269,4.888655677481269,0.0,0.0,9.777311354962539,9.777311354962539,0.0,0.0
39049009374->39049009410,4.792248170632115,4.792248170632115,0.0,0.0,9.58449634126423,9.58449634126423,0.0,0.0
39049009374->39049009450,7.6580358505835635,7.6580358505835635,0.0,0.0,15.316071701167125,15.316071701167125,0.0,0.0
39049009374->39049009385,6.425557093267236,6.425557093267236,0.0,0.0,12.851114186534472,12.851114186534472,0.0,0.0
39049009325->39049009337,1.3196086237994684,1.3196086237994684,0.0,0.0,2.639217247598937,2.639217247598937,0.0,0.0
39049009325->39049009326,2.1075749059289612,2.1075749059289612,0.0,0.0,4.2151498118579225,4.2151498118579225,0.0,0.0
39049009325->39049009334,2.4340940077949393,2.4340940077949393,0.0,0.0,4.868188015589879,4.868188015589879,0.0,0.0
39049009325->39049009322,2.691047422458686,2.691047422458686,0.0,0.0,5.382094844917372,5.382094844917372,0.0,0.0
39049009325->39049009321,3.781285718032819,3.781285718032819,0.0,0.0,7.562571436065638,7.562571436065638,0.0,0.0
39049009325->39049009331,3.685152558300316,3.685152558300316,0.0,0.0,7.370305116600632,7.370305116600632,0.0,0.0
39049009325->39049009420,3.284521299242565,3.284521299242565,0.0,0.0,6.56904259848513,6.56904259848513,0.0,0.0
39049009325->39049009333,3.826769951435171,3.826769951435171,0.0,0.0,7.653539902870342,7.653539902870342,0.0,0.0
39049009325->39049009430,4.764544049217674,4.764544049217674,0.0,0.0,9.529088098435349,9.529088098435349,0.0,0.0
39049009325->39049009373,4.988651707113797,4.988651707113797,0.0,0.0,9.977303414227594,9.977303414227594,0.0,0.0
39049009325->39049008812,5.141664277532893,5.141664277532893,0.0,0.0,10.283328555065786,10.283328555065786,0.0,0.0
39049009325->39049009372,4.166957604250527,4.166957604250527,0.0,0.0,8.333915208501054,8.333915208501054,0.0,0.0
39049009325->39049009410,4.458851059917644,4.458851059917644,0.0,0.0,8.917702119835289,8.917702119835289,0.0,0.0
39049002730->39049002750,0.31292357292135453,0.31292357292135453,0.0,0.0,0.6258471458427091,0.6258471458427091,0.0,0.0
39049002730->39049002740,1.6245899102523371,1.6245899102523371,0.0,0.0,3.2491798205046742,3.2491798205046742,0.0,0.0
39049002730->39049009220,1.9953874529156113,1.9953874529156113,0.0,0.0,3.9907749058312225,3.9907749058312225,0.0,0.0
39049002730->39049002710,1.7401676924003098,1.7401676924003098,0.0,0.0,3.4803353848006195,3.4803353848006195,0.0,0.0
39049002730->39049009230,2.5928224120036876,2.5928224120036876,0.0,0.0,5.185644824007375,5.185644824007375,0.0,0.0
39049002730->39049002760,3.072999175018584,3.072999175018584,0.0,0.0,6.145998350037168,6.145998350037168,0.0,0.0
39049002730->39049009100,2.7697465334291858,2.7697465334291858,0.0,0.0,5.5394930668583715,5.5394930668583715,0.0,0.0
39049002730->39049002770,3.5686460812863996,3.5686460812863996,0.0,0.0,7.137292162572799,7.137292162572799,0.0,0.0
39049002730->39049002600,3.1532813984194434,3.1532813984194434,0.0,0.0,6.306562796838887,6.306562796838887,0.0,0.0
39049002730->39049009240,3.212372753134684,3.212372753134684,0.0,0.0,6.424745506269368,6.424745506269368,0.0,0.0
39049002730->39049007425,6.8607515100576455,6.8607515100576455,0.0,0.0,13.721503020115291,13.721503020115291,0.0,0.0
39049001400->39049001500,0.6783671310686026,0.6783671310686026,0.0,0.0,1.3567342621372052,1.3567342621372052,0.0,0.0
39049001400->39049000720,1.162061379493348,1.162061379493348,0.0,0.0,2.324122758986696,2.324122758986696,0.0,0.0
39049001400->39049000730,1.3553035329852667,1.3553035329852667,0.0,0.0,2.7106070659705335,2.7106070659705335,0.0,0.0
39049001400->39049002300,2.5730558903723164,2.5730558903723164,0.0,0.0,5.146111780744633,5.146111780744633,0.0,0.0
39049001400->39049001600,2.1045203665998002,2.1045203665998002,0.0,0.0,4.2090407331996005,4.2090407331996005,0.0,0.0
39049001400->39049000910,2.9133765793347077,2.9133765793347077,0.0,0.0,5.8267531586694155,5.8267531586694155,0.0,0.0
39049001400->39049001300,2.3032661805498718,2.3032661805498718,0.0,0.0,4.6065323610997435,4.6065323610997435,0.0,0.0
39049001400->39049001700,2.7765307530468943,2.7765307530468943,0.0,0.0,5.553061506093789,5.553061506093789,0.0,0.0
39049001400->39049007511,2.8786593993637823,2.8786593993637823,0.0,0.0,5.757318798727565,5.757318798727565,0.0,0.0
39049001400->39049002900,3.599348163218107,3.599348163218107,0.0,0.0,7.198696326436214,7.198696326436214,0.0,0.0
39049005000->39049005100,1.4963364796013459,1.4963364796013459,0.0,0.0,2.9926729592026917,2.9926729592026917,0.0,0.0
39049005000->39049004300,1.5671176572354628,1.5671176572354628,0.0,0.0,3.1342353144709256,3.1342353144709256,0.0,0.0
39049005000->39049004200,1.6752992945810132,1.6752992945810132,0.0,0.0,3.3505985891620265,3.3505985891620265,0.0,0.0
39049005000->39049004900,2.450538699404522,2.450538699404522,0.0,0.0,4.901077398809044,4.901077398809044,0.0,0.0
39049005000->39049008500,3.17854911879988,3.17854911879988,0.0,0.0,6.35709823759976,6.35709823759976,0.0,0.0
39049005000->39049003200,3.9649034337855826,3.9649034337855826,0.0,0.0,7.929806867571164,7.929806867571164,0.0,0.0
39049005000->39049004500,3.7123082505131335,3.7123082505131335,0.0,0.0,7.424616501026267,7.424616501026267,0.0,0.0
39049002200->39049003000,1.6421685348675708,1.6421685348675708,0.0,0.0,3.2843370697351415,3.2843370697351415,0.0,0.0
39049002200->39049001700,1.272720043647041,1.272720043647041,0.0,0.0,2.545440087294082,2.545440087294082,0.0,0.0
39049002200->39049001600,1.44152110159035,1.44152110159035,0.0,0.0,2.8830422031807,2.8830422031807,0.0,0.0
39049002200->39049001820,1.685748003467376,1.685748003467376,0.0,0.0,3.371496006934752,3.371496006934752,0.0,0.0
39049002200->39049003200,1.7525437068120007,1.7525437068120007,0.0,0.0,3.5050874136240013,3.5050874136240013,0.0,0.0
39049002200->39049001810,2.0892453988095774,2.0892453988095774,0.0,0.0,4.178490797619155,4.178490797619155,0.0,0.0
39049002200->39049001300,2.4371172565055472,2.4371172565055472,0.0,0.0,4.8742345130110944,4.8742345130110944,0.0,0.0
39049002200->39049002300,1.9878473865268347,1.9878473865268347,0.0,0.0,3.975694773053669,3.975694773053669,0.0,0.0
39049000720->39049001500,1.6131580731826172,1.6131580731826172,0.0,0.0,3.2263161463652343,3.2263161463652343,0.0,0.0
39049000720->39049000730,1.4679745180076826,1.4679745180076826,0.0,0.0,2.9359490360153653,2.9359490360153653,0.0,0.0
39049000720->39049000910,1.8544101615754953,1.8544101615754953,0.0,0.0,3.7088203231509906,3.7088203231509906,0.0,0.0
39049000720->39049000710,2.943818345321027,2.943818345321027,0.0,0.0,5.887636690642054,5.887636690642054,0.0,0.0
39049000720->39049001300,2.41791588831958,2.41791588831958,0.0,0.0,4.83583177663916,4.83583177663916,0.0,0.0
39049000720->39049001600,2.7323163387141043,2.7323163387141043,0.0,0.0,5.464632677428209,5.464632677428209,0.0,0.0
39049000720->39049007511,2.6433150476236786,2.6433150476236786,0.0,0.0,5.286630095247357,5.286630095247357,0.0,0.0
39049000720->39049001000,2.761820083215032,2.761820083215032,0.0,0.0,5.523640166430064,5.523640166430064,0.0,0.0
39049000720->39049000810,3.8345155500414596,3.8345155500414596,0.0,0.0,7.669031100082918,7.669031100082918,0.0,0.0
39049000720->39049000920,3.0040587799404888,3.0040587799404888,0.0,0.0,6.0081175598809775,6.0081175598809775,0.0,0.0
39049006933->39049007722,3.054062300483227,3.054062300483227,0.0,0.0,6.108124600966454,6.108124600966454,0.0,0.0
39049006933->39049006924,2.4115588552239453,2.4115588552239453,0.0,0.0,4.823117710447891,4.823117710447891,0.0,0.0
39049006933->39049007531,2.8064486790729117,2.8064486790729117,0.0,0.0,5.6128973581458235,5.6128973581458235,0.0,0.0
39049006933->39049007730,2.9616178555595583,2.9616178555595583,0.0,0.0,5.9232357111191165,5.9232357111191165,0.0,0.0
39049006933->39049007532,3.850834899399389,3.850834899399389,0.0,0.0,7.701669798798777,7.701669798798777,0.0,0.0
39049006384->39049006394,1.9873063322089475,1.9873063322089475,0.0,0.0,3.9746126644178954,3.9746126644178954,0.0,0.0
39049006384->39049006393,1.9935509607108641,1.9935509607108641,0.0,0.0,3.987101921421728,3.987101921421728,0.0,0.0
39049006384->39049006387,3.2159055002303867,3.2159055002303867,0.0,0.0,6.431811000460773,6.431811000460773,0.0,0.0
39049006384->39041011421,4.284530155837711,4.284530155837711,0.0,0.0,8.569060311675422,8.569060311675422,0.0,0.0
39049006384->39049006391,3.6494440410913422,3.6494440410913422,0.0,0.0,7.2988880821826845,7.2988880821826845,0.0,0.0
39049006384->39049006392,4.4221108725656135,4.4221108725656135,0.0,0.0,8.844221745131227,8.844221745131227,0.0,0.0
39049007710->39049007722,1.327357956246615,1.327357956246615,0.0,0.0,2.65471591249323,2.65471591249323,0.0,0.0
39049007710->39049000320,1.4478994900708433,1.4478994900708433,0.0,0.0,2.8957989801416866,2.8957989801416866,0.0,0.0
39049007710->39049000810,1.4997258573775216,1.4997258573775216,0.0,0.0,2.9994517147550432,2.9994517147550432,0.0,0.0
39049007710->39049000820,2.274366225215379,2.274366225215379,0.0,0.0,4.548732450430758,4.548732450430758,0.0,0.0
39049007710->39049000330,2.0208232686830274,2.0208232686830274,0.0,0.0,4.041646537366055,4.041646537366055,0.0,0.0
39049007710->39049000310,2.522917634182137,2.522917634182137,0.0,0.0,5.045835268364274,5.045835268364274,0.0,0.0
39049007710->39049000710,2.9280468476063484,2.9280468476063484,0.0,0.0,5.856093695212697,5.856093695212697,0.0,0.0
39049007710->39049007740,3.018919973729688,3.018919973729688,0.0,0.0,6.037839947459376,6.037839947459376,0.0,0.0
39049007710->39049000910,3.4564577350042804,3.4564577350042804,0.0,0.0,6.912915470008561,6.912915470008561,0.0,0.0
39049007710->39049007730,3.5162536461372462,3.5162536461372462,0.0,0.0,7.0325072922744924,7.0325072922744924,0.0,0.0
39049007710->39049007534,3.085385316103831,3.085385316103831,0.0,0.0,6.170770632207662,6.170770632207662,0.0,0.0
39049007710->39049000920,3.4500216829458723,3.4500216829458723,0.0,0.0,6.900043365891745,6.900043365891745,0.0,0.0
39049007710->39049007533,3.81697721404886,3.81697721404886,0.0,0.0,7.63395442809772,7.63395442809772,0.0,0.0
39049002300->39049002900,1.4261061930314118,1.4261061930314118,0.0,0.0,2.8522123860628237,2.8522123860628237,0.0,0.0
39049002300->39049003000,1.503868848510914,1.503868848510914,0.0,0.0,3.007737697021828,3.007737697021828,0.0,0.0
39049002300->39049001500,2.4454384561421767,2.4454384561421767,0.0,0.0,4.890876912284353,4.890876912284353,0.0,0.0
39049002300->39049001600,2.306862718689095,2.306862718689095,0.0,0.0,4.61372543737819,4.61372543737819,0.0,0.0
39049002300->39049002800,2.606554184928046,2.606554184928046,0.0,0.0,5.213108369856092,5.213108369856092,0.0,0.0
39049002300->39049003800,3.117371193030938,3.117371193030938,0.0,0.0,6.234742386061876,6.234742386061876,0.0,0.0
39049002300->39049001700,2.7204478051191052,2.7204478051191052,0.0,0.0,5.4408956102382104,5.4408956102382104,0.0,0.0
39049002300->39049000730,3.469688713130874,3.469688713130874,0.0,0.0,6.939377426261748,6.939377426261748,0.0,0.0
39049001500->39049000730,1.0475284517100052,1.0475284517100052,0.0,0.0,2.0950569034200104,2.0950569034200104,0.0,0.0
39049001500->39049007511,2.534257372937373,2.534257372937373,0.0,0.0,5.068514745874746,5.068514745874746,0.0,0.0
39049001500->39049000910,3.1155825963934674,3.1155825963934674,0.0,0.0,6.231165192786935,6.231165192786935,0.0,0.0
39049001500->39049002900,3.2356688190073957,3.2356688190073957,0.0,0.0,6.471337638014791,6.471337638014791,0.0,0.0
39049001500->39049001600,2.5908901089316534,2.5908901089316534,0.0,0.0,5.181780217863307,5.181780217863307,0.0,0.0
39049001500->39049001300,2.9451152956870343,2.9451152956870343,0.0,0.0,5.890230591374069,5.890230591374069,0.0,0.0
39049001500->39049000920,3.653502637491948,3.653502637491948,0.0,0.0,7.307005274983896,7.307005274983896,0.0,0.0
39049001500->39049002800,3.7306336000270903,3.7306336000270903,0.0,0.0,7.461267200054181,7.461267200054181,0.0,0.0
39049002750->39049002740,1.5763649246394933,1.5763649246394933,0.0,0.0,3.1527298492789866,3.1527298492789866,0.0,0.0
39049002750->39049009220,1.687911512362031,1.687911512362031,0.0,0.0,3.375823024724062,3.375823024724062,0.0,0.0
39049002750->39049002710,1.9754456177833786,1.9754456177833786,0.0,0.0,3.950891235566757,3.950891235566757,0.0,0.0
39049002750->39049009230,2.340958176486806,2.340958176486806,0.0,0.0,4.681916352973612,4.681916352973612,0.0,0.0
39049002750->39049002760,2.8745728746000414,2.8745728746000414,0.0,0.0,5.749145749200083,5.749145749200083,0.0,0.0
39049002750->39049002770,3.282445368045178,3.282445368045178,0.0,0.0,6.564890736090356,6.564890736090356,0.0,0.0
39049002750->39049009100,2.7690095688035523,2.7690095688035523,0.0,0.0,5.538019137607105,5.538019137607105,0.0,0.0
39049002750->39049002600,3.436075729270104,3.436075729270104,0.0,0.0,6.872151458540208,6.872151458540208,0.0,0.0
39049002750->39049009240,3.0654333745057007,3.0654333745057007,0.0,0.0,6.1308667490114015,6.1308667490114015,0.0,0.0
39049004300->39049008500,1.7905557003923709,1.7905557003923709,0.0,0.0,3.5811114007847418,3.5811114007847418,0.0,0.0
39049004300->39049004900,2.381778447607498,2.381778447607498,0.0,0.0,4.763556895214996,4.763556895214996,0.0,0.0
39049004300->39049005100,2.752953984682659,2.752953984682659,0.0,0.0,5.505907969365318,5.505907969365318,0.0,0.0
39049004300->39049004500,2.6967899755306055,2.6967899755306055,0.0,0.0,5.393579951061211,5.393579951061211,0.0,0.0
39049004300->39049004200,2.7063555280514633,2.7063555280514633,0.0,0.0,5.412711056102927,5.412711056102927,0.0,0.0
39049004300->39049008400,3.9063620634170535,3.9063620634170535,0.0,0.0,7.812724126834107,7.812724126834107,0.0,0.0
39049004300->39049004700,3.5883480759969544,3.5883480759969544,0.0,0.0,7.176696151993909,7.176696151993909,0.0,0.0
39049007531->39049007532,1.1415932282182764,1.1415932282182764,0.0,0.0,2.2831864564365527,2.2831864564365527,0.0,0.0
39049007531->39049007533,1.9186623414866428,1.9186623414866428,0.0,0.0,3.837324682973286,3.837324682973286,0.0,0.0
39049007531->39049007113,3.166720809734062,3.166720809734062,0.0,0.0,6.333441619468124,6.333441619468124,0.0,0.0
39049007531->39049007534,3.672867304267944,3.672867304267944,0.0,0.0,7.345734608535888,7.345734608535888,0.0,0.0
39049007531->39049007722,3.4732100975088183,3.4732100975088183,0.0,0.0,6.9464201950176365,6.9464201950176365,0.0,0.0
39049005900->39049005500,1.1666821774033547,1.1666821774033547,0.0,0.0,2.3333643548067093,2.3333643548067093,0.0,0.0
39049005900->39049005620,1.2341167711183216,1.2341167711183216,0.0,0.0,2.4682335422366433,2.4682335422366433,0.0,0.0
39049005900->39049008710,1.4394091149000035,1.4394091149000035,0.0,0.0,2.878818229800007,2.878818229800007,0.0,0.0
39049005900->39049005420,1.71140658719441,1.71140658719441,0.0,0.0,3.42281317438882,3.42281317438882,0.0,0.0
39049005900->39049005300,2.317037635934412,2.317037635934412,0.0,0.0,4.634075271868824,4.634075271868824,0.0,0.0
39049005900->39049005410,2.6306166348924958,2.6306166348924958,0.0,0.0,5.2612332697849915,5.2612332697849915,0.0,0.0
39049005100->39049004900,2.119534091692077,2.119534091692077,0.0,0.0,4.239068183384154,4.239068183384154,0.0,0.0
39049005100->39049004200,2.733343032958218,2.733343032958218,0.0,0.0,5.466686065916436,5.466686065916436,0.0,0.0
39049005100->39049008500,4.518517543256316,4.518517543256316,0.0,0.0,9.037035086512631,9.037035086512631,0.0,0.0
39049005100->39049004820,3.7253765731961197,3.7253765731961197,0.0,0.0,7.450753146392239,7.450753146392239,0.0,0.0
39049005100->39049004500,3.9621334857992854,3.9621334857992854,0.0,0.0,7.924266971598572,7.924266971598572,0.0,0.0
39049005100->39049004700,4.015638946958101,4.015638946958101,0.0,0.0,8.031277893916203,8.031277893916203,0.0,0.0
39049005100->39049008380,6.336060041945756,6.336060041945756,0.0,0.0,12.672120083891512,12.672120083891512,0.0,0.0
39049009430->39049009495,4.152843904662556,4.152843904662556,0.0,0.0,8.305687809325113,8.305687809325113,0.0,0.0
39049009430->39049009440,6.437747778396931,6.437747778396931,0.0,0.0,12.875495556793862,12.875495556793862,0.0,0.0
39049009430->39049009337,4.4223293179722845,4.4223293179722845,0.0,0.0,8.844658635944569,8.844658635944569,0.0,0.0
39049009430->39049009326,4.355410003114203,4.355410003114203,0.0,0.0,8.710820006228406,8.710820006228406,0.0,0.0
39049009430->39049008812,4.221031461265263,4.221031461265263,0.0,0.0,8.442062922530527,8.442062922530527,0.0,0.0
39049009430->39049009420,4.524086949345498,4.524086949345498,0.0,0.0,9.048173898690996,9.048173898690996,0.0,0.0
39049009430->39049009410,5.115732051701711,5.115732051701711,0.0,0.0,10.231464103403422,10.231464103403422,0.0,0.0
39049009430->39049009336,6.348433780910822,6.348433780910822,0.0,0.0,12.696867561821644,12.696867561821644,0.0,0.0
39049009430->39049009334,7.0938025590577665,7.0938025590577665,0.0,0.0,14.187605118115533,14.187605118115533,0.0,0.0
39049009430->39049010300,12.151280994444287,12.151280994444287,0.0,0.0,24.302561988888574,24.302561988888574,0.0,0.0
39049009430->39049009497,11.263521703477554,11.263521703477554,0.0,0.0,22.52704340695511,22.52704340695511,0.0,0.0
39049009420->39049009326,1.1772383771715385,1.1772383771715385,0.0,0.0,2.354476754343077,2.354476754343077,0.0,0.0
39049009420->39049009410,1.1809067537743636,1.1809067537743636,0.0,0.0,2.361813507548727,2.361813507548727,0.0,0.0
39049009420->39049009373,1.9707787445775526,1.9707787445775526,0.0,0.0,3.9415574891551053,3.9415574891551053,0.0,0.0
39049009420->39049009372,2.4838526089850297,2.4838526089850297,0.0,0.0,4.967705217970059,4.967705217970059,0.0,0.0
39049009420->39049009322,4.258465770177348,4.258465770177348,0.0,0.0,8.516931540354696,8.516931540354696,0.0,0.0
39049009420->39049009312,4.571450994877135,4.571450994877135,0.0,0.0,9.14290198975427,9.14290198975427,0.0,0.0
39049009420->39049009337,4.288569558382144,4.288569558382144,0.0,0.0,8.577139116764288,8.577139116764288,0.0,0.0
39049009420->39049009334,5.2987545928162705,5.2987545928162705,0.0,0.0,10.597509185632541,10.597509185632541,0.0,0.0
39049009420->39049009450,9.557440356691872,9.557440356691872,0.0,0.0,19.114880713383744,19.114880713383744,0.0,0.0
39049009420->39049009497,13.353347033680075,13.353347033680075,0.0,0.0,26.70669406736015,26.70669406736015,0.0,0.0
39049009420->39049009440,9.576116203407262,9.576116203407262,0.0,0.0,19.152232406814523,19.152232406814523,0.0,0.0
39049000820->39049000920,1.2021833294458946,1.2021833294458946,0.0,0.0,2.404366658891789,2.404366658891789,0.0,0.0
39049000820->39049000810,1.554929839616934,1.554929839616934,0.0,0.0,3.109859679233868,3.109859679233868,0.0,0.0
39049000820->39049000910,1.5875636682117813,1.5875636682117813,0.0,0.0,3.1751273364235626,3.1751273364235626,0.0,0.0
39049000820->39049007511,2.7594652979859067,2.7594652979859067,0.0,0.0,5.518930595971813,5.518930595971813,0.0,0.0
39049000820->39049000330,2.3397120246360714,2.3397120246360714,0.0,0.0,4.679424049272143,4.679424049272143,0.0,0.0
39049000820->39049000710,2.4320442798242277,2.4320442798242277,0.0,0.0,4.864088559648455,4.864088559648455,0.0,0.0
39049000820->39049007520,2.546229861305013,2.546229861305013,0.0,0.0,5.092459722610026,5.092459722610026,0.0,0.0
39049000820->39049000320,3.0227618435761276,3.0227618435761276,0.0,0.0,6.045523687152255,6.045523687152255,0.0,0.0
39049000820->39049007534,2.7982809719315274,2.7982809719315274,0.0,0.0,5.596561943863055,5.596561943863055,0.0,0.0
39049000820->39049007722,3.5485015508758777,3.5485015508758777,0.0,0.0,7.097003101751755,7.097003101751755,0.0,0.0
39049000820->39049000730,3.5003390210456717,3.5003390210456717,0.0,0.0,7.0006780420913435,7.0006780420913435,0.0,0.0
39049000820->39049007512,3.8276375601930863,3.8276375601930863,0.0,0.0,7.655275120386173,7.655275120386173,0.0,0.0
39049006942->39049006944,0.3303182093233176,0.3303182093233176,0.0,0.0,0.6606364186466352,0.6606364186466352,0.0,0.0
39049006942->39049006990,3.2892731923307537,3.2892731923307537,0.0,0.0,6.578546384661507,6.578546384661507,0.0,0.0
39049000320->39049000310,1.080970662460508,1.080970662460508,0.0,0.0,2.161941324921016,2.161941324921016,0.0,0.0
39049000320->39049000330,1.322296171172335,1.322296171172335,0.0,0.0,2.64459234234467,2.64459234234467,0.0,0.0
39049000320->39049000810,1.5552109453619778,1.5552109453619778,0.0,0.0,3.1104218907239556,3.1104218907239556,0.0,0.0
39049000320->39049007740,2.1922675180602984,2.1922675180602984,0.0,0.0,4.384535036120597,4.384535036120597,0.0,0.0
39049000320->39049000710,2.3467125487000646,2.3467125487000646,0.0,0.0,4.693425097400129,4.693425097400129,0.0,0.0
39049000320->39049007722,2.0309433408140625,2.0309433408140625,0.0,0.0,4.061886681628125,4.061886681628125,0.0,0.0
39049000320->39049007730,2.9727516705563293,2.9727516705563293,0.0,0.0,5.9455033411126585,5.9455033411126585,0.0,0.0
39049000320->39049000420,2.911651163397133,2.911651163397133,0.0,0.0,5.823302326794266,5.823302326794266,0.0,0.0
39049005420->39049005500,0.8942331819784335,0.8942331819784335,0.0,0.0,1.788466363956867,1.788466363956867,0.0,0.0
39049005420->39049005300,0.9923197163109668,0.9923197163109668,0.0,0.0,1.9846394326219339,1.9846394326219339,0.0,0.0
39049005420->39049005410,1.140513713004379,1.140513713004379,0.0,0.0,2.281027426008758,2.281027426008758,0.0,0.0
39049005420->39049003800,1.9466106336152882,1.9466106336152882,0.0,0.0,3.8932212672305764,3.8932212672305764,0.0,0.0
39049005420->39049005620,2.265861051478242,2.265861051478242,0.0,0.0,4.531722102956484,4.531722102956484,0.0,0.0
39049005420->39049008710,2.771147666646914,2.771147666646914,0.0,0.0,5.542295333293828,5.542295333293828,0.0,0.0
39049005420->39049002520,3.2482654291755457,3.2482654291755457,0.0,0.0,6.4965308583510915,6.4965308583510915,0.0,0.0
39049005420->39049002800,3.3864733066323325,3.3864733066323325,0.0,0.0,6.772946613264665,6.772946613264665,0.0,0.0
39049007941->39049008241,1.0797793826057327,1.0797793826057327,0.0,0.0,2.1595587652114654,2.1595587652114654,0.0,0.0
39049007941->39049006600,1.4372057057575764,1.4372057057575764,0.0,0.0,2.874411411515153,2.874411411515153,0.0,0.0
39049007941->39049006410,2.14710721222712,2.14710721222712,0.0,0.0,4.29421442445424,4.29421442445424,0.0,0.0
39049007941->39049006330,3.7877526688179715,3.7877526688179715,0.0,0.0,7.575505337635943,7.575505337635943,0.0,0.0
39049007941->39049006430,3.924402008007324,3.924402008007324,0.0,0.0,7.848804016014648,7.848804016014648,0.0,0.0
39049007941->39049008242,4.257191890638945,4.257191890638945,0.0,0.0,8.51438378127789,8.51438378127789,0.0,0.0
39049007941->39049008400,4.512898040577292,4.512898040577292,0.0,0.0,9.025796081154583,9.025796081154583,0.0,0.0
39049007941->39049006310,6.224421349364354,6.224421349364354,0.0,0.0,12.448842698728708,12.448842698728708,0.0,0.0
39049001300->39049001600,1.115111367968403,1.115111367968403,0.0,0.0,2.230222735936806,2.230222735936806,0.0,0.0
39049001300->39049001700,1.2297139154057297,1.2297139154057297,0.0,0.0,2.4594278308114594,2.4594278308114594,0.0,0.0
39049001300->39049001000,1.9570172881598313,1.9570172881598313,0.0,0.0,3.9140345763196627,3.9140345763196627,0.0,0.0
39049001300->39049001810,1.6887645996250744,1.6887645996250744,0.0,0.0,3.377529199250149,3.377529199250149,0.0,0.0
39049001300->39049001820,2.137281984697735,2.137281984697735,0.0,0.0,4.27456396939547,4.27456396939547,0.0,0.0
39049003000->39049002900,2.092099331395287,2.092099331395287,0.0,0.0,4.184198662790574,4.184198662790574,0.0,0.0
39049003000->39049001600,2.8038321012266723,2.8038321012266723,0.0,0.0,5.6076642024533445,5.6076642024533445,0.0,0.0
39049003000->39049001700,2.866790464262775,2.866790464262775,0.0,0.0,5.73358092852555,5.73358092852555,0.0,0.0
39049003000->39049003200,2.4154815149906463,2.4154815149906463,0.0,0.0,4.830963029981293,4.830963029981293,0.0,0.0
39049003000->39049003800,2.91812696064067,2.91812696064067,0.0,0.0,5.83625392128134,5.83625392128134,0.0,0.0
39049006321->39049006323,3.9568212349223377,3.9568212349223377,0.0,0.0,7.913642469844676,7.913642469844676,0.0,0.0
39049006321->39049006340,3.4596481399162293,3.4596481399162293,0.0,0.0,6.919296279832459,6.919296279832459,0.0,0.0
39049006321->39049006310,3.6862317798037028,3.6862317798037028,0.0,0.0,7.3724635596074055,7.3724635596074055,0.0,0.0
39049000500->39049000420,1.559740082242012,1.559740082242012,0.0,0.0,3.119480164484024,3.119480164484024,0.0,0.0
39049000500->39049001000,1.6455410793477303,1.6455410793477303,0.0,0.0,3.2910821586954606,3.2910821586954606,0.0,0.0
39049000500->39049000220,2.247054106995343,2.247054106995343,0.0,0.0,4.494108213990686,4.494108213990686,0.0,0.0
39049000500->39049000710,2.8213584065290584,2.8213584065290584,0.0,0.0,5.642716813058117,5.642716813058117,0.0,0.0
39049000500->39049000120,4.389593764230051,4.389593764230051,0.0,0.0,8.779187528460103,8.779187528460103,0.0,0.0
39049000500->39049000210,4.102714261878291,4.102714261878291,0.0,0.0,8.205428523756582,8.205428523756582,0.0,0.0
39049003800->39049005300,1.1375498917314557,1.1375498917314557,0.0,0.0,2.2750997834629114,2.2750997834629114,0.0,0.0
39049003800->39049002900,1.8850390934714483,1.8850390934714483,0.0,0.0,3.770078186942896,3.770078186942896,0.0,0.0
39049003800->39049002800,1.9359343527434985,1.9359343527434985,0.0,0.0,3.8718687054869965,3.8718687054869965,0.0,0.0
39049003800->39049005500,2.302005041064233,2.302005041064233,0.0,0.0,4.604010082128466,4.604010082128466,0.0,0.0
39049003800->39049005410,2.174479839164964,2.174479839164964,0.0,0.0,4.348959678329928,4.348959678329928,0.0,0.0
39049003800->39049002520,2.2667675260479605,2.2667675260479605,0.0,0.0,4.533535052095921,4.533535052095921,0.0,0.0
39049006600->39049008241,1.6090818612791136,1.6090818612791136,0.0,0.0,3.218163722558227,3.218163722558227,0.0,0.0
39049006600->39049006410,2.5662790638944846,2.5662790638944846,0.0,0.0,5.132558127788969,5.132558127788969,0.0,0.0
39049006600->39049006430,3.1406462495480647,3.1406462495480647,0.0,0.0,6.281292499096129,6.281292499096129,0.0,0.0
39049006600->39049008400,3.2314235185276154,3.2314235185276154,0.0,0.0,6.462847037055231,6.462847037055231,0.0,0.0
39049006600->39049006330,4.125061588900756,4.125061588900756,0.0,0.0,8.250123177801512,8.250123177801512,0.0,0.0
39049006600->39049007830,3.910405387911381,3.910405387911381,0.0,0.0,7.820810775822762,7.820810775822762,0.0,0.0
39049006600->39049006323,4.911141073036581,4.911141073036581,0.0,0.0,9.822282146073162,9.822282146073162,0.0,0.0
39049007043->39049007041,2.0290011965417025,2.0290011965417025,0.0,0.0,4.058002393083405,4.058002393083405,0.0,0.0
39049007043->39041011561,2.8241232922884825,2.8241232922884825,0.0,0.0,5.648246584576965,5.648246584576965,0.0,0.0
39049007043->39049006722,3.443242227643225,3.443242227643225,0.0,0.0,6.88648445528645,6.88648445528645,0.0,0.0
39049007043->39049006721,3.8749799415119726,3.8749799415119726,0.0,0.0,7.749959883023944,7.749959883023944,0.0,0.0
39049007043->39049006710,5.604639282684585,5.604639282684585,0.0,0.0,11.20927856536917,11.20927856536917,0.0,0.0
39049007041->39049006391,3.1516946968909845,3.1516946968909845,0.0,0.0,6.303389393781969,6.303389393781969,0.0,0.0
39049007041->39041011561,2.8202869144719465,2.8202869144719465,0.0,0.0,5.640573828943893,5.640573828943893,0.0,0.0
39049007041->39049006721,3.8926131129863775,3.8926131129863775,0.0,0.0,7.785226225972755,7.785226225972755,0.0,0.0
39049007041->39049006722,4.587608595332993,4.587608595332993,0.0,0.0,9.175217190665986,9.175217190665986,0.0,0.0
39049007041->39049006392,4.6854022803731,4.6854022803731,0.0,0.0,9.3708045607462,9.3708045607462,0.0,0.0
39049007041->39049006710,6.36162566752266,6.36162566752266,0.0,0.0,12.72325133504532,12.72325133504532,0.0,0.0
39049007041->39049006394,5.277808059221816,5.277808059221816,0.0,0.0,10.555616118443632,10.555616118443632,0.0,0.0
39049007041->39041011421,5.720410201209756,5.720410201209756,0.0,0.0,11.440820402419511,11.440820402419511,0.0,0.0
39049007830->39049008400,2.658027042671741,2.658027042671741,0.0,0.0,5.316054085343482,5.316054085343482,0.0,0.0
39049007830->39049008500,3.585499299427891,3.585499299427891,0.0,0.0,7.170998598855782,7.170998598855782,0.0,0.0
39049007830->39049006430,3.443139283606355,3.443139283606355,0.0,0.0,6.88627856721271,6.88627856721271,0.0,0.0
39049007830->39049001810,3.516972136977202,3.516972136977202,0.0,0.0,7.033944273954404,7.033944273954404,0.0,0.0
39049007830->39049006323,4.852356353103991,4.852356353103991,0.0,0.0,9.704712706207982,9.704712706207982,0.0,0.0
39049000220->39049000420,0.8917412572773789,0.8917412572773789,0.0,0.0,1.7834825145547577,1.7834825145547577,0.0,0.0
39049000220->39049000310,1.85129597583491,1.85129597583491,0.0,0.0,3.70259195166982,3.70259195166982,0.0,0.0
39049000220->39049000210,2.210233514065838,2.210233514065838,0.0,0.0,4.420467028131676,4.420467028131676,0.0,0.0
39049000220->39049000120,2.5943216926613193,2.5943216926613193,0.0,0.0,5.188643385322639,5.188643385322639,0.0,0.0
39049000220->39049000710,2.902178260520863,2.902178260520863,0.0,0.0,5.804356521041726,5.804356521041726,0.0,0.0
39049000220->39049000330,2.7715259624267192,2.7715259624267192,0.0,0.0,5.5430519248534385,5.5430519248534385,0.0,0.0
39049000220->39049001000,3.6933901070017554,3.6933901070017554,0.0,0.0,7.386780214003511,7.386780214003511,0.0,0.0
39049000220->39049000110,4.11341716200442,4.11341716200442,0.0,0.0,8.22683432400884,8.22683432400884,0.0,0.0
39049000220->39049007740,3.507920997409641,3.507920997409641,0.0,0.0,7.015841994819282,7.015841994819282,0.0,0.0
39049006821->39049006910,2.0600723515935004,2.0600723515935004,0.0,0.0,4.120144703187001,4.120144703187001,0.0,0.0
39049006821->39049006810,1.8664545154231857,1.8664545154231857,0.0,0.0,3.7329090308463715,3.7329090308463715,0.0,0.0
39049006821->39049000110,2.155472713881596,2.155472713881596,0.0,0.0,4.310945427763192,4.310945427763192,0.0,0.0
39049006821->39049006710,3.0161153196952526,3.0161153196952526,0.0,0.0,6.032230639390505,6.032230639390505,0.0,0.0
39049006821->39049000120,3.749388601369287,3.749388601369287,0.0,0.0,7.498777202738574,7.498777202738574,0.0,0.0
39049006821->39049000210,4.0117510343067675,4.0117510343067675,0.0,0.0,8.023502068613535,8.023502068613535,0.0,0.0
39049006821->39049006721,5.081833681787729,5.081833681787729,0.0,0.0,10.163667363575458,10.163667363575458,0.0,0.0
39049005620->39049005500,1.382040252181156,1.382040252181156,0.0,0.0,2.764080504362312,2.764080504362312,0.0,0.0
39049005620->39049005300,2.3578015032521784,2.3578015032521784,0.0,0.0,4.715603006504357,4.715603006504357,0.0,0.0
39049005620->39049008710,2.4951555038527404,2.4951555038527404,0.0,0.0,4.990311007705481,4.990311007705481,0.0,0.0
39049005620->39049006100,2.629089453640552,2.629089453640552,0.0,0.0,5.258178907281104,5.258178907281104,0.0,0.0
39049002760->39049002770,1.545525387204678,1.545525387204678,0.0,0.0,3.091050774409356,3.091050774409356,0.0,0.0
39049002760->39049008900,1.7878074653957896,1.7878074653957896,0.0,0.0,3.575614930791579,3.575614930791579,0.0,0.0
39049002760->39049002740,1.7912189622460657,1.7912189622460657,0.0,0.0,3.5824379244921314,3.5824379244921314,0.0,0.0
39049002760->39049009100,1.9367292379594494,1.9367292379594494,0.0,0.0,3.873458475918899,3.873458475918899,0.0,0.0
39049002760->39049009333,2.537796337934594,2.537796337934594,0.0,0.0,5.075592675869188,5.075592675869188,0.0,0.0
39049002760->39049009332,3.174003667825873,3.174003667825873,0.0,0.0,6.348007335651746,6.348007335651746,0.0,0.0
39049002760->39049009220,2.638291226414738,2.638291226414738,0.0,0.0,5.276582452829476,5.276582452829476,0.0,0.0
39049002760->39049009331,2.97921665031559,2.97921665031559,0.0,0.0,5.95843330063118,5.95843330063118,0.0,0.0
39049002760->39049009336,4.366992863788598,4.366992863788598,0.0,0.0,8.733985727577195,8.733985727577195,0.0,0.0
39049002760->39049002710,3.454304193427113,3.454304193427113,0.0,0.0,6.908608386854226,6.908608386854226,0.0,0.0
39049002760->39049002600,4.9434360128390935,4.9434360128390935,0.0,0.0,9.886872025678187,9.886872025678187,0.0,0.0
39049002760->39049009000,2.8900514099235024,2.8900514099235024,0.0,0.0,5.780102819847005,5.780102819847005,0.0,0.0
39049009311->39049009340,0.5327603161631711,0.5327603161631711,0.0,0.0,1.0655206323263422,1.0655206323263422,0.0,0.0
39049009311->39049009250,1.4206233682695588,1.4206233682695588,0.0,0.0,2.8412467365391176,2.8412467365391176,0.0,0.0
39049009311->39049009350,1.668384399326294,1.668384399326294,0.0,0.0,3.336768798652588,3.336768798652588,0.0,0.0
39049009311->39049009322,2.5622718341959696,2.5622718341959696,0.0,0.0,5.124543668391939,5.124543668391939,0.0,0.0
39049009311->39049009240,2.5516354301675253,2.5516354301675253,0.0,0.0,5.1032708603350505,5.1032708603350505,0.0,0.0
39049009311->39049009312,2.562149544357536,2.562149544357536,0.0,0.0,5.124299088715072,5.124299088715072,0.0,0.0
39049009311->39049009321,2.639391727783686,2.639391727783686,0.0,0.0,5.278783455567372,5.278783455567372,0.0,0.0
39049009311->39049009230,2.7364116974617443,2.7364116974617443,0.0,0.0,5.472823394923489,5.472823394923489,0.0,0.0
39049009311->39049009210,4.044256961228196,4.044256961228196,0.0,0.0,8.088513922456391,8.088513922456391,0.0,0.0
39049009311->39049009372,4.886529952235954,4.886529952235954,0.0,0.0,9.773059904471909,9.773059904471909,0.0,0.0
39049008821->39049006100,3.612222749219676,3.612222749219676,0.0,0.0,7.224445498439352,7.224445498439352,0.0,0.0
39049008821->39049008825,4.349216649977875,4.349216649977875,0.0,0.0,8.69843329995575,8.69843329995575,0.0,0.0
39049008821->39049008380,4.618186155649062,4.618186155649062,0.0,0.0,9.236372311298124,9.236372311298124,0.0,0.0
39049008821->39049009590,6.099354980132977,6.099354980132977,0.0,0.0,12.198709960265955,12.198709960265955,0.0,0.0
39049008821->39049008813,4.870532101559655,4.870532101559655,0.0,0.0,9.74106420311931,9.74106420311931,0.0,0.0
39049008821->39049009520,6.52893592528681,6.52893592528681,0.0,0.0,13.05787185057362,13.05787185057362,0.0,0.0
39049003200->39049001820,1.8253543586531114,1.8253543586531114,0.0,0.0,3.6507087173062227,3.6507087173062227,0.0,0.0
39049003200->39049001810,2.490179076979686,2.490179076979686,0.0,0.0,4.980358153959372,4.980358153959372,0.0,0.0
39049003200->39049001700,2.49859871127119,2.49859871127119,0.0,0.0,4.99719742254238,4.99719742254238,0.0,0.0
39049003200->39049004200,2.963165443094897,2.963165443094897,0.0,0.0,5.926330886189794,5.926330886189794,0.0,0.0
39049003200->39049001600,2.990354047145562,2.990354047145562,0.0,0.0,5.980708094291124,5.980708094291124,0.0,0.0
39049003200->39049008500,3.111331273610675,3.111331273610675,0.0,0.0,6.22266254722135,6.22266254722135,0.0,0.0
39049000910->39049000920,1.6079317681994096,1.6079317681994096,0.0,0.0,3.2158635363988193,3.2158635363988193,0.0,0.0
39049000910->39049000810,2.125864807892065,2.125864807892065,0.0,0.0,4.25172961578413,4.25172961578413,0.0,0.0
39049000910->39049000710,1.8418155663607798,1.8418155663607798,0.0,0.0,3.6836311327215596,3.6836311327215596,0.0,0.0
39049000910->39049000730,2.332506597182223,2.332506597182223,0.0,0.0,4.665013194364446,4.665013194364446,0.0,0.0
39049000910->39049000330,2.442893184763396,2.442893184763396,0.0,0.0,4.885786369526792,4.885786369526792,0.0,0.0
39049000910->39049007511,2.337229490260497,2.337229490260497,0.0,0.0,4.674458980520994,4.674458980520994,0.0,0.0
39049000910->39049007512,4.033005725879981,4.033005725879981,0.0,0.0,8.066011451759962,8.066011451759962,0.0,0.0
39049000910->39049007520,3.550683341455166,3.550683341455166,0.0,0.0,7.101366682910332,7.101366682910332,0.0,0.0
39049009326->39049009410,2.3522928678523503,2.3522928678523503,0.0,0.0,4.7045857357047005,4.7045857357047005,0.0,0.0
39049009326->39049009372,2.756190873607209,2.756190873607209,0.0,0.0,5.512381747214418,5.512381747214418,0.0,0.0
39049009326->39049009322,3.4114171433516858,3.4114171433516858,0.0,0.0,6.8228342867033716,6.8228342867033716,0.0,0.0
39049009326->39049009373,2.9798549124476907,2.9798549124476907,0.0,0.0,5.9597098248953815,5.9597098248953815,0.0,0.0
39049009326->39049009337,3.1599984258580016,3.1599984258580016,0.0,0.0,6.319996851716003,6.319996851716003,0.0,0.0
39049009326->39049009312,4.274857570839414,4.274857570839414,0.0,0.0,8.549715141678828,8.549715141678828,0.0,0.0
39049009326->39049009334,4.1935979341630505,4.1935979341630505,0.0,0.0,8.387195868326101,8.387195868326101,0.0,0.0
39049009326->39049009497,14.10508405980914,14.10508405980914,0.0,0.0,28.21016811961828,28.21016811961828,0.0,0.0
39049009326->39049009440,10.032179761051298,10.032179761051298,0.0,0.0,20.064359522102595,20.064359522102595,0.0,0.0
39049000810->39049000330,0.8653057134354175,0.8653057134354175,0.0,0.0,1.730611426870835,1.730611426870835,0.0,0.0
39049000810->39049000710,1.4854168235340712,1.4854168235340712,0.0,0.0,2.9708336470681425,2.9708336470681425,0.0,0.0
39049000810->39049000310,2.2047265783962704,2.2047265783962704,0.0,0.0,4.409453156792541,4.409453156792541,0.0,0.0
39049000810->39049007722,2.773612070006057,2.773612070006057,0.0,0.0,5.547224140012114,5.547224140012114,0.0,0.0
39049000810->39049000920,2.687280702026813,2.687280702026813,0.0,0.0,5.374561404053626,5.374561404053626,0.0,0.0
39049000810->39049007740,3.734120470408449,3.734120470408449,0.0,0.0,7.468240940816898,7.468240940816898,0.0,0.0
39049005300->39049005500,1.1644578803577956,1.1644578803577956,0.0,0.0,2.3289157607155913,2.3289157607155913,0.0,0.0
39049005300->39049005410,1.7604369290701796,1.7604369290701796,0.0,0.0,3.520873858140359,3.520873858140359,0.0,0.0
39049005300->39049002900,3.02153912125245,3.02153912125245,0.0,0.0,6.0430782425049,6.0430782425049,0.0,0.0
39049005300->39049002520,3.0382196321639254,3.0382196321639254,0.0,0.0,6.076439264327851,6.076439264327851,0.0,0.0
39049005300->39049002800,2.9311283654918965,2.9311283654918965,0.0,0.0,5.862256730983793,5.862256730983793,0.0,0.0
39049005300->39049008710,3.5987281868756966,3.5987281868756966,0.0,0.0,7.197456373751393,7.197456373751393,0.0,0.0
39049000110->39049000120,2.2088245067674426,2.2088245067674426,0.0,0.0,4.417649013534885,4.417649013534885,0.0,0.0
39049000110->39049000210,2.290343901880044,2.290343901880044,0.0,0.0,4.580687803760088,4.580687803760088,0.0,0.0
39049000110->39049006810,2.6198096315485437,2.6198096315485437,0.0,0.0,5.2396192630970875,5.2396192630970875,0.0,0.0
39049000110->39049007740,3.297299511259957,3.297299511259957,0.0,0.0,6.594599022519914,6.594599022519914,0.0,0.0
39049000110->39049006910,4.107666450613526,4.107666450613526,0.0,0.0,8.215332901227052,8.215332901227052,0.0,0.0
39049000110->39049006710,4.349684923607931,4.349684923607931,0.0,0.0,8.699369847215863,8.699369847215863,0.0,0.0
39049001810->39049001820,0.6649795180107057,0.6649795180107057,0.0,0.0,1.3299590360214113,1.3299590360214113,0.0,0.0
39049001810->39049001700,1.1757382611792557,1.1757382611792557,0.0,0.0,2.3514765223585115,2.3514765223585115,0.0,0.0
39049001810->39049001600,1.811944642642679,1.811944642642679,0.0,0.0,3.623889285285358,3.623889285285358,0.0,0.0
39049001810->39049001000,3.0077104644963937,3.0077104644963937,0.0,0.0,6.015420928992787,6.015420928992787,0.0,0.0
39049006230->39049007921,2.537157348410306,2.537157348410306,0.0,0.0,5.074314696820612,5.074314696820612,0.0,0.0
39049006230->39049007922,4.14239728595422,4.14239728595422,0.0,0.0,8.28479457190844,8.28479457190844,0.0,0.0
39049006230->39049010602,6.794832492477444,6.794832492477444,0.0,0.0,13.589664984954888,13.589664984954888,0.0,0.0
39049006230->39049010601,7.61208137773198,7.61208137773198,0.0,0.0,15.224162755463958,15.224162755463958,0.0,0.0
39049006230->39049007931,7.008218779954534,7.008218779954534,0.0,0.0,14.016437559909068,14.016437559909068,0.0,0.0
39049006230->39049007951,6.210365012432607,6.210365012432607,0.0,0.0,12.420730024865215,12.420730024865215,0.0,0.0
39049006230->39049007933,8.449449531845145,8.449449531845145,0.0,0.0,16.89889906369029,16.89889906369029,0.0,0.0
39041011561->39049006722,6.267362029530954,6.267362029530954,0.0,0.0,12.534724059061908,12.534724059061908,0.0,0.0
39041011561->39049006721,6.382486947039573,6.382486947039573,0.0,0.0,12.764973894079146,12.764973894079146,0.0,0.0
39041011561->39049006391,5.890301590044953,5.890301590044953,0.0,0.0,11.780603180089907,11.780603180089907,0.0,0.0
39049000120->39049000210,0.4191853065154897,0.4191853065154897,0.0,0.0,0.8383706130309794,0.8383706130309794,0.0,0.0
39049000120->39049000420,3.4520074723981393,3.4520074723981393,0.0,0.0,6.904014944796279,6.904014944796279,0.0,0.0
39049009373->39049009410,1.1325420726824125,1.1325420726824125,0.0,0.0,2.265084145364825,2.265084145364825,0.0,0.0
39049009373->39049009372,1.9616864978210404,1.9616864978210404,0.0,0.0,3.9233729956420813,3.9233729956420813,0.0,0.0
39049009373->39049009312,4.415498219838237,4.415498219838237,0.0,0.0,8.830996439676474,8.830996439676474,0.0,0.0
39049009373->39049009322,5.0760291322549085,5.0760291322549085,0.0,0.0,10.152058264509817,10.152058264509817,0.0,0.0
39049009373->39045032702,5.5922061086119355,5.5922061086119355,0.0,0.0,11.184412217223871,11.184412217223871,0.0,0.0
39049009373->39049009450,8.689648110651197,8.689648110651197,0.0,0.0,17.379296221302393,17.379296221302393,0.0,0.0
39049009373->39049009497,13.53748018950627,13.53748018950627,0.0,0.0,27.07496037901254,27.07496037901254,0.0,0.0
39049009495->39049009520,2.765152465565018,2.765152465565018,0.0,0.0,5.530304931130036,5.530304931130036,0.0,0.0
39049009495->39049008812,3.197077605882571,3.197077605882571,0.0,0.0,6.394155211765142,6.394155211765142,0.0,0.0
39049009495->39049008813,3.6293904530846053,3.6293904530846053,0.0,0.0,7.258780906169211,7.258780906169211,0.0,0.0
39049009495->39049008825,4.206629370493179,4.206629370493179,0.0,0.0,8.413258740986358,8.413258740986358,0.0,0.0
39049009495->39049009336,6.603466260813568,6.603466260813568,0.0,0.0,13.206932521627136,13.206932521627136,0.0,0.0
39049009495->39049009337,6.495134607844466,6.495134607844466,0.0,0.0,12.990269215688931,12.990269215688931,0.0,0.0
39049009495->39049009332,7.808134034537525,7.808134034537525,0.0,0.0,15.61626806907505,15.61626806907505,0.0,0.0
39049009495->39049009440,7.257707403521003,7.257707403521003,0.0,0.0,14.515414807042006,14.515414807042006,0.0,0.0
39049009495->39049010300,9.653898971669598,9.653898971669598,0.0,0.0,19.307797943339196,19.307797943339196,0.0,0.0
39049009495->39049009497,12.444651538209234,12.444651538209234,0.0,0.0,24.889303076418468,24.889303076418468,0.0,0.0
39049006387->39049006392,2.458898270463829,2.458898270463829,0.0,0.0,4.917796540927658,4.917796540927658,0.0,0.0
39049006387->39049006391,3.594326316925503,3.594326316925503,0.0,0.0,7.188652633851006,7.188652633851006,0.0,0.0
39049006387->39049006394,4.652519729443723,4.652519729443723,0.0,0.0,9.305039458887446,9.305039458887446,0.0,0.0
39049006387->39049006393,5.175912269656494,5.175912269656494,0.0,0.0,10.351824539312988,10.351824539312988,0.0,0.0
39049006387->39041011421,7.050497115411916,7.050497115411916,0.0,0.0,14.100994230823831,14.100994230823831,0.0,0.0
39049006392->39049006391,2.202960946409063,2.202960946409063,0.0,0.0,4.405921892818126,4.405921892818126,0.0,0.0
39049006392->39049006721,2.473637752119304,2.473637752119304,0.0,0.0,4.947275504238608,4.947275504238608,0.0,0.0
39049006392->39049006910,3.8206243586676867,3.8206243586676867,0.0,0.0,7.641248717335373,7.641248717335373,0.0,0.0
39049006392->39049006394,4.9146233743951075,4.9146233743951075,0.0,0.0,9.829246748790215,9.829246748790215,0.0,0.0
39049006392->39049006393,6.33535166953291,6.33535166953291,0.0,0.0,12.67070333906582,12.67070333906582,0.0,0.0
39049006392->39041011421,6.98435036153357,6.98435036153357,0.0,0.0,13.96870072306714,13.96870072306714,0.0,0.0
39049007551->39049007494,3.3003933747916583,3.3003933747916583,0.0,0.0,6.600786749583317,6.600786749583317,0.0,0.0
39049007551->39049007533,3.847119172748112,3.847119172748112,0.0,0.0,7.694238345496223,7.694238345496223,0.0,0.0
39049007551->39049007534,3.7350199026811692,3.7350199026811692,0.0,0.0,7.4700398053623385,7.4700398053623385,0.0,0.0
39049007551->39049007520,3.8580617187555544,3.8580617187555544,0.0,0.0,7.716123437511109,7.716123437511109,0.0,0.0
39049007551->39049007425,3.991069410654375,3.991069410654375,0.0,0.0,7.98213882130875,7.98213882130875,0.0,0.0
39049007551->39049007532,4.825696569077732,4.825696569077732,0.0,0.0,9.651393138155465,9.651393138155465,0.0,0.0
39049007551->39049007512,4.775412107358054,4.775412107358054,0.0,0.0,9.550824214716108,9.550824214716108,0.0,0.0
39049007551->39049007492,5.1277894657360354,5.1277894657360354,0.0,0.0,10.255578931472071,10.255578931472071,0.0,0.0
39049007551->39049007426,5.395675432483334,5.395675432483334,0.0,0.0,10.791350864966669,10.791350864966669,0.0,0.0
39049008500->39049008400,2.5155353871757256,2.5155353871757256,0.0,0.0,5.031070774351451,5.031070774351451,0.0,0.0
39049008500->39049004500,3.463419834636166,3.463419834636166,0.0,0.0,6.926839669272332,6.926839669272332,0.0,0.0
39049008500->39049004900,3.974666124609252,3.974666124609252,0.0,0.0,7.949332249218503,7.949332249218503,0.0,0.0
39049009337->39049009334,2.8120550916272307,2.8120550916272307,0.0,0.0,5.624110183254461,5.624110183254461,0.0,0.0
39049009337->39049009333,3.54266402672382,3.54266402672382,0.0,0.0,7.08532805344764,7.08532805344764,0.0,0.0
39049009337->39049009336,2.910266095592617,2.910266095592617,0.0,0.0,5.820532191185234,5.820532191185234,0.0,0.0
39049009337->39049009331,3.755174993820996,3.755174993820996,0.0,0.0,7.510349987641992,7.510349987641992,0.0,0.0
39049009337->39049009332,3.3676594881892896,3.3676594881892896,0.0,0.0,6.735318976378579,6.735318976378579,0.0,0.0
39049009337->39049009321,4.217198205131321,4.217198205131321,0.0,0.0,8.434396410262641,8.434396410262641,0.0,0.0
39049009337->39049009322,3.7664834177698667,3.7664834177698667,0.0,0.0,7.5329668355397335,7.5329668355397335,0.0,0.0
39049009337->39049008812,3.8977469361050447,3.8977469361050447,0.0,0.0,7.79549387221009,7.79549387221009,0.0,0.0
39049008141->39049007953,4.023097323458076,4.023097323458076,0.0,0.0,8.046194646916152,8.046194646916152,0.0,0.0
39049008141->39049008110,3.9338558687676453,3.9338558687676453,0.0,0.0,7.867711737535291,7.867711737535291,0.0,0.0
39049008141->39049008120,4.435006057524632,4.435006057524632,0.0,0.0,8.870012115049263,8.870012115049263,0.0,0.0
39049008141->39049008163,4.77973756870212,4.77973756870212,0.0,0.0,9.55947513740424,9.55947513740424,0.0,0.0
39049008141->39049008162,5.921848656660521,5.921848656660521,0.0,0.0,11.843697313321043,11.843697313321043,0.0,0.0
39049008141->39049008164,5.482635153134576,5.482635153134576,0.0,0.0,10.965270306269153,10.965270306269153,0.0,0.0
39049008141->39049008230,5.944038817252408,5.944038817252408,0.0,0.0,11.888077634504816,11.888077634504816,0.0,0.0
39049008141->39049010601,8.147110337916336,8.147110337916336,0.0,0.0,16.294220675832673,16.294220675832673,0.0,0.0
39049008141->39049010602,8.643645905114868,8.643645905114868,0.0,0.0,17.287291810229735,17.287291810229735,0.0,0.0
39049008141->39049009800,16.69569573850365,16.69569573850365,0.0,0.0,33.3913914770073,33.3913914770073,0.0,0.0
39049001700->39049001600,0.6832280038106536,0.6832280038106536,0.0,0.0,1.3664560076213073,1.3664560076213073,0.0,0.0
39049001700->39049001820,1.2226232378269246,1.2226232378269246,0.0,0.0,2.4452464756538492,2.4452464756538492,0.0,0.0
39049001700->39049001000,3.1156166722836334,3.1156166722836334,0.0,0.0,6.231233344567267,6.231233344567267,0.0,0.0
39049000330->39049000710,1.0342539257319163,1.0342539257319163,0.0,0.0,2.0685078514638326,2.0685078514638326,0.0,0.0
39049000330->39049000310,1.5316110570228054,1.5316110570228054,0.0,0.0,3.063222114045611,3.063222114045611,0.0,0.0
39049000330->39049000420,2.3632372057863433,2.3632372057863433,0.0,0.0,4.726474411572687,4.726474411572687,0.0,0.0
39049000330->39049007722,3.101980075480485,3.101980075480485,0.0,0.0,6.20396015096097,6.20396015096097,0.0,0.0
39049000330->39049007740,3.442741614305171,3.442741614305171,0.0,0.0,6.885483228610342,6.885483228610342,0.0,0.0
39049008350->39049008230,1.5578994715373464,1.5578994715373464,0.0,0.0,3.115798943074693,3.115798943074693,0.0,0.0
39049008350->39049008164,1.7958929047239234,1.7958929047239234,0.0,0.0,3.5917858094478468,3.5917858094478468,0.0,0.0
39049008350->39049008120,2.044315889451038,2.044315889451038,0.0,0.0,4.088631778902076,4.088631778902076,0.0,0.0
39049008350->39049008163,1.8336179518874631,1.8336179518874631,0.0,0.0,3.6672359037749263,3.6672359037749263,0.0,0.0
39049008350->39049008110,3.4527843578184276,3.4527843578184276,0.0,0.0,6.905568715636855,6.905568715636855,0.0,0.0
39049008350->39049008312,2.9267981955550133,2.9267981955550133,0.0,0.0,5.853596391110027,5.853596391110027,0.0,0.0
39049008350->39049009752,4.250340170642756,4.250340170642756,0.0,0.0,8.500680341285513,8.500680341285513,0.0,0.0
39049008350->39049008162,4.9432959308048385,4.9432959308048385,0.0,0.0,9.886591861609677,9.886591861609677,0.0,0.0
39049008350->39049009800,14.922721072765608,14.922721072765608,0.0,0.0,29.845442145531216,29.845442145531216,0.0,0.0
39049007933->39049007931,2.261621675649825,2.261621675649825,0.0,0.0,4.52324335129965,4.52324335129965,0.0,0.0
39049007933->39049010602,2.8041820481662407,2.8041820481662407,0.0,0.0,5.6083640963324815,5.6083640963324815,0.0,0.0
39049007933->39049007953,4.07011376342841,4.07011376342841,0.0,0.0,8.14022752685682,8.14022752685682,0.0,0.0
39049007933->39049007922,5.362963927243298,5.362963927243298,0.0,0.0,10.725927854486596,10.725927854486596,0.0,0.0
39049007933->39049010601,4.450934533956807,4.450934533956807,0.0,0.0,8.901869067913614,8.901869067913614,0.0,0.0
39049007933->39049008242,5.584533850419939,5.584533850419939,0.0,0.0,11.169067700839879,11.169067700839879,0.0,0.0
39049007933->39049007921,6.900436268709989,6.900436268709989,0.0,0.0,13.800872537419979,13.800872537419979,0.0,0.0
39049001820->39049001600,1.9039660297526733,1.9039660297526733,0.0,0.0,3.8079320595053465,3.8079320595053465,0.0,0.0
39049000420->39049000310,1.9916414353201397,1.9916414353201397,0.0,0.0,3.98328287064028,3.98328287064028,0.0,0.0
39049000420->39049000710,2.2123381883363606,2.2123381883363606,0.0,0.0,4.424676376672721,4.424676376672721,0.0,0.0
39049000420->39049001000,2.8467634944996156,2.8467634944996156,0.0,0.0,5.693526988999231,5.693526988999231,0.0,0.0
39049000420->39049000210,3.0820282781332464,3.0820282781332464,0.0,0.0,6.164056556266493,6.164056556266493,0.0,0.0
39049007207->39049010000,4.295947774997538,4.295947774997538,0.0,0.0,8.591895549995076,8.591895549995076,0.0,0.0
39049007207->39049007202,6.730980654011129,6.730980654011129,0.0,0.0,13.461961308022259,13.461961308022259,0.0,0.0
39049007207->39049007198,6.282069497413239,6.282069497413239,0.0,0.0,12.564138994826479,12.564138994826479,0.0,0.0
39049007207->39049007194,6.340926463854797,6.340926463854797,0.0,0.0,12.681852927709594,12.681852927709594,0.0,0.0
39049007207->39049007193,6.812348813285873,6.812348813285873,0.0,0.0,13.624697626571747,13.624697626571747,0.0,0.0
39049007207->39049007393,8.750956139924291,8.750956139924291,0.0,0.0,17.501912279848582,17.501912279848582,0.0,0.0
39049001000->39049001600,3.0643055601167113,3.0643055601167113,0.0,0.0,6.128611120233423,6.128611120233423,0.0,0.0
39049001000->39049000710,2.8454728061683037,2.8454728061683037,0.0,0.0,5.690945612336607,5.690945612336607,0.0,0.0
39049007951->39049007922,3.5845497967921487,3.5845497967921487,0.0,0.0,7.169099593584297,7.169099593584297,0.0,0.0
39049007951->39049006340,4.195717710491395,4.195717710491395,0.0,0.0,8.39143542098279,8.39143542098279,0.0,0.0
39049007951->39049007931,5.826752994527024,5.826752994527024,0.0,0.0,11.653505989054048,11.653505989054048,0.0,0.0
39049007951->39049006310,5.356655146658378,5.356655146658378,0.0,0.0,10.713310293316756,10.713310293316756,0.0,0.0
39049007951->39049007921,7.471687131737715,7.471687131737715,0.0,0.0,14.94337426347543,14.94337426347543,0.0,0.0
39049009333->39049009331,0.9974604568005452,0.9974604568005452,0.0,0.0,1.9949209136010904,1.9949209136010904,0.0,0.0
39049009333->39049002770,1.123842018025611,1.123842018025611,0.0,0.0,2.247684036051222,2.247684036051222,0.0,0.0
39049009333->39049009332,1.9072714868027705,1.9072714868027705,0.0,0.0,3.814542973605541,3.814542973605541,0.0,0.0
39049009333->39049009334,1.900778314729619,1.900778314729619,0.0,0.0,3.801556629459238,3.801556629459238,0.0,0.0
39049009333->39049009321,2.1222844768192664,2.1222844768192664,0.0,0.0,4.244568953638533,4.244568953638533,0.0,0.0
39049009333->39049009220,2.9985285374919726,2.9985285374919726,0.0,0.0,5.997057074983945,5.997057074983945,0.0,0.0
39049009333->39049009336,2.9076388171628036,2.9076388171628036,0.0,0.0,5.815277634325607,5.815277634325607,0.0,0.0
39049007740->39049007730,0.9170328432877338,0.9170328432877338,0.0,0.0,1.8340656865754676,1.8340656865754676,0.0,0.0
39049007740->39049000310,2.225694192586225,2.225694192586225,0.0,0.0,4.45138838517245,4.45138838517245,0.0,0.0
39049007740->39049006924,2.4206910425827504,2.4206910425827504,0.0,0.0,4.841382085165501,4.841382085165501,0.0,0.0
39049007740->39049007722,2.416716461500263,2.416716461500263,0.0,0.0,4.833432923000526,4.833432923000526,0.0,0.0
39049009210->39049009350,2.4124415452249526,2.4124415452249526,0.0,0.0,4.824883090449905,4.824883090449905,0.0,0.0
39049009210->39049009340,3.518648438197594,3.518648438197594,0.0,0.0,7.037296876395188,7.037296876395188,0.0,0.0
39049009210->39049009240,3.085604440186858,3.085604440186858,0.0,0.0,6.171208880373716,6.171208880373716,0.0,0.0
39049009210->39049007427,4.125577569994757,4.125577569994757,0.0,0.0,8.251155139989514,8.251155139989514,0.0,0.0
39049009210->39049009250,4.291367469599683,4.291367469599683,0.0,0.0,8.582734939199366,8.582734939199366,0.0,0.0
39049009210->39049009230,4.482275791076905,4.482275791076905,0.0,0.0,8.96455158215381,8.96455158215381,0.0,0.0
39049009210->39049007425,6.541216650337315,6.541216650337315,0.0,0.0,13.08243330067463,13.08243330067463,0.0,0.0
39049009210->39049007426,6.574175011563577,6.574175011563577,0.0,0.0,13.148350023127154,13.148350023127154,0.0,0.0
39049007114->39049007120,1.8463934141386618,1.8463934141386618,0.0,0.0,3.6927868282773235,3.6927868282773235,0.0,0.0
39049007114->39049007113,3.599396738316928,3.599396738316928,0.0,0.0,7.198793476633856,7.198793476633856,0.0,0.0
39049007114->39049007198,4.000084320599626,4.000084320599626,0.0,0.0,8.000168641199252,8.000168641199252,0.0,0.0
39049007114->39049007194,4.157056865024889,4.157056865024889,0.0,0.0,8.314113730049778,8.314113730049778,0.0,0.0
39049007114->39049007193,5.4921516392584655,5.4921516392584655,0.0,0.0,10.984303278516931,10.984303278516931,0.0,0.0
39049007114->39049006990,5.154053602776388,5.154053602776388,0.0,0.0,10.308107205552776,10.308107205552776,0.0,0.0
39049010000->39049007198,2.343932296588904,2.343932296588904,0.0,0.0,4.687864593177808,4.687864593177808,0.0,0.0
39049010000->39049007202,2.7040105535069014,2.7040105535069014,0.0,0.0,5.408021107013803,5.408021107013803,0.0,0.0
39049010000->39049007194,3.8335722899676568,3.8335722899676568,0.0,0.0,7.6671445799353135,7.6671445799353135,0.0,0.0
39049010000->39049007120,4.504516534626206,4.504516534626206,0.0,0.0,9.009033069252412,9.009033069252412,0.0,0.0
39049010000->39049007193,5.516422789124096,5.516422789124096,0.0,0.0,11.032845578248192,11.032845578248192,0.0,0.0
39049010000->39049007492,6.815897967383199,6.815897967383199,0.0,0.0,13.631795934766398,13.631795934766398,0.0,0.0
39049002900->39049002800,1.2894719310542477,1.2894719310542477,0.0,0.0,2.5789438621084955,2.5789438621084955,0.0,0.0
39049002900->39049002520,2.1098249692994027,2.1098249692994027,0.0,0.0,4.219649938598805,4.219649938598805,0.0,0.0
39049002900->39049000730,4.104740822739909,4.104740822739909,0.0,0.0,8.209481645479817,8.209481645479817,0.0,0.0
39049010300->39049009590,8.12019448067788,8.12019448067788,0.0,0.0,16.24038896135576,16.24038896135576,0.0,0.0
39049010300->39049009520,8.39480338730801,8.39480338730801,0.0,0.0,16.78960677461602,16.78960677461602,0.0,0.0
39049010300->39049009440,8.196745698677061,8.196745698677061,0.0,0.0,16.393491397354122,16.393491397354122,0.0,0.0
39049010300->39049008825,10.14565373606723,10.14565373606723,0.0,0.0,20.29130747213446,20.29130747213446,0.0,0.0
39049010300->39049008813,11.130445414958874,11.130445414958874,0.0,0.0,22.26089082991775,22.26089082991775,0.0,0.0
39049010300->39049008812,12.83628359409268,12.83628359409268,0.0,0.0,25.67256718818536,25.67256718818536,0.0,0.0
39049010300->39049009497,10.272272085105643,10.272272085105643,0.0,0.0,20.544544170211285,20.544544170211285,0.0,0.0
39049006393->39049006394,2.2335594198584547,2.2335594198584547,0.0,0.0,4.4671188397169095,4.4671188397169095,0.0,0.0
39049006393->39041011421,3.495735442538918,3.495735442538918,0.0,0.0,6.991470885077836,6.991470885077836,0.0,0.0
39049006393->39049006391,5.173555817353122,5.173555817353122,0.0,0.0,10.347111634706245,10.347111634706245,0.0,0.0
39049002520->39049002800,0.8266706441928249,0.8266706441928249,0.0,0.0,1.6533412883856498,1.6533412883856498,0.0,0.0
39049002520->39049009000,2.299858725261635,2.299858725261635,0.0,0.0,4.59971745052327,4.59971745052327,0.0,0.0
39049002520->39049005410,2.5194055725618614,2.5194055725618614,0.0,0.0,5.038811145123723,5.038811145123723,0.0,0.0
39049002520->39049002510,3.6593724342073584,3.6593724342073584,0.0,0.0,7.318744868414717,7.318744868414717,0.0,0.0
39049007113->39049007532,2.615179471841782,2.615179471841782,0.0,0.0,5.230358943683564,5.230358943683564,0.0,0.0
39049007113->39049007120,3.1289664735064955,3.1289664735064955,0.0,0.0,6.257932947012991,6.257932947012991,0.0,0.0
39049007113->39049007533,4.568917058649733,4.568917058649733,0.0,0.0,9.137834117299466,9.137834117299466,0.0,0.0
39049007113->39049007198,4.1259210153995545,4.1259210153995545,0.0,0.0,8.251842030799109,8.251842030799109,0.0,0.0
39049007113->39049007494,4.991458967608356,4.991458967608356,0.0,0.0,9.982917935216712,9.982917935216712,0.0,0.0
39049007113->39049007202,3.995840482487591,3.995840482487591,0.0,0.0,7.991680964975182,7.991680964975182,0.0,0.0
39049007113->39049007193,7.921948680652172,7.921948680652172,0.0,0.0,15.843897361304345,15.843897361304345,0.0,0.0
39049007113->39049007194,5.974106732089192,5.974106732089192,0.0,0.0,11.948213464178384,11.948213464178384,0.0,0.0
39049002800->39049005410,2.909376036906099,2.909376036906099,0.0,0.0,5.818752073812198,5.818752073812198,0.0,0.0
39049002800->39049002510,3.8708798190594673,3.8708798190594673,0.0,0.0,7.741759638118935,7.741759638118935,0.0,0.0
39049005410->39049005500,2.0309001747762903,2.0309001747762903,0.0,0.0,4.0618003495525805,4.0618003495525805,0.0,0.0
39049005410->39049008710,3.3021110571149146,3.3021110571149146,0.0,0.0,6.604222114229829,6.604222114229829,0.0,0.0
39049005410->39049008900,2.8782411849109657,2.8782411849109657,0.0,0.0,5.756482369821931,5.756482369821931,0.0,0.0
39049005410->39049009000,3.135132988589731,3.135132988589731,0.0,0.0,6.270265977179462,6.270265977179462,0.0,0.0
39049007730->39049006924,1.5111621548440497,1.5111621548440497,0.0,0.0,3.0223243096880994,3.0223243096880994,0.0,0.0
39049007730->39049007722,2.592269978966256,2.592269978966256,0.0,0.0,5.184539957932512,5.184539957932512,0.0,0.0
39049007730->39049000310,3.134400302102611,3.134400302102611,0.0,0.0,6.268800604205222,6.268800604205222,0.0,0.0
39049006924->39049007722,3.602875383573561,3.602875383573561,0.0,0.0,7.205750767147122,7.205750767147122,0.0,0.0
39049007722->39049000310,2.9977147873690857,2.9977147873690857,0.0,0.0,5.995429574738171,5.995429574738171,0.0,0.0
39049007722->39049007534,3.5408062345370026,3.5408062345370026,0.0,0.0,7.081612469074005,7.081612469074005,0.0,0.0
39049007722->39049007533,3.5571103672966173,3.5571103672966173,0.0,0.0,7.114220734593235,7.114220734593235,0.0,0.0
39049000310->39049000710,2.294337106436983,2.294337106436983,0.0,0.0,4.588674212873966,4.588674212873966,0.0,0.0
39049009331->39049009321,1.1256799202346728,1.1256799202346728,0.0,0.0,2.2513598404693456,2.2513598404693456,0.0,0.0
39049009331->39049009334,1.3431781656880653,1.3431781656880653,0.0,0.0,2.6863563313761305,2.6863563313761305,0.0,0.0
39049009331->39049002770,1.439368785666344,1.439368785666344,0.0,0.0,2.878737571332688,2.878737571332688,0.0,0.0
39049009331->39049009220,2.4837763314864634,2.4837763314864634,0.0,0.0,4.967552662972927,4.967552662972927,0.0,0.0
39049009331->39049009230,2.8764045832692684,2.8764045832692684,0.0,0.0,5.752809166538537,5.752809166538537,0.0,0.0
39049009331->39049009250,2.816875463493871,2.816875463493871,0.0,0.0,5.633750926987742,5.633750926987742,0.0,0.0
39049009331->39049009332,2.8776114695884543,2.8776114695884543,0.0,0.0,5.7552229391769085,5.7552229391769085,0.0,0.0
39049009331->39049009336,3.7836312463955455,3.7836312463955455,0.0,0.0,7.567262492791091,7.567262492791091,0.0,0.0
39049009331->39049009322,3.041792557984879,3.041792557984879,0.0,0.0,6.083585115969758,6.083585115969758,0.0,0.0
39045032702->39045032701,1.837760924373541,1.837760924373541,0.0,0.0,3.675521848747082,3.675521848747082,0.0,0.0
39045032702->39049009386,2.5642805166632905,2.5642805166632905,0.0,0.0,5.128561033326581,5.128561033326581,0.0,0.0
39045032702->39049009384,3.9797285260187296,3.9797285260187296,0.0,0.0,7.959457052037459,7.959457052037459,0.0,0.0
39045032702->39049009385,3.998460857238759,3.998460857238759,0.0,0.0,7.996921714477519,7.996921714477519,0.0,0.0
39045032702->39049009383,4.250178084888982,4.250178084888982,0.0,0.0,8.500356169777964,8.500356169777964,0.0,0.0
39045032702->39049009382,6.206867618047708,6.206867618047708,0.0,0.0,12.413735236095416,12.413735236095416,0.0,0.0
39045032702->39049009450,9.786618884046383,9.786618884046383,0.0,0.0,19.573237768092767,19.573237768092767,0.0,0.0
39045032702->39049009390,7.836102004331055,7.836102004331055,0.0,0.0,15.67220400866211,15.67220400866211,0.0,0.0
39049008241->39049008242,3.6769922330499263,3.6769922330499263,0.0,0.0,7.353984466099853,7.353984466099853,0.0,0.0
39049008241->39049006410,3.209043525766488,3.209043525766488,0.0,0.0,6.418087051532976,6.418087051532976,0.0,0.0
39049008241->39049006330,4.857705987301575,4.857705987301575,0.0,0.0,9.71541197460315,9.71541197460315,0.0,0.0
39049008241->39049008400,4.00354180827736,4.00354180827736,0.0,0.0,8.00708361655472,8.00708361655472,0.0,0.0
39049008241->39049006430,4.637884552021938,4.637884552021938,0.0,0.0,9.275769104043876,9.275769104043876,0.0,0.0
39049007953->39049010602,4.7135030676292295,4.7135030676292295,0.0,0.0,9.427006135258459,9.427006135258459,0.0,0.0
39049007953->39049010601,4.676593899043211,4.676593899043211,0.0,0.0,9.353187798086422,9.353187798086422,0.0,0.0
39049007953->39049008110,5.769154608658292,5.769154608658292,0.0,0.0,11.538309217316584,11.538309217316584,0.0,0.0
39049007953->39049007931,6.324715029686515,6.324715029686515,0.0,0.0,12.64943005937303,12.64943005937303,0.0,0.0
39049007953->39049008242,5.237002315404495,5.237002315404495,0.0,0.0,10.47400463080899,10.47400463080899,0.0,0.0
39049007953->39049007921,9.378161488814229,9.378161488814229,0.0,0.0,18.756322977628457,18.756322977628457,0.0,0.0
39049009336->39049009332,1.2063308025387955,1.2063308025387955,0.0,0.0,2.412661605077591,2.412661605077591,0.0,0.0
39049009336->39049008812,3.4068424013414624,3.4068424013414624,0.0,0.0,6.813684802682925,6.813684802682925,0.0,0.0
39049009336->39049002770,3.7035988738888865,3.7035988738888865,0.0,0.0,7.407197747777773,7.407197747777773,0.0,0.0
39049009336->39049008900,3.8105216927444143,3.8105216927444143,0.0,0.0,7.621043385488829,7.621043385488829,0.0,0.0
39049005500->39049008710,2.5295314694630497,2.5295314694630497,0.0,0.0,5.0590629389260995,5.0590629389260995,0.0,0.0
39049008710->39049008813,5.642519229909831,5.642519229909831,0.0,0.0,11.285038459819662,11.285038459819662,0.0,0.0
39049009450->39049009497,7.41109624285157,7.41109624285157,0.0,0.0,14.82219248570314,14.82219248570314,0.0,0.0
39049009450->39049009410,8.528292986773826,8.528292986773826,0.0,0.0,17.05658597354765,17.05658597354765,0.0,0.0
39049009450->39045032701,9.200533446214731,9.200533446214731,0.0,0.0,18.401066892429462,18.401066892429462,0.0,0.0
39049009450->39049009440,8.223727545447124,8.223727545447124,0.0,0.0,16.44745509089425,16.44745509089425,0.0,0.0
39049009450->39049009372,10.632643655072036,10.632643655072036,0.0,0.0,21.26528731014407,21.26528731014407,0.0,0.0
39049006100->39049009590,9.643334246997217,9.643334246997217,0.0,0.0,19.286668493994434,19.286668493994434,0.0,0.0
39049007494->39049007492,2.7360280914942856,2.7360280914942856,0.0,0.0,5.472056182988571,5.472056182988571,0.0,0.0
39049007494->39049007202,4.170135373600529,4.170135373600529,0.0,0.0,8.340270747201059,8.340270747201059,0.0,0.0
39049007494->39049007425,4.841717183561765,4.841717183561765,0.0,0.0,9.68343436712353,9.68343436712353,0.0,0.0
39049007494->39049007532,4.28824943093303,4.28824943093303,0.0,0.0,8.57649886186606,8.57649886186606,0.0,0.0
39049007494->39049007426,5.125191086133632,5.125191086133632,0.0,0.0,10.250382172267264,10.250382172267264,0.0,0.0
39049007396->39049009390,4.8864983628933425,4.8864983628933425,0.0,0.0,9.772996725786685,9.772996725786685,0.0,0.0
39049007396->39049007394,5.211166697632651,5.211166697632651,0.0,0.0,10.422333395265301,10.422333395265301,0.0,0.0
39049007396->39049009382,6.504542713653247,6.504542713653247,0.0,0.0,13.009085427306495,13.009085427306495,0.0,0.0
39049007396->39049009385,8.88951756369666,8.88951756369666,0.0,0.0,17.77903512739332,17.77903512739332,0.0,0.0
39049007396->39049009384,9.00620597416618,9.00620597416618,0.0,0.0,18.01241194833236,18.01241194833236,0.0,0.0
39049007396->39049007427,7.382111726478214,7.382111726478214,0.0,0.0,14.764223452956427,14.764223452956427,0.0,0.0
39049007396->39049007393,8.827769082735754,8.827769082735754,0.0,0.0,17.65553816547151,17.65553816547151,0.0,0.0
39049006944->39049006990,3.5352047889105087,3.5352047889105087,0.0,0.0,7.070409577821017,7.070409577821017,0.0,0.0
39049008380->39049009720,3.885603541368515,3.885603541368515,0.0,0.0,7.77120708273703,7.77120708273703,0.0,0.0
39049008380->39049008370,4.776765848424031,4.776765848424031,0.0,0.0,9.553531696848061,9.553531696848061,0.0,0.0
39049008380->39049004900,7.13433866674382,7.13433866674382,0.0,0.0,14.26867733348764,14.26867733348764,0.0,0.0
39049008380->39049004820,6.8215631592565105,6.8215631592565105,0.0,0.0,13.643126318513021,13.643126318513021,0.0,0.0
39049008380->39049009711,5.926796211156449,5.926796211156449,0.0,0.0,11.853592422312898,11.853592422312898,0.0,0.0
39049008380->39049009590,7.83671334668962,7.83671334668962,0.0,0.0,15.67342669337924,15.67342669337924,0.0,0.0
39049009312->39049009322,2.3022304787566945,2.3022304787566945,0.0,0.0,4.604460957513389,4.604460957513389,0.0,0.0
39049009312->39049009372,2.460235515317672,2.460235515317672,0.0,0.0,4.920471030635344,4.920471030635344,0.0,0.0
39049009312->39049009340,2.9463328568545144,2.9463328568545144,0.0,0.0,5.892665713709029,5.892665713709029,0.0,0.0
39049009312->39049009350,3.584302315621796,3.584302315621796,0.0,0.0,7.168604631243592,7.168604631243592,0.0,0.0
39049009312->39049009250,3.82696441562477,3.82696441562477,0.0,0.0,7.65392883124954,7.65392883124954,0.0,0.0
39049009312->39049009383,4.17383607920007,4.17383607920007,0.0,0.0,8.34767215840014,8.34767215840014,0.0,0.0
39049009312->39049009410,4.986734858585439,4.986734858585439,0.0,0.0,9.973469717170879,9.973469717170879,0.0,0.0
39049008242->39049008110,4.243582195418337,4.243582195418337,0.0,0.0,8.487164390836673,8.487164390836673,0.0,0.0
39049008242->39049008230,5.587120872072239,5.587120872072239,0.0,0.0,11.174241744144478,11.174241744144478,0.0,0.0
39049008242->39049008120,5.816642607695696,5.816642607695696,0.0,0.0,11.633285215391393,11.633285215391393,0.0,0.0
39049008242->39049007931,7.054036195042066,7.054036195042066,0.0,0.0,14.108072390084132,14.108072390084132,0.0,0.0
39049009334->39049009321,1.4108187583091052,1.4108187583091052,0.0,0.0,2.8216375166182104,2.8216375166182104,0.0,0.0
39049009334->39049009322,1.9736880466260212,1.9736880466260212,0.0,0.0,3.9473760932520423,3.9473760932520423,0.0,0.0
39049009334->39049002770,2.7349827659653165,2.7349827659653165,0.0,0.0,5.469965531930633,5.469965531930633,0.0,0.0
39049009334->39049009250,3.1231784307803543,3.1231784307803543,0.0,0.0,6.246356861560709,6.246356861560709,0.0,0.0
39049009334->39049009220,3.624227221541874,3.624227221541874,0.0,0.0,7.248454443083748,7.248454443083748,0.0,0.0
39049009334->39049009332,3.317198728240307,3.317198728240307,0.0,0.0,6.634397456480614,6.634397456480614,0.0,0.0
39049004500->39049004700,1.2401751737312559,1.2401751737312559,0.0,0.0,2.4803503474625117,2.4803503474625117,0.0,0.0
39049004500->39049004900,1.972343484956813,1.972343484956813,0.0,0.0,3.9446869699136258,3.9446869699136258,0.0,0.0
39049004500->39049004820,2.421297484029358,2.421297484029358,0.0,0.0,4.842594968058716,4.842594968058716,0.0,0.0
39049004500->39049004620,2.0958133528381464,2.0958133528381464,0.0,0.0,4.191626705676293,4.191626705676293,0.0,0.0
39049004500->39049004610,2.8032822573646947,2.8032822573646947,0.0,0.0,5.606564514729389,5.606564514729389,0.0,0.0
39049004500->39049008400,3.88050071244216,3.88050071244216,0.0,0.0,7.76100142488432,7.76100142488432,0.0,0.0
39049004500->39049004810,3.673798359017037,3.673798359017037,0.0,0.0,7.347596718034074,7.347596718034074,0.0,0.0
39049004500->39049008322,3.7729330036805395,3.7729330036805395,0.0,0.0,7.545866007361079,7.545866007361079,0.0,0.0
39049002510->39049007512,2.0507914866909998,2.0507914866909998,0.0,0.0,4.1015829733819995,4.1015829733819995,0.0,0.0
39049002510->39049002600,2.381281151979274,2.381281151979274,0.0,0.0,4.762562303958548,4.762562303958548,0.0,0.0
39049002510->39049007511,2.9087772565270504,2.9087772565270504,0.0,0.0,5.817554513054101,5.817554513054101,0.0,0.0
39049002510->39049009000,3.602521718053678,3.602521718053678,0.0,0.0,7.205043436107356,7.205043436107356,0.0,0.0
39049002510->39049007520,4.141783209103524,4.141783209103524,0.0,0.0,8.283566418207048,8.283566418207048,0.0,0.0
39049002510->39049002710,3.5352402332764554,3.5352402332764554,0.0,0.0,7.070480466552911,7.070480466552911,0.0,0.0
39049002510->39049009100,4.159413561325556,4.159413561325556,0.0,0.0,8.318827122651111,8.318827122651111,0.0,0.0
39049009590->39049008825,5.381567792644902,5.381567792644902,0.0,0.0,10.763135585289804,10.763135585289804,0.0,0.0
39049009590->39049009520,5.7266646899292235,5.7266646899292235,0.0,0.0,11.453329379858447,11.453329379858447,0.0,0.0
39049009590->39049008813,6.862003200668532,6.862003200668532,0.0,0.0,13.724006401337064,13.724006401337064,0.0,0.0
39049009752->39049009600,3.6554446486076775,3.6554446486076775,0.0,0.0,7.310889297215355,7.310889297215355,0.0,0.0
39049009752->39049008312,4.354747616346377,4.354747616346377,0.0,0.0,8.709495232692754,8.709495232692754,0.0,0.0
39049009752->39049008164,4.584292133722913,4.584292133722913,0.0,0.0,9.168584267445826,9.168584267445826,0.0,0.0
39049009752->39049008360,4.354902734180785,4.354902734180785,0.0,0.0,8.70980546836157,8.70980546836157,0.0,0.0
39049009752->39049008230,5.679823118638019,5.679823118638019,0.0,0.0,11.359646237276039,11.359646237276039,0.0,0.0
39049009752->39049008163,5.3442939160449034,5.3442939160449034,0.0,0.0,10.688587832089807,10.688587832089807,0.0,0.0
39049009752->39049008370,4.53880778388518,4.53880778388518,0.0,0.0,9.07761556777036,9.07761556777036,0.0,0.0
39049009752->39049008162,5.91627378168596,5.91627378168596,0.0,0.0,11.83254756337192,11.83254756337192,0.0,0.0
39049009752->39049009711,5.233007147744954,5.233007147744954,0.0,0.0,10.466014295489908,10.466014295489908,0.0,0.0
39049009752->39049009800,12.390035076582162,12.390035076582162,0.0,0.0,24.780070153164324,24.780070153164324,0.0,0.0
39049004810->39049008322,0.32903140770577755,0.32903140770577755,0.0,0.0,0.6580628154115551,0.6580628154115551,0.0,0.0
39049004810->39049008321,0.9166332419966471,0.9166332419966471,0.0,0.0,1.8332664839932942,1.8332664839932942,0.0,0.0
39049004810->39049004610,1.6850643017012104,1.6850643017012104,0.0,0.0,3.3701286034024207,3.3701286034024207,0.0,0.0
39049004810->39049004620,1.9698137000243103,1.9698137000243103,0.0,0.0,3.9396274000486207,3.9396274000486207,0.0,0.0
39049004810->39049004820,1.735310782747927,1.735310782747927,0.0,0.0,3.470621565495854,3.470621565495854,0.0,0.0
39049004810->39049008360,2.168891185012161,2.168891185012161,0.0,0.0,4.337782370024322,4.337782370024322,0.0,0.0
39049004810->39049004700,2.444269993322451,2.444269993322451,0.0,0.0,4.888539986644902,4.888539986644902,0.0,0.0
39049004810->39049008312,2.3964080236031706,2.3964080236031706,0.0,0.0,4.792816047206341,4.792816047206341,0.0,0.0
39049004810->39049008370,4.09273550523336,4.09273550523336,0.0,0.0,8.18547101046672,8.18547101046672,0.0,0.0
39049004810->39049009600,7.592499762900908,7.592499762900908,0.0,0.0,15.184999525801816,15.184999525801816,0.0,0.0
39049004810->39049009711,7.7744082571317135,7.7744082571317135,0.0,0.0,15.548816514263429,15.548816514263429,0.0,0.0
39049004810->39049009720,7.723353884277924,7.723353884277924,0.0,0.0,15.446707768555846,15.446707768555846,0.0,0.0
39049008322->39049004820,1.661688432648579,1.661688432648579,0.0,0.0,3.323376865297158,3.323376865297158,0.0,0.0
39049008322->39049008360,2.009880918433691,2.009880918433691,0.0,0.0,4.019761836867382,4.019761836867382,0.0,0.0
39049008322->39049008321,1.150502289764369,1.150502289764369,0.0,0.0,2.301004579528738,2.301004579528738,0.0,0.0
39049008322->39049004610,1.9813575257438212,1.9813575257438212,0.0,0.0,3.9627150514876424,3.9627150514876424,0.0,0.0
39049008322->39049004620,2.200980837185299,2.200980837185299,0.0,0.0,4.401961674370598,4.401961674370598,0.0,0.0
39049008322->39049004700,2.533226222018993,2.533226222018993,0.0,0.0,5.066452444037986,5.066452444037986,0.0,0.0
39049008322->39049008312,2.608408605096783,2.608408605096783,0.0,0.0,5.216817210193566,5.216817210193566,0.0,0.0
39049008322->39049008370,3.8507527578125185,3.8507527578125185,0.0,0.0,7.701505515625036,7.701505515625036,0.0,0.0
39049008322->39049009600,7.442467601139837,7.442467601139837,0.0,0.0,14.884935202279674,14.884935202279674,0.0,0.0
39049008322->39049009711,7.557171611671386,7.557171611671386,0.0,0.0,15.114343223342772,15.114343223342772,0.0,0.0
39049008322->39049009720,7.443672509134212,7.443672509134212,0.0,0.0,14.887345018268425,14.887345018268425,0.0,0.0
39049006910->39049006710,1.974496607652081,1.974496607652081,0.0,0.0,3.9489932153041623,3.9489932153041623,0.0,0.0
39049006910->39049006810,2.342635084163483,2.342635084163483,0.0,0.0,4.685270168326966,4.685270168326966,0.0,0.0
39049006910->39049006721,3.106397530810221,3.106397530810221,0.0,0.0,6.212795061620442,6.212795061620442,0.0,0.0
39049006910->39049006722,3.8735022402215935,3.8735022402215935,0.0,0.0,7.747004480443188,7.747004480443188,0.0,0.0
39049006810->39049006710,1.7569116242507326,1.7569116242507326,0.0,0.0,3.513823248501465,3.513823248501465,0.0,0.0
39049006810->39049006722,3.8885231484337344,3.8885231484337344,0.0,0.0,7.77704629686747,7.77704629686747,0.0,0.0
39049006810->39049006721,4.461674932337597,4.461674932337597,0.0,0.0,8.923349864675194,8.923349864675194,0.0,0.0
39049007202->39049007198,2.9940655704544876,2.9940655704544876,0.0,0.0,5.988131140908975,5.988131140908975,0.0,0.0
39049007202->39049007492,4.737601814097005,4.737601814097005,0.0,0.0,9.47520362819401,9.47520362819401,0.0,0.0
39049007202->39049007120,4.357742555606353,4.357742555606353,0.0,0.0,8.715485111212706,8.715485111212706,0.0,0.0
39049007202->39049007194,5.406313652627736,5.406313652627736,0.0,0.0,10.812627305255472,10.812627305255472,0.0,0.0
39049007202->39049007193,7.427761024047245,7.427761024047245,0.0,0.0,14.85552204809449,14.85552204809449,0.0,0.0
39049007202->39049007393,7.276901336688295,7.276901336688295,0.0,0.0,14.55380267337659,14.55380267337659,0.0,0.0
39049008162->39049008164,3.1838585224711045,3.1838585224711045,0.0,0.0,6.367717044942209,6.367717044942209,0.0,0.0
39049008162->39049009800,11.118880452552585,11.118880452552585,0.0,0.0,22.23776090510517,22.23776090510517,0.0,0.0
39049008162->39049008163,3.66329297977133,3.66329297977133,0.0,0.0,7.32658595954266,7.32658595954266,0.0,0.0
39049008162->39049008120,4.8257510089442235,4.8257510089442235,0.0,0.0,9.651502017888447,9.651502017888447,0.0,0.0
39049008162->39049008110,6.203343522894773,6.203343522894773,0.0,0.0,12.406687045789546,12.406687045789546,0.0,0.0
39049008162->39049008230,6.021383128903259,6.021383128903259,0.0,0.0,12.042766257806518,12.042766257806518,0.0,0.0
39049000730->39049007511,1.5302286500592657,1.5302286500592657,0.0,0.0,3.0604573001185313,3.0604573001185313,0.0,0.0
39049000730->39049000920,2.623161994862426,2.623161994862426,0.0,0.0,5.246323989724852,5.246323989724852,0.0,0.0
39049000730->39049007512,3.2731577611425573,3.2731577611425573,0.0,0.0,6.546315522285115,6.546315522285115,0.0,0.0
39049000730->39049007520,4.091643620990595,4.091643620990595,0.0,0.0,8.18328724198119,8.18328724198119,0.0,0.0
39049010601->39049010602,1.9846785282499888,1.9846785282499888,0.0,0.0,3.9693570564999776,3.9693570564999776,0.0,0.0
39049010601->39049007921,5.179969884059783,5.179969884059783,0.0,0.0,10.359939768119567,10.359939768119567,0.0,0.0
39049010601->39049007931,5.5800574183602745,5.5800574183602745,0.0,0.0,11.160114836720549,11.160114836720549,0.0,0.0
39049010601->39049007922,6.814659832046524,6.814659832046524,0.0,0.0,13.629319664093048,13.629319664093048,0.0,0.0
39049008825->39049008813,1.4808201383125286,1.4808201383125286,0.0,0.0,2.961640276625057,2.961640276625057,0.0,0.0
39049008825->39049009520,2.2369684616410526,2.2369684616410526,0.0,0.0,4.473936923282105,4.473936923282105,0.0,0.0
39049008825->39049008812,5.251778829577827,5.251778829577827,0.0,0.0,10.503557659155653,10.503557659155653,0.0,0.0
39049006391->39049006394,3.246314210329571,3.246314210329571,0.0,0.0,6.492628420659142,6.492628420659142,0.0,0.0
39049006391->39049006721,3.3497103808588773,3.3497103808588773,0.0,0.0,6.699420761717755,6.699420761717755,0.0,0.0
39049006391->39041011421,4.959203427989035,4.959203427989035,0.0,0.0,9.91840685597807,9.91840685597807,0.0,0.0
39049004610->39049004620,0.7101196096834363,0.7101196096834363,0.0,0.0,1.4202392193668727,1.4202392193668727,0.0,0.0
39049004610->39049008321,1.7676702276876115,1.7676702276876115,0.0,0.0,3.535340455375223,3.535340455375223,0.0,0.0
39049004610->39049004700,1.8725320019907659,1.8725320019907659,0.0,0.0,3.7450640039815317,3.7450640039815317,0.0,0.0
39049004610->39049004820,2.202989788602872,2.202989788602872,0.0,0.0,4.405979577205744,4.405979577205744,0.0,0.0
39049004610->39049008312,2.7038322871887948,2.7038322871887948,0.0,0.0,5.4076645743775895,5.4076645743775895,0.0,0.0
39049004610->39049008360,3.7322507625796355,3.7322507625796355,0.0,0.0,7.464501525159271,7.464501525159271,0.0,0.0
39049008812->39049009332,4.612240831536432,4.612240831536432,0.0,0.0,9.224481663072863,9.224481663072863,0.0,0.0
39049008812->39049008813,3.8919515248012284,3.8919515248012284,0.0,0.0,7.783903049602457,7.783903049602457,0.0,0.0
39049008812->39049009520,5.12428691841238,5.12428691841238,0.0,0.0,10.24857383682476,10.24857383682476,0.0,0.0
39049008812->39049009440,9.645433963807859,9.645433963807859,0.0,0.0,19.290867927615718,19.290867927615718,0.0,0.0
39049009322->39049009321,2.300898520075258,2.300898520075258,0.0,0.0,4.601797040150516,4.601797040150516,0.0,0.0
39049009322->39049009250,2.9940434851372824,2.9940434851372824,0.0,0.0,5.988086970274565,5.988086970274565,0.0,0.0
39049009322->39049009340,3.092960751558487,3.092960751558487,0.0,0.0,6.185921503116974,6.185921503116974,0.0,0.0
39049009322->39049009350,4.2068403148166675,4.2068403148166675,0.0,0.0,8.413680629633335,8.413680629633335,0.0,0.0
39049009322->39049009372,3.3686789535884727,3.3686789535884727,0.0,0.0,6.737357907176945,6.737357907176945,0.0,0.0
39049009322->39049009410,5.1463395813199035,5.1463395813199035,0.0,0.0,10.292679162639807,10.292679162639807,0.0,0.0
39049007511->39049000920,1.5961490442995416,1.5961490442995416,0.0,0.0,3.1922980885990833,3.1922980885990833,0.0,0.0
39049007511->39049007512,1.8987580812028073,1.8987580812028073,0.0,0.0,3.7975161624056146,3.7975161624056146,0.0,0.0
39049007511->39049007520,2.6071142190965473,2.6071142190965473,0.0,0.0,5.214228438193095,5.214228438193095,0.0,0.0
39049007931->39049007922,3.34051172267406,3.34051172267406,0.0,0.0,6.68102344534812,6.68102344534812,0.0,0.0
39049007931->39049010602,3.6003941438630744,3.6003941438630744,0.0,0.0,7.200788287726149,7.200788287726149,0.0,0.0
39049007931->39049007921,6.067326871103334,6.067326871103334,0.0,0.0,12.134653742206668,12.134653742206668,0.0,0.0
39049008164->39049008163,0.8870940326928627,0.8870940326928627,0.0,0.0,1.7741880653857254,1.7741880653857254,0.0,0.0
39049008164->39049008120,2.0870469932281726,2.0870469932281726,0.0,0.0,4.174093986456345,4.174093986456345,0.0,0.0
39049008164->39049008230,2.8823590845423777,2.8823590845423777,0.0,0.0,5.764718169084755,5.764718169084755,0.0,0.0
39049008164->39049008110,3.7308331663534413,3.7308331663534413,0.0,0.0,7.461666332706883,7.461666332706883,0.0,0.0
39049008164->39049009800,13.650782102657708,13.650782102657708,0.0,0.0,27.301564205315415,27.301564205315415,0.0,0.0
39049008230->39049008120,1.6616152841433416,1.6616152841433416,0.0,0.0,3.323230568286683,3.323230568286683,0.0,0.0
39049008230->39049008110,2.3305487591116503,2.3305487591116503,0.0,0.0,4.6610975182233005,4.6610975182233005,0.0,0.0
39049008230->39049008163,2.4074027373512945,2.4074027373512945,0.0,0.0,4.814805474702589,4.814805474702589,0.0,0.0
39049008230->39049008312,3.0840523578664554,3.0840523578664554,0.0,0.0,6.168104715732911,6.168104715732911,0.0,0.0
39049008813->39049009520,2.77293690841642,2.77293690841642,0.0,0.0,5.54587381683284,5.54587381683284,0.0,0.0
39049009382->39049009390,1.8361067202621661,1.8361067202621661,0.0,0.0,3.6722134405243323,3.6722134405243323,0.0,0.0
39049009382->39049009384,2.57845921150808,2.57845921150808,0.0,0.0,5.15691842301616,5.15691842301616,0.0,0.0
39049009382->39049009385,2.7404328501293476,2.7404328501293476,0.0,0.0,5.480865700258695,5.480865700258695,0.0,0.0
39049009382->39049009383,3.8197146096965313,3.8197146096965313,0.0,0.0,7.639429219393063,7.639429219393063,0.0,0.0
39049009382->39049009386,4.412771622285468,4.412771622285468,0.0,0.0,8.825543244570936,8.825543244570936,0.0,0.0
39049009382->39045032701,7.254577486836402,7.254577486836402,0.0,0.0,14.509154973672803,14.509154973672803,0.0,0.0
39049006721->39049006722,2.2955218668387682,2.2955218668387682,0.0,0.0,4.5910437336775365,4.5910437336775365,0.0,0.0
39049006721->39049006710,2.7925413765147984,2.7925413765147984,0.0,0.0,5.585082753029597,5.585082753029597,0.0,0.0
39049006721->39049006394,6.590623077692231,6.590623077692231,0.0,0.0,13.181246155384462,13.181246155384462,0.0,0.0
39049002740->39049009100,1.2151272706739933,1.2151272706739933,0.0,0.0,2.4302545413479866,2.4302545413479866,0.0,0.0
39049002740->39049002710,1.68101848830501,1.68101848830501,0.0,0.0,3.36203697661002,3.36203697661002,0.0,0.0
39049002740->39049002770,2.892614793172874,2.892614793172874,0.0,0.0,5.785229586345748,5.785229586345748,0.0,0.0
39049002740->39049009220,2.471600274477717,2.471600274477717,0.0,0.0,4.943200548955434,4.943200548955434,0.0,0.0
39049002740->39049009000,2.4644681233502315,2.4644681233502315,0.0,0.0,4.928936246700463,4.928936246700463,0.0,0.0
39049002740->39049002600,3.2283183047205237,3.2283183047205237,0.0,0.0,6.4566366094410474,6.4566366094410474,0.0,0.0
39049002740->39049008900,3.170645099194418,3.170645099194418,0.0,0.0,6.341290198388836,6.341290198388836,0.0,0.0
39049004820->39049004700,1.2887619408533608,1.2887619408533608,0.0,0.0,2.5775238817067216,2.5775238817067216,0.0,0.0
39049004820->39049004620,1.852839168944429,1.852839168944429,0.0,0.0,3.705678337888858,3.705678337888858,0.0,0.0
39049004820->39049004900,1.9473933087422457,1.9473933087422457,0.0,0.0,3.894786617484491,3.894786617484491,0.0,0.0
39049004820->39049008321,2.6148964704531625,2.6148964704531625,0.0,0.0,5.229792940906325,5.229792940906325,0.0,0.0
39049004820->39049008360,3.527823843722554,3.527823843722554,0.0,0.0,7.055647687445108,7.055647687445108,0.0,0.0
39049004820->39049009720,8.283859106180598,8.283859106180598,0.0,0.0,16.567718212361196,16.567718212361196,0.0,0.0
39049004820->39049008370,5.026136794504722,5.026136794504722,0.0,0.0,10.052273589009443,10.052273589009443,0.0,0.0
39049006310->39049006340,2.2712982839479436,2.2712982839479436,0.0,0.0,4.542596567895887,4.542596567895887,0.0,0.0
39049006310->39049006330,2.493484044815303,2.493484044815303,0.0,0.0,4.986968089630606,4.986968089630606,0.0,0.0
39049006310->39049006410,4.129393608879467,4.129393608879467,0.0,0.0,8.258787217758934,8.258787217758934,0.0,0.0
39049006310->39049006323,3.91512375960566,3.91512375960566,0.0,0.0,7.830247519211321,7.830247519211321,0.0,0.0
39049006310->39049006430,4.892188386674367,4.892188386674367,0.0,0.0,9.784376773348734,9.784376773348734,0.0,0.0
39049006394->39041011421,2.413198065220994,2.413198065220994,0.0,0.0,4.826396130441988,4.826396130441988,0.0,0.0
39049007512->39049007520,2.093297599463788,2.093297599463788,0.0,0.0,4.186595198927576,4.186595198927576,0.0,0.0
39049007512->39049000920,2.700270375453789,2.700270375453789,0.0,0.0,5.400540750907578,5.400540750907578,0.0,0.0
39049007512->39049002600,3.499452298968191,3.499452298968191,0.0,0.0,6.998904597936382,6.998904597936382,0.0,0.0
39049007512->39049007534,4.074374657197775,4.074374657197775,0.0,0.0,8.14874931439555,8.14874931439555,0.0,0.0
39049007922->39049010602,5.1031473761089865,5.1031473761089865,0.0,0.0,10.206294752217973,10.206294752217973,0.0,0.0
39049007922->39049007921,4.324378807266922,4.324378807266922,0.0,0.0,8.648757614533844,8.648757614533844,0.0,0.0
39049008120->39049008163,1.2528771357394937,1.2528771357394937,0.0,0.0,2.5057542714789873,2.5057542714789873,0.0,0.0
39049008120->39049008110,1.6555693640376419,1.6555693640376419,0.0,0.0,3.3111387280752838,3.3111387280752838,0.0,0.0
39049008120->39049009800,15.671829015440117,15.671829015440117,0.0,0.0,31.34365803088024,31.34365803088024,0.0,0.0
39045032701->39049009385,4.6626272989663216,4.6626272989663216,0.0,0.0,9.325254597932643,9.325254597932643,0.0,0.0
39045032701->39049009386,4.295877264180635,4.295877264180635,0.0,0.0,8.59175452836127,8.59175452836127,0.0,0.0
39045032701->39049009384,5.404093344197613,5.404093344197613,0.0,0.0,10.808186688395226,10.808186688395226,0.0,0.0
39045032701->39049009383,5.969334549310483,5.969334549310483,0.0,0.0,11.938669098620966,11.938669098620966,0.0,0.0
39045032701->39049009390,8.668536958460782,8.668536958460782,0.0,0.0,17.337073916921565,17.337073916921565,0.0,0.0
39049008110->39049008163,2.865688873236301,2.865688873236301,0.0,0.0,5.731377746472602,5.731377746472602,0.0,0.0
39049009220->39049009230,1.133844455019685,1.133844455019685,0.0,0.0,2.26768891003937,2.26768891003937,0.0,0.0
39049009220->39049002770,2.173861986586414,2.173861986586414,0.0,0.0,4.347723973172828,4.347723973172828,0.0,0.0
39049009220->39049009321,2.381856508865137,2.381856508865137,0.0,0.0,4.763713017730274,4.763713017730274,0.0,0.0
39049009220->39049009250,2.2836742881413907,2.2836742881413907,0.0,0.0,4.5673485762827815,4.5673485762827815,0.0,0.0
39049009220->39049009240,2.450072792364043,2.450072792364043,0.0,0.0,4.900145584728086,4.900145584728086,0.0,0.0
39049009220->39049002710,3.5663949118967535,3.5663949118967535,0.0,0.0,7.132789823793507,7.132789823793507,0.0,0.0
39049006340->39049006330,4.7646648936246185,4.7646648936246185,0.0,0.0,9.529329787249237,9.529329787249237,0.0,0.0
39049006430->39049006323,1.8613207080146188,1.8613207080146188,0.0,0.0,3.7226414160292376,3.7226414160292376,0.0,0.0
39049006430->39049006410,2.719843163261494,2.719843163261494,0.0,0.0,5.439686326522988,5.439686326522988,0.0,0.0
39049006430->39049006330,2.9883380523570398,2.9883380523570398,0.0,0.0,5.9766761047140795,5.9766761047140795,0.0,0.0
39049006430->39049008400,4.867210309357142,4.867210309357142,0.0,0.0,9.734420618714283,9.734420618714283,0.0,0.0
39049002710->39049002600,1.5918203634479065,1.5918203634479065,0.0,0.0,3.183640726895813,3.183640726895813,0.0,0.0
39049002710->39049009100,2.0867793042375866,2.0867793042375866,0.0,0.0,4.173558608475173,4.173558608475173,0.0,0.0
39049002710->39049009000,2.8441228023273064,2.8441228023273064,0.0,0.0,5.688245604654613,5.688245604654613,0.0,0.0
39049002710->39049002770,4.532780261707818,4.532780261707818,0.0,0.0,9.065560523415636,9.065560523415636,0.0,0.0
39049008163->39049009800,14.420523344247798,14.420523344247798,0.0,0.0,28.841046688495595,28.841046688495595,0.0,0.0
39049008900->39049009100,2.5644736790423646,2.5644736790423646,0.0,0.0,5.128947358084729,5.128947358084729,0.0,0.0
39049008900->39049009000,2.7323992915042674,2.7323992915042674,0.0,0.0,5.464798583008535,5.464798583008535,0.0,0.0
39049008900->39049009332,2.849552844345826,2.849552844345826,0.0,0.0,5.699105688691652,5.699105688691652,0.0,0.0
39049008900->39049002770,2.8182757102586873,2.8182757102586873,0.0,0.0,5.636551420517375,5.636551420517375,0.0,0.0
39049009250->39049009230,1.3596767999593942,1.3596767999593942,0.0,0.0,2.7193535999187883,2.7193535999187883,0.0,0.0
39049009250->39049009240,1.736632214645633,1.736632214645633,0.0,0.0,3.473264429291266,3.473264429291266,0.0,0.0
39049009250->39049009340,1.441136145103671,1.441136145103671,0.0,0.0,2.882272290207342,2.882272290207342,0.0,0.0
39049009250->39049009321,1.812097272703794,1.812097272703794,0.0,0.0,3.624194545407588,3.624194545407588,0.0,0.0
39049009250->39049009350,2.36215668413829,2.36215668413829,0.0,0.0,4.72431336827658,4.72431336827658,0.0,0.0
39049009321->39049009230,2.294346616788568,2.294346616788568,0.0,0.0,4.588693233577136,4.588693233577136,0.0,0.0
39049009321->39049002770,2.348312156138074,2.348312156138074,0.0,0.0,4.696624312276148,4.696624312276148,0.0,0.0
39049009321->39049009240,3.3724579762910736,3.3724579762910736,0.0,0.0,6.744915952582147,6.744915952582147,0.0,0.0
39049009321->39049009340,2.956191457184788,2.956191457184788,0.0,0.0,5.912382914369576,5.912382914369576,0.0,0.0
39049010602->39049007921,4.708139030029107,4.708139030029107,0.0,0.0,9.416278060058215,9.416278060058215,0.0,0.0
39049006722->39049006710,2.2627393824103383,2.2627393824103383,0.0,0.0,4.525478764820677,4.525478764820677,0.0,0.0
39049007198->39049007120,2.167559343030406,2.167559343030406,0.0,0.0,4.335118686060812,4.335118686060812,0.0,0.0
39049007198->39049007194,2.456184469963684,2.456184469963684,0.0,0.0,4.912368939927368,4.912368939927368,0.0,0.0
39049007198->39049007193,4.527917459979855,4.527917459979855,0.0,0.0,9.05583491995971,9.05583491995971,0.0,0.0
39049007532->39049007533,1.953766454423323,1.953766454423323,0.0,0.0,3.907532908846646,3.907532908846646,0.0,0.0
39049007532->39049007534,3.880440015621578,3.880440015621578,0.0,0.0,7.760880031243156,7.760880031243156,0.0,0.0
39049009384->39049009383,1.608267226744969,1.608267226744969,0.0,0.0,3.216534453489938,3.216534453489938,0.0,0.0
39049009384->39049009385,2.317184879201637,2.317184879201637,0.0,0.0,4.634369758403274,4.634369758403274,0.0,0.0
39049009384->39049009386,1.8453214922500993,1.8453214922500993,0.0,0.0,3.6906429845001987,3.6906429845001987,0.0,0.0
39049009384->39049009390,4.405229673224023,4.405229673224023,0.0,0.0,8.810459346448045,8.810459346448045,0.0,0.0
39049008360->39049008370,2.098034370556174,2.098034370556174,0.0,0.0,4.196068741112348,4.196068741112348,0.0,0.0
39049008360->39049008321,2.0653206833809756,2.0653206833809756,0.0,0.0,4.130641366761951,4.130641366761951,0.0,0.0
39049008360->39049008312,2.623489941387592,2.623489941387592,0.0,0.0,5.246979882775184,5.246979882775184,0.0,0.0
39049008360->39049004620,4.1272394343236485,4.1272394343236485,0.0,0.0,8.254478868647297,8.254478868647297,0.0,0.0
39049008360->39049004700,4.537820649362948,4.537820649362948,0.0,0.0,9.075641298725897,9.075641298725897,0.0,0.0
39049008360->39049009600,5.433130070832117,5.433130070832117,0.0,0.0,10.866260141664235,10.866260141664235,0.0,0.0
39049008360->39049009711,5.64623632640373,5.64623632640373,0.0,0.0,11.29247265280746,11.29247265280746,0.0,0.0
39049008360->39049009720,5.85353851116558,5.85353851116558,0.0,0.0,11.70707702233116,11.70707702233116,0.0,0.0
39049008400->39049006410,5.666754834817222,5.666754834817222,0.0,0.0,11.333509669634443,11.333509669634443,0.0,0.0
39049009332->39049002770,2.540840532113712,2.540840532113712,0.0,0.0,5.081681064227424,5.081681064227424,0.0,0.0
39049009240->39049009230,1.4034343127620972,1.4034343127620972,0.0,0.0,2.8068686255241944,2.8068686255241944,0.0,0.0
39049009240->39049009340,2.1774338997115756,2.1774338997115756,0.0,0.0,4.354867799423151,4.354867799423151,0.0,0.0
39049009240->39049009350,2.2142783367231784,2.2142783367231784,0.0,0.0,4.428556673446357,4.428556673446357,0.0,0.0
39049009240->39049007427,6.684679131463229,6.684679131463229,0.0,0.0,13.369358262926458,13.369358262926458,0.0,0.0
39049009600->39049009711,1.8809078413853249,1.8809078413853249,0.0,0.0,3.7618156827706493,3.7618156827706493,0.0,0.0
39049009600->39049008370,4.03195782518242,4.03195782518242,0.0,0.0,8.06391565036484,8.06391565036484,0.0,0.0
39049009600->39049009720,4.04643335853741,4.04643335853741,0.0,0.0,8.09286671707482,8.09286671707482,0.0,0.0
39049009600->39049008312,6.9458549383790915,6.9458549383790915,0.0,0.0,13.891709876758183,13.891709876758183,0.0,0.0
39049009600->39049008321,7.278767483982368,7.278767483982368,0.0,0.0,14.557534967964736,14.557534967964736,0.0,0.0
39049009600->39049009800,12.371568562377377,12.371568562377377,0.0,0.0,24.743137124754753,24.743137124754753,0.0,0.0
39049007492->39049007426,3.491835847753151,3.491835847753151,0.0,0.0,6.983671695506302,6.983671695506302,0.0,0.0
39049007492->39049007393,4.212614963442274,4.212614963442274,0.0,0.0,8.425229926884548,8.425229926884548,0.0,0.0
39049007492->39049007425,4.260097865845494,4.260097865845494,0.0,0.0,8.520195731690988,8.520195731690988,0.0,0.0
39049007492->39049007427,6.723968377055213,6.723968377055213,0.0,0.0,13.447936754110426,13.447936754110426,0.0,0.0
39049007425->39049007426,1.871742858811739,1.871742858811739,0.0,0.0,3.743485717623478,3.743485717623478,0.0,0.0
39049007425->39049007427,4.672066863587357,4.672066863587357,0.0,0.0,9.344133727174714,9.344133727174714,0.0,0.0
39049007425->39049007393,6.7523527203292995,6.7523527203292995,0.0,0.0,13.504705440658599,13.504705440658599,0.0,0.0
39049009350->39049009340,1.173310717814464,1.173310717814464,0.0,0.0,2.346621435628928,2.346621435628928,0.0,0.0
39049009350->39049009230,3.191888124554674,3.191888124554674,0.0,0.0,6.383776249109348,6.383776249109348,0.0,0.0
39049009350->39049007427,6.537816734423494,6.537816734423494,0.0,0.0,13.075633468846988,13.075633468846988,0.0,0.0
39049009372->39049009410,2.588273264965118,2.588273264965118,0.0,0.0,5.176546529930236,5.176546529930236,0.0,0.0
39049009372->39049009386,4.987164661027551,4.987164661027551,0.0,0.0,9.974329322055102,9.974329322055102,0.0,0.0
39049009383->39049009386,1.6866380082664747,1.6866380082664747,0.0,0.0,3.3732760165329494,3.3732760165329494,0.0,0.0
39049009383->39049009385,3.878421262116488,3.878421262116488,0.0,0.0,7.756842524232975,7.756842524232975,0.0,0.0
39049009383->39049009390,5.632188507386067,5.632188507386067,0.0,0.0,11.264377014772133,11.264377014772133,0.0,0.0
39049009385->39049009390,4.006051559584727,4.006051559584727,0.0,0.0,8.012103119169455,8.012103119169455,0.0,0.0
39049009385->39049009386,3.292128012092869,3.292128012092869,0.0,0.0,6.584256024185738,6.584256024185738,0.0,0.0
39049009386->39049009390,6.225092679350459,6.225092679350459,0.0,0.0,12.450185358700917,12.450185358700917,0.0,0.0
39049002600->39049009100,3.2776254455811684,3.2776254455811684,0.0,0.0,6.555250891162337,6.555250891162337,0.0,0.0
39049002600->39049009000,3.5250926255181962,3.5250926255181962,0.0,0.0,7.0501852510363925,7.0501852510363925,0.0,0.0
39049009497->39049009440,5.200089752416925,5.200089752416925,0.0,0.0,10.40017950483385,10.40017950483385,0.0,0.0
39049009497->39049009410,12.809538613232087,12.809538613232087,0.0,0.0,25.619077226464174,25.619077226464174,0.0,0.0
39049004620->39049004700,1.2076631085453085,1.2076631085453085,0.0,0.0,2.415326217090617,2.415326217090617,0.0,0.0
39049004620->39049008321,2.3153879150572982,2.3153879150572982,0.0,0.0,4.6307758301145965,4.6307758301145965,0.0,0.0
39049004620->39049008312,3.3921703100785203,3.3921703100785203,0.0,0.0,6.784340620157041,6.784340620157041,0.0,0.0
39049004620->39049004900,3.0979785625720324,3.0979785625720324,0.0,0.0,6.195957125144065,6.195957125144065,0.0,0.0
39049006323->39049006330,3.0175080945755153,3.0175080945755153,0.0,0.0,6.0350161891510306,6.0350161891510306,0.0,0.0
39049006323->39049006410,3.6959015244847637,3.6959015244847637,0.0,0.0,7.3918030489695274,7.3918030489695274,0.0,0.0
39049009230->39049009340,2.6163852755778354,2.6163852755778354,0.0,0.0,5.232770551155671,5.232770551155671,0.0,0.0
39049009711->39049009720,2.2414421577284114,2.2414421577284114,0.0,0.0,4.482884315456823,4.482884315456823,0.0,0.0
39049009711->39049008370,3.7401313563136,3.7401313563136,0.0,0.0,7.4802627126272,7.4802627126272,0.0,0.0
39049009711->39049008321,7.679660471053355,7.679660471053355,0.0,0.0,15.359320942106708,15.359320942106708,0.0,0.0
39049009711->39049008312,7.702735631628553,7.702735631628553,0.0,0.0,15.405471263257107,15.405471263257107,0.0,0.0
39049009720->39049008370,3.758864187667717,3.758864187667717,0.0,0.0,7.517728375335434,7.517728375335434,0.0,0.0
39049009720->39049008321,7.892722043547323,7.892722043547323,0.0,0.0,15.785444087094648,15.785444087094648,0.0,0.0
39049009440->39049009410,9.411939084132237,9.411939084132237,0.0,0.0,18.823878168264475,18.823878168264475,0.0,0.0
39049008370->39049008321,4.153187511988734,4.153187511988734,0.0,0.0,8.306375023977468,8.306375023977468,0.0,0.0
39049008370->39049008312,4.599819069402514,4.599819069402514,0.0,0.0,9.199638138805028,9.199638138805028,0.0,0.0
39049007426->39049007427,3.5688895180253914,3.5688895180253914,0.0,0.0,7.137779036050783,7.137779036050783,0.0,0.0
39049007426->39049007393,4.9886825286121415,4.9886825286121415,0.0,0.0,9.977365057224283,9.977365057224283,0.0,0.0
39049007426->39049007394,7.59223273553232,7.59223273553232,0.0,0.0,15.18446547106464,15.18446547106464,0.0,0.0
39049007427->39049007393,6.040458990982436,6.040458990982436,0.0,0.0,12.080917981964872,12.080917981964872,0.0,0.0
39049007427->39049007394,6.477520485773066,6.477520485773066,0.0,0.0,12.955040971546133,12.955040971546133,0.0,0.0
39049007520->39049000920,1.9508428008608012,1.9508428008608012,0.0,0.0,3.9016856017216024,3.9016856017216024,0.0,0.0
39049007520->39049007534,1.9865041683416111,1.9865041683416111,0.0,0.0,3.9730083366832227,3.9730083366832227,0.0,0.0
39049007520->39049007533,3.8334036326809615,3.8334036326809615,0.0,0.0,7.666807265361922,7.666807265361922,0.0,0.0
39049007534->39049007533,1.9266780802563164,1.9266780802563164,0.0,0.0,3.8533561605126327,3.8533561605126327,0.0,0.0
39049007534->39049000920,3.0645788114203296,3.0645788114203296,0.0,0.0,6.129157622840659,6.129157622840659,0.0,0.0
39049007193->39049007194,2.0842393633301532,2.0842393633301532,0.0,0.0,4.1684787266603065,4.1684787266603065,0.0,0.0
39049007193->39049007120,4.822543489437468,4.822543489437468,0.0,0.0,9.645086978874936,9.645086978874936,0.0,0.0
39049007120->39049007194,2.9925709240181106,2.9925709240181106,0.0,0.0,5.985141848036221,5.985141848036221,0.0,0.0
39049002770->39049009100,3.418014564742121,3.418014564742121,0.0,0.0,6.836029129484242,6.836029129484242,0.0,0.0
39049006330->39049006410,1.6527462845671117,1.6527462845671117,0.0,0.0,3.3054925691342234,3.3054925691342234,0.0,0.0
39049004900->39049004700,1.9066069973952724,1.9066069973952724,0.0,0.0,3.813213994790545,3.813213994790545,0.0,0.0
39049004700->39049008321,3.1091971441166724,3.1091971441166724,0.0,0.0,6.218394288233345,6.218394288233345,0.0,0.0
39049008312->39049008321,1.4801519546161634,1.4801519546161634,0.0,0.0,2.960303909232327,2.960303909232327,0.0,0.0
39049009100->39049009000,1.2639441945247591,1.2639441945247591,0.0,0.0,2.5278883890495183,2.5278883890495183,0.0,0.0
39049007393->39049007394,4.098335465769232,4.098335465769232,0.0,0.0,8.196670931538463,8.196670931538463,0.0,0.0
39049009390->39049007394,9.610711341859993,9.610711341859993,0.0,0.0,19.221422683719986,19.221422683719986,0.0,0.0
